<DATE>	<TIME>	<OPEN>	<HIGH>	<LOW>	<CLOSE>	<TICKVOL>	<VOL>	<SPREAD>
2024.01.02	09:30:00	16000.0	16005.2	15999.17	16002.79	1326	0	4
2024.01.02	09:31:00	16002.79	16009.36	15990.21	15994.68	2518	0	3
2024.01.02	09:32:00	15994.68	16005.54	15987.27	16001.08	879	0	4
2024.01.02	09:33:00	16001.08	16011.81	15999.61	16009.03	4728	0	4
2024.01.02	09:34:00	16009.03	16011.15	15988.23	15993.54	2430	0	1
2024.01.02	09:35:00	15993.54	15999.93	15978.33	15983.31	3863	0	2
2024.01.02	09:36:00	15983.31	15988.03	15978.24	15984.67	1420	0	2
2024.01.02	09:37:00	15984.67	15987.35	15977.87	15982.43	3013	0	1
2024.01.02	09:38:00	15982.43	15984.9	15978.72	15982.61	1010	0	1
2024.01.02	09:39:00	15982.61	15984.1	15975.43	15976.03	1378	0	4
2024.01.02	09:40:00	15976.03	15983.81	15968.45	15983.47	3578	0	1
2024.01.02	09:41:00	15983.47	15995.98	15980.88	15990.08	2010	0	2
2024.01.02	09:42:00	15990.08	16000.35	15983.07	15990.94	4921	0	2
2024.01.02	09:43:00	15990.94	16000.67	15985.26	16000.39	4984	0	3
2024.01.02	09:44:00	16000.39	16006.52	15996.61	16004.49	1092	0	3
2024.01.02	09:45:00	16004.49	16006.69	15992.37	15997.85	3465	0	1
2024.01.02	09:46:00	15997.85	16003.8	15993.04	16001.16	4022	0	2
2024.01.02	09:47:00	16001.16	16008.91	15993.43	15993.71	1743	0	2
2024.01.02	09:48:00	15993.71	16008.91	15993.58	16001.15	4286	0	1
2024.01.02	09:49:00	16001.15	16002.28	15999.86	16001.06	3820	0	4
2024.01.02	09:50:00	16001.06	16005.97	15996.64	15999.89	1960	0	3
2024.01.02	09:51:00	15999.89	16001.53	15994.13	15994.69	911	0	4
2024.01.02	09:52:00	15994.69	16007.5	15989.86	16004.91	2494	0	4
2024.01.02	09:53:00	16004.91	16008.91	15998.52	16003.98	2167	0	4
2024.01.02	09:54:00	16003.98	16004.13	15996.67	16000.83	2875	0	1
2024.01.02	09:55:00	16000.83	16011.24	15996.52	15998.3	1531	0	4
2024.01.02	09:56:00	15998.3	16004.21	15994.11	16002.93	1903	0	1
2024.01.02	09:57:00	16002.93	16006.58	16000.77	16006.21	4532	0	3
2024.01.02	09:58:00	16006.21	16015.39	16004.7	16009.88	4290	0	4
2024.01.02	09:59:00	16009.88	16019.83	15997.79	16013.69	3808	0	3
2024.01.02	10:00:00	16013.69	16033.8	16013.63	16031.39	2087	0	1
2024.01.02	10:01:00	16031.39	16032.35	16025.08	16028.41	2738	0	1
2024.01.02	10:02:00	16028.41	16030.81	16022.77	16024.57	1817	0	2
2024.01.02	10:03:00	16024.57	16024.91	16012.19	16018.29	2335	0	4
2024.01.02	10:04:00	16018.29	16028.92	16017.63	16023.61	2827	0	4
2024.01.02	10:05:00	16023.61	16043.13	16016.1	16033.09	4363	0	3
2024.01.02	10:06:00	16033.09	16036.12	16031.13	16032.49	4081	0	2
2024.01.02	10:07:00	16032.49	16036.91	16022.33	16025.99	1379	0	3
2024.01.02	10:08:00	16025.99	16032.96	16015.93	16019.62	4754	0	4
2024.01.02	10:09:00	16019.62	16026.23	16018.8	16025.22	836	0	2
2024.01.02	10:10:00	16025.22	16037.95	16024.39	16031.57	715	0	2
2024.01.02	10:11:00	16031.57	16039.52	16028.63	16036.3	4332	0	2
2024.01.02	10:12:00	16036.3	16036.89	16029.6	16031.22	1775	0	3
2024.01.02	10:13:00	16031.22	16034.85	16028.72	16033.43	4354	0	4
2024.01.02	10:14:00	16033.43	16042.09	16031.22	16034.7	810	0	1
2024.01.02	10:15:00	16034.7	16037.98	16034.08	16036.79	1593	0	4
2024.01.02	10:16:00	16036.79	16050.46	16032.36	16044.19	4213	0	1
2024.01.02	10:17:00	16044.19	16052.93	16043.14	16046.33	1378	0	2
2024.01.02	10:18:00	16046.33	16052.95	16044.91	16052.17	2836	0	2
2024.01.02	10:19:00	16052.17	16057.56	16046.31	16053.04	3745	0	1
2024.01.02	10:20:00	16053.04	16055.74	16048.54	16055.71	2069	0	3
2024.01.02	10:21:00	16055.71	16061.73	16048.79	16061.16	1145	0	4
2024.01.02	10:22:00	16061.16	16061.91	16046.11	16049.64	4249	0	1
2024.01.02	10:23:00	16049.64	16053.31	16045.79	16047.36	3298	0	3
2024.01.02	10:24:00	16047.36	16051.01	16038.65	16043.86	4604	0	4
2024.01.02	10:25:00	16043.86	16044.22	16036.31	16038.99	3655	0	3
2024.01.02	10:26:00	16038.99	16040.78	16029.71	16037.08	3849	0	2
2024.01.02	10:27:00	16037.08	16054.4	16036.97	16049.54	3298	0	4
2024.01.02	10:28:00	16049.54	16050.27	16042.36	16042.83	3515	0	2
2024.01.02	10:29:00	16042.83	16055.48	16039.38	16051.02	2421	0	3
2024.01.02	10:30:00	16051.02	16054.96	16029.74	16037.67	4670	0	4
2024.01.02	10:31:00	16037.67	16040.9	16034.66	16035.27	4172	0	3
2024.01.02	10:32:00	16035.27	16039.12	16029.86	16036.91	1590	0	2
2024.01.02	10:33:00	16036.91	16046.01	16026.93	16041.99	4684	0	3
2024.01.02	10:34:00	16041.99	16050.76	16040.39	16048.09	1552	0	2
2024.01.02	10:35:00	16048.09	16060.55	16044.85	16054.86	3675	0	2
2024.01.02	10:36:00	16054.86	16055.42	16045.51	16052.35	4643	0	3
2024.01.02	10:37:00	16052.35	16054.92	16046.41	16048.91	2385	0	2
2024.01.02	10:38:00	16048.91	16059.4	16044.95	16056.21	1332	0	4
2024.01.02	10:39:00	16056.21	16056.57	16054.75	16054.97	4980	0	2
2024.01.02	10:40:00	16054.97	16055.87	16041.94	16044.92	4071	0	1
2024.01.02	10:41:00	16044.92	16049.21	16035.9	16036.04	2522	0	3
2024.01.02	10:42:00	16036.04	16038.52	16028.81	16028.9	4960	0	4
2024.01.02	10:43:00	16028.9	16035.59	16028.41	16033.25	1023	0	1
2024.01.02	10:44:00	16033.25	16038.16	16031.64	16034.73	2872	0	3
2024.01.02	10:45:00	16034.73	16045.28	16032.68	16040.66	1321	0	4
2024.01.02	10:46:00	16040.66	16042.81	16035.47	16037.51	1332	0	2
2024.01.02	10:47:00	16037.51	16039.67	16034.18	16039.12	2065	0	2
2024.01.02	10:48:00	16039.12	16044.74	16036.52	16044.52	3083	0	3
2024.01.02	10:49:00	16044.52	16049.7	16034.2	16042.33	1270	0	3
2024.01.02	10:50:00	16042.33	16051.77	16038.05	16046.36	2841	0	1
2024.01.02	10:51:00	16046.36	16053.05	16040.46	16041.3	4002	0	1
2024.01.02	10:52:00	16041.3	16043.93	16036.83	16038.67	1160	0	2
2024.01.02	10:53:00	16038.67	16039.59	16030.16	16035.9	563	0	2
2024.01.02	10:54:00	16035.9	16037.77	16022.65	16026.51	3861	0	3
2024.01.02	10:55:00	16026.51	16032.11	16018.34	16030.78	2326	0	2
2024.01.02	10:56:00	16030.78	16037.79	16024.15	16027.29	1355	0	1
2024.01.02	10:57:00	16027.29	16033.65	16023.64	16027.71	4451	0	4
2024.01.02	10:58:00	16027.71	16034.03	16027.69	16031.94	2422	0	2
2024.01.02	10:59:00	16031.94	16039.4	16031.73	16035.88	1029	0	1
2024.01.02	11:00:00	16035.88	16043.99	16030.59	16041.61	1890	0	3
2024.01.02	11:01:00	16041.61	16048.52	16037.44	16041.13	3092	0	2
2024.01.02	11:02:00	16041.13	16042.4	16032.78	16038.01	1810	0	3
2024.01.02	11:03:00	16038.01	16039.97	16031.83	16037.68	4702	0	4
2024.01.02	11:04:00	16037.68	16043.07	16019.6	16024.31	3323	0	1
2024.01.02	11:05:00	16024.31	16027.46	16005.63	16012.89	822	0	3
2024.01.02	11:06:00	16012.89	16018.07	15999.79	16002.49	2061	0	1
2024.01.02	11:07:00	16002.49	16002.6	15990.67	15994.73	2073	0	4
2024.01.02	11:08:00	15994.73	15999.53	15991.5	15998.29	1156	0	2
2024.01.02	11:09:00	15998.29	16000.05	15990.9	15991.27	669	0	4
2024.01.02	11:10:00	15991.27	15991.35	15983.12	15988.53	1004	0	1
2024.01.02	11:11:00	15988.53	16003.76	15987.87	15999.37	3569	0	3
2024.01.02	11:12:00	15999.37	16002.02	15994.71	15996.81	1617	0	2
2024.01.02	11:13:00	15996.81	16004.3	15991.73	16003.1	2378	0	2
2024.01.02	11:14:00	16003.1	16004.11	15990.96	15995.86	1142	0	1
2024.01.02	11:15:00	15995.86	15995.9	15989.78	15994.52	4762	0	2
2024.01.02	11:16:00	15994.52	15995.37	15984.91	15987.14	4939	0	4
2024.01.02	11:17:00	15987.14	15993.31	15984.14	15984.72	3610	0	1
2024.01.02	11:18:00	15984.72	15994.53	15977.0	15991.84	1992	0	3
2024.01.02	11:19:00	15991.84	15991.85	15970.5	15978.18	3208	0	1
2024.01.02	11:20:00	15978.18	15992.34	15976.4	15982.01	2236	0	2
2024.01.02	11:21:00	15982.01	15985.83	15976.12	15984.26	4596	0	3
2024.01.02	11:22:00	15984.26	15985.57	15979.32	15979.77	3222	0	1
2024.01.02	11:23:00	15979.77	15991.22	15965.03	15968.39	1083	0	4
2024.01.02	11:24:00	15968.39	15970.08	15968.03	15969.29	935	0	3
2024.01.02	11:25:00	15969.29	15969.57	15961.55	15965.33	4025	0	3
2024.01.02	11:26:00	15965.33	15971.52	15960.5	15967.53	3774	0	4
2024.01.02	11:27:00	15967.53	15974.21	15958.39	15968.03	3784	0	2
2024.01.02	11:28:00	15968.03	15986.0	15967.35	15981.31	1999	0	1
2024.01.02	11:29:00	15981.31	15983.03	15970.39	15979.69	3529	0	4
2024.01.02	11:30:00	15979.69	15981.6	15970.43	15971.73	1720	0	3
2024.01.02	11:31:00	15971.73	15974.26	15968.92	15973.5	3371	0	2
2024.01.02	11:32:00	15973.5	15981.36	15970.58	15975.6	1978	0	1
2024.01.02	11:33:00	15975.6	15992.35	15971.21	15986.92	1059	0	2
2024.01.02	11:34:00	15986.92	15995.12	15986.64	15994.0	4244	0	3
2024.01.02	11:35:00	15994.0	16002.13	15990.64	15997.21	4163	0	1
2024.01.02	11:36:00	15997.21	16014.46	15996.46	16009.39	4026	0	3
2024.01.02	11:37:00	16009.39	16011.43	15995.89	16000.07	3358	0	4
2024.01.02	11:38:00	16000.07	16001.43	15994.79	15995.21	3375	0	2
2024.01.02	11:39:00	15995.21	15998.62	15986.62	15988.03	3971	0	3
2024.01.02	11:40:00	15988.03	15989.94	15985.14	15985.19	3035	0	1
2024.01.02	11:41:00	15985.19	15994.08	15967.76	15974.37	4442	0	3
2024.01.02	11:42:00	15974.37	15982.64	15973.56	15979.83	3948	0	1
2024.01.02	11:43:00	15979.83	15980.24	15976.31	15978.35	2940	0	3
2024.01.02	11:44:00	15978.35	15979.68	15964.25	15966.77	3141	0	3
2024.01.02	11:45:00	15966.77	15967.21	15957.98	15958.88	4805	0	3
2024.01.02	11:46:00	15958.88	15968.24	15957.77	15961.74	2771	0	2
2024.01.02	11:47:00	15961.74	15969.61	15961.62	15968.83	991	0	2
2024.01.02	11:48:00	15968.83	15990.83	15966.21	15985.31	4294	0	3
2024.01.02	11:49:00	15985.31	16010.39	15983.28	16009.23	518	0	3
2024.01.02	11:50:00	16009.23	16013.54	16007.62	16012.91	1611	0	3
2024.01.02	11:51:00	16012.91	16017.26	16003.24	16005.21	1984	0	1
2024.01.02	11:52:00	16005.21	16008.53	15986.21	15988.26	616	0	1
2024.01.02	11:53:00	15988.26	15996.62	15987.56	15990.74	1474	0	2
2024.01.02	11:54:00	15990.74	15994.58	15983.01	15984.48	1292	0	2
2024.01.02	11:55:00	15984.48	15986.22	15975.38	15981.44	2991	0	3
2024.01.02	11:56:00	15981.44	15985.93	15965.97	15976.81	4462	0	3
2024.01.02	11:57:00	15976.81	15982.65	15973.69	15975.99	1761	0	1
2024.01.02	11:58:00	15975.99	15986.03	15974.8	15984.93	2259	0	1
2024.01.02	11:59:00	15984.93	15989.51	15980.73	15986.53	3596	0	4
2024.01.02	12:00:00	15986.53	15991.38	15984.49	15985.56	3534	0	3
2024.01.02	12:01:00	15985.56	15988.31	15973.48	15977.5	4753	0	1
2024.01.02	12:02:00	15977.5	15981.14	15957.25	15964.28	2851	0	4
2024.01.02	12:03:00	15964.28	15965.22	15957.89	15960.66	3961	0	2
2024.01.02	12:04:00	15960.66	15963.44	15959.26	15960.55	4304	0	3
2024.01.02	12:05:00	15960.55	15975.2	15954.69	15975.16	2391	0	2
2024.01.02	12:06:00	15975.16	15980.52	15972.05	15976.54	4264	0	1
2024.01.02	12:07:00	15976.54	15985.28	15976.34	15984.81	4934	0	3
2024.01.02	12:08:00	15984.81	15985.3	15977.13	15981.09	1037	0	2
2024.01.02	12:09:00	15981.09	15981.92	15969.82	15971.82	3970	0	1
2024.01.02	12:10:00	15971.82	15978.67	15959.47	15964.34	3304	0	1
2024.01.02	12:11:00	15964.34	15965.92	15956.04	15958.79	4148	0	4
2024.01.02	12:12:00	15958.79	15976.97	15958.04	15976.32	2971	0	3
2024.01.02	12:13:00	15976.32	15979.93	15962.86	15970.0	1421	0	2
2024.01.02	12:14:00	15970.0	15979.55	15969.36	15977.1	2429	0	4
2024.01.02	12:15:00	15977.1	15977.92	15966.12	15970.12	3591	0	2
2024.01.02	12:16:00	15970.12	15982.15	15969.23	15977.97	4534	0	1
2024.01.02	12:17:00	15977.97	15982.59	15970.15	15981.4	817	0	1
2024.01.02	12:18:00	15981.4	15982.41	15977.41	15980.46	1344	0	1
2024.01.02	12:19:00	15980.46	15981.72	15980.26	15980.45	1558	0	4
2024.01.02	12:20:00	15980.45	15982.32	15974.75	15975.47	3161	0	4
2024.01.02	12:21:00	15975.47	15980.92	15975.41	15979.4	573	0	2
2024.01.02	12:22:00	15979.4	15986.06	15973.1	15976.04	4785	0	2
2024.01.02	12:23:00	15976.04	15984.2	15960.92	15966.44	3673	0	2
2024.01.02	12:24:00	15966.44	15969.98	15955.19	15956.43	4573	0	3
2024.01.02	12:25:00	15956.43	15964.37	15954.28	15958.15	594	0	1
2024.01.02	12:26:00	15958.15	15977.46	15955.98	15971.23	1735	0	3
2024.01.02	12:27:00	15971.23	15978.59	15970.87	15972.85	2521	0	3
2024.01.02	12:28:00	15972.85	15974.15	15971.99	15972.21	3967	0	4
2024.01.02	12:29:00	15972.21	15975.0	15972.18	15974.84	3419	0	2
2024.01.02	12:30:00	15974.84	15986.53	15967.81	15985.72	2380	0	4
2024.01.02	12:31:00	15985.72	15994.47	15983.04	15987.82	1872	0	1
2024.01.02	12:32:00	15987.82	15992.48	15976.28	15984.81	1987	0	1
2024.01.02	12:33:00	15984.81	16002.81	15983.04	15994.09	2152	0	4
2024.01.02	12:34:00	15994.09	16003.07	15990.92	15997.88	3602	0	4
2024.01.02	12:35:00	15997.88	16015.05	15996.33	16010.65	4406	0	4
2024.01.02	12:36:00	16010.65	16013.37	16008.37	16012.45	2644	0	1
2024.01.02	12:37:00	16012.45	16015.87	15994.16	16002.85	4556	0	2
2024.01.02	12:38:00	16002.85	16003.14	15988.98	15992.09	1849	0	2
2024.01.02	12:39:00	15992.09	16014.31	15983.05	16005.78	4364	0	2
2024.01.02	12:40:00	16005.78	16021.51	16002.91	16020.08	504	0	2
2024.01.02	12:41:00	16020.08	16021.92	16010.8	16018.94	3874	0	2
2024.01.02	12:42:00	16018.94	16023.43	16012.3	16016.15	4772	0	1
2024.01.02	12:43:00	16016.15	16033.09	16012.67	16028.33	1748	0	4
2024.01.02	12:44:00	16028.33	16031.77	16019.53	16019.67	3567	0	2
2024.01.02	12:45:00	16019.67	16020.73	16004.42	16012.73	836	0	3
2024.01.02	12:46:00	16012.73	16020.31	16007.89	16018.27	4330	0	4
2024.01.02	12:47:00	16018.27	16018.55	16007.79	16015.39	2699	0	1
2024.01.02	12:48:00	16015.39	16020.15	16014.87	16015.67	2411	0	1
2024.01.02	12:49:00	16015.67	16018.93	16013.35	16014.66	4659	0	3
2024.01.02	12:50:00	16014.66	16022.14	16011.32	16017.72	4665	0	4
2024.01.02	12:51:00	16017.72	16029.88	16016.3	16029.46	1505	0	2
2024.01.02	12:52:00	16029.46	16039.96	16024.65	16030.52	4818	0	4
2024.01.02	12:53:00	16030.52	16037.36	16029.05	16036.07	1442	0	1
2024.01.02	12:54:00	16036.07	16036.46	16017.86	16019.75	4154	0	3
2024.01.02	12:55:00	16019.75	16022.08	16018.0	16019.67	4008	0	4
2024.01.02	12:56:00	16019.67	16021.04	16008.98	16013.16	2767	0	3
2024.01.02	12:57:00	16013.16	16020.43	16000.25	16003.6	3163	0	1
2024.01.02	12:58:00	16003.6	16004.57	15995.5	15996.8	2273	0	1
2024.01.02	12:59:00	15996.8	15997.84	15993.47	15994.42	2319	0	2
2024.01.02	13:00:00	15994.42	16008.61	15994.27	16002.15	2817	0	3
2024.01.02	13:01:00	16002.15	16002.45	15990.07	15991.73	4382	0	3
2024.01.02	13:02:00	15991.73	16000.67	15983.49	15992.3	2673	0	4
2024.01.02	13:03:00	15992.3	15993.71	15987.72	15988.7	3121	0	3
2024.01.02	13:04:00	15988.7	15989.68	15984.89	15986.36	3683	0	2
2024.01.02	13:05:00	15986.36	15995.2	15984.58	15994.8	4641	0	1
2024.01.02	13:06:00	15994.8	16001.15	15993.23	15999.48	4372	0	4
2024.01.02	13:07:00	15999.48	16010.99	15990.89	16010.64	2156	0	3
2024.01.02	13:08:00	16010.64	16013.82	16009.16	16009.71	4385	0	3
2024.01.02	13:09:00	16009.71	16009.75	16000.82	16004.39	2498	0	3
2024.01.02	13:10:00	16004.39	16004.62	16000.76	16002.89	922	0	4
2024.01.02	13:11:00	16002.89	16008.83	16002.14	16005.18	834	0	4
2024.01.02	13:12:00	16005.18	16008.02	15996.63	16006.93	1424	0	4
2024.01.02	13:13:00	16006.93	16007.99	15997.12	15998.46	2154	0	1
2024.01.02	13:14:00	15998.46	16000.19	15989.39	15999.52	2300	0	2
2024.01.02	13:15:00	15999.52	16011.5	15993.81	16001.69	1308	0	1
2024.01.02	13:16:00	16001.69	16022.99	16000.67	16022.42	1301	0	1
2024.01.02	13:17:00	16022.42	16039.11	16019.16	16037.97	647	0	4
2024.01.02	13:18:00	16037.97	16039.69	16030.95	16031.37	4602	0	2
2024.01.02	13:19:00	16031.37	16035.31	16028.16	16029.35	1650	0	3
2024.01.02	13:20:00	16029.35	16032.14	16013.07	16017.8	3420	0	3
2024.01.02	13:21:00	16017.8	16020.58	16008.91	16013.33	2707	0	2
2024.01.02	13:22:00	16013.33	16018.51	16012.49	16016.21	2121	0	1
2024.01.02	13:23:00	16016.21	16028.5	16015.33	16026.31	1613	0	3
2024.01.02	13:24:00	16026.31	16030.31	16019.33	16020.72	788	0	4
2024.01.02	13:25:00	16020.72	16027.82	16015.14	16015.73	990	0	1
2024.01.02	13:26:00	16015.73	16017.61	15988.88	15998.65	3547	0	2
2024.01.02	13:27:00	15998.65	16002.19	15997.31	15997.65	2531	0	4
2024.01.02	13:28:00	15997.65	15998.45	15988.76	15989.37	4855	0	4
2024.01.02	13:29:00	15989.37	15995.68	15981.9	15985.4	1165	0	3
2024.01.02	13:30:00	15985.4	15988.44	15975.7	15978.62	4686	0	4
2024.01.02	13:31:00	15978.62	15980.74	15977.21	15978.18	886	0	4
2024.01.02	13:32:00	15978.18	15985.8	15963.02	15964.28	3797	0	3
2024.01.02	13:33:00	15964.28	15964.68	15947.29	15952.75	4820	0	3
2024.01.02	13:34:00	15952.75	15970.53	15948.1	15970.28	1192	0	3
2024.01.02	13:35:00	15970.28	15970.32	15959.08	15960.19	2641	0	4
2024.01.02	13:36:00	15960.19	15966.43	15942.98	15951.65	4641	0	4
2024.01.02	13:37:00	15951.65	15966.82	15949.11	15966.81	4110	0	2
2024.01.02	13:38:00	15966.81	15993.26	15962.02	15990.63	1482	0	2
2024.01.02	13:39:00	15990.63	15993.01	15981.43	15981.47	1268	0	1
2024.01.02	13:40:00	15981.47	15984.77	15977.3	15978.81	2019	0	1
2024.01.02	13:41:00	15978.81	15984.05	15968.84	15981.89	2576	0	2
2024.01.02	13:42:00	15981.89	15997.89	15979.25	15996.21	1822	0	1
2024.01.02	13:43:00	15996.21	15996.98	15987.15	15988.54	904	0	4
2024.01.02	13:44:00	15988.54	15990.83	15986.64	15986.87	2740	0	2
2024.01.02	13:45:00	15986.87	15999.51	15983.73	15993.49	2353	0	3
2024.01.02	13:46:00	15993.49	15997.99	15993.31	15997.33	1874	0	1
2024.01.02	13:47:00	15997.33	15999.2	15994.1	15994.6	4218	0	2
2024.01.02	13:48:00	15994.6	16006.19	15990.94	15993.84	1804	0	4
2024.01.02	13:49:00	15993.84	15994.47	15980.43	15983.02	4517	0	1
2024.01.02	13:50:00	15983.02	15985.44	15977.88	15981.42	550	0	2
2024.01.02	13:51:00	15981.42	15986.99	15975.17	15979.58	2835	0	3
2024.01.02	13:52:00	15979.58	15987.06	15977.54	15981.78	4775	0	1
2024.01.02	13:53:00	15981.78	15983.2	15970.73	15977.61	1788	0	3
2024.01.02	13:54:00	15977.61	15984.94	15973.46	15981.74	3448	0	3
2024.01.02	13:55:00	15981.74	15991.62	15979.07	15990.26	3800	0	3
2024.01.02	13:56:00	15990.26	15994.47	15985.18	15991.84	2040	0	1
2024.01.02	13:57:00	15991.84	15997.57	15988.49	15995.0	3375	0	3
2024.01.02	13:58:00	15995.0	15995.84	15994.44	15995.76	3435	0	4
2024.01.02	13:59:00	15995.76	15996.72	15992.89	15996.08	2617	0	1
2024.01.02	14:00:00	15996.08	15997.02	15990.48	15990.55	2194	0	1
2024.01.02	14:01:00	15990.55	15994.8	15989.24	15993.44	2639	0	3
2024.01.02	14:02:00	15993.44	15995.16	15987.93	15992.97	1170	0	1
2024.01.02	14:03:00	15992.97	16014.68	15990.02	16010.25	2719	0	2
2024.01.02	14:04:00	16010.25	16023.56	16003.98	16023.33	1963	0	3
2024.01.02	14:05:00	16023.33	16030.09	16020.34	16026.78	2026	0	1
2024.01.02	14:06:00	16026.78	16027.37	16017.64	16020.91	1605	0	2
2024.01.02	14:07:00	16020.91	16023.97	16012.04	16012.21	2835	0	2
2024.01.02	14:08:00	16012.21	16029.44	16010.42	16022.19	534	0	3
2024.01.02	14:09:00	16022.19	16031.87	16018.63	16024.64	758	0	4
2024.01.02	14:10:00	16024.64	16032.58	16024.23	16028.86	1439	0	4
2024.01.02	14:11:00	16028.86	16035.03	16009.37	16015.02	3065	0	1
2024.01.02	14:12:00	16015.02	16028.0	16010.87	16022.87	1656	0	4
2024.01.02	14:13:00	16022.87	16027.28	16021.45	16026.88	2732	0	2
2024.01.02	14:14:00	16026.88	16028.5	16016.29	16018.19	1165	0	4
2024.01.02	14:15:00	16018.19	16019.24	16012.06	16014.68	2392	0	3
2024.01.02	14:16:00	16014.68	16018.38	16008.87	16017.14	2541	0	4
2024.01.02	14:17:00	16017.14	16023.13	16011.27	16017.89	1957	0	2
2024.01.02	14:18:00	16017.89	16022.38	16013.56	16015.84	723	0	2
2024.01.02	14:19:00	16015.84	16017.06	16008.22	16015.32	3298	0	4
2024.01.02	14:20:00	16015.32	16015.91	16013.43	16013.6	1416	0	2
2024.01.02	14:21:00	16013.6	16019.72	16011.37	16015.15	2682	0	4
2024.01.02	14:22:00	16015.15	16030.62	16012.49	16027.41	3692	0	1
2024.01.02	14:23:00	16027.41	16029.11	16002.74	16006.92	953	0	3
2024.01.02	14:24:00	16006.92	16008.63	16002.42	16005.32	3553	0	4
2024.01.02	14:25:00	16005.32	16008.21	15997.22	16007.07	2185	0	2
2024.01.02	14:26:00	16007.07	16010.31	15999.67	16009.79	2766	0	4
2024.01.02	14:27:00	16009.79	16013.18	16006.03	16007.09	844	0	1
2024.01.02	14:28:00	16007.09	16010.87	15986.94	15993.18	2747	0	1
2024.01.02	14:29:00	15993.18	16001.81	15987.91	15996.16	2206	0	2
2024.01.02	14:30:00	15996.16	16011.73	15995.05	16010.47	1301	0	2
2024.01.02	14:31:00	16010.47	16010.72	15996.95	15998.36	2897	0	3
2024.01.02	14:32:00	15998.36	16010.71	15990.58	16005.68	3428	0	4
2024.01.02	14:33:00	16005.68	16011.31	15994.19	16003.34	2259	0	1
2024.01.02	14:34:00	16003.34	16004.08	16001.44	16003.16	3354	0	3
2024.01.02	14:35:00	16003.16	16006.23	15991.32	15994.95	2037	0	4
2024.01.02	14:36:00	15994.95	16000.83	15989.04	15992.56	4237	0	3
2024.01.02	14:37:00	15992.56	16007.33	15987.38	16003.42	1765	0	4
2024.01.02	14:38:00	16003.42	16011.02	16000.59	16008.46	4092	0	1
2024.01.02	14:39:00	16008.46	16027.49	16004.33	16022.83	2217	0	3
2024.01.02	14:40:00	16022.83	16032.82	16022.13	16032.7	3011	0	2
2024.01.02	14:41:00	16032.7	16037.79	16028.08	16036.59	811	0	2
2024.01.02	14:42:00	16036.59	16051.94	16036.26	16051.08	834	0	3
2024.01.02	14:43:00	16051.08	16065.76	16046.6	16054.97	4972	0	4
2024.01.02	14:44:00	16054.97	16066.64	16049.69	16062.02	534	0	2
2024.01.02	14:45:00	16062.02	16062.53	16052.79	16059.93	2999	0	2
2024.01.02	14:46:00	16059.93	16062.28	16051.08	16060.79	2557	0	2
2024.01.02	14:47:00	16060.79	16068.07	16050.72	16055.44	3362	0	4
2024.01.02	14:48:00	16055.44	16064.03	16050.56	16063.81	516	0	2
2024.01.02	14:49:00	16063.81	16068.38	16053.51	16054.55	1324	0	2
2024.01.02	14:50:00	16054.55	16062.19	16052.96	16061.23	2024	0	3
2024.01.02	14:51:00	16061.23	16061.31	16056.37	16060.0	4655	0	3
2024.01.02	14:52:00	16060.0	16072.88	16056.45	16069.85	2073	0	1
2024.01.02	14:53:00	16069.85	16080.63	16068.62	16076.29	3070	0	1
2024.01.02	14:54:00	16076.29	16093.31	16072.4	16091.44	3079	0	3
2024.01.02	14:55:00	16091.44	16101.22	16090.02	16097.71	2364	0	3
2024.01.02	14:56:00	16097.71	16099.14	16084.23	16085.23	4230	0	2
2024.01.02	14:57:00	16085.23	16096.72	16084.19	16085.0	3709	0	2
2024.01.02	14:58:00	16085.0	16089.97	16072.28	16075.78	2498	0	4
2024.01.02	14:59:00	16075.78	16077.93	16068.86	16071.88	1869	0	1
2024.01.02	15:00:00	16071.88	16088.18	16062.79	16084.51	1750	0	3
2024.01.02	15:01:00	16084.51	16093.09	16080.88	16090.02	4705	0	2
2024.01.02	15:02:00	16090.02	16092.01	16083.15	16084.65	1066	0	2
2024.01.02	15:03:00	16084.65	16087.4	16074.36	16076.72	1261	0	1
2024.01.02	15:04:00	16076.72	16085.79	16076.5	16077.31	1678	0	3
2024.01.02	15:05:00	16077.31	16083.78	16065.0	16067.73	4248	0	1
2024.01.02	15:06:00	16067.73	16068.56	16061.25	16062.59	3596	0	3
2024.01.02	15:07:00	16062.59	16070.52	16059.05	16065.45	4849	0	4
2024.01.02	15:08:00	16065.45	16083.45	16063.27	16075.17	3748	0	3
2024.01.02	15:09:00	16075.17	16081.49	16072.96	16080.45	2712	0	1
2024.01.02	15:10:00	16080.45	16082.74	16055.05	16062.12	681	0	4
2024.01.02	15:11:00	16062.12	16067.25	16060.38	16064.92	4444	0	3
2024.01.02	15:12:00	16064.92	16067.12	16062.07	16065.83	3513	0	4
2024.01.02	15:13:00	16065.83	16071.01	16064.44	16069.52	822	0	1
2024.01.02	15:14:00	16069.52	16087.31	16065.76	16083.0	4868	0	4
2024.01.02	15:15:00	16083.0	16083.23	16065.47	16066.52	3292	0	3
2024.01.02	15:16:00	16066.52	16067.26	16061.12	16062.04	3289	0	4
2024.01.02	15:17:00	16062.04	16069.18	16058.67	16067.16	2103	0	4
2024.01.02	15:18:00	16067.16	16071.19	16051.21	16054.62	1988	0	4
2024.01.02	15:19:00	16054.62	16067.56	16044.73	16066.95	2139	0	2
2024.01.02	15:20:00	16066.95	16075.46	16066.58	16070.27	725	0	4
2024.01.02	15:21:00	16070.27	16077.92	16068.51	16077.48	2526	0	4
2024.01.02	15:22:00	16077.48	16088.11	16070.69	16073.15	780	0	4
2024.01.02	15:23:00	16073.15	16086.8	16071.23	16080.1	3185	0	3
2024.01.02	15:24:00	16080.1	16101.24	16077.5	16089.12	1431	0	4
2024.01.02	15:25:00	16089.12	16091.6	16084.66	16091.34	3272	0	3
2024.01.02	15:26:00	16091.34	16097.37	16091.21	16093.57	2179	0	2
2024.01.02	15:27:00	16093.57	16096.84	16093.41	16096.1	1752	0	1
2024.01.02	15:28:00	16096.1	16097.97	16087.69	16089.39	1151	0	2
2024.01.02	15:29:00	16089.39	16090.47	16084.87	16088.51	2227	0	4
2024.01.02	15:30:00	16088.51	16090.75	16085.99	16087.58	810	0	1
2024.01.02	15:31:00	16087.58	16095.71	16085.67	16091.03	1622	0	4
2024.01.02	15:32:00	16091.03	16104.35	16088.55	16099.5	2586	0	3
2024.01.02	15:33:00	16099.5	16099.73	16090.07	16091.2	3346	0	1
2024.01.02	15:34:00	16091.2	16095.0	16081.43	16090.5	2568	0	1
2024.01.02	15:35:00	16090.5	16107.48	16085.07	16102.9	959	0	1
2024.01.02	15:36:00	16102.9	16109.2	16089.24	16097.16	3744	0	3
2024.01.02	15:37:00	16097.16	16099.42	16088.46	16090.78	2406	0	2
2024.01.02	15:38:00	16090.78	16095.08	16083.95	16092.75	3320	0	1
2024.01.02	15:39:00	16092.75	16108.69	16091.82	16099.95	4903	0	1
2024.01.02	15:40:00	16099.95	16103.16	16095.93	16100.37	718	0	3
2024.01.02	15:41:00	16100.37	16120.32	16098.5	16111.53	4949	0	2
2024.01.02	15:42:00	16111.53	16121.21	16110.13	16118.84	4782	0	4
2024.01.02	15:43:00	16118.84	16127.9	16115.9	16126.04	2830	0	4
2024.01.02	15:44:00	16126.04	16134.09	16124.06	16130.88	622	0	1
2024.01.02	15:45:00	16130.88	16159.54	16123.66	16150.23	1613	0	4
2024.01.02	15:46:00	16150.23	16155.98	16148.37	16148.88	1516	0	1
2024.01.02	15:47:00	16148.88	16149.64	16129.26	16132.82	3125	0	2
2024.01.02	15:48:00	16132.82	16149.9	16131.69	16146.26	3611	0	3
2024.01.02	15:49:00	16146.26	16152.9	16140.92	16142.84	2698	0	2
2024.01.02	15:50:00	16142.84	16145.55	16139.77	16144.04	2101	0	3
2024.01.02	15:51:00	16144.04	16157.77	16143.0	16155.07	691	0	3
2024.01.02	15:52:00	16155.07	16156.78	16141.9	16142.3	4726	0	4
2024.01.02	15:53:00	16142.3	16147.41	16131.56	16132.39	4950	0	4
2024.01.02	15:54:00	16132.39	16134.29	16116.87	16119.64	647	0	4
2024.01.02	15:55:00	16119.64	16120.59	16109.75	16113.48	1972	0	4
2024.01.02	15:56:00	16113.48	16120.37	16112.07	16117.39	4922	0	2
2024.01.02	15:57:00	16117.39	16123.57	16116.39	16121.99	2296	0	4
2024.01.02	15:58:00	16121.99	16129.74	16113.62	16124.57	3302	0	2
2024.01.02	15:59:00	16124.57	16131.12	16111.43	16113.36	2811	0	4
2024.01.03	09:30:00	16113.36	16114.21	16089.95	16094.84	3349	0	2
2024.01.03	09:31:00	16094.84	16095.9	16093.73	16095.61	4461	0	3
2024.01.03	09:32:00	16095.61	16097.87	16090.65	16092.09	2208	0	4
2024.01.03	09:33:00	16092.09	16098.06	16087.77	16096.15	4096	0	1
2024.01.03	09:34:00	16096.15	16103.78	16095.17	16102.2	2553	0	4
2024.01.03	09:35:00	16102.2	16109.31	16091.34	16103.64	1424	0	4
2024.01.03	09:36:00	16103.64	16113.35	16102.53	16110.17	836	0	2
2024.01.03	09:37:00	16110.17	16112.72	16108.88	16112.36	3724	0	3
2024.01.03	09:38:00	16112.36	16120.92	16111.47	16117.01	3211	0	2
2024.01.03	09:39:00	16117.01	16120.17	16111.2	16111.58	4435	0	4
2024.01.03	09:40:00	16111.58	16111.64	16105.33	16110.44	1559	0	1
2024.01.03	09:41:00	16110.44	16112.52	16104.78	16112.36	3714	0	3
2024.01.03	09:42:00	16112.36	16124.73	16110.99	16119.38	605	0	3
2024.01.03	09:43:00	16119.38	16120.07	16112.52	16116.49	1126	0	1
2024.01.03	09:44:00	16116.49	16121.2	16114.27	16121.07	3174	0	4
2024.01.03	09:45:00	16121.07	16123.33	16118.77	16119.22	2925	0	2
2024.01.03	09:46:00	16119.22	16124.06	16117.12	16118.58	3165	0	3
2024.01.03	09:47:00	16118.58	16125.72	16116.69	16125.68	4273	0	4
2024.01.03	09:48:00	16125.68	16131.32	16109.71	16109.73	4251	0	1
2024.01.03	09:49:00	16109.73	16118.21	16094.0	16099.48	1380	0	2
2024.01.03	09:50:00	16099.48	16104.7	16085.81	16087.73	1411	0	3
2024.01.03	09:51:00	16087.73	16092.52	16068.91	16069.05	2923	0	1
2024.01.03	09:52:00	16069.05	16070.88	16060.38	16063.85	4808	0	3
2024.01.03	09:53:00	16063.85	16072.23	16063.74	16070.27	3512	0	3
2024.01.03	09:54:00	16070.27	16071.42	16066.64	16068.27	1157	0	4
2024.01.03	09:55:00	16068.27	16073.35	16067.66	16070.2	3359	0	2
2024.01.03	09:56:00	16070.2	16086.37	16067.8	16079.39	2021	0	4
2024.01.03	09:57:00	16079.39	16091.93	16077.58	16090.53	979	0	3
2024.01.03	09:58:00	16090.53	16093.47	16085.64	16090.28	3705	0	3
2024.01.03	09:59:00	16090.28	16102.81	16086.59	16101.64	1748	0	3
2024.01.03	10:00:00	16101.64	16104.36	16095.5	16102.71	3991	0	4
2024.01.03	10:01:00	16102.71	16103.59	16091.76	16096.21	2984	0	3
2024.01.03	10:02:00	16096.21	16097.86	16090.96	16091.69	2510	0	2
2024.01.03	10:03:00	16091.69	16093.84	16078.12	16079.95	1439	0	4
2024.01.03	10:04:00	16079.95	16081.07	16069.44	16073.04	1815	0	3
2024.01.03	10:05:00	16073.04	16073.38	16069.44	16070.45	2001	0	2
2024.01.03	10:06:00	16070.45	16084.41	16056.91	16077.31	3619	0	3
2024.01.03	10:07:00	16077.31	16092.22	16076.08	16091.65	2367	0	4
2024.01.03	10:08:00	16091.65	16091.82	16074.45	16080.71	652	0	3
2024.01.03	10:09:00	16080.71	16084.65	16074.05	16084.23	561	0	4
2024.01.03	10:10:00	16084.23	16085.12	16073.91	16076.08	1735	0	3
2024.01.03	10:11:00	16076.08	16082.04	16075.93	16080.27	2796	0	4
2024.01.03	10:12:00	16080.27	16081.11	16079.13	16079.52	1999	0	1
2024.01.03	10:13:00	16079.52	16081.58	16064.9	16064.94	4976	0	4
2024.01.03	10:14:00	16064.94	16073.41	16060.33	16072.81	1540	0	4
2024.01.03	10:15:00	16072.81	16076.03	16064.66	16068.21	2337	0	1
2024.01.03	10:16:00	16068.21	16068.65	16063.54	16064.19	2289	0	4
2024.01.03	10:17:00	16064.19	16066.57	16054.67	16055.81	1734	0	3
2024.01.03	10:18:00	16055.81	16056.67	16043.8	16050.81	4472	0	2
2024.01.03	10:19:00	16050.81	16062.78	16047.32	16054.61	1638	0	1
2024.01.03	10:20:00	16054.61	16057.01	16049.08	16053.4	548	0	2
2024.01.03	10:21:00	16053.4	16056.88	16050.82	16056.39	2818	0	3
2024.01.03	10:22:00	16056.39	16063.69	16052.2	16059.65	3356	0	3
2024.01.03	10:23:00	16059.65	16073.86	16053.21	16070.72	2552	0	1
2024.01.03	10:24:00	16070.72	16076.41	16068.15	16068.25	2395	0	2
2024.01.03	10:25:00	16068.25	16072.5	16056.05	16056.56	4378	0	1
2024.01.03	10:26:00	16056.56	16065.79	16056.2	16065.56	2182	0	2
2024.01.03	10:27:00	16065.56	16074.79	16062.85	16063.19	3376	0	4
2024.01.03	10:28:00	16063.19	16073.3	16062.87	16072.58	4268	0	4
2024.01.03	10:29:00	16072.58	16077.67	16071.0	16076.02	2293	0	4
2024.01.03	10:30:00	16076.02	16078.28	16074.83	16075.27	2932	0	1
2024.01.03	10:31:00	16075.27	16081.44	16069.72	16078.43	2235	0	3
2024.01.03	10:32:00	16078.43	16095.16	16076.08	16094.65	3264	0	2
2024.01.03	10:33:00	16094.65	16113.88	16085.46	16111.9	2962	0	2
2024.01.03	10:34:00	16111.9	16120.37	16109.31	16112.79	4334	0	4
2024.01.03	10:35:00	16112.79	16119.61	16111.81	16114.42	1640	0	4
2024.01.03	10:36:00	16114.42	16124.53	16112.09	16123.53	1227	0	3
2024.01.03	10:37:00	16123.53	16126.52	16115.76	16116.95	2402	0	4
2024.01.03	10:38:00	16116.95	16124.59	16111.31	16119.99	3255	0	2
2024.01.03	10:39:00	16119.99	16123.25	16117.76	16120.1	1782	0	1
2024.01.03	10:40:00	16120.1	16128.29	16119.26	16122.99	4991	0	4
2024.01.03	10:41:00	16122.99	16123.53	16110.91	16116.51	2819	0	1
2024.01.03	10:42:00	16116.51	16118.89	16099.72	16103.86	4152	0	2
2024.01.03	10:43:00	16103.86	16106.0	16084.98	16087.29	2959	0	4
2024.01.03	10:44:00	16087.29	16091.78	16076.22	16078.51	2267	0	4
2024.01.03	10:45:00	16078.51	16081.03	16071.83	16075.1	4310	0	1
2024.01.03	10:46:00	16075.1	16075.13	16071.72	16073.03	1209	0	4
2024.01.03	10:47:00	16073.03	16090.09	16072.51	16089.13	1630	0	3
2024.01.03	10:48:00	16089.13	16101.66	16088.1	16098.46	3942	0	1
2024.01.03	10:49:00	16098.46	16098.83	16086.33	16090.94	4571	0	3
2024.01.03	10:50:00	16090.94	16097.72	16089.96	16094.1	1809	0	2
2024.01.03	10:51:00	16094.1	16100.87	16087.55	16091.1	2908	0	3
2024.01.03	10:52:00	16091.1	16091.13	16085.32	16089.11	2687	0	1
2024.01.03	10:53:00	16089.11	16094.81	16082.94	16090.94	3770	0	1
2024.01.03	10:54:00	16090.94	16100.6	16088.01	16096.31	2747	0	3
2024.01.03	10:55:00	16096.31	16097.37	16092.75	16093.87	3252	0	3
2024.01.03	10:56:00	16093.87	16105.08	16088.36	16102.86	3511	0	1
2024.01.03	10:57:00	16102.86	16107.82	16091.66	16093.87	4230	0	3
2024.01.03	10:58:00	16093.87	16099.64	16090.79	16094.25	1124	0	2
2024.01.03	10:59:00	16094.25	16119.51	16090.11	16115.75	3484	0	4
2024.01.03	11:00:00	16115.75	16125.78	16108.12	16117.9	1313	0	3
2024.01.03	11:01:00	16117.9	16135.94	16113.65	16129.92	549	0	2
2024.01.03	11:02:00	16129.92	16133.41	16127.66	16130.99	3723	0	1
2024.01.03	11:03:00	16130.99	16137.22	16129.47	16136.06	2256	0	4
2024.01.03	11:04:00	16136.06	16142.19	16135.02	16135.92	3725	0	3
2024.01.03	11:05:00	16135.92	16138.43	16132.5	16134.85	4722	0	1
2024.01.03	11:06:00	16134.85	16136.07	16122.81	16128.8	1079	0	1
2024.01.03	11:07:00	16128.8	16136.81	16127.94	16132.64	2531	0	1
2024.01.03	11:08:00	16132.64	16134.65	16123.24	16126.01	944	0	3
2024.01.03	11:09:00	16126.01	16136.98	16123.23	16131.77	4227	0	4
2024.01.03	11:10:00	16131.77	16146.29	16129.43	16140.96	4997	0	3
2024.01.03	11:11:00	16140.96	16146.0	16136.78	16144.27	4410	0	1
2024.01.03	11:12:00	16144.27	16147.65	16141.38	16142.26	4971	0	1
2024.01.03	11:13:00	16142.26	16149.58	16136.89	16146.29	1996	0	1
2024.01.03	11:14:00	16146.29	16155.45	16138.84	16144.09	1751	0	1
2024.01.03	11:15:00	16144.09	16152.95	16143.45	16152.06	4359	0	1
2024.01.03	11:16:00	16152.06	16154.31	16134.57	16137.41	3432	0	1
2024.01.03	11:17:00	16137.41	16139.18	16130.69	16135.0	2198	0	3
2024.01.03	11:18:00	16135.0	16135.34	16116.48	16119.06	1446	0	3
2024.01.03	11:19:00	16119.06	16125.21	16100.81	16107.18	614	0	4
2024.01.03	11:20:00	16107.18	16118.64	16105.17	16118.63	671	0	1
2024.01.03	11:21:00	16118.63	16126.44	16115.36	16126.26	3624	0	4
2024.01.03	11:22:00	16126.26	16133.61	16119.08	16120.71	1687	0	2
2024.01.03	11:23:00	16120.71	16128.04	16106.58	16108.77	4191	0	1
2024.01.03	11:24:00	16108.77	16109.92	16081.0	16084.93	4307	0	1
2024.01.03	11:25:00	16084.93	16090.18	16079.8	16080.83	2532	0	2
2024.01.03	11:26:00	16080.83	16101.86	16076.25	16100.87	1849	0	1
2024.01.03	11:27:00	16100.87	16105.44	16095.22	16104.74	1280	0	2
2024.01.03	11:28:00	16104.74	16108.14	16099.45	16100.5	1654	0	3
2024.01.03	11:29:00	16100.5	16108.42	16099.2	16104.61	3268	0	4
2024.01.03	11:30:00	16104.61	16112.06	16089.94	16092.21	3901	0	1
2024.01.03	11:31:00	16092.21	16094.77	16086.09	16090.11	3822	0	3
2024.01.03	11:32:00	16090.11	16095.27	16084.89	16091.24	4814	0	1
2024.01.03	11:33:00	16091.24	16091.72	16088.39	16090.86	3446	0	2
2024.01.03	11:34:00	16090.86	16100.84	16088.06	16097.63	2785	0	3
2024.01.03	11:35:00	16097.63	16102.72	16095.22	16100.76	2101	0	2
2024.01.03	11:36:00	16100.76	16108.38	16094.14	16106.53	2013	0	2
2024.01.03	11:37:00	16106.53	16106.73	16100.31	16101.24	2157	0	2
2024.01.03	11:38:00	16101.24	16111.04	16097.97	16108.89	4458	0	2
2024.01.03	11:39:00	16108.89	16126.83	16106.55	16122.5	2970	0	3
2024.01.03	11:40:00	16122.5	16122.85	16108.49	16114.9	1494	0	2
2024.01.03	11:41:00	16114.9	16119.26	16103.45	16107.98	1370	0	3
2024.01.03	11:42:00	16107.98	16119.73	16104.92	16119.21	627	0	4
2024.01.03	11:43:00	16119.21	16121.7	16106.14	16117.97	4307	0	3
2024.01.03	11:44:00	16117.97	16130.25	16114.13	16129.75	1488	0	4
2024.01.03	11:45:00	16129.75	16138.13	16123.47	16126.46	960	0	2
2024.01.03	11:46:00	16126.46	16139.24	16122.04	16138.67	1803	0	2
2024.01.03	11:47:00	16138.67	16141.7	16131.83	16140.07	2689	0	1
2024.01.03	11:48:00	16140.07	16146.31	16139.67	16142.5	4818	0	3
2024.01.03	11:49:00	16142.5	16158.69	16139.52	16155.62	4367	0	3
2024.01.03	11:50:00	16155.62	16157.3	16146.77	16152.98	1269	0	3
2024.01.03	11:51:00	16152.98	16157.04	16137.87	16145.61	2882	0	3
2024.01.03	11:52:00	16145.61	16150.07	16136.85	16142.26	4208	0	3
2024.01.03	11:53:00	16142.26	16150.08	16141.78	16146.29	3924	0	1
2024.01.03	11:54:00	16146.29	16148.4	16122.42	16133.81	2613	0	1
2024.01.03	11:55:00	16133.81	16141.36	16130.19	16139.34	1578	0	3
2024.01.03	11:56:00	16139.34	16142.65	16133.74	16135.26	4033	0	1
2024.01.03	11:57:00	16135.26	16145.56	16130.26	16144.97	2504	0	4
2024.01.03	11:58:00	16144.97	16145.35	16117.07	16125.73	1566	0	2
2024.01.03	11:59:00	16125.73	16127.92	16119.47	16119.63	3708	0	3
2024.01.03	12:00:00	16119.63	16122.06	16105.79	16106.19	4471	0	3
2024.01.03	12:01:00	16106.19	16111.75	16098.68	16099.78	4497	0	3
2024.01.03	12:02:00	16099.78	16102.12	16098.22	16102.12	4718	0	2
2024.01.03	12:03:00	16102.12	16105.61	16097.93	16100.98	3393	0	3
2024.01.03	12:04:00	16100.98	16101.91	16095.25	16099.23	3955	0	1
2024.01.03	12:05:00	16099.23	16104.25	16092.59	16098.26	1592	0	2
2024.01.03	12:06:00	16098.26	16101.97	16094.64	16100.24	1957	0	1
2024.01.03	12:07:00	16100.24	16104.11	16091.21	16092.34	1158	0	1
2024.01.03	12:08:00	16092.34	16100.97	16092.18	16098.42	865	0	1
2024.01.03	12:09:00	16098.42	16107.27	16095.54	16104.15	4286	0	2
2024.01.03	12:10:00	16104.15	16110.3	16100.67	16107.61	2557	0	1
2024.01.03	12:11:00	16107.61	16116.04	16103.62	16112.47	2993	0	1
2024.01.03	12:12:00	16112.47	16118.57	16110.11	16115.21	893	0	2
2024.01.03	12:13:00	16115.21	16133.59	16114.55	16132.15	1327	0	3
2024.01.03	12:14:00	16132.15	16135.72	16125.05	16131.76	843	0	1
2024.01.03	12:15:00	16131.76	16132.05	16125.62	16129.58	2685	0	3
2024.01.03	12:16:00	16129.58	16131.82	16120.8	16123.75	3113	0	3
2024.01.03	12:17:00	16123.75	16125.17	16111.54	16115.64	1068	0	1
2024.01.03	12:18:00	16115.64	16123.34	16104.55	16105.81	3687	0	1
2024.01.03	12:19:00	16105.81	16107.32	16098.41	16098.89	973	0	4
2024.01.03	12:20:00	16098.89	16101.06	16089.97	16098.63	4274	0	2
2024.01.03	12:21:00	16098.63	16101.78	16098.58	16101.68	4639	0	4
2024.01.03	12:22:00	16101.68	16102.52	16100.85	16102.42	3380	0	3
2024.01.03	12:23:00	16102.42	16103.09	16095.13	16096.5	2950	0	1
2024.01.03	12:24:00	16096.5	16107.66	16095.88	16104.16	3793	0	3
2024.01.03	12:25:00	16104.16	16111.88	16100.23	16110.51	1620	0	2
2024.01.03	12:26:00	16110.51	16111.69	16108.41	16109.53	4645	0	2
2024.01.03	12:27:00	16109.53	16113.22	16095.93	16104.53	4465	0	1
2024.01.03	12:28:00	16104.53	16113.46	16102.44	16109.33	3629	0	2
2024.01.03	12:29:00	16109.33	16111.59	16104.93	16111.18	4994	0	4
2024.01.03	12:30:00	16111.18	16112.11	16096.67	16099.69	1862	0	1
2024.01.03	12:31:00	16099.69	16105.16	16099.46	16099.46	4478	0	3
2024.01.03	12:32:00	16099.46	16109.41	16095.62	16101.92	652	0	1
2024.01.03	12:33:00	16101.92	16107.11	16091.04	16094.91	3864	0	3
2024.01.03	12:34:00	16094.91	16100.36	16092.73	16096.78	1802	0	4
2024.01.03	12:35:00	16096.78	16097.64	16083.86	16085.24	4829	0	4
2024.01.03	12:36:00	16085.24	16098.85	16079.21	16096.45	3052	0	4
2024.01.03	12:37:00	16096.45	16110.71	16091.92	16106.95	1388	0	3
2024.01.03	12:38:00	16106.95	16112.31	16098.59	16105.21	1916	0	3
2024.01.03	12:39:00	16105.21	16116.07	16100.74	16108.5	4449	0	4
2024.01.03	12:40:00	16108.5	16109.4	16087.45	16089.18	4120	0	1
2024.01.03	12:41:00	16089.18	16090.54	16079.27	16080.08	2114	0	1
2024.01.03	12:42:00	16080.08	16080.31	16076.6	16078.01	1681	0	1
2024.01.03	12:43:00	16078.01	16085.05	16068.31	16069.6	645	0	1
2024.01.03	12:44:00	16069.6	16084.34	16067.98	16075.74	1055	0	1
2024.01.03	12:45:00	16075.74	16093.87	16074.53	16092.33	645	0	2
2024.01.03	12:46:00	16092.33	16095.29	16080.09	16083.07	1984	0	3
2024.01.03	12:47:00	16083.07	16092.66	16072.72	16076.57	1345	0	4
2024.01.03	12:48:00	16076.57	16080.27	16075.16	16078.81	590	0	3
2024.01.03	12:49:00	16078.81	16099.78	16068.12	16092.25	4007	0	1
2024.01.03	12:50:00	16092.25	16094.92	16074.76	16082.62	4456	0	1
2024.01.03	12:51:00	16082.62	16088.19	16080.32	16084.97	4535	0	2
2024.01.03	12:52:00	16084.97	16105.01	16083.26	16100.13	4265	0	3
2024.01.03	12:53:00	16100.13	16100.18	16083.51	16086.99	1075	0	4
2024.01.03	12:54:00	16086.99	16087.48	16076.66	16076.88	1239	0	2
2024.01.03	12:55:00	16076.88	16083.87	16072.14	16073.75	4304	0	1
2024.01.03	12:56:00	16073.75	16076.67	16065.81	16069.84	567	0	1
2024.01.03	12:57:00	16069.84	16080.46	16063.17	16076.77	3899	0	3
2024.01.03	12:58:00	16076.77	16079.31	16068.76	16079.06	1067	0	4
2024.01.03	12:59:00	16079.06	16080.56	16061.93	16064.94	735	0	1
2024.01.03	13:00:00	16064.94	16069.99	16063.22	16069.45	4011	0	1
2024.01.03	13:01:00	16069.45	16078.37	16061.13	16065.07	3791	0	1
2024.01.03	13:02:00	16065.07	16077.52	16063.32	16075.77	883	0	3
2024.01.03	13:03:00	16075.77	16082.3	16069.54	16070.98	672	0	2
2024.01.03	13:04:00	16070.98	16071.52	16065.61	16066.12	4475	0	4
2024.01.03	13:05:00	16066.12	16077.74	16065.94	16070.85	1681	0	4
2024.01.03	13:06:00	16070.85	16082.36	16070.47	16077.38	4860	0	3
2024.01.03	13:07:00	16077.38	16082.1	16075.56	16081.35	2889	0	1
2024.01.03	13:08:00	16081.35	16082.95	16062.95	16067.95	4904	0	3
2024.01.03	13:09:00	16067.95	16073.22	16064.83	16072.65	4591	0	2
2024.01.03	13:10:00	16072.65	16077.62	16058.07	16064.55	3271	0	4
2024.01.03	13:11:00	16064.55	16068.33	16057.81	16066.79	974	0	3
2024.01.03	13:12:00	16066.79	16071.75	16053.28	16055.53	4537	0	4
2024.01.03	13:13:00	16055.53	16062.21	16052.55	16059.48	2067	0	2
2024.01.03	13:14:00	16059.48	16062.83	16050.99	16053.25	1634	0	2
2024.01.03	13:15:00	16053.25	16053.31	16042.43	16043.14	3096	0	2
2024.01.03	13:16:00	16043.14	16049.42	16042.93	16049.26	2107	0	4
2024.01.03	13:17:00	16049.26	16052.3	16045.21	16051.55	3830	0	3
2024.01.03	13:18:00	16051.55	16055.44	16040.87	16046.88	1692	0	2
2024.01.03	13:19:00	16046.88	16063.87	16046.68	16059.0	4619	0	4
2024.01.03	13:20:00	16059.0	16060.47	16041.38	16055.74	948	0	2
2024.01.03	13:21:00	16055.74	16062.12	16055.33	16056.32	2609	0	4
2024.01.03	13:22:00	16056.32	16058.88	16052.48	16058.83	4822	0	3
2024.01.03	13:23:00	16058.83	16061.46	16050.94	16054.11	4284	0	1
2024.01.03	13:24:00	16054.11	16060.53	16049.85	16058.26	4191	0	2
2024.01.03	13:25:00	16058.26	16061.61	16049.89	16054.24	3276	0	3
2024.01.03	13:26:00	16054.24	16055.74	16049.81	16051.22	3062	0	4
2024.01.03	13:27:00	16051.22	16070.46	16046.61	16062.62	1418	0	3
2024.01.03	13:28:00	16062.62	16063.64	16051.17	16054.48	1840	0	1
2024.01.03	13:29:00	16054.48	16058.14	16034.03	16035.2	3108	0	2
2024.01.03	13:30:00	16035.2	16051.42	16028.51	16048.6	1879	0	4
2024.01.03	13:31:00	16048.6	16070.9	16042.94	16069.66	1912	0	2
2024.01.03	13:32:00	16069.66	16070.41	16065.33	16066.68	3555	0	2
2024.01.03	13:33:00	16066.68	16068.91	16049.22	16051.25	3666	0	4
2024.01.03	13:34:00	16051.25	16054.35	16041.81	16049.05	2732	0	2
2024.01.03	13:35:00	16049.05	16054.54	16043.28	16047.04	1780	0	4
2024.01.03	13:36:00	16047.04	16048.05	16038.08	16045.82	1293	0	1
2024.01.03	13:37:00	16045.82	16046.57	16032.95	16037.1	1682	0	3
2024.01.03	13:38:00	16037.1	16043.72	16036.45	16042.13	1983	0	1
2024.01.03	13:39:00	16042.13	16051.97	16039.81	16046.71	4754	0	1
2024.01.03	13:40:00	16046.71	16049.69	16034.63	16034.89	1951	0	3
2024.01.03	13:41:00	16034.89	16046.55	16032.99	16040.89	4589	0	3
2024.01.03	13:42:00	16040.89	16061.13	16039.52	16057.89	2922	0	1
2024.01.03	13:43:00	16057.89	16065.39	16057.07	16059.61	2532	0	2
2024.01.03	13:44:00	16059.61	16067.45	16056.82	16057.19	1704	0	2
2024.01.03	13:45:00	16057.19	16060.88	16054.71	16056.36	3944	0	2
2024.01.03	13:46:00	16056.36	16062.33	16054.6	16061.68	4291	0	4
2024.01.03	13:47:00	16061.68	16063.6	16036.51	16047.93	4919	0	4
2024.01.03	13:48:00	16047.93	16051.39	16041.1	16049.59	4191	0	1
2024.01.03	13:49:00	16049.59	16055.21	16039.51	16046.74	898	0	4
2024.01.03	13:50:00	16046.74	16066.9	16046.16	16062.08	4457	0	1
2024.01.03	13:51:00	16062.08	16063.19	16059.33	16060.98	3227	0	4
2024.01.03	13:52:00	16060.98	16080.06	16055.78	16074.88	2809	0	3
2024.01.03	13:53:00	16074.88	16076.13	16064.93	16066.22	1640	0	3
2024.01.03	13:54:00	16066.22	16073.2	16064.33	16071.32	2779	0	1
2024.01.03	13:55:00	16071.32	16074.99	16061.81	16074.24	4100	0	3
2024.01.03	13:56:00	16074.24	16074.87	16061.33	16067.49	3151	0	3
2024.01.03	13:57:00	16067.49	16070.82	16058.97	16069.25	956	0	2
2024.01.03	13:58:00	16069.25	16081.48	16069.05	16079.44	3900	0	3
2024.01.03	13:59:00	16079.44	16080.84	16073.06	16077.13	4049	0	4
2024.01.03	14:00:00	16077.13	16077.88	16062.69	16063.68	3525	0	1
2024.01.03	14:01:00	16063.68	16064.82	16059.4	16063.86	1402	0	2
2024.01.03	14:02:00	16063.86	16073.74	16055.69	16056.84	1828	0	2
2024.01.03	14:03:00	16056.84	16059.47	16048.47	16054.38	2552	0	1
2024.01.03	14:04:00	16054.38	16054.99	16050.83	16054.04	4411	0	2
2024.01.03	14:05:00	16054.04	16056.33	16038.81	16040.5	4162	0	1
2024.01.03	14:06:00	16040.5	16045.72	16023.15	16027.7	929	0	1
2024.01.03	14:07:00	16027.7	16033.22	16025.82	16031.93	803	0	4
2024.01.03	14:08:00	16031.93	16036.36	16025.42	16028.01	723	0	2
2024.01.03	14:09:00	16028.01	16031.03	16007.43	16007.53	4676	0	2
2024.01.03	14:10:00	16007.53	16019.91	16004.19	16014.21	4387	0	3
2024.01.03	14:11:00	16014.21	16020.51	16010.67	16016.74	1478	0	4
2024.01.03	14:12:00	16016.74	16018.91	16008.3	16011.27	4622	0	4
2024.01.03	14:13:00	16011.27	16013.83	15999.27	16000.92	2753	0	3
2024.01.03	14:14:00	16000.92	16011.78	15999.79	16008.01	1909	0	2
2024.01.03	14:15:00	16008.01	16014.84	16007.96	16011.17	3805	0	2
2024.01.03	14:16:00	16011.17	16034.66	16010.5	16030.82	810	0	3
2024.01.03	14:17:00	16030.82	16037.48	16025.73	16034.55	1055	0	4
2024.01.03	14:18:00	16034.55	16041.46	16029.25	16038.02	1652	0	4
2024.01.03	14:19:00	16038.02	16038.96	16034.44	16036.98	3239	0	4
2024.01.03	14:20:00	16036.98	16044.77	16029.84	16043.94	4273	0	3
2024.01.03	14:21:00	16043.94	16051.97	16041.05	16049.34	2820	0	1
2024.01.03	14:22:00	16049.34	16060.52	16045.69	16059.83	2477	0	2
2024.01.03	14:23:00	16059.83	16061.98	16052.54	16055.92	3136	0	1
2024.01.03	14:24:00	16055.92	16057.68	16048.96	16052.7	552	0	2
2024.01.03	14:25:00	16052.7	16055.14	16044.94	16049.13	3481	0	3
2024.01.03	14:26:00	16049.13	16060.69	16046.06	16055.87	4122	0	3
2024.01.03	14:27:00	16055.87	16070.0	16049.86	16068.38	2392	0	1
2024.01.03	14:28:00	16068.38	16075.68	16064.42	16064.97	3415	0	3
2024.01.03	14:29:00	16064.97	16067.84	16061.65	16061.84	1844	0	2
2024.01.03	14:30:00	16061.84	16072.19	16058.63	16064.71	4714	0	3
2024.01.03	14:31:00	16064.71	16067.62	16061.01	16063.03	1327	0	4
2024.01.03	14:32:00	16063.03	16074.24	16060.55	16071.1	1119	0	2
2024.01.03	14:33:00	16071.1	16072.22	16046.84	16053.11	4725	0	1
2024.01.03	14:34:00	16053.11	16060.3	16044.17	16046.71	2782	0	4
2024.01.03	14:35:00	16046.71	16050.36	16036.82	16040.68	2306	0	2
2024.01.03	14:36:00	16040.68	16046.78	16019.98	16022.16	4171	0	1
2024.01.03	14:37:00	16022.16	16023.92	16008.06	16014.66	1770	0	2
2024.01.03	14:38:00	16014.66	16016.26	16004.29	16007.56	1830	0	2
2024.01.03	14:39:00	16007.56	16007.93	16003.92	16006.25	736	0	2
2024.01.03	14:40:00	16006.25	16020.62	16001.95	16015.6	2831	0	4
2024.01.03	14:41:00	16015.6	16018.34	16013.86	16013.93	3880	0	2
2024.01.03	14:42:00	16013.93	16020.51	16004.77	16005.89	4938	0	2
2024.01.03	14:43:00	16005.89	16008.36	16000.23	16005.75	2874	0	2
2024.01.03	14:44:00	16005.75	16015.03	16000.47	16014.58	836	0	3
2024.01.03	14:45:00	16014.58	16014.98	16001.17	16006.99	1359	0	4
2024.01.03	14:46:00	16006.99	16007.08	15997.34	15999.93	1766	0	3
2024.01.03	14:47:00	15999.93	16005.6	15999.27	16004.77	4520	0	4
2024.01.03	14:48:00	16004.77	16007.58	16002.6	16003.3	3113	0	2
2024.01.03	14:49:00	16003.3	16009.61	16001.57	16008.87	4702	0	3
2024.01.03	14:50:00	16008.87	16013.87	16005.78	16009.08	4298	0	3
2024.01.03	14:51:00	16009.08	16017.94	16007.58	16015.09	4463	0	4
2024.01.03	14:52:00	16015.09	16019.26	16002.9	16007.01	1758	0	2
2024.01.03	14:53:00	16007.01	16007.49	15999.06	16007.24	3024	0	1
2024.01.03	14:54:00	16007.24	16011.82	16003.9	16005.85	771	0	4
2024.01.03	14:55:00	16005.85	16012.83	15991.62	15996.32	2179	0	3
2024.01.03	14:56:00	15996.32	15997.71	15979.82	15983.98	1908	0	1
2024.01.03	14:57:00	15983.98	15995.71	15982.51	15989.85	1228	0	4
2024.01.03	14:58:00	15989.85	15990.0	15986.78	15987.33	777	0	2
2024.01.03	14:59:00	15987.33	15988.05	15978.59	15979.37	2197	0	3
2024.01.03	15:00:00	15979.37	15987.99	15976.6	15978.91	815	0	2
2024.01.03	15:01:00	15978.91	15990.14	15978.51	15988.36	3254	0	4
2024.01.03	15:02:00	15988.36	15988.74	15963.89	15970.23	1748	0	2
2024.01.03	15:03:00	15970.23	15972.92	15951.1	15958.45	1519	0	3
2024.01.03	15:04:00	15958.45	15959.18	15945.22	15951.31	998	0	3
2024.01.03	15:05:00	15951.31	15964.13	15940.67	15963.44	2587	0	4
2024.01.03	15:06:00	15963.44	15970.32	15962.65	15966.04	1260	0	3
2024.01.03	15:07:00	15966.04	15973.91	15965.09	15972.57	3078	0	1
2024.01.03	15:08:00	15972.57	15977.41	15963.02	15963.67	4938	0	4
2024.01.03	15:09:00	15963.67	15964.59	15950.33	15954.94	3791	0	1
2024.01.03	15:10:00	15954.94	15962.38	15953.52	15958.88	1022	0	3
2024.01.03	15:11:00	15958.88	15960.38	15958.04	15959.67	911	0	2
2024.01.03	15:12:00	15959.67	15967.87	15948.51	15964.42	4438	0	2
2024.01.03	15:13:00	15964.42	15969.38	15962.7	15963.22	4401	0	4
2024.01.03	15:14:00	15963.22	15968.13	15957.77	15965.79	2131	0	1
2024.01.03	15:15:00	15965.79	15970.13	15959.73	15967.39	2552	0	1
2024.01.03	15:16:00	15967.39	15974.98	15963.26	15974.0	2196	0	4
2024.01.03	15:17:00	15974.0	15983.13	15973.08	15980.85	3118	0	2
2024.01.03	15:18:00	15980.85	15983.14	15966.97	15968.06	1438	0	2
2024.01.03	15:19:00	15968.06	15974.22	15949.08	15950.22	4731	0	4
2024.01.03	15:20:00	15950.22	15964.33	15943.33	15958.63	2317	0	3
2024.01.03	15:21:00	15958.63	15970.52	15957.6	15968.55	1255	0	3
2024.01.03	15:22:00	15968.55	15975.55	15957.45	15960.62	1854	0	1
2024.01.03	15:23:00	15960.62	15963.39	15943.43	15945.92	4480	0	2
2024.01.03	15:24:00	15945.92	15952.41	15942.62	15947.04	1800	0	3
2024.01.03	15:25:00	15947.04	15960.05	15945.23	15954.87	4119	0	1
2024.01.03	15:26:00	15954.87	15972.76	15948.69	15969.72	3946	0	3
2024.01.03	15:27:00	15969.72	15974.86	15967.64	15974.22	4973	0	4
2024.01.03	15:28:00	15974.22	15975.13	15967.15	15971.53	1189	0	2
2024.01.03	15:29:00	15971.53	15976.67	15962.86	15964.63	2268	0	4
2024.01.03	15:30:00	15964.63	15968.57	15961.37	15965.04	4285	0	4
2024.01.03	15:31:00	15965.04	15968.32	15961.8	15962.94	1070	0	3
2024.01.03	15:32:00	15962.94	15963.67	15952.85	15955.06	654	0	2
2024.01.03	15:33:00	15955.06	15979.96	15948.92	15971.94	563	0	1
2024.01.03	15:34:00	15971.94	15990.48	15970.31	15986.7	869	0	3
2024.01.03	15:35:00	15986.7	16000.18	15981.6	15996.22	4066	0	3
2024.01.03	15:36:00	15996.22	16000.81	15977.36	15989.08	2070	0	3
2024.01.03	15:37:00	15989.08	15998.9	15988.89	15996.33	1114	0	2
2024.01.03	15:38:00	15996.33	16002.0	15990.24	16001.83	3667	0	1
2024.01.03	15:39:00	16001.83	16009.37	15998.99	16005.73	1877	0	4
2024.01.03	15:40:00	16005.73	16017.66	16000.65	16016.19	1124	0	4
2024.01.03	15:41:00	16016.19	16024.87	16012.91	16021.66	4942	0	4
2024.01.03	15:42:00	16021.66	16029.19	16021.59	16027.99	3128	0	1
2024.01.03	15:43:00	16027.99	16044.37	16025.81	16033.48	2489	0	4
2024.01.03	15:44:00	16033.48	16038.8	16030.66	16036.56	4645	0	4
2024.01.03	15:45:00	16036.56	16036.94	16017.24	16022.41	1540	0	2
2024.01.03	15:46:00	16022.41	16026.1	16018.89	16023.41	3153	0	3
2024.01.03	15:47:00	16023.41	16028.86	16016.73	16019.21	3889	0	1
2024.01.03	15:48:00	16019.21	16022.19	16007.67	16009.16	526	0	3
2024.01.03	15:49:00	16009.16	16025.87	16003.49	16023.12	1721	0	4
2024.01.03	15:50:00	16023.12	16039.36	16022.83	16037.47	931	0	1
2024.01.03	15:51:00	16037.47	16053.76	16036.99	16048.83	2889	0	3
2024.01.03	15:52:00	16048.83	16051.32	16048.12	16051.23	3562	0	2
2024.01.03	15:53:00	16051.23	16065.68	16049.08	16062.53	1207	0	1
2024.01.03	15:54:00	16062.53	16064.16	16060.64	16062.95	1139	0	1
2024.01.03	15:55:00	16062.95	16065.64	16059.83	16064.92	2573	0	4
2024.01.03	15:56:00	16064.92	16068.81	16054.68	16056.35	2287	0	1
2024.01.03	15:57:00	16056.35	16060.49	16052.58	16059.9	988	0	1
2024.01.03	15:58:00	16059.9	16064.14	16057.69	16060.71	3566	0	4
2024.01.03	15:59:00	16060.71	16062.78	16048.84	16050.44	3978	0	3
2024.01.04	09:30:00	16050.44	16052.23	16044.23	16050.35	2427	0	2
2024.01.04	09:31:00	16050.35	16054.75	16049.9	16050.02	2143	0	3
2024.01.04	09:32:00	16050.02	16068.13	16048.62	16064.96	1221	0	2
2024.01.04	09:33:00	16064.96	16073.83	16056.92	16072.56	1934	0	1
2024.01.04	09:34:00	16072.56	16077.86	16068.2	16072.97	2782	0	2
2024.01.04	09:35:00	16072.97	16076.23	16067.18	16075.32	4972	0	4
2024.01.04	09:36:00	16075.32	16079.79	16072.11	16076.0	1335	0	3
2024.01.04	09:37:00	16076.0	16081.12	16066.88	16074.67	4233	0	2
2024.01.04	09:38:00	16074.67	16079.03	16065.86	16066.18	2759	0	4
2024.01.04	09:39:00	16066.18	16066.46	16062.35	16065.27	2992	0	3
2024.01.04	09:40:00	16065.27	16073.95	16058.76	16059.53	1850	0	1
2024.01.04	09:41:00	16059.53	16062.26	16047.89	16049.68	4748	0	4
2024.01.04	09:42:00	16049.68	16056.17	16048.27	16054.16	789	0	1
2024.01.04	09:43:00	16054.16	16058.72	16049.94	16057.66	1451	0	4
2024.01.04	09:44:00	16057.66	16060.06	16043.02	16043.46	1926	0	1
2024.01.04	09:45:00	16043.46	16044.12	16033.69	16042.78	3080	0	2
2024.01.04	09:46:00	16042.78	16053.02	16038.12	16051.2	2404	0	1
2024.01.04	09:47:00	16051.2	16061.58	16049.57	16060.13	4680	0	3
2024.01.04	09:48:00	16060.13	16075.55	16059.99	16068.8	1330	0	2
2024.01.04	09:49:00	16068.8	16069.53	16060.74	16069.43	3063	0	3
2024.01.04	09:50:00	16069.43	16073.09	16061.67	16062.88	2679	0	1
2024.01.04	09:51:00	16062.88	16063.11	16050.83	16054.39	1885	0	4
2024.01.04	09:52:00	16054.39	16061.95	16049.44	16057.51	603	0	2
2024.01.04	09:53:00	16057.51	16063.28	16056.96	16060.92	4152	0	2
2024.01.04	09:54:00	16060.92	16071.95	16058.74	16071.71	1402	0	1
2024.01.04	09:55:00	16071.71	16083.54	16069.8	16080.99	1124	0	2
2024.01.04	09:56:00	16080.99	16082.97	16077.22	16080.23	3066	0	3
2024.01.04	09:57:00	16080.23	16086.22	16069.39	16070.43	1184	0	1
2024.01.04	09:58:00	16070.43	16071.51	16066.13	16068.15	3376	0	3
2024.01.04	09:59:00	16068.15	16070.83	16065.62	16070.24	3790	0	4
2024.01.04	10:00:00	16070.24	16077.22	16067.07	16068.92	1533	0	4
2024.01.04	10:01:00	16068.92	16071.07	16063.53	16064.54	811	0	4
2024.01.04	10:02:00	16064.54	16070.43	16062.16	16066.92	935	0	4
2024.01.04	10:03:00	16066.92	16072.77	16058.9	16063.14	727	0	2
2024.01.04	10:04:00	16063.14	16063.98	16052.42	16058.35	2679	0	1
2024.01.04	10:05:00	16058.35	16064.51	16055.97	16061.2	2205	0	3
2024.01.04	10:06:00	16061.2	16062.1	16047.12	16058.26	3999	0	3
2024.01.04	10:07:00	16058.26	16062.77	16057.91	16060.56	2290	0	2
2024.01.04	10:08:00	16060.56	16063.84	16056.33	16063.11	3429	0	1
2024.01.04	10:09:00	16063.11	16066.02	16052.58	16054.16	2613	0	1
2024.01.04	10:10:00	16054.16	16060.65	16048.9	16050.57	2426	0	3
2024.01.04	10:11:00	16050.57	16069.11	16050.32	16062.58	3833	0	1
2024.01.04	10:12:00	16062.58	16067.11	16052.73	16053.45	2788	0	3
2024.01.04	10:13:00	16053.45	16056.68	16033.45	16036.58	3059	0	4
2024.01.04	10:14:00	16036.58	16037.68	16016.05	16021.79	2525	0	4
2024.01.04	10:15:00	16021.79	16022.81	16019.33	16022.34	3710	0	2
2024.01.04	10:16:00	16022.34	16023.89	16015.7	16022.91	1870	0	1
2024.01.04	10:17:00	16022.91	16023.95	16022.15	16022.28	724	0	3
2024.01.04	10:18:00	16022.28	16034.31	16016.08	16032.45	2406	0	3
2024.01.04	10:19:00	16032.45	16036.75	15998.99	16011.09	1920	0	4
2024.01.04	10:20:00	16011.09	16020.33	16009.1	16014.62	4535	0	1
2024.01.04	10:21:00	16014.62	16028.96	16009.77	16027.61	4848	0	1
2024.01.04	10:22:00	16027.61	16034.56	16017.7	16018.78	1479	0	1
2024.01.04	10:23:00	16018.78	16019.16	16011.56	16016.02	2424	0	3
2024.01.04	10:24:00	16016.02	16020.39	16005.21	16010.23	2445	0	1
2024.01.04	10:25:00	16010.23	16011.97	15994.1	16003.31	1501	0	4
2024.01.04	10:26:00	16003.31	16005.53	16000.83	16000.98	544	0	2
2024.01.04	10:27:00	16000.98	16013.61	15999.0	16012.87	4964	0	4
2024.01.04	10:28:00	16012.87	16030.14	16009.99	16028.1	3434	0	2
2024.01.04	10:29:00	16028.1	16028.23	16015.52	16025.69	2350	0	1
2024.01.04	10:30:00	16025.69	16043.16	16025.53	16041.48	1326	0	1
2024.01.04	10:31:00	16041.48	16045.6	16036.79	16042.09	2654	0	1
2024.01.04	10:32:00	16042.09	16056.76	16039.48	16056.66	1726	0	4
2024.01.04	10:33:00	16056.66	16068.63	16048.58	16056.23	1507	0	4
2024.01.04	10:34:00	16056.23	16064.44	16053.22	16057.61	4809	0	3
2024.01.04	10:35:00	16057.61	16062.12	16056.52	16060.91	3453	0	1
2024.01.04	10:36:00	16060.91	16090.45	16059.39	16087.1	1888	0	2
2024.01.04	10:37:00	16087.1	16098.94	16086.91	16094.36	1432	0	3
2024.01.04	10:38:00	16094.36	16095.73	16081.31	16088.92	3960	0	4
2024.01.04	10:39:00	16088.92	16099.43	16082.52	16097.14	3244	0	1
2024.01.04	10:40:00	16097.14	16100.14	16091.72	16094.51	4346	0	1
2024.01.04	10:41:00	16094.51	16097.29	16084.28	16090.84	3908	0	4
2024.01.04	10:42:00	16090.84	16100.73	16083.66	16098.57	2310	0	2
2024.01.04	10:43:00	16098.57	16107.42	16098.06	16099.14	3435	0	2
2024.01.04	10:44:00	16099.14	16105.08	16098.96	16101.74	2213	0	2
2024.01.04	10:45:00	16101.74	16106.75	16101.53	16102.17	906	0	2
2024.01.04	10:46:00	16102.17	16106.78	16099.54	16105.24	643	0	2
2024.01.04	10:47:00	16105.24	16109.45	16103.01	16109.03	858	0	4
2024.01.04	10:48:00	16109.03	16110.77	16088.18	16093.56	4637	0	3
2024.01.04	10:49:00	16093.56	16102.0	16091.77	16099.31	4290	0	1
2024.01.04	10:50:00	16099.31	16101.05	16089.37	16091.63	2259	0	1
2024.01.04	10:51:00	16091.63	16095.11	16076.43	16080.2	4570	0	3
2024.01.04	10:52:00	16080.2	16084.64	16076.96	16080.05	3818	0	4
2024.01.04	10:53:00	16080.05	16081.33	16079.38	16081.05	1110	0	4
2024.01.04	10:54:00	16081.05	16085.92	16072.01	16075.73	1515	0	4
2024.01.04	10:55:00	16075.73	16084.02	16072.23	16082.82	2189	0	3
2024.01.04	10:56:00	16082.82	16088.69	16068.54	16072.21	4121	0	1
2024.01.04	10:57:00	16072.21	16072.52	16068.42	16069.22	3443	0	1
2024.01.04	10:58:00	16069.22	16070.26	16064.2	16064.78	2268	0	3
2024.01.04	10:59:00	16064.78	16065.89	16060.55	16064.73	4259	0	4
2024.01.04	11:00:00	16064.73	16068.3	16061.3	16067.32	1962	0	2
2024.01.04	11:01:00	16067.32	16069.01	16053.73	16059.44	4590	0	1
2024.01.04	11:02:00	16059.44	16066.7	16055.03	16065.65	3745	0	3
2024.01.04	11:03:00	16065.65	16071.37	16064.72	16066.49	3644	0	2
2024.01.04	11:04:00	16066.49	16067.52	16049.98	16051.42	894	0	3
2024.01.04	11:05:00	16051.42	16053.09	16030.29	16035.83	1163	0	1
2024.01.04	11:06:00	16035.83	16042.46	16035.57	16036.05	4925	0	2
2024.01.04	11:07:00	16036.05	16037.16	16027.66	16034.58	3957	0	3
2024.01.04	11:08:00	16034.58	16036.82	16031.19	16034.06	1657	0	4
2024.01.04	11:09:00	16034.06	16037.72	16031.88	16034.15	4365	0	2
2024.01.04	11:10:00	16034.15	16037.1	16032.91	16036.31	1885	0	4
2024.01.04	11:11:00	16036.31	16048.99	16032.99	16044.32	2080	0	2
2024.01.04	11:12:00	16044.32	16049.21	16030.91	16035.62	1868	0	3
2024.01.04	11:13:00	16035.62	16041.22	16015.19	16026.43	2723	0	2
2024.01.04	11:14:00	16026.43	16028.29	16015.83	16017.88	3927	0	3
2024.01.04	11:15:00	16017.88	16030.11	16013.22	16020.54	1248	0	2
2024.01.04	11:16:00	16020.54	16033.46	16019.27	16030.96	4853	0	1
2024.01.04	11:17:00	16030.96	16039.59	16023.43	16027.78	1870	0	4
2024.01.04	11:18:00	16027.78	16030.9	15998.91	16007.81	4858	0	1
2024.01.04	11:19:00	16007.81	16013.25	15994.0	15994.33	4414	0	3
2024.01.04	11:20:00	15994.33	15995.62	15983.17	15987.9	2964	0	1
2024.01.04	11:21:00	15987.9	15991.32	15973.92	15983.71	899	0	3
2024.01.04	11:22:00	15983.71	15989.48	15979.09	15980.72	3082	0	1
2024.01.04	11:23:00	15980.72	15985.75	15980.53	15981.35	3930	0	1
2024.01.04	11:24:00	15981.35	15982.01	15975.5	15979.15	4919	0	4
2024.01.04	11:25:00	15979.15	15996.63	15974.36	15987.96	939	0	4
2024.01.04	11:26:00	15987.96	15988.68	15982.65	15982.81	3851	0	2
2024.01.04	11:27:00	15982.81	15986.11	15974.19	15976.15	1816	0	2
2024.01.04	11:28:00	15976.15	15981.23	15969.2	15980.35	3874	0	3
2024.01.04	11:29:00	15980.35	15992.17	15967.15	15968.24	3120	0	2
2024.01.04	11:30:00	15968.24	15978.66	15963.42	15971.71	4399	0	1
2024.01.04	11:31:00	15971.71	15978.68	15970.65	15972.86	514	0	1
2024.01.04	11:32:00	15972.86	15975.11	15964.6	15971.99	2774	0	3
2024.01.04	11:33:00	15971.99	15988.39	15968.56	15985.16	3539	0	4
2024.01.04	11:34:00	15985.16	15986.53	15977.0	15980.44	2206	0	3
2024.01.04	11:35:00	15980.44	15998.17	15976.99	15997.44	1922	0	3
2024.01.04	11:36:00	15997.44	15998.56	15991.36	15995.94	1973	0	4
2024.01.04	11:37:00	15995.94	16001.39	15985.45	15985.92	3868	0	1
2024.01.04	11:38:00	15985.92	15990.98	15979.65	15986.8	1434	0	3
2024.01.04	11:39:00	15986.8	15987.5	15971.19	15978.41	4888	0	1
2024.01.04	11:40:00	15978.41	15978.82	15971.03	15972.65	1441	0	2
2024.01.04	11:41:00	15972.65	15979.05	15967.75	15976.18	2374	0	2
2024.01.04	11:42:00	15976.18	15984.21	15976.08	15981.0	4969	0	3
2024.01.04	11:43:00	15981.0	15981.36	15972.53	15976.28	634	0	1
2024.01.04	11:44:00	15976.28	15988.18	15975.22	15984.59	2014	0	4
2024.01.04	11:45:00	15984.59	15994.59	15981.2	15994.28	4320	0	3
2024.01.04	11:46:00	15994.28	16012.82	15994.0	16006.24	1923	0	2
2024.01.04	11:47:00	16006.24	16013.67	16005.12	16010.85	1735	0	2
2024.01.04	11:48:00	16010.85	16023.01	16008.77	16022.23	504	0	1
2024.01.04	11:49:00	16022.23	16023.67	16005.41	16007.3	1168	0	2
2024.01.04	11:50:00	16007.3	16009.68	15998.64	16005.04	1381	0	1
2024.01.04	11:51:00	16005.04	16008.21	15997.01	15998.34	4456	0	4
2024.01.04	11:52:00	15998.34	16007.43	15992.9	15999.62	2958	0	4
2024.01.04	11:53:00	15999.62	16006.47	15988.92	15995.31	1546	0	3
2024.01.04	11:54:00	15995.31	16002.26	15991.91	15994.29	4141	0	4
2024.01.04	11:55:00	15994.29	16010.22	15993.18	16009.86	3223	0	1
2024.01.04	11:56:00	16009.86	16012.1	16007.08	16008.8	1920	0	4
2024.01.04	11:57:00	16008.8	16017.89	16002.8	16012.48	1642	0	2
2024.01.04	11:58:00	16012.48	16015.96	16009.47	16010.92	1492	0	4
2024.01.04	11:59:00	16010.92	16014.81	16006.65	16011.85	3706	0	4
2024.01.04	12:00:00	16011.85	16014.65	16009.89	16012.22	3723	0	1
2024.01.04	12:01:00	16012.22	16023.75	16005.91	16016.18	3419	0	4
2024.01.04	12:02:00	16016.18	16029.55	16015.48	16025.95	2512	0	4
2024.01.04	12:03:00	16025.95	16048.25	16019.58	16039.64	2791	0	4
2024.01.04	12:04:00	16039.64	16044.05	16036.91	16042.48	4540	0	1
2024.01.04	12:05:00	16042.48	16049.35	16040.88	16047.59	2997	0	4
2024.01.04	12:06:00	16047.59	16051.22	16036.57	16038.56	3264	0	2
2024.01.04	12:07:00	16038.56	16039.47	16033.6	16038.17	1522	0	1
2024.01.04	12:08:00	16038.17	16054.07	16036.86	16046.13	2549	0	3
2024.01.04	12:09:00	16046.13	16055.18	16045.68	16053.49	598	0	1
2024.01.04	12:10:00	16053.49	16056.6	16052.68	16055.53	2576	0	3
2024.01.04	12:11:00	16055.53	16067.43	16053.47	16063.06	4103	0	1
2024.01.04	12:12:00	16063.06	16070.41	16058.82	16067.37	3518	0	3
2024.01.04	12:13:00	16067.37	16078.35	16063.97	16077.46	4501	0	1
2024.01.04	12:14:00	16077.46	16082.73	16075.56	16080.14	2031	0	3
2024.01.04	12:15:00	16080.14	16081.46	16072.64	16077.56	4000	0	4
2024.01.04	12:16:00	16077.56	16082.07	16073.83	16080.62	3795	0	1
2024.01.04	12:17:00	16080.62	16080.92	16054.08	16057.1	3685	0	1
2024.01.04	12:18:00	16057.1	16063.38	16056.58	16060.53	4096	0	4
2024.01.04	12:19:00	16060.53	16061.04	16026.96	16031.21	2623	0	2
2024.01.04	12:20:00	16031.21	16031.41	16012.8	16017.54	2038	0	3
2024.01.04	12:21:00	16017.54	16026.15	16013.93	16021.53	3127	0	1
2024.01.04	12:22:00	16021.53	16026.9	16021.31	16025.72	2229	0	2
2024.01.04	12:23:00	16025.72	16028.08	16014.86	16016.61	3612	0	4
2024.01.04	12:24:00	16016.61	16018.93	16006.71	16011.16	4396	0	4
2024.01.04	12:25:00	16011.16	16023.53	16007.91	16022.6	618	0	4
2024.01.04	12:26:00	16022.6	16025.34	16009.72	16018.99	3294	0	2
2024.01.04	12:27:00	16018.99	16041.49	16018.27	16037.51	2406	0	4
2024.01.04	12:28:00	16037.51	16041.67	16036.91	16037.82	971	0	2
2024.01.04	12:29:00	16037.82	16042.48	16031.55	16041.45	1511	0	2
2024.01.04	12:30:00	16041.45	16061.0	16040.74	16054.92	4214	0	2
2024.01.04	12:31:00	16054.92	16056.97	16050.08	16056.3	2140	0	4
2024.01.04	12:32:00	16056.3	16057.42	16040.54	16048.47	893	0	1
2024.01.04	12:33:00	16048.47	16054.75	16046.11	16047.9	3871	0	4
2024.01.04	12:34:00	16047.9	16049.1	16046.29	16047.94	1567	0	4
2024.01.04	12:35:00	16047.94	16057.02	16032.78	16037.17	2135	0	3
2024.01.04	12:36:00	16037.17	16039.25	16032.29	16035.41	1382	0	1
2024.01.04	12:37:00	16035.41	16039.52	16026.97	16029.71	3825	0	3
2024.01.04	12:38:00	16029.71	16038.21	16025.4	16037.53	4632	0	1
2024.01.04	12:39:00	16037.53	16039.15	16035.61	16038.14	4873	0	2
2024.01.04	12:40:00	16038.14	16041.42	16027.46	16036.16	836	0	1
2024.01.04	12:41:00	16036.16	16046.72	16029.76	16035.62	4655	0	3
2024.01.04	12:42:00	16035.62	16039.05	16032.22	16037.75	3356	0	2
2024.01.04	12:43:00	16037.75	16044.97	16036.48	16043.08	4224	0	4
2024.01.04	12:44:00	16043.08	16044.96	16034.55	16035.28	837	0	3
2024.01.04	12:45:00	16035.28	16037.63	16026.96	16027.15	4338	0	2
2024.01.04	12:46:00	16027.15	16040.6	16022.66	16036.44	1974	0	4
2024.01.04	12:47:00	16036.44	16043.24	16025.54	16033.41	2272	0	2
2024.01.04	12:48:00	16033.41	16038.05	16018.17	16022.23	4531	0	2
2024.01.04	12:49:00	16022.23	16027.16	16018.88	16026.15	3792	0	2
2024.01.04	12:50:00	16026.15	16035.72	16020.28	16030.23	2805	0	3
2024.01.04	12:51:00	16030.23	16031.75	16014.56	16018.13	3501	0	4
2024.01.04	12:52:00	16018.13	16022.0	16016.44	16020.32	2100	0	4
2024.01.04	12:53:00	16020.32	16026.72	16016.15	16026.61	4923	0	3
2024.01.04	12:54:00	16026.61	16035.23	16024.4	16029.96	814	0	1
2024.01.04	12:55:00	16029.96	16041.85	16029.63	16035.42	3087	0	4
2024.01.04	12:56:00	16035.42	16038.4	16023.19	16024.34	699	0	2
2024.01.04	12:57:00	16024.34	16028.15	16020.09	16027.34	2433	0	3
2024.01.04	12:58:00	16027.34	16031.1	16024.64	16025.21	2787	0	2
2024.01.04	12:59:00	16025.21	16028.53	16019.99	16021.61	4267	0	2
2024.01.04	13:00:00	16021.61	16029.1	16016.45	16029.0	4723	0	2
2024.01.04	13:01:00	16029.0	16041.75	16028.13	16041.33	3873	0	3
2024.01.04	13:02:00	16041.33	16060.31	16038.42	16056.23	4838	0	2
2024.01.04	13:03:00	16056.23	16072.46	16055.73	16067.25	1061	0	1
2024.01.04	13:04:00	16067.25	16069.61	16063.73	16066.68	2866	0	2
2024.01.04	13:05:00	16066.68	16070.4	16065.96	16069.87	3183	0	2
2024.01.04	13:06:00	16069.87	16079.51	16066.15	16076.43	847	0	3
2024.01.04	13:07:00	16076.43	16079.08	16073.21	16077.74	3165	0	2
2024.01.04	13:08:00	16077.74	16086.8	16074.04	16079.12	691	0	1
2024.01.04	13:09:00	16079.12	16087.66	16077.48	16086.15	3342	0	3
2024.01.04	13:10:00	16086.15	16090.32	16081.51	16085.99	1496	0	4
2024.01.04	13:11:00	16085.99	16088.87	16078.81	16080.38	4736	0	2
2024.01.04	13:12:00	16080.38	16080.73	16070.54	16077.32	1968	0	3
2024.01.04	13:13:00	16077.32	16083.8	16074.1	16082.81	3209	0	2
2024.01.04	13:14:00	16082.81	16086.52	16081.95	16083.15	3241	0	2
2024.01.04	13:15:00	16083.15	16092.86	16082.8	16086.24	4415	0	4
2024.01.04	13:16:00	16086.24	16100.45	16084.79	16092.03	2016	0	4
2024.01.04	13:17:00	16092.03	16092.7	16086.01	16089.29	2112	0	1
2024.01.04	13:18:00	16089.29	16106.33	16081.11	16095.78	3573	0	3
2024.01.04	13:19:00	16095.78	16101.96	16095.36	16099.19	758	0	4
2024.01.04	13:20:00	16099.19	16104.29	16089.41	16089.45	2992	0	3
2024.01.04	13:21:00	16089.45	16104.42	16086.71	16101.52	2188	0	3
2024.01.04	13:22:00	16101.52	16102.42	16093.67	16097.76	4900	0	4
2024.01.04	13:23:00	16097.76	16107.19	16084.08	16084.6	2897	0	3
2024.01.04	13:24:00	16084.6	16085.74	16076.3	16076.41	3970	0	4
2024.01.04	13:25:00	16076.41	16079.91	16068.07	16068.42	4249	0	1
2024.01.04	13:26:00	16068.42	16072.82	16061.69	16069.17	1158	0	3
2024.01.04	13:27:00	16069.17	16073.81	16066.75	16067.26	3343	0	1
2024.01.04	13:28:00	16067.26	16071.32	16064.49	16064.84	3559	0	1
2024.01.04	13:29:00	16064.84	16072.18	16061.53	16070.21	2489	0	3
2024.01.04	13:30:00	16070.21	16080.93	16069.51	16073.29	1392	0	4
2024.01.04	13:31:00	16073.29	16080.78	16071.1	16076.19	2578	0	4
2024.01.04	13:32:00	16076.19	16086.85	16070.98	16079.85	729	0	4
2024.01.04	13:33:00	16079.85	16087.99	16074.67	16085.18	4984	0	3
2024.01.04	13:34:00	16085.18	16085.45	16067.85	16068.35	899	0	2
2024.01.04	13:35:00	16068.35	16075.95	16064.76	16065.7	1136	0	1
2024.01.04	13:36:00	16065.7	16073.67	16045.01	16048.3	1115	0	4
2024.01.04	13:37:00	16048.3	16049.06	16047.8	16048.91	1424	0	4
2024.01.04	13:38:00	16048.91	16049.27	16048.06	16049.19	1327	0	1
2024.01.04	13:39:00	16049.19	16060.38	16046.31	16058.01	3313	0	4
2024.01.04	13:40:00	16058.01	16069.15	16055.9	16068.0	1002	0	2
2024.01.04	13:41:00	16068.0	16076.01	16067.11	16069.97	3656	0	3
2024.01.04	13:42:00	16069.97	16076.03	16062.06	16066.22	2333	0	1
2024.01.04	13:43:00	16066.22	16077.49	16063.76	16070.49	2277	0	1
2024.01.04	13:44:00	16070.49	16074.9	16064.34	16066.51	2792	0	3
2024.01.04	13:45:00	16066.51	16073.17	16066.41	16066.82	644	0	2
2024.01.04	13:46:00	16066.82	16083.1	16064.88	16075.17	2750	0	1
2024.01.04	13:47:00	16075.17	16078.14	16067.28	16070.95	2849	0	4
2024.01.04	13:48:00	16070.95	16084.9	16066.83	16077.83	3870	0	4
2024.01.04	13:49:00	16077.83	16085.15	16077.29	16083.67	1149	0	1
2024.01.04	13:50:00	16083.67	16090.04	16067.97	16076.21	730	0	3
2024.01.04	13:51:00	16076.21	16089.69	16073.91	16084.47	752	0	1
2024.01.04	13:52:00	16084.47	16096.19	16079.04	16090.48	4815	0	3
2024.01.04	13:53:00	16090.48	16095.32	16087.6	16091.63	2051	0	3
2024.01.04	13:54:00	16091.63	16092.98	16082.65	16085.74	1561	0	3
2024.01.04	13:55:00	16085.74	16089.43	16079.05	16079.07	1110	0	3
2024.01.04	13:56:00	16079.07	16079.56	16072.61	16075.01	1653	0	1
2024.01.04	13:57:00	16075.01	16080.19	16066.78	16079.75	2475	0	1
2024.01.04	13:58:00	16079.75	16081.18	16067.68	16072.29	4864	0	4
2024.01.04	13:59:00	16072.29	16083.58	16071.02	16076.17	3927	0	3
2024.01.04	14:00:00	16076.17	16078.54	16063.6	16066.39	4331	0	2
2024.01.04	14:01:00	16066.39	16069.25	16062.05	16065.05	711	0	4
2024.01.04	14:02:00	16065.05	16067.11	16063.86	16066.27	3084	0	2
2024.01.04	14:03:00	16066.27	16087.83	16061.16	16086.49	2749	0	4
2024.01.04	14:04:00	16086.49	16090.28	16072.67	16075.6	1378	0	4
2024.01.04	14:05:00	16075.6	16090.39	16072.78	16087.91	2736	0	1
2024.01.04	14:06:00	16087.91	16095.19	16076.03	16089.45	3130	0	4
2024.01.04	14:07:00	16089.45	16097.77	16087.19	16093.12	507	0	4
2024.01.04	14:08:00	16093.12	16097.34	16090.88	16094.41	4914	0	4
2024.01.04	14:09:00	16094.41	16098.55	16093.57	16098.35	3822	0	3
2024.01.04	14:10:00	16098.35	16099.35	16094.85	16097.42	4665	0	3
2024.01.04	14:11:00	16097.42	16112.59	16095.01	16109.6	903	0	2
2024.01.04	14:12:00	16109.6	16111.04	16104.18	16106.2	770	0	1
2024.01.04	14:13:00	16106.2	16115.78	16102.26	16115.76	4694	0	1
2024.01.04	14:14:00	16115.76	16117.88	16107.28	16110.83	4698	0	1
2024.01.04	14:15:00	16110.83	16112.18	16107.2	16110.66	3377	0	4
2024.01.04	14:16:00	16110.66	16112.52	16093.64	16102.24	1402	0	2
2024.01.04	14:17:00	16102.24	16115.13	16094.21	16106.27	1795	0	1
2024.01.04	14:18:00	16106.27	16119.52	16103.0	16118.38	4074	0	3
2024.01.04	14:19:00	16118.38	16126.18	16117.91	16118.07	4663	0	1
2024.01.04	14:20:00	16118.07	16122.82	16116.56	16116.79	3522	0	3
2024.01.04	14:21:00	16116.79	16117.62	16106.69	16108.02	2302	0	3
2024.01.04	14:22:00	16108.02	16116.22	16105.67	16106.47	4198	0	3
2024.01.04	14:23:00	16106.47	16112.47	16084.89	16093.8	1671	0	4
2024.01.04	14:24:00	16093.8	16095.86	16080.46	16086.69	1081	0	1
2024.01.04	14:25:00	16086.69	16091.8	16081.89	16088.86	2230	0	2
2024.01.04	14:26:00	16088.86	16102.35	16082.03	16099.93	2603	0	2
2024.01.04	14:27:00	16099.93	16123.18	16096.3	16123.17	3252	0	3
2024.01.04	14:28:00	16123.17	16125.93	16118.67	16118.7	3597	0	3
2024.01.04	14:29:00	16118.7	16135.29	16117.89	16130.75	3756	0	4
2024.01.04	14:30:00	16130.75	16136.72	16128.73	16133.06	1420	0	3
2024.01.04	14:31:00	16133.06	16133.37	16125.03	16132.15	3478	0	4
2024.01.04	14:32:00	16132.15	16146.15	16132.1	16136.0	702	0	3
2024.01.04	14:33:00	16136.0	16138.32	16135.68	16136.83	4645	0	4
2024.01.04	14:34:00	16136.83	16144.62	16136.5	16138.06	2488	0	3
2024.01.04	14:35:00	16138.06	16143.84	16129.46	16135.04	4802	0	1
2024.01.04	14:36:00	16135.04	16141.06	16122.12	16123.95	4405	0	2
2024.01.04	14:37:00	16123.95	16124.26	16107.35	16111.67	1386	0	4
2024.01.04	14:38:00	16111.67	16117.97	16110.01	16117.32	1001	0	1
2024.01.04	14:39:00	16117.32	16119.54	16114.45	16115.39	4606	0	3
2024.01.04	14:40:00	16115.39	16117.23	16099.88	16110.85	2711	0	4
2024.01.04	14:41:00	16110.85	16114.45	16107.07	16111.24	980	0	2
2024.01.04	14:42:00	16111.24	16119.97	16108.08	16118.05	3240	0	1
2024.01.04	14:43:00	16118.05	16120.24	16117.05	16119.84	4806	0	1
2024.01.04	14:44:00	16119.84	16121.62	16106.6	16114.81	3205	0	3
2024.01.04	14:45:00	16114.81	16126.53	16113.23	16125.14	1667	0	3
2024.01.04	14:46:00	16125.14	16140.1	16122.69	16138.36	2016	0	3
2024.01.04	14:47:00	16138.36	16148.69	16136.3	16142.73	1696	0	1
2024.01.04	14:48:00	16142.73	16157.33	16138.4	16151.01	2922	0	2
2024.01.04	14:49:00	16151.01	16173.88	16147.46	16161.5	2396	0	3
2024.01.04	14:50:00	16161.5	16177.12	16160.37	16171.07	2043	0	4
2024.01.04	14:51:00	16171.07	16181.91	16167.15	16176.42	1317	0	1
2024.01.04	14:52:00	16176.42	16184.41	16175.47	16181.65	630	0	3
2024.01.04	14:53:00	16181.65	16186.27	16180.8	16186.23	4224	0	3
2024.01.04	14:54:00	16186.23	16189.57	16171.94	16177.56	4114	0	3
2024.01.04	14:55:00	16177.56	16189.0	16169.44	16183.63	1061	0	1
2024.01.04	14:56:00	16183.63	16186.04	16167.54	16172.84	1525	0	1
2024.01.04	14:57:00	16172.84	16178.28	16156.44	16166.66	2476	0	3
2024.01.04	14:58:00	16166.66	16181.1	16161.72	16177.66	3181	0	3
2024.01.04	14:59:00	16177.66	16188.84	16177.26	16184.87	4582	0	3
2024.01.04	15:00:00	16184.87	16198.68	16180.91	16197.39	3637	0	4
2024.01.04	15:01:00	16197.39	16200.46	16195.03	16195.48	3359	0	2
2024.01.04	15:02:00	16195.48	16197.82	16182.17	16186.36	3847	0	2
2024.01.04	15:03:00	16186.36	16186.69	16184.19	16184.71	3232	0	4
2024.01.04	15:04:00	16184.71	16187.52	16183.03	16185.87	4684	0	3
2024.01.04	15:05:00	16185.87	16188.45	16184.79	16186.84	4975	0	3
2024.01.04	15:06:00	16186.84	16197.51	16185.46	16196.46	2531	0	3
2024.01.04	15:07:00	16196.46	16199.14	16186.92	16193.82	601	0	4
2024.01.04	15:08:00	16193.82	16199.29	16187.16	16197.04	4973	0	2
2024.01.04	15:09:00	16197.04	16201.68	16188.97	16189.25	1939	0	2
2024.01.04	15:10:00	16189.25	16199.67	16188.44	16193.27	1706	0	1
2024.01.04	15:11:00	16193.27	16194.09	16193.07	16193.62	1062	0	4
2024.01.04	15:12:00	16193.62	16196.96	16186.16	16187.79	3930	0	3
2024.01.04	15:13:00	16187.79	16193.45	16183.99	16186.18	1330	0	4
2024.01.04	15:14:00	16186.18	16187.3	16178.73	16185.0	4840	0	2
2024.01.04	15:15:00	16185.0	16188.21	16182.82	16183.11	1472	0	2
2024.01.04	15:16:00	16183.11	16205.49	16173.12	16197.95	825	0	1
2024.01.04	15:17:00	16197.95	16199.06	16195.3	16197.47	3321	0	4
2024.01.04	15:18:00	16197.47	16204.22	16194.61	16195.79	1426	0	2
2024.01.04	15:19:00	16195.79	16198.06	16176.66	16178.93	1724	0	1
2024.01.04	15:20:00	16178.93	16186.59	16171.48	16171.93	973	0	3
2024.01.04	15:21:00	16171.93	16174.62	16164.6	16170.09	3488	0	4
2024.01.04	15:22:00	16170.09	16173.16	16160.02	16164.8	1490	0	1
2024.01.04	15:23:00	16164.8	16179.27	16157.43	16176.44	3821	0	3
2024.01.04	15:24:00	16176.44	16179.27	16173.93	16175.41	1667	0	2
2024.01.04	15:25:00	16175.41	16186.51	16171.99	16186.29	2308	0	1
2024.01.04	15:26:00	16186.29	16189.33	16185.12	16187.12	2713	0	2
2024.01.04	15:27:00	16187.12	16187.76	16184.37	16187.75	2913	0	3
2024.01.04	15:28:00	16187.75	16190.08	16185.19	16187.35	4225	0	4
2024.01.04	15:29:00	16187.35	16188.62	16181.28	16187.7	1094	0	1
2024.01.04	15:30:00	16187.7	16206.94	16186.55	16202.12	1525	0	3
2024.01.04	15:31:00	16202.12	16204.13	16178.03	16183.43	3886	0	4
2024.01.04	15:32:00	16183.43	16184.14	16166.65	16167.36	4349	0	4
2024.01.04	15:33:00	16167.36	16173.97	16157.87	16163.23	2386	0	4
2024.01.04	15:34:00	16163.23	16167.74	16161.87	16163.67	525	0	4
2024.01.04	15:35:00	16163.67	16170.37	16161.4	16169.65	4255	0	3
2024.01.04	15:36:00	16169.65	16174.51	16162.3	16173.84	3251	0	1
2024.01.04	15:37:00	16173.84	16176.98	16163.01	16171.02	2867	0	1
2024.01.04	15:38:00	16171.02	16181.04	16169.54	16179.69	2251	0	2
2024.01.04	15:39:00	16179.69	16193.23	16175.87	16188.46	3635	0	4
2024.01.04	15:40:00	16188.46	16191.49	16186.38	16190.29	1798	0	1
2024.01.04	15:41:00	16190.29	16202.75	16187.88	16198.51	2113	0	4
2024.01.04	15:42:00	16198.51	16201.57	16197.55	16201.07	3960	0	3
2024.01.04	15:43:00	16201.07	16203.15	16194.2	16196.79	2172	0	3
2024.01.04	15:44:00	16196.79	16204.49	16192.11	16202.84	4759	0	1
2024.01.04	15:45:00	16202.84	16209.16	16202.16	16204.07	2464	0	2
2024.01.04	15:46:00	16204.07	16207.36	16198.58	16204.4	3030	0	2
2024.01.04	15:47:00	16204.4	16218.64	16198.55	16216.82	3362	0	2
2024.01.04	15:48:00	16216.82	16219.45	16193.63	16197.03	3645	0	4
2024.01.04	15:49:00	16197.03	16197.23	16183.42	16185.73	2779	0	2
2024.01.04	15:50:00	16185.73	16188.84	16173.5	16176.33	2133	0	4
2024.01.04	15:51:00	16176.33	16180.64	16169.64	16173.67	4119	0	4
2024.01.04	15:52:00	16173.67	16182.39	16163.55	16171.91	3722	0	3
2024.01.04	15:53:00	16171.91	16178.26	16159.4	16159.9	746	0	2
2024.01.04	15:54:00	16159.9	16168.02	16151.77	16152.16	3313	0	1
2024.01.04	15:55:00	16152.16	16154.85	16141.09	16145.44	4552	0	1
2024.01.04	15:56:00	16145.44	16173.66	16142.5	16165.87	3019	0	3
2024.01.04	15:57:00	16165.87	16182.6	16161.47	16180.95	4667	0	1
2024.01.04	15:58:00	16180.95	16181.15	16177.36	16177.9	2256	0	4
2024.01.04	15:59:00	16177.9	16184.05	16173.85	16175.25	1598	0	2
2024.01.05	09:30:00	16175.25	16175.26	16164.63	16166.16	2744	0	2
2024.01.05	09:31:00	16166.16	16173.9	16147.22	16150.87	953	0	3
2024.01.05	09:32:00	16150.87	16157.24	16149.55	16150.24	791	0	1
2024.01.05	09:33:00	16150.24	16151.36	16138.5	16142.4	3073	0	4
2024.01.05	09:34:00	16142.4	16147.1	16141.26	16142.03	633	0	3
2024.01.05	09:35:00	16142.03	16145.94	16122.61	16129.28	788	0	4
2024.01.05	09:36:00	16129.28	16132.76	16122.76	16123.38	2548	0	4
2024.01.05	09:37:00	16123.38	16130.13	16122.24	16124.91	1533	0	1
2024.01.05	09:38:00	16124.91	16134.89	16124.18	16128.23	1308	0	4
2024.01.05	09:39:00	16128.23	16132.76	16121.48	16131.96	2784	0	1
2024.01.05	09:40:00	16131.96	16133.2	16118.83	16121.5	1974	0	4
2024.01.05	09:41:00	16121.5	16135.13	16120.28	16128.8	3262	0	2
2024.01.05	09:42:00	16128.8	16132.8	16121.7	16122.59	2415	0	2
2024.01.05	09:43:00	16122.59	16128.29	16114.96	16128.08	1374	0	4
2024.01.05	09:44:00	16128.08	16130.21	16123.0	16128.31	3669	0	2
2024.01.05	09:45:00	16128.31	16131.84	16115.81	16117.4	4697	0	4
2024.01.05	09:46:00	16117.4	16120.0	16109.53	16115.14	3771	0	1
2024.01.05	09:47:00	16115.14	16121.36	16112.99	16118.45	1315	0	1
2024.01.05	09:48:00	16118.45	16129.56	16117.92	16123.77	3009	0	2
2024.01.05	09:49:00	16123.77	16131.59	16119.17	16122.94	1191	0	2
2024.01.05	09:50:00	16122.94	16136.25	16118.43	16135.78	617	0	4
2024.01.05	09:51:00	16135.78	16145.43	16134.65	16144.33	1230	0	4
2024.01.05	09:52:00	16144.33	16146.79	16139.7	16142.56	4142	0	2
2024.01.05	09:53:00	16142.56	16149.02	16141.7	16149.01	4682	0	3
2024.01.05	09:54:00	16149.01	16167.41	16142.02	16165.16	3187	0	2
2024.01.05	09:55:00	16165.16	16181.94	16162.37	16181.54	4454	0	2
2024.01.05	09:56:00	16181.54	16183.23	16171.07	16171.8	2343	0	2
2024.01.05	09:57:00	16171.8	16173.46	16157.61	16164.54	648	0	1
2024.01.05	09:58:00	16164.54	16177.8	16163.68	16177.02	4569	0	3
2024.01.05	09:59:00	16177.02	16177.78	16162.66	16168.68	3769	0	1
2024.01.05	10:00:00	16168.68	16169.98	16153.92	16158.18	3464	0	2
2024.01.05	10:01:00	16158.18	16159.98	16151.08	16154.52	830	0	1
2024.01.05	10:02:00	16154.52	16161.4	16148.63	16158.29	4831	0	2
2024.01.05	10:03:00	16158.29	16165.53	16154.95	16157.77	838	0	3
2024.01.05	10:04:00	16157.77	16164.21	16150.86	16152.77	569	0	3
2024.01.05	10:05:00	16152.77	16153.33	16141.12	16147.58	842	0	3
2024.01.05	10:06:00	16147.58	16150.07	16141.14	16142.08	4734	0	3
2024.01.05	10:07:00	16142.08	16145.04	16132.0	16135.22	4233	0	2
2024.01.05	10:08:00	16135.22	16157.09	16127.97	16154.19	1009	0	4
2024.01.05	10:09:00	16154.19	16160.69	16151.75	16156.95	2423	0	3
2024.01.05	10:10:00	16156.95	16168.75	16154.83	16164.53	2878	0	1
2024.01.05	10:11:00	16164.53	16165.54	16155.42	16160.85	3006	0	1
2024.01.05	10:12:00	16160.85	16163.71	16155.7	16159.65	1408	0	3
2024.01.05	10:13:00	16159.65	16162.04	16151.67	16154.14	638	0	1
2024.01.05	10:14:00	16154.14	16156.62	16131.55	16132.78	639	0	1
2024.01.05	10:15:00	16132.78	16142.45	16117.31	16121.85	4554	0	1
2024.01.05	10:16:00	16121.85	16123.42	16106.13	16107.4	3297	0	4
2024.01.05	10:17:00	16107.4	16112.16	16089.15	16089.38	4919	0	1
2024.01.05	10:18:00	16089.38	16090.08	16079.27	16079.97	4371	0	1
2024.01.05	10:19:00	16079.97	16094.46	16078.78	16091.08	1558	0	4
2024.01.05	10:20:00	16091.08	16093.76	16087.77	16091.04	903	0	1
2024.01.05	10:21:00	16091.04	16114.23	16088.87	16101.88	3454	0	1
2024.01.05	10:22:00	16101.88	16109.68	16100.16	16105.55	1512	0	4
2024.01.05	10:23:00	16105.55	16116.57	16100.5	16112.26	3554	0	1
2024.01.05	10:24:00	16112.26	16114.64	16102.55	16105.23	4853	0	1
2024.01.05	10:25:00	16105.23	16111.72	16103.66	16109.83	4848	0	4
2024.01.05	10:26:00	16109.83	16125.61	16109.46	16116.1	1630	0	1
2024.01.05	10:27:00	16116.1	16122.75	16109.67	16111.71	2676	0	2
2024.01.05	10:28:00	16111.71	16121.46	16104.24	16116.6	3682	0	2
2024.01.05	10:29:00	16116.6	16124.07	16115.62	16121.55	1570	0	1
2024.01.05	10:30:00	16121.55	16126.84	16110.69	16117.38	3033	0	2
2024.01.05	10:31:00	16117.38	16119.96	16107.65	16108.54	2121	0	1
2024.01.05	10:32:00	16108.54	16108.66	16098.87	16099.21	3082	0	4
2024.01.05	10:33:00	16099.21	16105.11	16096.78	16100.24	3378	0	1
2024.01.05	10:34:00	16100.24	16111.4	16098.23	16103.23	4443	0	2
2024.01.05	10:35:00	16103.23	16103.88	16096.29	16097.09	2626	0	1
2024.01.05	10:36:00	16097.09	16099.96	16091.75	16097.63	1792	0	1
2024.01.05	10:37:00	16097.63	16105.01	16094.11	16102.6	857	0	3
2024.01.05	10:38:00	16102.6	16111.53	16100.75	16107.96	3647	0	2
2024.01.05	10:39:00	16107.96	16127.29	16105.51	16120.95	4133	0	2
2024.01.05	10:40:00	16120.95	16131.93	16113.46	16131.7	2347	0	2
2024.01.05	10:41:00	16131.7	16132.79	16123.07	16123.84	4389	0	1
2024.01.05	10:42:00	16123.84	16138.27	16121.61	16137.92	2633	0	4
2024.01.05	10:43:00	16137.92	16138.78	16125.36	16133.9	2652	0	4
2024.01.05	10:44:00	16133.9	16145.46	16130.18	16142.76	708	0	2
2024.01.05	10:45:00	16142.76	16155.98	16140.61	16143.64	2855	0	1
2024.01.05	10:46:00	16143.64	16148.39	16138.46	16140.6	3176	0	4
2024.01.05	10:47:00	16140.6	16141.94	16123.49	16126.15	2712	0	2
2024.01.05	10:48:00	16126.15	16132.21	16122.64	16125.07	2920	0	1
2024.01.05	10:49:00	16125.07	16127.0	16105.08	16112.67	2883	0	1
2024.01.05	10:50:00	16112.67	16122.71	16101.67	16120.88	3646	0	4
2024.01.05	10:51:00	16120.88	16135.3	16116.19	16133.59	961	0	1
2024.01.05	10:52:00	16133.59	16136.73	16121.04	16127.41	2887	0	2
2024.01.05	10:53:00	16127.41	16132.39	16120.17	16130.2	2451	0	3
2024.01.05	10:54:00	16130.2	16133.46	16115.55	16124.59	2059	0	2
2024.01.05	10:55:00	16124.59	16129.07	16118.55	16119.79	2515	0	1
2024.01.05	10:56:00	16119.79	16131.05	16116.2	16126.43	3556	0	3
2024.01.05	10:57:00	16126.43	16127.17	16118.94	16126.44	4989	0	1
2024.01.05	10:58:00	16126.44	16141.58	16122.5	16140.97	1495	0	4
2024.01.05	10:59:00	16140.97	16143.8	16133.15	16137.36	718	0	2
2024.01.05	11:00:00	16137.36	16148.58	16133.25	16145.85	2072	0	3
2024.01.05	11:01:00	16145.85	16148.88	16145.31	16146.97	1904	0	4
2024.01.05	11:02:00	16146.97	16155.05	16138.85	16153.8	811	0	4
2024.01.05	11:03:00	16153.8	16160.1	16144.6	16150.46	2731	0	2
2024.01.05	11:04:00	16150.46	16151.37	16147.84	16150.38	2831	0	1
2024.01.05	11:05:00	16150.38	16153.47	16144.87	16149.76	4312	0	1
2024.01.05	11:06:00	16149.76	16153.26	16138.9	16143.25	3643	0	2
2024.01.05	11:07:00	16143.25	16151.22	16143.22	16148.98	2575	0	2
2024.01.05	11:08:00	16148.98	16156.32	16146.62	16154.62	3459	0	4
2024.01.05	11:09:00	16154.62	16166.38	16152.71	16159.8	1809	0	2
2024.01.05	11:10:00	16159.8	16173.13	16158.96	16172.71	1205	0	4
2024.01.05	11:11:00	16172.71	16189.73	16168.66	16184.91	2908	0	2
2024.01.05	11:12:00	16184.91	16185.06	16180.3	16182.16	2735	0	4
2024.01.05	11:13:00	16182.16	16195.02	16180.85	16185.54	1836	0	2
2024.01.05	11:14:00	16185.54	16191.85	16173.85	16180.75	4548	0	4
2024.01.05	11:15:00	16180.75	16186.14	16178.62	16181.27	2967	0	3
2024.01.05	11:16:00	16181.27	16182.78	16171.51	16176.68	3053	0	1
2024.01.05	11:17:00	16176.68	16191.73	16175.12	16190.28	3604	0	4
2024.01.05	11:18:00	16190.28	16197.31	16189.95	16193.58	1805	0	1
2024.01.05	11:19:00	16193.58	16198.03	16186.54	16192.12	2888	0	4
2024.01.05	11:20:00	16192.12	16203.05	16191.06	16202.23	4534	0	4
2024.01.05	11:21:00	16202.23	16203.64	16183.97	16184.76	3243	0	1
2024.01.05	11:22:00	16184.76	16191.09	16167.78	16168.58	4333	0	3
2024.01.05	11:23:00	16168.58	16176.18	16167.98	16175.42	674	0	4
2024.01.05	11:24:00	16175.42	16176.48	16172.75	16176.24	3741	0	4
2024.01.05	11:25:00	16176.24	16184.3	16173.82	16178.62	3464	0	2
2024.01.05	11:26:00	16178.62	16180.09	16165.26	16168.08	4539	0	2
2024.01.05	11:27:00	16168.08	16168.93	16163.68	16168.21	4863	0	4
2024.01.05	11:28:00	16168.21	16186.47	16165.45	16184.94	1126	0	2
2024.01.05	11:29:00	16184.94	16194.02	16181.11	16192.02	2712	0	3
2024.01.05	11:30:00	16192.02	16195.08	16189.54	16193.74	4696	0	1
2024.01.05	11:31:00	16193.74	16199.95	16189.61	16190.46	4112	0	3
2024.01.05	11:32:00	16190.46	16191.06	16179.6	16187.55	955	0	2
2024.01.05	11:33:00	16187.55	16192.24	16164.37	16170.43	2970	0	2
2024.01.05	11:34:00	16170.43	16175.41	16162.43	16172.87	2068	0	4
2024.01.05	11:35:00	16172.87	16184.56	16170.47	16180.12	3667	0	3
2024.01.05	11:36:00	16180.12	16182.61	16158.9	16167.53	2807	0	3
2024.01.05	11:37:00	16167.53	16168.38	16161.83	16162.44	1894	0	3
2024.01.05	11:38:00	16162.44	16163.27	16152.11	16153.3	2377	0	4
2024.01.05	11:39:00	16153.3	16155.53	16144.18	16145.73	4850	0	3
2024.01.05	11:40:00	16145.73	16149.73	16144.92	16146.49	2145	0	1
2024.01.05	11:41:00	16146.49	16147.0	16120.18	16129.78	1468	0	3
2024.01.05	11:42:00	16129.78	16138.7	16126.33	16135.12	1005	0	3
2024.01.05	11:43:00	16135.12	16143.9	16131.16	16141.6	1215	0	1
2024.01.05	11:44:00	16141.6	16145.22	16138.53	16139.87	739	0	1
2024.01.05	11:45:00	16139.87	16144.02	16112.83	16119.93	704	0	2
2024.01.05	11:46:00	16119.93	16122.7	16109.77	16112.12	2899	0	3
2024.01.05	11:47:00	16112.12	16123.05	16110.37	16122.51	2935	0	1
2024.01.05	11:48:00	16122.51	16125.42	16095.8	16100.16	4080	0	2
2024.01.05	11:49:00	16100.16	16103.81	16094.48	16097.65	3285	0	1
2024.01.05	11:50:00	16097.65	16098.46	16084.21	16088.36	1361	0	3
2024.01.05	11:51:00	16088.36	16096.46	16082.58	16095.24	3422	0	2
2024.01.05	11:52:00	16095.24	16100.66	16088.8	16090.06	2495	0	1
2024.01.05	11:53:00	16090.06	16095.61	16088.2	16093.67	1275	0	2
2024.01.05	11:54:00	16093.67	16103.69	16093.07	16098.6	3425	0	4
2024.01.05	11:55:00	16098.6	16115.65	16097.22	16113.9	3431	0	1
2024.01.05	11:56:00	16113.9	16114.06	16102.28	16112.57	2403	0	2
2024.01.05	11:57:00	16112.57	16118.94	16110.39	16115.96	1242	0	1
2024.01.05	11:58:00	16115.96	16116.29	16102.19	16104.16	633	0	4
2024.01.05	11:59:00	16104.16	16114.47	16098.05	16114.2	3897	0	2
2024.01.05	12:00:00	16114.2	16117.54	16107.77	16108.32	1200	0	3
2024.01.05	12:01:00	16108.32	16110.63	16102.89	16104.06	1738	0	4
2024.01.05	12:02:00	16104.06	16107.32	16101.31	16104.2	3539	0	1
2024.01.05	12:03:00	16104.2	16113.53	16088.93	16091.79	2399	0	2
2024.01.05	12:04:00	16091.79	16094.42	16086.01	16093.97	4194	0	1
2024.01.05	12:05:00	16093.97	16106.96	16088.52	16102.18	2152	0	4
2024.01.05	12:06:00	16102.18	16108.91	16101.91	16104.89	4514	0	3
2024.01.05	12:07:00	16104.89	16109.57	16088.41	16092.26	2154	0	2
2024.01.05	12:08:00	16092.26	16093.93	16088.2	16091.57	871	0	2
2024.01.05	12:09:00	16091.57	16103.5	16090.34	16097.94	3744	0	1
2024.01.05	12:10:00	16097.94	16101.42	16082.32	16082.96	3470	0	4
2024.01.05	12:11:00	16082.96	16084.66	16073.49	16074.54	4989	0	1
2024.01.05	12:12:00	16074.54	16084.65	16072.36	16081.99	946	0	1
2024.01.05	12:13:00	16081.99	16088.32	16076.14	16084.51	2872	0	2
2024.01.05	12:14:00	16084.51	16089.31	16078.52	16088.19	3693	0	2
2024.01.05	12:15:00	16088.19	16113.44	16085.79	16103.67	2304	0	4
2024.01.05	12:16:00	16103.67	16114.85	16099.28	16107.81	1680	0	2
2024.01.05	12:17:00	16107.81	16116.84	16106.96	16113.5	1821	0	2
2024.01.05	12:18:00	16113.5	16137.0	16108.42	16135.96	548	0	1
2024.01.05	12:19:00	16135.96	16145.2	16133.36	16134.53	3310	0	2
2024.01.05	12:20:00	16134.53	16141.88	16127.92	16128.34	4002	0	2
2024.01.05	12:21:00	16128.34	16137.42	16125.63	16132.16	2530	0	3
2024.01.05	12:22:00	16132.16	16139.31	16130.79	16136.07	676	0	4
2024.01.05	12:23:00	16136.07	16138.83	16130.52	16132.08	3977	0	3
2024.01.05	12:24:00	16132.08	16135.47	16122.95	16123.98	4587	0	4
2024.01.05	12:25:00	16123.98	16146.37	16119.36	16143.17	3230	0	3
2024.01.05	12:26:00	16143.17	16152.27	16141.27	16146.16	891	0	3
2024.01.05	12:27:00	16146.16	16147.16	16139.05	16140.5	2353	0	2
2024.01.05	12:28:00	16140.5	16148.77	16135.26	16148.31	3060	0	4
2024.01.05	12:29:00	16148.31	16151.48	16142.5	16147.74	4788	0	4
2024.01.05	12:30:00	16147.74	16154.54	16137.43	16146.0	2746	0	1
2024.01.05	12:31:00	16146.0	16151.13	16144.01	16150.92	550	0	2
2024.01.05	12:32:00	16150.92	16155.4	16138.99	16140.68	3669	0	3
2024.01.05	12:33:00	16140.68	16145.09	16140.42	16143.88	3602	0	2
2024.01.05	12:34:00	16143.88	16162.25	16143.42	16159.85	1559	0	3
2024.01.05	12:35:00	16159.85	16166.6	16158.18	16163.99	2348	0	4
2024.01.05	12:36:00	16163.99	16164.91	16159.67	16161.24	693	0	4
2024.01.05	12:37:00	16161.24	16162.14	16155.65	16157.41	1047	0	4
2024.01.05	12:38:00	16157.41	16158.31	16149.57	16154.38	1899	0	3
2024.01.05	12:39:00	16154.38	16155.89	16148.17	16152.62	917	0	4
2024.01.05	12:40:00	16152.62	16156.17	16142.34	16149.85	1742	0	3
2024.01.05	12:41:00	16149.85	16160.46	16148.94	16157.67	3421	0	3
2024.01.05	12:42:00	16157.67	16158.52	16139.12	16143.82	2222	0	1
2024.01.05	12:43:00	16143.82	16153.17	16141.34	16151.19	1164	0	4
2024.01.05	12:44:00	16151.19	16154.44	16146.95	16148.41	3309	0	2
2024.01.05	12:45:00	16148.41	16152.8	16140.36	16151.82	4352	0	1
2024.01.05	12:46:00	16151.82	16159.47	16141.13	16142.92	3157	0	4
2024.01.05	12:47:00	16142.92	16154.37	16134.74	16154.11	1899	0	4
2024.01.05	12:48:00	16154.11	16169.31	16152.26	16164.63	4129	0	4
2024.01.05	12:49:00	16164.63	16176.57	16157.35	16172.81	2047	0	4
2024.01.05	12:50:00	16172.81	16174.74	16157.33	16160.73	568	0	4
2024.01.05	12:51:00	16160.73	16169.0	16158.18	16167.84	3470	0	2
2024.01.05	12:52:00	16167.84	16173.96	16165.95	16171.48	3733	0	1
2024.01.05	12:53:00	16171.48	16176.72	16156.29	16158.66	1490	0	1
2024.01.05	12:54:00	16158.66	16161.2	16153.92	16158.79	2196	0	1
2024.01.05	12:55:00	16158.79	16167.81	16155.27	16162.09	531	0	4
2024.01.05	12:56:00	16162.09	16171.26	16155.17	16166.97	2614	0	2
2024.01.05	12:57:00	16166.97	16169.94	16161.57	16168.74	2506	0	2
2024.01.05	12:58:00	16168.74	16177.18	16166.8	16171.45	1661	0	4
2024.01.05	12:59:00	16171.45	16184.53	16165.18	16183.84	2875	0	4
2024.01.05	13:00:00	16183.84	16203.53	16180.4	16194.22	3555	0	1
2024.01.05	13:01:00	16194.22	16195.32	16163.17	16171.05	2506	0	4
2024.01.05	13:02:00	16171.05	16172.1	16164.85	16168.77	4080	0	3
2024.01.05	13:03:00	16168.77	16176.57	16160.4	16167.75	2560	0	4
2024.01.05	13:04:00	16167.75	16173.95	16153.56	16153.73	2341	0	4
2024.01.05	13:05:00	16153.73	16161.53	16148.69	16154.83	3495	0	2
2024.01.05	13:06:00	16154.83	16168.62	16151.59	16165.37	1270	0	4
2024.01.05	13:07:00	16165.37	16168.7	16152.04	16156.8	4305	0	3
2024.01.05	13:08:00	16156.8	16166.46	16153.48	16159.88	3222	0	3
2024.01.05	13:09:00	16159.88	16162.32	16149.35	16152.71	2144	0	4
2024.01.05	13:10:00	16152.71	16154.86	16144.4	16147.53	1555	0	4
2024.01.05	13:11:00	16147.53	16168.18	16147.15	16159.94	4055	0	2
2024.01.05	13:12:00	16159.94	16164.22	16152.92	16155.83	562	0	4
2024.01.05	13:13:00	16155.83	16161.42	16155.09	16159.93	782	0	1
2024.01.05	13:14:00	16159.93	16165.49	16144.72	16144.95	3234	0	1
2024.01.05	13:15:00	16144.95	16162.71	16139.16	16160.5	2661	0	3
2024.01.05	13:16:00	16160.5	16167.64	16158.4	16165.76	1273	0	2
2024.01.05	13:17:00	16165.76	16170.45	16162.29	16164.59	2192	0	2
2024.01.05	13:18:00	16164.59	16171.96	16161.73	16169.63	4023	0	3
2024.01.05	13:19:00	16169.63	16169.79	16150.65	16158.41	2596	0	1
2024.01.05	13:20:00	16158.41	16169.13	16155.78	16168.41	2876	0	1
2024.01.05	13:21:00	16168.41	16177.15	16160.77	16166.08	911	0	1
2024.01.05	13:22:00	16166.08	16166.98	16160.51	16164.73	3745	0	4
2024.01.05	13:23:00	16164.73	16164.85	16158.96	16161.03	1124	0	2
2024.01.05	13:24:00	16161.03	16163.27	16155.53	16156.61	1550	0	4
2024.01.05	13:25:00	16156.61	16169.27	16151.56	16162.61	1820	0	3
2024.01.05	13:26:00	16162.61	16165.79	16158.16	16165.03	2439	0	2
2024.01.05	13:27:00	16165.03	16174.41	16164.7	16170.69	1730	0	1
2024.01.05	13:28:00	16170.69	16178.39	16168.49	16170.94	4170	0	1
2024.01.05	13:29:00	16170.94	16178.28	16164.29	16175.47	2232	0	3
2024.01.05	13:30:00	16175.47	16179.03	16169.75	16172.36	660	0	3
2024.01.05	13:31:00	16172.36	16194.51	16163.08	16190.96	2557	0	4
2024.01.05	13:32:00	16190.96	16196.68	16170.82	16178.43	1054	0	1
2024.01.05	13:33:00	16178.43	16195.42	16171.81	16189.09	1495	0	3
2024.01.05	13:34:00	16189.09	16202.9	16186.64	16200.63	3160	0	1
2024.01.05	13:35:00	16200.63	16205.93	16184.88	16193.96	3286	0	3
2024.01.05	13:36:00	16193.96	16216.76	16185.6	16212.58	3499	0	1
2024.01.05	13:37:00	16212.58	16229.69	16209.37	16221.08	2191	0	1
2024.01.05	13:38:00	16221.08	16232.89	16220.71	16229.38	4270	0	2
2024.01.05	13:39:00	16229.38	16235.2	16223.03	16229.93	770	0	2
2024.01.05	13:40:00	16229.93	16232.09	16225.24	16228.47	2206	0	1
2024.01.05	13:41:00	16228.47	16230.17	16224.65	16227.08	1596	0	3
2024.01.05	13:42:00	16227.08	16241.7	16226.05	16230.61	686	0	2
2024.01.05	13:43:00	16230.61	16243.69	16219.9	16242.46	3020	0	4
2024.01.05	13:44:00	16242.46	16247.57	16241.86	16244.27	755	0	3
2024.01.05	13:45:00	16244.27	16244.88	16235.64	16237.1	3230	0	4
2024.01.05	13:46:00	16237.1	16244.81	16236.76	16244.21	4346	0	1
2024.01.05	13:47:00	16244.21	16253.61	16242.5	16252.11	4098	0	2
2024.01.05	13:48:00	16252.11	16262.18	16248.2	16257.82	3565	0	4
2024.01.05	13:49:00	16257.82	16264.36	16253.05	16264.29	1604	0	1
2024.01.05	13:50:00	16264.29	16264.5	16254.14	16262.38	3440	0	1
2024.01.05	13:51:00	16262.38	16264.92	16254.44	16255.06	3029	0	3
2024.01.05	13:52:00	16255.06	16257.93	16244.88	16248.24	2723	0	1
2024.01.05	13:53:00	16248.24	16248.59	16232.73	16235.11	2642	0	4
2024.01.05	13:54:00	16235.11	16241.89	16234.35	16237.39	1137	0	4
2024.01.05	13:55:00	16237.39	16238.93	16232.01	16237.03	4318	0	4
2024.01.05	13:56:00	16237.03	16242.96	16229.36	16233.73	4264	0	4
2024.01.05	13:57:00	16233.73	16235.69	16207.1	16209.78	3784	0	4
2024.01.05	13:58:00	16209.78	16210.3	16199.79	16199.87	2964	0	4
2024.01.05	13:59:00	16199.87	16211.43	16199.18	16209.39	1093	0	2
2024.01.05	14:00:00	16209.39	16214.58	16198.54	16204.26	3355	0	1
2024.01.05	14:01:00	16204.26	16214.89	16198.72	16207.54	4814	0	4
2024.01.05	14:02:00	16207.54	16210.46	16195.96	16196.46	1096	0	2
2024.01.05	14:03:00	16196.46	16209.77	16194.35	16208.58	2098	0	1
2024.01.05	14:04:00	16208.58	16212.42	16205.41	16207.73	4576	0	2
2024.01.05	14:05:00	16207.73	16214.85	16206.24	16210.43	4795	0	1
2024.01.05	14:06:00	16210.43	16234.39	16207.37	16229.86	2505	0	3
2024.01.05	14:07:00	16229.86	16251.95	16224.02	16242.65	1783	0	3
2024.01.05	14:08:00	16242.65	16245.17	16240.09	16240.45	1790	0	1
2024.01.05	14:09:00	16240.45	16247.53	16234.63	16235.9	2610	0	1
2024.01.05	14:10:00	16235.9	16236.66	16232.7	16233.55	1937	0	4
2024.01.05	14:11:00	16233.55	16244.57	16233.03	16238.07	2977	0	2
2024.01.05	14:12:00	16238.07	16241.09	16236.83	16237.53	858	0	1
2024.01.05	14:13:00	16237.53	16237.6	16227.6	16234.6	786	0	1
2024.01.05	14:14:00	16234.6	16250.3	16230.84	16246.99	521	0	2
2024.01.05	14:15:00	16246.99	16249.72	16242.98	16246.38	3720	0	1
2024.01.05	14:16:00	16246.38	16270.16	16244.51	16265.63	4656	0	1
2024.01.05	14:17:00	16265.63	16268.71	16261.93	16266.7	971	0	1
2024.01.05	14:18:00	16266.7	16282.09	16265.1	16281.74	4616	0	3
2024.01.05	14:19:00	16281.74	16290.16	16276.62	16285.01	1238	0	3
2024.01.05	14:20:00	16285.01	16296.19	16277.91	16293.28	716	0	4
2024.01.05	14:21:00	16293.28	16295.64	16277.52	16287.63	1806	0	2
2024.01.05	14:22:00	16287.63	16288.53	16270.83	16280.92	1816	0	1
2024.01.05	14:23:00	16280.92	16285.88	16279.2	16285.03	4823	0	3
2024.01.05	14:24:00	16285.03	16293.86	16281.29	16293.51	1006	0	4
2024.01.05	14:25:00	16293.51	16297.42	16286.33	16294.17	4879	0	3
2024.01.05	14:26:00	16294.17	16295.25	16282.91	16283.89	4378	0	1
2024.01.05	14:27:00	16283.89	16284.48	16269.61	16273.0	2701	0	1
2024.01.05	14:28:00	16273.0	16273.42	16256.73	16261.57	3528	0	1
2024.01.05	14:29:00	16261.57	16268.04	16235.46	16247.34	2899	0	4
2024.01.05	14:30:00	16247.34	16252.73	16245.96	16248.57	4595	0	2
2024.01.05	14:31:00	16248.57	16259.35	16248.37	16258.16	1453	0	1
2024.01.05	14:32:00	16258.16	16261.51	16252.22	16258.37	4800	0	2
2024.01.05	14:33:00	16258.37	16261.76	16239.44	16240.1	2381	0	4
2024.01.05	14:34:00	16240.1	16248.21	16238.5	16238.85	4694	0	2
2024.01.05	14:35:00	16238.85	16243.0	16234.97	16237.84	4929	0	4
2024.01.05	14:36:00	16237.84	16255.87	16233.59	16255.41	4316	0	3
2024.01.05	14:37:00	16255.41	16256.89	16240.83	16243.74	4058	0	4
2024.01.05	14:38:00	16243.74	16245.02	16236.97	16240.85	2456	0	1
2024.01.05	14:39:00	16240.85	16259.34	16238.71	16255.21	3638	0	3
2024.01.05	14:40:00	16255.21	16262.47	16255.15	16259.24	1601	0	2
2024.01.05	14:41:00	16259.24	16266.46	16256.48	16264.21	1752	0	4
2024.01.05	14:42:00	16264.21	16268.4	16260.73	16265.48	3836	0	1
2024.01.05	14:43:00	16265.48	16273.99	16264.16	16268.52	3933	0	1
2024.01.05	14:44:00	16268.52	16275.29	16264.07	16275.25	1676	0	1
2024.01.05	14:45:00	16275.25	16277.41	16261.2	16268.91	4849	0	4
2024.01.05	14:46:00	16268.91	16276.91	16268.13	16276.47	3569	0	4
2024.01.05	14:47:00	16276.47	16279.22	16261.48	16265.48	4945	0	1
2024.01.05	14:48:00	16265.48	16269.93	16263.63	16268.51	2654	0	2
2024.01.05	14:49:00	16268.51	16274.02	16267.51	16270.31	3199	0	3
2024.01.05	14:50:00	16270.31	16275.54	16265.53	16265.56	3435	0	4
2024.01.05	14:51:00	16265.56	16270.52	16264.28	16265.7	1223	0	2
2024.01.05	14:52:00	16265.7	16265.73	16256.8	16260.89	1758	0	4
2024.01.05	14:53:00	16260.89	16261.09	16249.19	16252.4	4838	0	4
2024.01.05	14:54:00	16252.4	16255.25	16246.33	16249.81	3532	0	3
2024.01.05	14:55:00	16249.81	16254.86	16239.59	16241.06	2936	0	3
2024.01.05	14:56:00	16241.06	16250.89	16239.26	16244.04	512	0	1
2024.01.05	14:57:00	16244.04	16247.17	16227.85	16234.9	672	0	2
2024.01.05	14:58:00	16234.9	16243.5	16234.16	16241.08	3004	0	4
2024.01.05	14:59:00	16241.08	16245.03	16231.15	16231.69	866	0	1
2024.01.05	15:00:00	16231.69	16238.06	16222.19	16227.36	1140	0	3
2024.01.05	15:01:00	16227.36	16231.1	16221.74	16222.56	3097	0	4
2024.01.05	15:02:00	16222.56	16235.35	16218.99	16233.77	4824	0	3
2024.01.05	15:03:00	16233.77	16238.23	16232.16	16236.81	4258	0	4
2024.01.05	15:04:00	16236.81	16237.34	16226.0	16235.39	2594	0	4
2024.01.05	15:05:00	16235.39	16244.07	16234.47	16239.82	4736	0	1
2024.01.05	15:06:00	16239.82	16244.96	16222.02	16222.82	3226	0	3
2024.01.05	15:07:00	16222.82	16231.06	16222.18	16222.8	4749	0	3
2024.01.05	15:08:00	16222.8	16246.22	16222.11	16239.54	1569	0	3
2024.01.05	15:09:00	16239.54	16244.47	16237.45	16240.95	3103	0	3
2024.01.05	15:10:00	16240.95	16244.71	16239.62	16241.83	4650	0	2
2024.01.05	15:11:00	16241.83	16248.53	16237.2	16246.67	4916	0	2
2024.01.05	15:12:00	16246.67	16257.9	16238.45	16254.36	4370	0	2
2024.01.05	15:13:00	16254.36	16255.21	16237.82	16238.25	1173	0	1
2024.01.05	15:14:00	16238.25	16244.75	16221.69	16224.75	3285	0	4
2024.01.05	15:15:00	16224.75	16231.09	16220.32	16226.8	926	0	3
2024.01.05	15:16:00	16226.8	16231.16	16212.29	16221.26	2222	0	2
2024.01.05	15:17:00	16221.26	16234.05	16220.06	16232.36	636	0	1
2024.01.05	15:18:00	16232.36	16232.76	16221.38	16230.1	3917	0	3
2024.01.05	15:19:00	16230.1	16231.35	16213.78	16214.53	3983	0	4
2024.01.05	15:20:00	16214.53	16220.71	16204.43	16204.44	916	0	4
2024.01.05	15:21:00	16204.44	16210.48	16180.47	16182.22	4624	0	2
2024.01.05	15:22:00	16182.22	16185.28	16178.56	16180.63	4277	0	2
2024.01.05	15:23:00	16180.63	16182.04	16177.73	16179.41	4279	0	3
2024.01.05	15:24:00	16179.41	16184.75	16172.12	16176.25	2512	0	3
2024.01.05	15:25:00	16176.25	16188.0	16173.58	16185.42	4728	0	2
2024.01.05	15:26:00	16185.42	16203.1	16177.6	16195.57	4923	0	4
2024.01.05	15:27:00	16195.57	16199.7	16191.08	16194.49	2966	0	3
2024.01.05	15:28:00	16194.49	16199.74	16175.72	16177.32	2203	0	4
2024.01.05	15:29:00	16177.32	16183.5	16177.31	16182.7	3933	0	1
2024.01.05	15:30:00	16182.7	16188.42	16180.55	16187.58	698	0	3
2024.01.05	15:31:00	16187.58	16192.02	16181.71	16190.44	2015	0	2
2024.01.05	15:32:00	16190.44	16202.29	16189.42	16198.81	519	0	4
2024.01.05	15:33:00	16198.81	16201.19	16188.26	16189.58	3949	0	3
2024.01.05	15:34:00	16189.58	16208.64	16188.15	16206.38	693	0	3
2024.01.05	15:35:00	16206.38	16209.63	16198.23	16198.83	3888	0	3
2024.01.05	15:36:00	16198.83	16206.51	16189.0	16205.31	3045	0	1
2024.01.05	15:37:00	16205.31	16211.48	16186.39	16191.79	2460	0	3
2024.01.05	15:38:00	16191.79	16198.19	16180.05	16184.49	3339	0	4
2024.01.05	15:39:00	16184.49	16202.99	16182.16	16197.24	696	0	1
2024.01.05	15:40:00	16197.24	16198.66	16189.11	16195.43	4150	0	1
2024.01.05	15:41:00	16195.43	16208.05	16192.85	16202.64	1698	0	1
2024.01.05	15:42:00	16202.64	16207.9	16202.63	16204.91	4291	0	2
2024.01.05	15:43:00	16204.91	16204.96	16200.19	16204.37	4483	0	1
2024.01.05	15:44:00	16204.37	16218.06	16203.43	16215.89	2978	0	3
2024.01.05	15:45:00	16215.89	16220.59	16211.17	16214.27	3142	0	1
2024.01.05	15:46:00	16214.27	16215.2	16194.12	16199.98	4655	0	1
2024.01.05	15:47:00	16199.98	16201.88	16193.34	16193.72	2322	0	1
2024.01.05	15:48:00	16193.72	16199.11	16191.98	16198.56	2289	0	3
2024.01.05	15:49:00	16198.56	16207.13	16195.92	16202.13	4763	0	1
2024.01.05	15:50:00	16202.13	16205.86	16187.76	16189.6	2317	0	3
2024.01.05	15:51:00	16189.6	16194.27	16180.39	16183.99	2148	0	3
2024.01.05	15:52:00	16183.99	16186.78	16178.11	16179.55	526	0	2
2024.01.05	15:53:00	16179.55	16181.49	16172.91	16176.88	1976	0	1
2024.01.05	15:54:00	16176.88	16178.32	16163.85	16165.93	1623	0	3
2024.01.05	15:55:00	16165.93	16170.23	16158.04	16161.11	3967	0	2
2024.01.05	15:56:00	16161.11	16164.18	16150.21	16155.47	2750	0	3
2024.01.05	15:57:00	16155.47	16165.76	16150.93	16162.11	2098	0	4
2024.01.05	15:58:00	16162.11	16174.4	16159.77	16169.06	4702	0	1
2024.01.05	15:59:00	16169.06	16171.22	16166.22	16168.19	2508	0	4
2024.01.08	09:30:00	16168.19	16172.82	16164.27	16165.3	2371	0	1
2024.01.08	09:31:00	16165.3	16168.94	16164.64	16166.77	3751	0	3
2024.01.08	09:32:00	16166.77	16169.01	16158.89	16160.41	1675	0	1
2024.01.08	09:33:00	16160.41	16161.06	16149.51	16151.35	2435	0	1
2024.01.08	09:34:00	16151.35	16152.18	16140.96	16143.99	3677	0	2
2024.01.08	09:35:00	16143.99	16148.67	16131.32	16139.12	1950	0	3
2024.01.08	09:36:00	16139.12	16144.82	16125.33	16129.94	2432	0	2
2024.01.08	09:37:00	16129.94	16133.83	16127.67	16131.58	569	0	2
2024.01.08	09:38:00	16131.58	16139.04	16130.72	16137.87	4073	0	1
2024.01.08	09:39:00	16137.87	16138.3	16121.24	16125.23	4372	0	3
2024.01.08	09:40:00	16125.23	16126.86	16118.92	16125.75	3507	0	2
2024.01.08	09:41:00	16125.75	16128.28	16122.34	16124.28	2870	0	4
2024.01.08	09:42:00	16124.28	16128.14	16123.07	16127.39	4520	0	2
2024.01.08	09:43:00	16127.39	16137.97	16126.71	16127.61	4330	0	3
2024.01.08	09:44:00	16127.61	16132.4	16115.92	16116.06	2610	0	4
2024.01.08	09:45:00	16116.06	16117.24	16104.18	16106.09	3280	0	4
2024.01.08	09:46:00	16106.09	16108.78	16105.62	16106.65	4723	0	2
2024.01.08	09:47:00	16106.65	16127.04	16101.05	16115.37	1402	0	1
2024.01.08	09:48:00	16115.37	16119.73	16090.74	16097.63	4002	0	2
2024.01.08	09:49:00	16097.63	16103.98	16093.07	16100.77	2134	0	2
2024.01.08	09:50:00	16100.77	16113.01	16100.59	16110.79	917	0	2
2024.01.08	09:51:00	16110.79	16116.63	16106.61	16109.87	2377	0	1
2024.01.08	09:52:00	16109.87	16119.39	16107.48	16114.68	2831	0	2
2024.01.08	09:53:00	16114.68	16116.49	16107.6	16109.26	3828	0	1
2024.01.08	09:54:00	16109.26	16109.63	16107.57	16108.61	1182	0	4
2024.01.08	09:55:00	16108.61	16111.43	16089.27	16095.72	2966	0	1
2024.01.08	09:56:00	16095.72	16096.07	16076.87	16076.94	3476	0	4
2024.01.08	09:57:00	16076.94	16088.88	16071.0	16084.94	3364	0	4
2024.01.08	09:58:00	16084.94	16086.45	16075.18	16077.24	4246	0	4
2024.01.08	09:59:00	16077.24	16080.62	16069.32	16073.86	3888	0	2
2024.01.08	10:00:00	16073.86	16082.36	16062.23	16062.9	2593	0	4
2024.01.08	10:01:00	16062.9	16067.92	16050.46	16051.75	1732	0	4
2024.01.08	10:02:00	16051.75	16053.23	16050.35	16050.66	4462	0	4
2024.01.08	10:03:00	16050.66	16055.05	16042.49	16045.05	4468	0	4
2024.01.08	10:04:00	16045.05	16056.09	16044.2	16048.45	1083	0	2
2024.01.08	10:05:00	16048.45	16053.11	16043.65	16052.45	2539	0	3
2024.01.08	10:06:00	16052.45	16057.86	16050.72	16055.38	3883	0	1
2024.01.08	10:07:00	16055.38	16065.58	16055.29	16057.64	3475	0	4
2024.01.08	10:08:00	16057.64	16074.31	16055.37	16070.79	4437	0	2
2024.01.08	10:09:00	16070.79	16073.03	16058.28	16062.43	1481	0	2
2024.01.08	10:10:00	16062.43	16074.46	16061.99	16062.3	4736	0	2
2024.01.08	10:11:00	16062.3	16074.85	16059.2	16071.84	1550	0	4
2024.01.08	10:12:00	16071.84	16091.03	16071.81	16082.45	931	0	1
2024.01.08	10:13:00	16082.45	16085.5	16070.22	16071.2	3807	0	3
2024.01.08	10:14:00	16071.2	16075.39	16063.32	16068.98	4675	0	2
2024.01.08	10:15:00	16068.98	16081.3	16068.8	16080.36	2076	0	3
2024.01.08	10:16:00	16080.36	16087.96	16074.73	16084.82	1219	0	3
2024.01.08	10:17:00	16084.82	16087.65	16082.79	16086.73	4441	0	3
2024.01.08	10:18:00	16086.73	16090.14	16078.0	16085.28	928	0	1
2024.01.08	10:19:00	16085.28	16088.6	16077.6	16082.47	3491	0	4
2024.01.08	10:20:00	16082.47	16087.57	16077.98	16085.14	1070	0	4
2024.01.08	10:21:00	16085.14	16085.21	16082.31	16083.41	3494	0	4
2024.01.08	10:22:00	16083.41	16088.19	16083.26	16083.38	1012	0	2
2024.01.08	10:23:00	16083.38	16084.66	16083.31	16084.35	2211	0	1
2024.01.08	10:24:00	16084.35	16085.06	16077.59	16079.15	2591	0	3
2024.01.08	10:25:00	16079.15	16091.44	16077.74	16083.8	4562	0	1
2024.01.08	10:26:00	16083.8	16108.56	16080.07	16107.87	3699	0	3
2024.01.08	10:27:00	16107.87	16108.27	16089.83	16093.71	4750	0	2
2024.01.08	10:28:00	16093.71	16101.96	16089.13	16096.67	2929	0	1
2024.01.08	10:29:00	16096.67	16098.03	16087.53	16090.8	1660	0	4
2024.01.08	10:30:00	16090.8	16097.1	16086.2	16095.83	2410	0	3
2024.01.08	10:31:00	16095.83	16104.39	16093.33	16096.53	2815	0	1
2024.01.08	10:32:00	16096.53	16103.96	16096.09	16103.06	3037	0	4
2024.01.08	10:33:00	16103.06	16117.2	16099.46	16112.97	4581	0	3
2024.01.08	10:34:00	16112.97	16115.34	16109.77	16114.86	4536	0	2
2024.01.08	10:35:00	16114.86	16132.08	16109.75	16124.43	955	0	2
2024.01.08	10:36:00	16124.43	16127.17	16103.81	16105.62	4073	0	2
2024.01.08	10:37:00	16105.62	16121.6	16104.87	16118.92	1839	0	4
2024.01.08	10:38:00	16118.92	16123.67	16118.06	16122.3	3144	0	3
2024.01.08	10:39:00	16122.3	16135.73	16115.43	16131.42	4794	0	4
2024.01.08	10:40:00	16131.42	16131.72	16119.83	16121.79	4470	0	1
2024.01.08	10:41:00	16121.79	16126.13	16111.68	16115.33	2682	0	3
2024.01.08	10:42:00	16115.33	16120.65	16112.69	16116.84	706	0	1
2024.01.08	10:43:00	16116.84	16123.5	16112.05	16117.02	4781	0	2
2024.01.08	10:44:00	16117.02	16126.71	16108.12	16119.66	4583	0	3
2024.01.08	10:45:00	16119.66	16137.19	16118.34	16128.83	2210	0	4
2024.01.08	10:46:00	16128.83	16133.71	16113.45	16114.75	1118	0	2
2024.01.08	10:47:00	16114.75	16130.4	16111.41	16123.02	2873	0	1
2024.01.08	10:48:00	16123.02	16125.99	16121.19	16123.41	4107	0	4
2024.01.08	10:49:00	16123.41	16126.24	16117.08	16122.07	2543	0	3
2024.01.08	10:50:00	16122.07	16124.06	16102.38	16110.38	594	0	3
2024.01.08	10:51:00	16110.38	16115.69	16106.04	16114.81	2557	0	4
2024.01.08	10:52:00	16114.81	16116.37	16087.76	16095.44	2816	0	1
2024.01.08	10:53:00	16095.44	16107.11	16092.63	16101.05	4629	0	3
2024.01.08	10:54:00	16101.05	16106.18	16082.78	16089.21	4134	0	1
2024.01.08	10:55:00	16089.21	16089.98	16089.0	16089.97	3625	0	4
2024.01.08	10:56:00	16089.97	16094.85	16086.04	16089.32	2320	0	2
2024.01.08	10:57:00	16089.32	16099.28	16081.77	16099.17	4755	0	2
2024.01.08	10:58:00	16099.17	16102.4	16094.26	16098.04	1542	0	1
2024.01.08	10:59:00	16098.04	16106.8	16089.38	16092.7	1982	0	3
2024.01.08	11:00:00	16092.7	16096.59	16087.45	16088.9	4308	0	3
2024.01.08	11:01:00	16088.9	16102.59	16087.97	16099.59	4972	0	4
2024.01.08	11:02:00	16099.59	16108.97	16096.43	16104.29	4166	0	1
2024.01.08	11:03:00	16104.29	16111.28	16100.73	16101.47	3684	0	3
2024.01.08	11:04:00	16101.47	16107.33	16095.19	16099.86	4719	0	4
2024.01.08	11:05:00	16099.86	16103.78	16085.67	16087.41	1090	0	4
2024.01.08	11:06:00	16087.41	16091.87	16082.26	16090.9	3511	0	3
2024.01.08	11:07:00	16090.9	16095.82	16076.27	16076.89	2358	0	4
2024.01.08	11:08:00	16076.89	16084.09	16073.63	16083.33	3191	0	1
2024.01.08	11:09:00	16083.33	16085.7	16080.52	16084.7	1619	0	1
2024.01.08	11:10:00	16084.7	16113.53	16084.59	16104.47	2699	0	3
2024.01.08	11:11:00	16104.47	16111.42	16094.9	16095.83	1559	0	2
2024.01.08	11:12:00	16095.83	16096.48	16088.11	16095.31	3395	0	3
2024.01.08	11:13:00	16095.31	16111.01	16093.75	16110.3	4682	0	3
2024.01.08	11:14:00	16110.3	16124.55	16108.8	16120.34	764	0	3
2024.01.08	11:15:00	16120.34	16120.73	16112.6	16114.98	4819	0	4
2024.01.08	11:16:00	16114.98	16120.27	16110.16	16117.13	3466	0	1
2024.01.08	11:17:00	16117.13	16117.86	16116.86	16117.47	563	0	4
2024.01.08	11:18:00	16117.47	16125.74	16116.22	16120.09	3106	0	4
2024.01.08	11:19:00	16120.09	16128.98	16106.9	16114.71	1121	0	2
2024.01.08	11:20:00	16114.71	16118.15	16108.74	16114.31	4111	0	1
2024.01.08	11:21:00	16114.31	16120.33	16099.49	16101.6	1750	0	3
2024.01.08	11:22:00	16101.6	16106.74	16097.12	16103.02	758	0	4
2024.01.08	11:23:00	16103.02	16109.22	16102.84	16107.01	4314	0	3
2024.01.08	11:24:00	16107.01	16112.04	16104.74	16105.48	2914	0	1
2024.01.08	11:25:00	16105.48	16113.29	16092.14	16092.63	3249	0	2
2024.01.08	11:26:00	16092.63	16104.26	16090.39	16101.01	4242	0	2
2024.01.08	11:27:00	16101.01	16108.65	16098.63	16104.31	3044	0	3
2024.01.08	11:28:00	16104.31	16106.99	16098.52	16098.71	4083	0	3
2024.01.08	11:29:00	16098.71	16109.43	16092.66	16096.75	3192	0	4
2024.01.08	11:30:00	16096.75	16097.55	16083.68	16084.84	625	0	4
2024.01.08	11:31:00	16084.84	16093.77	16076.5	16076.81	4777	0	3
2024.01.08	11:32:00	16076.81	16078.36	16067.88	16072.76	4817	0	1
2024.01.08	11:33:00	16072.76	16086.01	16072.12	16083.08	1741	0	1
2024.01.08	11:34:00	16083.08	16087.82	16078.04	16078.19	3427	0	1
2024.01.08	11:35:00	16078.19	16085.96	16077.05	16083.73	1054	0	3
2024.01.08	11:36:00	16083.73	16086.16	16078.37	16079.67	1782	0	1
2024.01.08	11:37:00	16079.67	16088.12	16076.73	16082.01	3235	0	1
2024.01.08	11:38:00	16082.01	16085.83	16078.07	16081.18	2065	0	1
2024.01.08	11:39:00	16081.18	16091.98	16079.05	16088.61	4859	0	3
2024.01.08	11:40:00	16088.61	16089.23	16081.62	16084.57	853	0	2
2024.01.08	11:41:00	16084.57	16086.68	16067.44	16072.09	3695	0	4
2024.01.08	11:42:00	16072.09	16073.58	16058.54	16061.17	3257	0	2
2024.01.08	11:43:00	16061.17	16062.53	16051.18	16057.17	4514	0	3
2024.01.08	11:44:00	16057.17	16057.32	16046.49	16047.34	4140	0	3
2024.01.08	11:45:00	16047.34	16055.32	16042.53	16050.99	4532	0	4
2024.01.08	11:46:00	16050.99	16060.06	16041.75	16047.53	4072	0	1
2024.01.08	11:47:00	16047.53	16068.13	16043.1	16067.15	1486	0	3
2024.01.08	11:48:00	16067.15	16075.25	16050.15	16053.34	2411	0	3
2024.01.08	11:49:00	16053.34	16059.36	16053.0	16055.32	3585	0	2
2024.01.08	11:50:00	16055.32	16062.52	16036.74	16046.47	4995	0	3
2024.01.08	11:51:00	16046.47	16053.17	16041.44	16042.79	4379	0	3
2024.01.08	11:52:00	16042.79	16045.99	16040.98	16044.26	3423	0	3
2024.01.08	11:53:00	16044.26	16045.16	16020.78	16025.7	956	0	3
2024.01.08	11:54:00	16025.7	16028.99	16022.16	16027.94	2393	0	1
2024.01.08	11:55:00	16027.94	16049.06	16025.65	16043.71	3431	0	2
2024.01.08	11:56:00	16043.71	16046.37	16039.91	16040.35	3972	0	4
2024.01.08	11:57:00	16040.35	16044.31	16034.48	16042.78	1724	0	1
2024.01.08	11:58:00	16042.78	16051.64	16040.54	16051.43	2603	0	1
2024.01.08	11:59:00	16051.43	16054.77	16044.19	16050.42	4197	0	3
2024.01.08	12:00:00	16050.42	16054.34	16045.31	16046.02	4252	0	1
2024.01.08	12:01:00	16046.02	16047.04	16024.18	16027.86	1504	0	1
2024.01.08	12:02:00	16027.86	16040.9	16024.4	16033.38	1641	0	4
2024.01.08	12:03:00	16033.38	16036.45	16030.96	16032.78	2180	0	1
2024.01.08	12:04:00	16032.78	16033.18	16019.68	16024.88	3397	0	1
2024.01.08	12:05:00	16024.88	16029.38	16020.21	16026.23	3545	0	2
2024.01.08	12:06:00	16026.23	16030.51	16015.93	16021.82	3916	0	4
2024.01.08	12:07:00	16021.82	16022.1	16017.23	16017.85	3001	0	4
2024.01.08	12:08:00	16017.85	16032.95	16010.82	16023.09	4629	0	2
2024.01.08	12:09:00	16023.09	16025.07	16009.17	16012.55	1039	0	2
2024.01.08	12:10:00	16012.55	16021.38	16005.31	16021.37	2861	0	3
2024.01.08	12:11:00	16021.37	16026.69	16007.0	16010.35	1513	0	4
2024.01.08	12:12:00	16010.35	16015.39	16004.97	16005.3	2925	0	1
2024.01.08	12:13:00	16005.3	16024.76	15995.09	16021.21	4486	0	2
2024.01.08	12:14:00	16021.21	16033.95	16017.9	16030.68	4483	0	1
2024.01.08	12:15:00	16030.68	16037.32	16028.73	16031.8	4949	0	1
2024.01.08	12:16:00	16031.8	16033.53	16024.37	16024.48	2703	0	3
2024.01.08	12:17:00	16024.48	16025.71	16016.78	16020.51	3622	0	1
2024.01.08	12:18:00	16020.51	16028.36	16014.74	16021.42	2645	0	4
2024.01.08	12:19:00	16021.42	16024.62	16020.42	16022.05	543	0	1
2024.01.08	12:20:00	16022.05	16031.05	16020.75	16021.63	1775	0	4
2024.01.08	12:21:00	16021.63	16023.55	16018.27	16021.7	3845	0	2
2024.01.08	12:22:00	16021.7	16024.06	16017.59	16020.28	742	0	3
2024.01.08	12:23:00	16020.28	16023.93	16004.75	16008.91	3392	0	2
2024.01.08	12:24:00	16008.91	16010.57	15997.19	16005.04	2563	0	2
2024.01.08	12:25:00	16005.04	16019.84	16003.44	16012.78	2353	0	3
2024.01.08	12:26:00	16012.78	16013.87	15997.09	16002.01	3810	0	2
2024.01.08	12:27:00	16002.01	16002.86	16000.18	16000.79	1526	0	1
2024.01.08	12:28:00	16000.79	16002.26	15989.46	15994.47	1665	0	1
2024.01.08	12:29:00	15994.47	15998.02	15989.13	15995.69	1245	0	2
2024.01.08	12:30:00	15995.69	16001.75	15988.32	15992.87	988	0	1
2024.01.08	12:31:00	15992.87	16006.83	15992.2	16005.15	875	0	1
2024.01.08	12:32:00	16005.15	16009.67	16004.91	16009.58	967	0	1
2024.01.08	12:33:00	16009.58	16014.23	15997.52	15999.27	3376	0	4
2024.01.08	12:34:00	15999.27	16014.12	15995.34	16005.03	1849	0	2
2024.01.08	12:35:00	16005.03	16008.74	15997.38	15999.07	2017	0	2
2024.01.08	12:36:00	15999.07	15999.91	15993.11	15994.72	3888	0	4
2024.01.08	12:37:00	15994.72	15999.33	15993.13	15997.58	2831	0	3
2024.01.08	12:38:00	15997.58	15998.62	15989.54	15993.92	847	0	1
2024.01.08	12:39:00	15993.92	16001.54	15993.64	16001.47	2863	0	3
2024.01.08	12:40:00	16001.47	16010.24	15994.34	15995.52	3474	0	3
2024.01.08	12:41:00	15995.52	15998.55	15989.24	15990.82	3232	0	2
2024.01.08	12:42:00	15990.82	15995.5	15978.42	15985.83	4407	0	3
2024.01.08	12:43:00	15985.83	15986.34	15981.27	15981.57	3175	0	1
2024.01.08	12:44:00	15981.57	15996.78	15980.48	15990.79	4156	0	4
2024.01.08	12:45:00	15990.79	15996.96	15982.92	15996.2	2835	0	3
2024.01.08	12:46:00	15996.2	16012.59	15990.81	16010.38	3364	0	2
2024.01.08	12:47:00	16010.38	16031.44	16005.57	16029.09	1198	0	4
2024.01.08	12:48:00	16029.09	16029.46	16019.02	16021.05	4965	0	3
2024.01.08	12:49:00	16021.05	16026.09	16018.62	16021.94	621	0	4
2024.01.08	12:50:00	16021.94	16027.91	16005.29	16012.72	4856	0	1
2024.01.08	12:51:00	16012.72	16017.14	16002.83	16006.74	3092	0	2
2024.01.08	12:52:00	16006.74	16013.17	16001.64	16001.95	2018	0	2
2024.01.08	12:53:00	16001.95	16002.91	15986.41	15993.71	2404	0	2
2024.01.08	12:54:00	15993.71	15993.85	15980.65	15985.51	844	0	3
2024.01.08	12:55:00	15985.51	15988.36	15983.3	15984.66	2345	0	2
2024.01.08	12:56:00	15984.66	15987.0	15974.27	15975.14	819	0	4
2024.01.08	12:57:00	15975.14	15982.8	15969.02	15982.27	2435	0	1
2024.01.08	12:58:00	15982.27	15982.98	15973.17	15975.16	1113	0	1
2024.01.08	12:59:00	15975.16	16004.15	15973.13	15998.23	1010	0	4
2024.01.08	13:00:00	15998.23	15998.74	15994.7	15994.89	3706	0	3
2024.01.08	13:01:00	15994.89	15997.58	15993.2	15995.79	1306	0	1
2024.01.08	13:02:00	15995.79	15996.78	15975.0	15985.63	2008	0	4
2024.01.08	13:03:00	15985.63	16001.24	15980.75	15999.76	3479	0	1
2024.01.08	13:04:00	15999.76	16014.31	15996.84	16009.15	2771	0	3
2024.01.08	13:05:00	16009.15	16015.32	16006.28	16011.88	2812	0	1
2024.01.08	13:06:00	16011.88	16013.25	15997.18	16001.29	2488	0	2
2024.01.08	13:07:00	16001.29	16006.41	15996.88	16003.31	3243	0	4
2024.01.08	13:08:00	16003.31	16006.68	15989.97	15994.55	3437	0	1
2024.01.08	13:09:00	15994.55	16009.13	15992.1	16006.72	1082	0	2
2024.01.08	13:10:00	16006.72	16014.39	16004.75	16013.6	4834	0	2
2024.01.08	13:11:00	16013.6	16017.07	16012.86	16014.69	4163	0	1
2024.01.08	13:12:00	16014.69	16015.99	15992.46	15995.27	2408	0	1
2024.01.08	13:13:00	15995.27	15999.55	15986.6	15987.62	2176	0	2
2024.01.08	13:14:00	15987.62	15998.75	15987.3	15993.51	3766	0	2
2024.01.08	13:15:00	15993.51	16007.48	15990.08	16003.66	3258	0	1
2024.01.08	13:16:00	16003.66	16016.62	16001.93	16012.97	4112	0	3
2024.01.08	13:17:00	16012.97	16017.93	15996.62	16000.38	2595	0	1
2024.01.08	13:18:00	16000.38	16004.47	15997.19	16003.15	2485	0	2
2024.01.08	13:19:00	16003.15	16012.33	15996.35	16011.7	2607	0	4
2024.01.08	13:20:00	16011.7	16013.15	15997.28	15998.58	1830	0	2
2024.01.08	13:21:00	15998.58	15998.94	15993.95	15998.83	4003	0	3
2024.01.08	13:22:00	15998.83	16003.58	15995.36	16001.37	4083	0	2
2024.01.08	13:23:00	16001.37	16002.13	15991.45	15999.26	996	0	3
2024.01.08	13:24:00	15999.26	16000.62	15978.63	15984.58	920	0	4
2024.01.08	13:25:00	15984.58	15992.78	15978.95	15982.26	836	0	2
2024.01.08	13:26:00	15982.26	15984.39	15977.87	15979.93	1981	0	3
2024.01.08	13:27:00	15979.93	15981.44	15977.15	15979.05	954	0	2
2024.01.08	13:28:00	15979.05	15982.2	15974.19	15974.81	3063	0	2
2024.01.08	13:29:00	15974.81	15976.76	15965.77	15971.55	4978	0	4
2024.01.08	13:30:00	15971.55	15972.96	15968.9	15971.55	3671	0	2
2024.01.08	13:31:00	15971.55	15979.59	15969.65	15975.45	4672	0	1
2024.01.08	13:32:00	15975.45	15976.28	15972.76	15973.3	1168	0	2
2024.01.08	13:33:00	15973.3	15973.97	15968.17	15970.31	3652	0	3
2024.01.08	13:34:00	15970.31	15971.94	15967.74	15971.38	3778	0	3
2024.01.08	13:35:00	15971.38	15978.19	15956.08	15956.17	2513	0	3
2024.01.08	13:36:00	15956.17	15963.23	15954.71	15960.34	3855	0	2
2024.01.08	13:37:00	15960.34	15961.96	15958.88	15960.66	882	0	2
2024.01.08	13:38:00	15960.66	15966.3	15960.28	15961.3	3269	0	1
2024.01.08	13:39:00	15961.3	15972.32	15958.85	15969.38	4194	0	1
2024.01.08	13:40:00	15969.38	15971.74	15950.92	15953.92	2269	0	4
2024.01.08	13:41:00	15953.92	15955.82	15937.12	15938.3	1352	0	4
2024.01.08	13:42:00	15938.3	15942.92	15929.9	15940.83	545	0	1
2024.01.08	13:43:00	15940.83	15941.34	15937.5	15941.09	1727	0	4
2024.01.08	13:44:00	15941.09	15947.83	15939.15	15942.78	4195	0	4
2024.01.08	13:45:00	15942.78	15951.84	15938.56	15939.37	4283	0	1
2024.01.08	13:46:00	15939.37	15946.9	15934.51	15945.05	3275	0	2
2024.01.08	13:47:00	15945.05	15961.44	15932.13	15952.9	1658	0	1
2024.01.08	13:48:00	15952.9	15960.58	15942.97	15957.13	1669	0	3
2024.01.08	13:49:00	15957.13	15963.43	15954.12	15955.35	4300	0	3
2024.01.08	13:50:00	15955.35	15956.01	15938.36	15938.64	3126	0	1
2024.01.08	13:51:00	15938.64	15950.42	15937.92	15945.17	4036	0	4
2024.01.08	13:52:00	15945.17	15955.46	15942.98	15955.36	2166	0	2
2024.01.08	13:53:00	15955.36	15967.35	15954.75	15960.89	4267	0	2
2024.01.08	13:54:00	15960.89	15962.73	15952.64	15954.1	2618	0	1
2024.01.08	13:55:00	15954.1	15969.42	15953.98	15959.86	3534	0	4
2024.01.08	13:56:00	15959.86	15967.46	15957.61	15967.14	4330	0	1
2024.01.08	13:57:00	15967.14	15986.98	15965.27	15980.07	2084	0	4
2024.01.08	13:58:00	15980.07	15982.23	15972.53	15973.3	4045	0	4
2024.01.08	13:59:00	15973.3	15975.38	15969.43	15971.79	3439	0	1
2024.01.08	14:00:00	15971.79	15979.48	15960.38	15978.15	2737	0	1
2024.01.08	14:01:00	15978.15	15982.86	15976.7	15978.93	4230	0	1
2024.01.08	14:02:00	15978.93	15979.28	15967.13	15970.21	2479	0	4
2024.01.08	14:03:00	15970.21	15984.51	15968.16	15973.89	3872	0	1
2024.01.08	14:04:00	15973.89	15980.98	15973.12	15978.89	843	0	3
2024.01.08	14:05:00	15978.89	15983.98	15978.15	15979.92	4379	0	4
2024.01.08	14:06:00	15979.92	15985.1	15972.18	15982.02	4840	0	2
2024.01.08	14:07:00	15982.02	15984.85	15977.34	15980.24	4925	0	3
2024.01.08	14:08:00	15980.24	15994.25	15977.27	15992.53	4299	0	1
2024.01.08	14:09:00	15992.53	15996.65	15983.13	15985.56	3605	0	4
2024.01.08	14:10:00	15985.56	15986.14	15976.79	15981.12	3835	0	3
2024.01.08	14:11:00	15981.12	15982.9	15980.95	15981.53	4676	0	3
2024.01.08	14:12:00	15981.53	15995.59	15975.88	15988.97	3785	0	2
2024.01.08	14:13:00	15988.97	15991.62	15976.64	15977.17	1723	0	3
2024.01.08	14:14:00	15977.17	15978.33	15962.11	15966.89	1218	0	3
2024.01.08	14:15:00	15966.89	15967.15	15946.58	15950.74	4880	0	1
2024.01.08	14:16:00	15950.74	15952.78	15949.22	15951.32	1126	0	3
2024.01.08	14:17:00	15951.32	15952.98	15936.9	15942.61	4596	0	1
2024.01.08	14:18:00	15942.61	15945.0	15938.6	15939.83	4711	0	3
2024.01.08	14:19:00	15939.83	15946.46	15934.37	15945.49	685	0	4
2024.01.08	14:20:00	15945.49	15947.36	15938.3	15940.62	4132	0	4
2024.01.08	14:21:00	15940.62	15951.61	15940.32	15942.81	3157	0	2
2024.01.08	14:22:00	15942.81	15946.49	15938.98	15940.71	2253	0	4
2024.01.08	14:23:00	15940.71	15950.37	15938.17	15946.46	2763	0	4
2024.01.08	14:24:00	15946.46	15958.84	15945.69	15950.61	2428	0	2
2024.01.08	14:25:00	15950.61	15952.36	15942.67	15945.35	4170	0	2
2024.01.08	14:26:00	15945.35	15945.46	15941.04	15944.3	2352	0	1
2024.01.08	14:27:00	15944.3	15956.68	15937.77	15953.05	1068	0	3
2024.01.08	14:28:00	15953.05	15964.51	15952.79	15956.55	2285	0	2
2024.01.08	14:29:00	15956.55	15957.51	15941.28	15945.58	2874	0	3
2024.01.08	14:30:00	15945.58	15953.51	15942.73	15951.2	2526	0	4
2024.01.08	14:31:00	15951.2	15952.03	15936.74	15942.76	2755	0	1
2024.01.08	14:32:00	15942.76	15955.98	15940.03	15954.48	4941	0	2
2024.01.08	14:33:00	15954.48	15963.39	15951.05	15963.08	2279	0	3
2024.01.08	14:34:00	15963.08	15966.24	15958.62	15965.74	4180	0	3
2024.01.08	14:35:00	15965.74	15971.64	15962.87	15967.33	4964	0	4
2024.01.08	14:36:00	15967.33	15968.55	15959.32	15965.96	4237	0	4
2024.01.08	14:37:00	15965.96	15971.93	15963.95	15971.77	2927	0	2
2024.01.08	14:38:00	15971.77	15972.37	15962.37	15969.09	4952	0	3
2024.01.08	14:39:00	15969.09	15978.74	15966.67	15971.31	2359	0	2
2024.01.08	14:40:00	15971.31	15979.38	15970.77	15978.69	1757	0	1
2024.01.08	14:41:00	15978.69	15980.77	15970.76	15974.46	4353	0	3
2024.01.08	14:42:00	15974.46	15982.18	15969.66	15969.8	4634	0	4
2024.01.08	14:43:00	15969.8	15975.59	15959.37	15960.46	1125	0	4
2024.01.08	14:44:00	15960.46	15962.35	15952.07	15952.18	1937	0	2
2024.01.08	14:45:00	15952.18	15952.62	15935.82	15937.73	1794	0	4
2024.01.08	14:46:00	15937.73	15946.19	15935.75	15943.94	4189	0	1
2024.01.08	14:47:00	15943.94	15960.29	15942.55	15958.87	1755	0	2
2024.01.08	14:48:00	15958.87	15973.02	15958.23	15970.72	3484	0	2
2024.01.08	14:49:00	15970.72	15974.41	15953.24	15957.89	4701	0	2
2024.01.08	14:50:00	15957.89	15966.54	15950.23	15964.07	4594	0	4
2024.01.08	14:51:00	15964.07	15981.43	15961.66	15975.89	4461	0	2
2024.01.08	14:52:00	15975.89	15980.37	15966.92	15972.51	2881	0	4
2024.01.08	14:53:00	15972.51	15974.64	15969.13	15973.65	3230	0	4
2024.01.08	14:54:00	15973.65	15981.36	15956.03	15957.74	3764	0	1
2024.01.08	14:55:00	15957.74	15966.17	15957.15	15960.21	1938	0	4
2024.01.08	14:56:00	15960.21	15962.59	15949.25	15951.94	2755	0	1
2024.01.08	14:57:00	15951.94	15958.46	15943.09	15953.87	2606	0	3
2024.01.08	14:58:00	15953.87	15957.02	15936.49	15941.58	4102	0	2
2024.01.08	14:59:00	15941.58	15949.58	15936.7	15946.28	3070	0	2
2024.01.08	15:00:00	15946.28	15955.02	15945.63	15954.88	2504	0	3
2024.01.08	15:01:00	15954.88	15955.03	15946.22	15948.87	2930	0	4
2024.01.08	15:02:00	15948.87	15952.04	15937.64	15940.01	1274	0	1
2024.01.08	15:03:00	15940.01	15948.03	15921.11	15922.94	1651	0	1
2024.01.08	15:04:00	15922.94	15924.01	15917.85	15921.11	4102	0	3
2024.01.08	15:05:00	15921.11	15921.56	15909.52	15916.74	1087	0	1
2024.01.08	15:06:00	15916.74	15918.36	15895.72	15904.56	3571	0	2
2024.01.08	15:07:00	15904.56	15910.3	15903.57	15908.53	4584	0	2
2024.01.08	15:08:00	15908.53	15913.5	15904.45	15905.22	3576	0	2
2024.01.08	15:09:00	15905.22	15911.92	15891.21	15896.88	3383	0	3
2024.01.08	15:10:00	15896.88	15899.94	15891.13	15892.73	3728	0	2
2024.01.08	15:11:00	15892.73	15906.1	15882.02	15901.67	1152	0	1
2024.01.08	15:12:00	15901.67	15909.06	15898.62	15906.85	1116	0	3
2024.01.08	15:13:00	15906.85	15910.77	15896.58	15906.12	4954	0	2
2024.01.08	15:14:00	15906.12	15911.79	15900.26	15911.42	2420	0	1
2024.01.08	15:15:00	15911.42	15912.18	15901.44	15902.39	2350	0	4
2024.01.08	15:16:00	15902.39	15906.74	15897.78	15902.97	1212	0	2
2024.01.08	15:17:00	15902.97	15908.32	15900.76	15904.47	3798	0	3
2024.01.08	15:18:00	15904.47	15910.78	15899.18	15901.01	653	0	3
2024.01.08	15:19:00	15901.01	15905.63	15896.19	15904.83	1295	0	1
2024.01.08	15:20:00	15904.83	15905.26	15894.98	15898.87	1510	0	4
2024.01.08	15:21:00	15898.87	15913.19	15895.44	15903.29	4697	0	1
2024.01.08	15:22:00	15903.29	15914.54	15895.14	15908.05	4775	0	3
2024.01.08	15:23:00	15908.05	15909.64	15880.68	15884.89	856	0	3
2024.01.08	15:24:00	15884.89	15899.21	15880.57	15894.78	1127	0	1
2024.01.08	15:25:00	15894.78	15898.06	15869.26	15870.59	4801	0	1
2024.01.08	15:26:00	15870.59	15875.85	15860.32	15865.96	3354	0	4
2024.01.08	15:27:00	15865.96	15876.53	15863.72	15874.51	3772	0	1
2024.01.08	15:28:00	15874.51	15876.37	15870.33	15872.28	3054	0	1
2024.01.08	15:29:00	15872.28	15877.12	15854.74	15860.82	1522	0	4
2024.01.08	15:30:00	15860.82	15863.26	15844.69	15852.35	3786	0	1
2024.01.08	15:31:00	15852.35	15862.73	15848.81	15860.92	1314	0	3
2024.01.08	15:32:00	15860.92	15861.7	15839.9	15845.81	631	0	2
2024.01.08	15:33:00	15845.81	15858.81	15844.67	15855.19	4266	0	2
2024.01.08	15:34:00	15855.19	15858.6	15854.79	15855.06	2209	0	1
2024.01.08	15:35:00	15855.06	15855.2	15839.85	15845.81	679	0	3
2024.01.08	15:36:00	15845.81	15852.61	15839.92	15841.45	2454	0	2
2024.01.08	15:37:00	15841.45	15842.38	15832.12	15833.61	1014	0	3
2024.01.08	15:38:00	15833.61	15840.95	15832.26	15840.87	2619	0	4
2024.01.08	15:39:00	15840.87	15848.21	15840.07	15847.06	3527	0	2
2024.01.08	15:40:00	15847.06	15850.02	15832.67	15833.59	2021	0	1
2024.01.08	15:41:00	15833.59	15838.16	15829.58	15830.67	848	0	3
2024.01.08	15:42:00	15830.67	15830.73	15823.41	15824.07	4506	0	2
2024.01.08	15:43:00	15824.07	15838.45	15822.4	15834.75	2935	0	3
2024.01.08	15:44:00	15834.75	15836.59	15820.91	15824.25	604	0	4
2024.01.08	15:45:00	15824.25	15845.16	15822.81	15837.43	3083	0	1
2024.01.08	15:46:00	15837.43	15840.14	15834.2	15837.48	4656	0	1
2024.01.08	15:47:00	15837.48	15841.68	15822.92	15828.48	580	0	2
2024.01.08	15:48:00	15828.48	15832.65	15820.65	15823.37	4040	0	4
2024.01.08	15:49:00	15823.37	15826.13	15807.63	15817.26	2197	0	2
2024.01.08	15:50:00	15817.26	15819.99	15804.52	15807.37	3684	0	2
2024.01.08	15:51:00	15807.37	15809.18	15804.55	15808.45	628	0	4
2024.01.08	15:52:00	15808.45	15809.14	15796.78	15798.94	4581	0	4
2024.01.08	15:53:00	15798.94	15800.89	15780.05	15781.82	4850	0	4
2024.01.08	15:54:00	15781.82	15783.27	15778.81	15779.1	2974	0	4
2024.01.08	15:55:00	15779.1	15782.27	15761.75	15765.02	1468	0	4
2024.01.08	15:56:00	15765.02	15765.73	15758.32	15759.33	1180	0	1
2024.01.08	15:57:00	15759.33	15763.77	15744.15	15752.39	3603	0	2
2024.01.08	15:58:00	15752.39	15758.43	15745.55	15745.76	4070	0	4
2024.01.08	15:59:00	15745.76	15763.42	15742.35	15762.04	3531	0	3
2024.01.09	09:30:00	15762.04	15768.31	15759.83	15762.8	2720	0	1
2024.01.09	09:31:00	15762.8	15765.81	15760.92	15765.07	3975	0	3
2024.01.09	09:32:00	15765.07	15767.19	15749.28	15751.22	3818	0	1
2024.01.09	09:33:00	15751.22	15754.9	15745.49	15746.32	2008	0	2
2024.01.09	09:34:00	15746.32	15752.27	15742.93	15748.35	3995	0	4
2024.01.09	09:35:00	15748.35	15748.44	15736.08	15740.49	1329	0	4
2024.01.09	09:36:00	15740.49	15752.19	15732.77	15748.05	4191	0	1
2024.01.09	09:37:00	15748.05	15755.5	15738.66	15738.77	2887	0	2
2024.01.09	09:38:00	15738.77	15739.38	15729.59	15736.81	3862	0	2
2024.01.09	09:39:00	15736.81	15741.84	15729.0	15732.45	3624	0	3
2024.01.09	09:40:00	15732.45	15734.12	15723.62	15734.08	931	0	4
2024.01.09	09:41:00	15734.08	15738.52	15727.41	15729.29	3898	0	4
2024.01.09	09:42:00	15729.29	15736.67	15726.9	15727.45	4027	0	1
2024.01.09	09:43:00	15727.45	15727.82	15722.53	15725.88	720	0	3
2024.01.09	09:44:00	15725.88	15729.94	15718.62	15720.35	1516	0	1
2024.01.09	09:45:00	15720.35	15726.11	15718.73	15724.52	3886	0	3
2024.01.09	09:46:00	15724.52	15728.26	15719.23	15726.74	2124	0	3
2024.01.09	09:47:00	15726.74	15734.4	15723.08	15726.35	1005	0	2
2024.01.09	09:48:00	15726.35	15732.82	15723.11	15723.23	4345	0	4
2024.01.09	09:49:00	15723.23	15734.07	15722.44	15729.89	2860	0	3
2024.01.09	09:50:00	15729.89	15735.4	15725.31	15728.33	2273	0	4
2024.01.09	09:51:00	15728.33	15730.46	15723.31	15726.2	2999	0	2
2024.01.09	09:52:00	15726.2	15731.23	15723.21	15727.35	2298	0	2
2024.01.09	09:53:00	15727.35	15742.42	15726.0	15741.18	1071	0	3
2024.01.09	09:54:00	15741.18	15749.68	15727.53	15730.81	3028	0	1
2024.01.09	09:55:00	15730.81	15743.38	15728.16	15737.26	4837	0	4
2024.01.09	09:56:00	15737.26	15739.3	15720.66	15722.5	4782	0	2
2024.01.09	09:57:00	15722.5	15727.38	15719.19	15724.54	3371	0	1
2024.01.09	09:58:00	15724.54	15737.8	15721.75	15737.4	1231	0	2
2024.01.09	09:59:00	15737.4	15742.27	15734.71	15741.61	1507	0	3
2024.01.09	10:00:00	15741.61	15748.07	15741.01	15743.29	1919	0	3
2024.01.09	10:01:00	15743.29	15746.24	15734.46	15739.13	729	0	1
2024.01.09	10:02:00	15739.13	15746.44	15733.59	15739.7	1130	0	1
2024.01.09	10:03:00	15739.7	15741.52	15737.68	15738.0	3987	0	3
2024.01.09	10:04:00	15738.0	15738.72	15726.65	15732.06	2430	0	4
2024.01.09	10:05:00	15732.06	15732.2	15729.66	15730.06	4285	0	1
2024.01.09	10:06:00	15730.06	15732.95	15722.46	15731.96	777	0	4
2024.01.09	10:07:00	15731.96	15736.73	15725.51	15726.16	907	0	2
2024.01.09	10:08:00	15726.16	15730.05	15719.93	15720.05	3604	0	1
2024.01.09	10:09:00	15720.05	15723.04	15705.6	15709.54	1658	0	2
2024.01.09	10:10:00	15709.54	15713.2	15708.16	15712.97	1516	0	4
2024.01.09	10:11:00	15712.97	15719.41	15708.23	15717.62	3390	0	2
2024.01.09	10:12:00	15717.62	15726.47	15711.47	15719.78	4609	0	4
2024.01.09	10:13:00	15719.78	15728.21	15715.11	15727.78	2385	0	3
2024.01.09	10:14:00	15727.78	15736.14	15727.44	15728.79	3931	0	4
2024.01.09	10:15:00	15728.79	15739.05	15725.86	15732.23	2041	0	2
2024.01.09	10:16:00	15732.23	15735.06	15730.24	15734.97	4275	0	1
2024.01.09	10:17:00	15734.97	15735.19	15732.92	15734.55	2410	0	2
2024.01.09	10:18:00	15734.55	15735.7	15724.47	15730.64	1182	0	4
2024.01.09	10:19:00	15730.64	15752.44	15730.31	15748.6	2773	0	4
2024.01.09	10:20:00	15748.6	15754.28	15741.93	15745.31	1816	0	2
2024.01.09	10:21:00	15745.31	15750.81	15736.59	15740.32	1330	0	1
2024.01.09	10:22:00	15740.32	15749.4	15738.26	15744.09	1327	0	1
2024.01.09	10:23:00	15744.09	15750.33	15743.88	15746.41	2246	0	2
2024.01.09	10:24:00	15746.41	15748.41	15733.05	15735.53	544	0	4
2024.01.09	10:25:00	15735.53	15753.18	15735.2	15744.79	814	0	3
2024.01.09	10:26:00	15744.79	15747.72	15737.77	15744.36	3153	0	2
2024.01.09	10:27:00	15744.36	15745.72	15734.73	15735.82	527	0	4
2024.01.09	10:28:00	15735.82	15749.85	15735.39	15745.61	3974	0	1
2024.01.09	10:29:00	15745.61	15754.96	15743.36	15750.91	4888	0	2
2024.01.09	10:30:00	15750.91	15756.22	15740.95	15741.15	1326	0	3
2024.01.09	10:31:00	15741.15	15758.48	15740.25	15755.63	746	0	2
2024.01.09	10:32:00	15755.63	15762.41	15754.65	15761.2	1447	0	3
2024.01.09	10:33:00	15761.2	15769.14	15759.55	15761.44	695	0	4
2024.01.09	10:34:00	15761.44	15777.49	15757.46	15774.45	1711	0	3
2024.01.09	10:35:00	15774.45	15778.01	15766.66	15776.04	4504	0	3
2024.01.09	10:36:00	15776.04	15777.81	15774.13	15776.13	4189	0	1
2024.01.09	10:37:00	15776.13	15778.61	15769.27	15771.17	4892	0	4
2024.01.09	10:38:00	15771.17	15778.85	15763.56	15776.13	4152	0	1
2024.01.09	10:39:00	15776.13	15783.64	15772.24	15780.26	4300	0	1
2024.01.09	10:40:00	15780.26	15782.82	15780.11	15780.69	3164	0	1
2024.01.09	10:41:00	15780.69	15781.55	15774.29	15774.69	1127	0	2
2024.01.09	10:42:00	15774.69	15781.09	15771.74	15776.05	3959	0	4
2024.01.09	10:43:00	15776.05	15777.0	15772.58	15775.81	3377	0	3
2024.01.09	10:44:00	15775.81	15775.9	15759.3	15765.47	4829	0	4
2024.01.09	10:45:00	15765.47	15769.57	15752.54	15754.04	3636	0	1
2024.01.09	10:46:00	15754.04	15766.3	15751.14	15758.87	2954	0	4
2024.01.09	10:47:00	15758.87	15759.48	15737.56	15738.43	3972	0	2
2024.01.09	10:48:00	15738.43	15744.68	15736.43	15740.38	3452	0	3
2024.01.09	10:49:00	15740.38	15740.5	15729.19	15736.89	1007	0	1
2024.01.09	10:50:00	15736.89	15747.97	15732.94	15747.63	3251	0	3
2024.01.09	10:51:00	15747.63	15753.61	15738.57	15744.01	2258	0	3
2024.01.09	10:52:00	15744.01	15758.16	15742.9	15749.59	1232	0	3
2024.01.09	10:53:00	15749.59	15754.58	15737.87	15746.74	1742	0	4
2024.01.09	10:54:00	15746.74	15748.27	15741.64	15747.96	4256	0	1
2024.01.09	10:55:00	15747.96	15754.97	15741.72	15754.15	3445	0	4
2024.01.09	10:56:00	15754.15	15759.13	15748.34	15750.78	761	0	2
2024.01.09	10:57:00	15750.78	15762.64	15747.34	15759.04	2046	0	2
2024.01.09	10:58:00	15759.04	15763.28	15750.25	15751.43	3585	0	3
2024.01.09	10:59:00	15751.43	15761.03	15750.97	15754.09	2789	0	1
2024.01.09	11:00:00	15754.09	15764.25	15751.72	15761.77	3992	0	3
2024.01.09	11:01:00	15761.77	15770.04	15759.32	15767.35	3318	0	4
2024.01.09	11:02:00	15767.35	15783.74	15764.16	15782.98	667	0	1
2024.01.09	11:03:00	15782.98	15783.46	15776.13	15777.19	4396	0	3
2024.01.09	11:04:00	15777.19	15784.59	15765.78	15766.5	3066	0	4
2024.01.09	11:05:00	15766.5	15768.3	15748.32	15758.87	4644	0	3
2024.01.09	11:06:00	15758.87	15769.41	15757.53	15764.46	1491	0	4
2024.01.09	11:07:00	15764.46	15770.27	15759.42	15768.75	3620	0	4
2024.01.09	11:08:00	15768.75	15769.95	15765.98	15769.88	632	0	2
2024.01.09	11:09:00	15769.88	15775.36	15757.7	15761.23	1203	0	2
2024.01.09	11:10:00	15761.23	15768.83	15761.02	15767.67	4472	0	3
2024.01.09	11:11:00	15767.67	15768.06	15751.52	15758.21	4500	0	2
2024.01.09	11:12:00	15758.21	15773.28	15757.06	15767.78	4794	0	2
2024.01.09	11:13:00	15767.78	15795.92	15765.14	15790.92	1420	0	4
2024.01.09	11:14:00	15790.92	15798.98	15787.5	15794.17	4514	0	1
2024.01.09	11:15:00	15794.17	15814.7	15790.48	15799.15	739	0	2
2024.01.09	11:16:00	15799.15	15800.91	15793.01	15795.52	2302	0	2
2024.01.09	11:17:00	15795.52	15796.37	15779.76	15781.37	2467	0	3
2024.01.09	11:18:00	15781.37	15781.51	15775.74	15776.87	4066	0	4
2024.01.09	11:19:00	15776.87	15779.3	15762.89	15768.45	3580	0	4
2024.01.09	11:20:00	15768.45	15769.49	15755.31	15757.22	2115	0	2
2024.01.09	11:21:00	15757.22	15773.99	15751.32	15771.28	1172	0	2
2024.01.09	11:22:00	15771.28	15774.85	15768.77	15773.78	2143	0	1
2024.01.09	11:23:00	15773.78	15783.11	15771.08	15777.13	1847	0	4
2024.01.09	11:24:00	15777.13	15780.24	15771.96	15774.97	3515	0	2
2024.01.09	11:25:00	15774.97	15777.14	15765.48	15773.91	860	0	2
2024.01.09	11:26:00	15773.91	15783.9	15766.36	15781.93	2350	0	2
2024.01.09	11:27:00	15781.93	15786.61	15778.43	15781.99	3281	0	4
2024.01.09	11:28:00	15781.99	15790.63	15778.77	15786.54	3408	0	4
2024.01.09	11:29:00	15786.54	15786.99	15777.53	15785.29	3687	0	2
2024.01.09	11:30:00	15785.29	15789.25	15779.41	15782.87	1788	0	3
2024.01.09	11:31:00	15782.87	15783.57	15771.59	15771.95	2838	0	1
2024.01.09	11:32:00	15771.95	15779.6	15755.08	15756.48	943	0	2
2024.01.09	11:33:00	15756.48	15760.86	15753.52	15754.71	2499	0	3
2024.01.09	11:34:00	15754.71	15757.97	15752.36	15755.47	4919	0	3
2024.01.09	11:35:00	15755.47	15764.77	15743.62	15745.53	4314	0	4
2024.01.09	11:36:00	15745.53	15753.95	15737.6	15745.57	3301	0	3
2024.01.09	11:37:00	15745.57	15748.85	15740.42	15746.31	2386	0	4
2024.01.09	11:38:00	15746.31	15749.09	15724.09	15729.45	4553	0	2
2024.01.09	11:39:00	15729.45	15736.94	15721.38	15722.47	2487	0	3
2024.01.09	11:40:00	15722.47	15727.04	15718.77	15726.03	3935	0	4
2024.01.09	11:41:00	15726.03	15732.59	15720.19	15729.43	3097	0	4
2024.01.09	11:42:00	15729.43	15730.49	15714.05	15720.56	596	0	2
2024.01.09	11:43:00	15720.56	15724.97	15718.09	15722.13	3667	0	3
2024.01.09	11:44:00	15722.13	15731.81	15719.68	15730.59	4520	0	3
2024.01.09	11:45:00	15730.59	15738.4	15718.94	15737.09	3996	0	4
2024.01.09	11:46:00	15737.09	15740.09	15731.14	15736.65	3266	0	1
2024.01.09	11:47:00	15736.65	15737.72	15726.46	15733.23	683	0	1
2024.01.09	11:48:00	15733.23	15734.79	15725.34	15728.54	604	0	1
2024.01.09	11:49:00	15728.54	15736.55	15727.02	15732.58	4330	0	1
2024.01.09	11:50:00	15732.58	15741.05	15730.97	15734.45	2637	0	2
2024.01.09	11:51:00	15734.45	15741.02	15732.06	15739.78	2530	0	2
2024.01.09	11:52:00	15739.78	15743.26	15736.59	15741.14	3384	0	1
2024.01.09	11:53:00	15741.14	15750.9	15738.68	15747.98	4576	0	4
2024.01.09	11:54:00	15747.98	15751.25	15741.76	15749.05	2465	0	4
2024.01.09	11:55:00	15749.05	15761.9	15747.63	15755.63	2913	0	1
2024.01.09	11:56:00	15755.63	15766.87	15752.75	15762.89	3014	0	2
2024.01.09	11:57:00	15762.89	15773.59	15750.87	15756.79	2641	0	2
2024.01.09	11:58:00	15756.79	15769.16	15741.71	15742.68	3454	0	4
2024.01.09	11:59:00	15742.68	15762.32	15737.78	15755.31	1379	0	1
2024.01.09	12:00:00	15755.31	15766.43	15750.2	15757.67	2179	0	4
2024.01.09	12:01:00	15757.67	15757.7	15738.81	15744.31	2613	0	1
2024.01.09	12:02:00	15744.31	15746.32	15737.28	15738.93	2837	0	3
2024.01.09	12:03:00	15738.93	15745.7	15738.58	15745.4	2718	0	3
2024.01.09	12:04:00	15745.4	15748.21	15738.38	15743.49	2383	0	1
2024.01.09	12:05:00	15743.49	15744.56	15735.3	15739.72	4525	0	1
2024.01.09	12:06:00	15739.72	15753.97	15737.96	15751.2	4103	0	2
2024.01.09	12:07:00	15751.2	15753.37	15736.35	15743.17	4491	0	4
2024.01.09	12:08:00	15743.17	15743.97	15732.84	15737.12	3176	0	3
2024.01.09	12:09:00	15737.12	15742.48	15736.98	15739.12	2688	0	4
2024.01.09	12:10:00	15739.12	15744.49	15736.61	15742.55	2439	0	2
2024.01.09	12:11:00	15742.55	15747.97	15742.22	15746.82	4404	0	3
2024.01.09	12:12:00	15746.82	15756.68	15742.24	15754.4	3496	0	4
2024.01.09	12:13:00	15754.4	15757.1	15748.32	15756.3	4344	0	2
2024.01.09	12:14:00	15756.3	15764.98	15754.39	15760.52	4324	0	4
2024.01.09	12:15:00	15760.52	15764.19	15753.22	15758.77	4767	0	4
2024.01.09	12:16:00	15758.77	15764.12	15755.06	15759.58	2953	0	3
2024.01.09	12:17:00	15759.58	15761.97	15758.96	15760.76	2127	0	2
2024.01.09	12:18:00	15760.76	15764.4	15751.16	15762.79	4588	0	1
2024.01.09	12:19:00	15762.79	15772.73	15755.04	15769.27	1455	0	1
2024.01.09	12:20:00	15769.27	15779.39	15764.17	15774.02	1953	0	4
2024.01.09	12:21:00	15774.02	15782.38	15773.97	15774.69	4747	0	2
2024.01.09	12:22:00	15774.69	15777.2	15768.0	15768.54	3712	0	4
2024.01.09	12:23:00	15768.54	15775.34	15766.88	15769.4	3131	0	2
2024.01.09	12:24:00	15769.4	15779.0	15764.31	15769.49	2886	0	2
2024.01.09	12:25:00	15769.49	15775.65	15762.15	15771.35	2599	0	3
2024.01.09	12:26:00	15771.35	15792.73	15771.2	15789.3	4533	0	2
2024.01.09	12:27:00	15789.3	15793.2	15780.94	15785.43	2351	0	2
2024.01.09	12:28:00	15785.43	15792.96	15782.83	15789.12	2657	0	2
2024.01.09	12:29:00	15789.12	15798.25	15789.03	15797.98	881	0	4
2024.01.09	12:30:00	15797.98	15802.32	15791.19	15799.08	1015	0	4
2024.01.09	12:31:00	15799.08	15818.97	15795.0	15818.11	1418	0	3
2024.01.09	12:32:00	15818.11	15825.44	15812.97	15815.4	1848	0	4
2024.01.09	12:33:00	15815.4	15818.74	15813.84	15818.31	1812	0	2
2024.01.09	12:34:00	15818.31	15826.76	15808.3	15812.23	3500	0	3
2024.01.09	12:35:00	15812.23	15813.77	15801.89	15809.73	2980	0	2
2024.01.09	12:36:00	15809.73	15818.01	15809.12	15812.04	518	0	2
2024.01.09	12:37:00	15812.04	15825.64	15807.47	15819.13	2825	0	3
2024.01.09	12:38:00	15819.13	15823.15	15813.92	15822.01	869	0	2
2024.01.09	12:39:00	15822.01	15834.56	15819.29	15832.41	2942	0	1
2024.01.09	12:40:00	15832.41	15838.58	15829.13	15831.97	725	0	2
2024.01.09	12:41:00	15831.97	15832.71	15827.77	15829.62	844	0	1
2024.01.09	12:42:00	15829.62	15860.01	15827.77	15851.63	4217	0	3
2024.01.09	12:43:00	15851.63	15860.37	15848.95	15855.11	543	0	3
2024.01.09	12:44:00	15855.11	15859.18	15849.09	15849.65	4876	0	1
2024.01.09	12:45:00	15849.65	15853.4	15841.58	15844.4	2584	0	2
2024.01.09	12:46:00	15844.4	15847.63	15833.3	15837.15	4217	0	2
2024.01.09	12:47:00	15837.15	15846.19	15833.79	15844.98	1370	0	1
2024.01.09	12:48:00	15844.98	15847.18	15840.1	15842.38	2600	0	1
2024.01.09	12:49:00	15842.38	15846.59	15839.03	15843.72	4512	0	2
2024.01.09	12:50:00	15843.72	15848.25	15838.18	15843.52	846	0	3
2024.01.09	12:51:00	15843.52	15851.55	15843.22	15849.71	2439	0	3
2024.01.09	12:52:00	15849.71	15851.2	15839.5	15843.23	1052	0	1
2024.01.09	12:53:00	15843.23	15844.33	15830.75	15834.92	2083	0	1
2024.01.09	12:54:00	15834.92	15838.63	15832.58	15837.04	4867	0	1
2024.01.09	12:55:00	15837.04	15842.58	15835.23	15842.17	2948	0	4
2024.01.09	12:56:00	15842.17	15847.15	15838.95	15845.16	2002	0	3
2024.01.09	12:57:00	15845.16	15850.51	15838.91	15838.98	3328	0	2
2024.01.09	12:58:00	15838.98	15847.2	15838.95	15844.73	1767	0	1
2024.01.09	12:59:00	15844.73	15848.85	15834.64	15839.08	868	0	1
2024.01.09	13:00:00	15839.08	15840.37	15833.29	15835.22	3043	0	2
2024.01.09	13:01:00	15835.22	15837.63	15826.38	15827.97	3836	0	4
2024.01.09	13:02:00	15827.97	15839.16	15819.73	15838.72	1304	0	1
2024.01.09	13:03:00	15838.72	15847.69	15832.5	15844.11	1119	0	3
2024.01.09	13:04:00	15844.11	15849.55	15840.57	15849.29	3190	0	3
2024.01.09	13:05:00	15849.29	15864.22	15843.39	15859.62	2240	0	4
2024.01.09	13:06:00	15859.62	15885.84	15855.11	15882.54	4710	0	2
2024.01.09	13:07:00	15882.54	15889.11	15867.37	15869.11	2105	0	2
2024.01.09	13:08:00	15869.11	15870.25	15862.21	15863.5	2265	0	3
2024.01.09	13:09:00	15863.5	15865.04	15858.56	15858.87	3061	0	2
2024.01.09	13:10:00	15858.87	15860.67	15849.87	15852.35	4900	0	1
2024.01.09	13:11:00	15852.35	15853.04	15843.6	15844.02	3602	0	3
2024.01.09	13:12:00	15844.02	15846.87	15839.47	15841.94	3498	0	4
2024.01.09	13:13:00	15841.94	15843.99	15830.88	15832.5	4103	0	4
2024.01.09	13:14:00	15832.5	15835.73	15831.0	15835.5	4171	0	1
2024.01.09	13:15:00	15835.5	15838.71	15835.18	15836.23	2872	0	4
2024.01.09	13:16:00	15836.23	15845.77	15830.66	15840.4	1789	0	3
2024.01.09	13:17:00	15840.4	15845.62	15838.47	15844.79	1199	0	3
2024.01.09	13:18:00	15844.79	15852.48	15844.41	15849.95	3052	0	2
2024.01.09	13:19:00	15849.95	15855.64	15844.41	15847.27	3631	0	4
2024.01.09	13:20:00	15847.27	15870.24	15845.57	15864.62	2148	0	3
2024.01.09	13:21:00	15864.62	15869.15	15863.01	15866.82	2654	0	1
2024.01.09	13:22:00	15866.82	15868.04	15851.2	15852.18	2504	0	1
2024.01.09	13:23:00	15852.18	15857.92	15837.4	15844.45	3150	0	3
2024.01.09	13:24:00	15844.45	15845.28	15822.43	15830.81	4184	0	2
2024.01.09	13:25:00	15830.81	15835.65	15819.88	15831.27	2496	0	3
2024.01.09	13:26:00	15831.27	15832.69	15828.65	15830.61	2836	0	4
2024.01.09	13:27:00	15830.61	15844.41	15823.34	15827.17	2373	0	2
2024.01.09	13:28:00	15827.17	15847.1	15826.3	15843.61	1858	0	4
2024.01.09	13:29:00	15843.61	15852.07	15839.89	15848.33	3656	0	1
2024.01.09	13:30:00	15848.33	15855.69	15841.69	15854.48	3275	0	2
2024.01.09	13:31:00	15854.48	15858.44	15841.82	15847.32	2858	0	2
2024.01.09	13:32:00	15847.32	15849.84	15839.09	15839.62	1826	0	3
2024.01.09	13:33:00	15839.62	15842.98	15831.77	15840.23	4405	0	1
2024.01.09	13:34:00	15840.23	15847.04	15835.27	15841.94	4121	0	2
2024.01.09	13:35:00	15841.94	15847.02	15826.91	15827.37	3845	0	2
2024.01.09	13:36:00	15827.37	15827.6	15824.45	15826.24	4169	0	3
2024.01.09	13:37:00	15826.24	15827.3	15822.03	15826.67	2643	0	1
2024.01.09	13:38:00	15826.67	15829.98	15820.49	15825.26	3325	0	3
2024.01.09	13:39:00	15825.26	15826.48	15818.41	15819.06	1463	0	3
2024.01.09	13:40:00	15819.06	15824.31	15814.93	15815.06	4023	0	3
2024.01.09	13:41:00	15815.06	15820.05	15807.08	15813.96	579	0	3
2024.01.09	13:42:00	15813.96	15817.9	15808.26	15815.0	2788	0	3
2024.01.09	13:43:00	15815.0	15826.96	15813.59	15820.16	1424	0	1
2024.01.09	13:44:00	15820.16	15834.49	15819.59	15829.14	3180	0	3
2024.01.09	13:45:00	15829.14	15829.81	15823.2	15827.1	1765	0	3
2024.01.09	13:46:00	15827.1	15827.23	15822.97	15823.76	4839	0	1
2024.01.09	13:47:00	15823.76	15829.58	15819.74	15827.58	1031	0	1
2024.01.09	13:48:00	15827.58	15840.43	15825.16	15832.8	4200	0	2
2024.01.09	13:49:00	15832.8	15833.22	15828.81	15829.63	3510	0	2
2024.01.09	13:50:00	15829.63	15838.46	15828.39	15836.28	4981	0	1
2024.01.09	13:51:00	15836.28	15848.42	15831.78	15844.46	1967	0	4
2024.01.09	13:52:00	15844.46	15855.36	15843.86	15855.14	3672	0	3
2024.01.09	13:53:00	15855.14	15880.15	15850.79	15869.74	636	0	4
2024.01.09	13:54:00	15869.74	15873.52	15859.49	15863.1	3546	0	4
2024.01.09	13:55:00	15863.1	15865.96	15860.23	15863.53	2465	0	3
2024.01.09	13:56:00	15863.53	15867.72	15860.0	15863.94	3768	0	4
2024.01.09	13:57:00	15863.94	15870.21	15862.85	15863.47	4029	0	3
2024.01.09	13:58:00	15863.47	15866.69	15852.94	15858.57	2689	0	4
2024.01.09	13:59:00	15858.57	15860.75	15844.77	15846.96	2028	0	1
2024.01.09	14:00:00	15846.96	15851.49	15838.23	15848.02	3708	0	4
2024.01.09	14:01:00	15848.02	15853.58	15839.57	15842.17	4560	0	2
2024.01.09	14:02:00	15842.17	15844.63	15840.4	15843.18	2117	0	2
2024.01.09	14:03:00	15843.18	15848.84	15835.09	15837.13	4337	0	2
2024.01.09	14:04:00	15837.13	15837.37	15828.03	15828.63	2496	0	2
2024.01.09	14:05:00	15828.63	15832.87	15825.18	15830.82	4502	0	2
2024.01.09	14:06:00	15830.82	15833.55	15830.54	15832.35	3420	0	2
2024.01.09	14:07:00	15832.35	15839.81	15830.58	15837.31	3505	0	4
2024.01.09	14:08:00	15837.31	15855.75	15836.08	15855.17	3597	0	3
2024.01.09	14:09:00	15855.17	15862.47	15851.61	15857.71	4129	0	4
2024.01.09	14:10:00	15857.71	15863.91	15853.2	15861.92	4375	0	4
2024.01.09	14:11:00	15861.92	15864.98	15850.65	15853.59	2250	0	3
2024.01.09	14:12:00	15853.59	15857.56	15839.13	15843.58	3856	0	2
2024.01.09	14:13:00	15843.58	15859.27	15841.25	15856.6	3619	0	3
2024.01.09	14:14:00	15856.6	15857.11	15846.9	15849.5	3162	0	1
2024.01.09	14:15:00	15849.5	15855.73	15838.47	15841.44	1507	0	3
2024.01.09	14:16:00	15841.44	15845.03	15838.71	15841.45	2594	0	1
2024.01.09	14:17:00	15841.45	15847.02	15837.47	15841.04	1421	0	2
2024.01.09	14:18:00	15841.04	15846.86	15830.81	15834.12	1114	0	2
2024.01.09	14:19:00	15834.12	15834.62	15828.45	15831.99	4746	0	4
2024.01.09	14:20:00	15831.99	15843.72	15829.44	15842.17	3757	0	3
2024.01.09	14:21:00	15842.17	15845.27	15831.06	15836.02	2969	0	3
2024.01.09	14:22:00	15836.02	15840.63	15820.9	15825.16	2488	0	3
2024.01.09	14:23:00	15825.16	15837.55	15822.99	15833.03	822	0	3
2024.01.09	14:24:00	15833.03	15842.51	15827.15	15837.3	2079	0	1
2024.01.09	14:25:00	15837.3	15837.73	15830.19	15832.64	1387	0	1
2024.01.09	14:26:00	15832.64	15833.98	15819.81	15820.28	2921	0	4
2024.01.09	14:27:00	15820.28	15826.03	15813.13	15814.63	2576	0	3
2024.01.09	14:28:00	15814.63	15815.23	15809.05	15814.51	4835	0	3
2024.01.09	14:29:00	15814.51	15824.54	15813.9	15824.16	4306	0	2
2024.01.09	14:30:00	15824.16	15828.9	15814.05	15816.17	3204	0	4
2024.01.09	14:31:00	15816.17	15824.23	15811.31	15815.81	4531	0	1
2024.01.09	14:32:00	15815.81	15823.37	15814.19	15821.54	1982	0	2
2024.01.09	14:33:00	15821.54	15824.33	15800.47	15802.79	1010	0	3
2024.01.09	14:34:00	15802.79	15813.97	15798.28	15811.38	3022	0	2
2024.01.09	14:35:00	15811.38	15811.42	15798.95	15802.23	779	0	4
2024.01.09	14:36:00	15802.23	15806.16	15799.29	15805.2	4743	0	1
2024.01.09	14:37:00	15805.2	15810.94	15802.72	15807.49	1047	0	3
2024.01.09	14:38:00	15807.49	15818.35	15803.42	15816.49	4353	0	4
2024.01.09	14:39:00	15816.49	15821.94	15809.05	15821.22	3521	0	1
2024.01.09	14:40:00	15821.22	15824.44	15801.29	15802.51	1610	0	3
2024.01.09	14:41:00	15802.51	15804.55	15794.01	15796.54	2897	0	1
2024.01.09	14:42:00	15796.54	15805.27	15796.48	15797.96	2947	0	3
2024.01.09	14:43:00	15797.96	15800.66	15791.59	15796.72	3820	0	2
2024.01.09	14:44:00	15796.72	15802.55	15796.43	15800.86	2420	0	4
2024.01.09	14:45:00	15800.86	15808.72	15794.82	15807.49	3170	0	1
2024.01.09	14:46:00	15807.49	15816.83	15807.22	15812.68	2370	0	2
2024.01.09	14:47:00	15812.68	15814.96	15807.25	15811.28	931	0	1
2024.01.09	14:48:00	15811.28	15814.08	15794.63	15796.82	3698	0	3
2024.01.09	14:49:00	15796.82	15807.06	15793.06	15793.49	1659	0	1
2024.01.09	14:50:00	15793.49	15801.17	15789.76	15797.14	1755	0	3
2024.01.09	14:51:00	15797.14	15803.55	15785.48	15788.73	1991	0	2
2024.01.09	14:52:00	15788.73	15795.57	15787.84	15794.1	3049	0	4
2024.01.09	14:53:00	15794.1	15803.19	15788.78	15801.68	3684	0	1
2024.01.09	14:54:00	15801.68	15804.61	15801.04	15803.01	4166	0	3
2024.01.09	14:55:00	15803.01	15810.83	15777.62	15778.83	3185	0	1
2024.01.09	14:56:00	15778.83	15779.96	15768.0	15768.94	2290	0	1
2024.01.09	14:57:00	15768.94	15789.42	15763.69	15784.32	4760	0	4
2024.01.09	14:58:00	15784.32	15784.8	15777.46	15780.27	2637	0	4
2024.01.09	14:59:00	15780.27	15787.35	15757.96	15764.74	1154	0	4
2024.01.09	15:00:00	15764.74	15776.57	15758.8	15774.92	4107	0	1
2024.01.09	15:01:00	15774.92	15780.45	15767.31	15775.34	4723	0	4
2024.01.09	15:02:00	15775.34	15785.52	15775.17	15784.48	1808	0	2
2024.01.09	15:03:00	15784.48	15792.68	15783.07	15787.01	1490	0	1
2024.01.09	15:04:00	15787.01	15800.46	15785.06	15790.99	2084	0	2
2024.01.09	15:05:00	15790.99	15799.23	15790.04	15794.21	2045	0	1
2024.01.09	15:06:00	15794.21	15801.08	15787.25	15800.11	1366	0	3
2024.01.09	15:07:00	15800.11	15822.81	15796.83	15818.66	655	0	3
2024.01.09	15:08:00	15818.66	15830.9	15817.72	15826.75	1344	0	1
2024.01.09	15:09:00	15826.75	15828.56	15808.53	15814.41	1834	0	4
2024.01.09	15:10:00	15814.41	15820.85	15812.37	15818.3	1347	0	3
2024.01.09	15:11:00	15818.3	15832.94	15817.45	15827.76	1398	0	3
2024.01.09	15:12:00	15827.76	15839.27	15827.72	15837.72	4744	0	1
2024.01.09	15:13:00	15837.72	15841.77	15834.52	15834.62	1477	0	4
2024.01.09	15:14:00	15834.62	15846.2	15829.13	15844.28	4197	0	2
2024.01.09	15:15:00	15844.28	15854.08	15839.11	15852.04	3074	0	2
2024.01.09	15:16:00	15852.04	15873.99	15851.43	15873.02	2462	0	1
2024.01.09	15:17:00	15873.02	15874.13	15863.78	15867.31	4013	0	4
2024.01.09	15:18:00	15867.31	15867.76	15858.51	15863.55	576	0	3
2024.01.09	15:19:00	15863.55	15863.95	15859.16	15861.41	3852	0	4
2024.01.09	15:20:00	15861.41	15862.14	15856.41	15857.79	2372	0	3
2024.01.09	15:21:00	15857.79	15862.09	15846.75	15850.96	4231	0	1
2024.01.09	15:22:00	15850.96	15859.91	15823.81	15829.12	4830	0	3
2024.01.09	15:23:00	15829.12	15829.84	15820.05	15825.95	3791	0	2
2024.01.09	15:24:00	15825.95	15829.26	15819.37	15829.23	1015	0	3
2024.01.09	15:25:00	15829.23	15830.26	15823.66	15825.59	4894	0	3
2024.01.09	15:26:00	15825.59	15844.07	15824.51	15841.43	3919	0	4
2024.01.09	15:27:00	15841.43	15844.92	15841.22	15841.85	583	0	1
2024.01.09	15:28:00	15841.85	15854.3	15841.59	15852.53	1356	0	4
2024.01.09	15:29:00	15852.53	15856.63	15847.37	15854.94	4945	0	2
2024.01.09	15:30:00	15854.94	15865.52	15850.78	15861.9	4264	0	3
2024.01.09	15:31:00	15861.9	15864.53	15858.3	15864.46	2344	0	3
2024.01.09	15:32:00	15864.46	15879.67	15863.63	15875.78	4804	0	3
2024.01.09	15:33:00	15875.78	15877.96	15866.65	15876.54	2650	0	3
2024.01.09	15:34:00	15876.54	15881.8	15874.93	15880.85	4402	0	3
2024.01.09	15:35:00	15880.85	15887.98	15874.35	15884.11	3098	0	4
2024.01.09	15:36:00	15884.11	15887.46	15881.05	15882.11	3470	0	2
2024.01.09	15:37:00	15882.11	15886.13	15881.88	15885.69	538	0	2
2024.01.09	15:38:00	15885.69	15905.89	15880.45	15903.99	4865	0	4
2024.01.09	15:39:00	15903.99	15904.0	15900.07	15902.13	1317	0	4
2024.01.09	15:40:00	15902.13	15907.29	15900.15	15905.83	1459	0	2
2024.01.09	15:41:00	15905.83	15918.23	15899.88	15916.28	2506	0	2
2024.01.09	15:42:00	15916.28	15927.0	15911.92	15925.79	3898	0	3
2024.01.09	15:43:00	15925.79	15926.57	15925.51	15926.2	3962	0	4
2024.01.09	15:44:00	15926.2	15930.22	15906.18	15907.31	3319	0	4
2024.01.09	15:45:00	15907.31	15914.51	15898.73	15911.79	4415	0	1
2024.01.09	15:46:00	15911.79	15921.78	15889.93	15894.24	3621	0	1
2024.01.09	15:47:00	15894.24	15909.46	15890.05	15906.39	1164	0	3
2024.01.09	15:48:00	15906.39	15912.61	15905.95	15908.07	4026	0	1
2024.01.09	15:49:00	15908.07	15917.19	15897.05	15916.45	1683	0	4
2024.01.09	15:50:00	15916.45	15919.56	15901.52	15909.5	2838	0	2
2024.01.09	15:51:00	15909.5	15910.9	15893.6	15897.31	3233	0	2
2024.01.09	15:52:00	15897.31	15905.75	15889.88	15899.73	2264	0	4
2024.01.09	15:53:00	15899.73	15903.96	15894.37	15899.78	2124	0	4
2024.01.09	15:54:00	15899.78	15901.96	15893.58	15896.14	1705	0	4
2024.01.09	15:55:00	15896.14	15904.2	15890.81	15897.14	1840	0	3
2024.01.09	15:56:00	15897.14	15925.59	15894.23	15919.75	4937	0	4
2024.01.09	15:57:00	15919.75	15928.96	15917.78	15926.79	2224	0	2
2024.01.09	15:58:00	15926.79	15936.48	15924.21	15935.58	2627	0	1
2024.01.09	15:59:00	15935.58	15945.52	15934.11	15942.71	3657	0	3
2024.01.10	09:30:00	15942.71	15956.98	15940.2	15954.98	1618	0	1
2024.01.10	09:31:00	15954.98	15960.92	15948.43	15953.76	1393	0	1
2024.01.10	09:32:00	15953.76	15955.72	15927.92	15937.49	1445	0	2
2024.01.10	09:33:00	15937.49	15940.74	15932.14	15936.29	778	0	3
2024.01.10	09:34:00	15936.29	15945.32	15931.92	15943.16	2530	0	4
2024.01.10	09:35:00	15943.16	15944.56	15933.13	15935.65	515	0	1
2024.01.10	09:36:00	15935.65	15936.68	15929.33	15934.54	2203	0	3
2024.01.10	09:37:00	15934.54	15937.39	15927.98	15929.28	2870	0	3
2024.01.10	09:38:00	15929.28	15949.75	15924.96	15941.72	1661	0	3
2024.01.10	09:39:00	15941.72	15949.57	15938.0	15948.09	1625	0	3
2024.01.10	09:40:00	15948.09	15953.99	15943.93	15953.67	3202	0	2
2024.01.10	09:41:00	15953.67	15961.1	15952.43	15959.01	3027	0	1
2024.01.10	09:42:00	15959.01	15963.22	15958.73	15959.03	4049	0	1
2024.01.10	09:43:00	15959.03	15961.0	15957.31	15960.95	4464	0	1
2024.01.10	09:44:00	15960.95	15962.89	15950.22	15951.69	1617	0	2
2024.01.10	09:45:00	15951.69	15952.08	15931.03	15934.36	1821	0	3
2024.01.10	09:46:00	15934.36	15942.5	15932.7	15935.89	2860	0	1
2024.01.10	09:47:00	15935.89	15941.66	15932.91	15938.82	1326	0	1
2024.01.10	09:48:00	15938.82	15949.34	15938.19	15948.9	3776	0	3
2024.01.10	09:49:00	15948.9	15964.9	15948.68	15961.92	507	0	3
2024.01.10	09:50:00	15961.92	15975.13	15960.89	15974.93	2153	0	4
2024.01.10	09:51:00	15974.93	15975.11	15964.3	15967.18	4916	0	4
2024.01.10	09:52:00	15967.18	15972.42	15962.05	15964.65	3802	0	4
2024.01.10	09:53:00	15964.65	15972.48	15959.89	15968.85	2825	0	1
2024.01.10	09:54:00	15968.85	15989.75	15967.07	15989.66	516	0	2
2024.01.10	09:55:00	15989.66	16006.79	15985.09	16001.97	4109	0	2
2024.01.10	09:56:00	16001.97	16012.61	15997.38	16011.36	2506	0	3
2024.01.10	09:57:00	16011.36	16012.86	16004.28	16008.54	4361	0	4
2024.01.10	09:58:00	16008.54	16015.45	15995.99	16001.7	4026	0	4
2024.01.10	09:59:00	16001.7	16017.62	15995.28	16008.41	4978	0	4
2024.01.10	10:00:00	16008.41	16016.83	15993.76	15999.81	1030	0	1
2024.01.10	10:01:00	15999.81	16001.06	15997.73	15998.2	4368	0	1
2024.01.10	10:02:00	15998.2	16000.57	15994.64	15997.59	3702	0	2
2024.01.10	10:03:00	15997.59	16012.24	15992.36	16010.82	1823	0	4
2024.01.10	10:04:00	16010.82	16014.66	16003.35	16008.27	4300	0	2
2024.01.10	10:05:00	16008.27	16009.61	15985.33	15988.83	3039	0	1
2024.01.10	10:06:00	15988.83	15997.04	15985.46	15993.23	3469	0	1
2024.01.10	10:07:00	15993.23	15998.95	15984.49	15987.89	4832	0	3
2024.01.10	10:08:00	15987.89	15997.08	15984.7	15988.55	3077	0	4
2024.01.10	10:09:00	15988.55	15995.02	15982.42	15988.17	3350	0	2
2024.01.10	10:10:00	15988.17	15992.31	15982.1	15986.28	4394	0	1
2024.01.10	10:11:00	15986.28	15996.99	15981.04	15993.0	3960	0	1
2024.01.10	10:12:00	15993.0	15995.16	15973.14	15980.91	3384	0	2
2024.01.10	10:13:00	15980.91	15984.78	15975.47	15977.04	4579	0	2
2024.01.10	10:14:00	15977.04	15982.96	15976.62	15982.9	4596	0	2
2024.01.10	10:15:00	15982.9	15984.11	15977.42	15978.25	3261	0	1
2024.01.10	10:16:00	15978.25	15978.79	15965.43	15965.56	942	0	4
2024.01.10	10:17:00	15965.56	15972.97	15962.1	15971.28	3616	0	2
2024.01.10	10:18:00	15971.28	15985.56	15969.48	15980.69	1996	0	1
2024.01.10	10:19:00	15980.69	15988.28	15980.4	15980.64	3147	0	2
2024.01.10	10:20:00	15980.64	15986.51	15961.32	15965.1	2196	0	3
2024.01.10	10:21:00	15965.1	15979.83	15958.67	15971.13	2023	0	4
2024.01.10	10:22:00	15971.13	15972.9	15957.52	15958.03	4886	0	2
2024.01.10	10:23:00	15958.03	15960.86	15954.72	15960.84	1619	0	3
2024.01.10	10:24:00	15960.84	15962.72	15949.4	15953.99	1222	0	2
2024.01.10	10:25:00	15953.99	15960.97	15938.09	15944.94	3350	0	3
2024.01.10	10:26:00	15944.94	15951.98	15935.36	15941.7	3399	0	3
2024.01.10	10:27:00	15941.7	15946.97	15936.95	15940.53	4915	0	1
2024.01.10	10:28:00	15940.53	15942.79	15935.41	15935.65	758	0	3
2024.01.10	10:29:00	15935.65	15946.73	15932.37	15940.72	4622	0	4
2024.01.10	10:30:00	15940.72	15945.18	15932.18	15937.44	4278	0	1
2024.01.10	10:31:00	15937.44	15947.25	15934.95	15945.67	1444	0	2
2024.01.10	10:32:00	15945.67	15951.58	15945.55	15948.26	4184	0	3
2024.01.10	10:33:00	15948.26	15949.24	15938.48	15942.95	4292	0	1
2024.01.10	10:34:00	15942.95	15946.9	15935.76	15936.28	1017	0	3
2024.01.10	10:35:00	15936.28	15943.32	15917.08	15923.31	594	0	3
2024.01.10	10:36:00	15923.31	15931.72	15918.96	15925.97	3473	0	3
2024.01.10	10:37:00	15925.97	15927.58	15922.89	15923.43	3152	0	2
2024.01.10	10:38:00	15923.43	15924.78	15893.79	15904.63	4384	0	4
2024.01.10	10:39:00	15904.63	15906.73	15898.0	15900.64	4686	0	2
2024.01.10	10:40:00	15900.64	15906.53	15893.29	15893.7	968	0	3
2024.01.10	10:41:00	15893.7	15909.09	15892.83	15906.71	4817	0	2
2024.01.10	10:42:00	15906.71	15911.33	15893.18	15893.31	4339	0	4
2024.01.10	10:43:00	15893.31	15895.66	15881.06	15882.04	3213	0	2
2024.01.10	10:44:00	15882.04	15891.49	15879.89	15891.28	2124	0	2
2024.01.10	10:45:00	15891.28	15904.14	15891.25	15902.52	3338	0	2
2024.01.10	10:46:00	15902.52	15904.74	15896.24	15896.84	3041	0	3
2024.01.10	10:47:00	15896.84	15897.23	15889.24	15892.07	2254	0	4
2024.01.10	10:48:00	15892.07	15899.7	15884.64	15897.35	851	0	3
2024.01.10	10:49:00	15897.35	15898.96	15877.03	15878.95	3756	0	1
2024.01.10	10:50:00	15878.95	15884.26	15855.25	15864.31	1875	0	1
2024.01.10	10:51:00	15864.31	15866.6	15855.21	15862.37	1605	0	1
2024.01.10	10:52:00	15862.37	15876.39	15858.97	15875.14	2188	0	4
2024.01.10	10:53:00	15875.14	15875.96	15868.34	15871.96	652	0	1
2024.01.10	10:54:00	15871.96	15874.89	15869.22	15873.08	2262	0	1
2024.01.10	10:55:00	15873.08	15883.98	15870.8	15882.52	4258	0	2
2024.01.10	10:56:00	15882.52	15902.49	15882.32	15899.79	3791	0	1
2024.01.10	10:57:00	15899.79	15901.98	15891.44	15895.46	771	0	1
2024.01.10	10:58:00	15895.46	15898.01	15894.6	15895.65	1985	0	1
2024.01.10	10:59:00	15895.65	15912.68	15893.01	15910.64	3491	0	1
2024.01.10	11:00:00	15910.64	15913.03	15897.66	15898.7	4690	0	3
2024.01.10	11:01:00	15898.7	15908.02	15897.16	15907.29	2466	0	2
2024.01.10	11:02:00	15907.29	15909.51	15891.64	15899.41	4947	0	2
2024.01.10	11:03:00	15899.41	15906.69	15896.98	15900.55	694	0	4
2024.01.10	11:04:00	15900.55	15901.82	15887.37	15898.91	4596	0	4
2024.01.10	11:05:00	15898.91	15898.97	15884.19	15891.52	1219	0	1
2024.01.10	11:06:00	15891.52	15895.27	15882.96	15883.93	3782	0	4
2024.01.10	11:07:00	15883.93	15889.44	15882.95	15886.47	953	0	1
2024.01.10	11:08:00	15886.47	15897.26	15879.08	15894.8	4952	0	3
2024.01.10	11:09:00	15894.8	15897.43	15889.6	15894.07	1464	0	3
2024.01.10	11:10:00	15894.07	15898.06	15893.66	15894.95	2156	0	3
2024.01.10	11:11:00	15894.95	15901.43	15892.19	15899.87	3358	0	2
2024.01.10	11:12:00	15899.87	15909.95	15891.65	15892.37	725	0	3
2024.01.10	11:13:00	15892.37	15899.27	15889.28	15898.64	3067	0	1
2024.01.10	11:14:00	15898.64	15906.06	15898.55	15905.55	1814	0	2
2024.01.10	11:15:00	15905.55	15928.23	15904.31	15926.86	2448	0	4
2024.01.10	11:16:00	15926.86	15927.5	15922.88	15924.14	1998	0	3
2024.01.10	11:17:00	15924.14	15931.44	15917.02	15920.77	4293	0	3
2024.01.10	11:18:00	15920.77	15938.7	15919.14	15927.29	2554	0	1
2024.01.10	11:19:00	15927.29	15938.15	15925.06	15934.21	3888	0	2
2024.01.10	11:20:00	15934.21	15935.35	15928.88	15930.21	687	0	1
2024.01.10	11:21:00	15930.21	15943.22	15923.41	15927.28	3572	0	3
2024.01.10	11:22:00	15927.28	15935.37	15922.02	15931.96	2225	0	2
2024.01.10	11:23:00	15931.96	15939.72	15924.45	15925.61	3194	0	4
2024.01.10	11:24:00	15925.61	15926.59	15919.31	15922.62	4309	0	4
2024.01.10	11:25:00	15922.62	15931.55	15917.39	15923.66	3632	0	1
2024.01.10	11:26:00	15923.66	15932.88	15914.57	15932.01	2090	0	2
2024.01.10	11:27:00	15932.01	15932.44	15920.08	15927.45	1519	0	4
2024.01.10	11:28:00	15927.45	15930.83	15911.57	15912.92	4493	0	1
2024.01.10	11:29:00	15912.92	15913.0	15896.78	15897.8	1669	0	1
2024.01.10	11:30:00	15897.8	15898.66	15883.05	15887.98	659	0	4
2024.01.10	11:31:00	15887.98	15891.71	15872.63	15877.74	1841	0	2
2024.01.10	11:32:00	15877.74	15879.63	15873.95	15876.81	548	0	3
2024.01.10	11:33:00	15876.81	15877.97	15864.99	15867.57	3834	0	1
2024.01.10	11:34:00	15867.57	15868.13	15860.17	15862.25	4503	0	2
2024.01.10	11:35:00	15862.25	15863.63	15855.0	15856.35	2445	0	3
2024.01.10	11:36:00	15856.35	15860.03	15850.14	15853.13	3262	0	2
2024.01.10	11:37:00	15853.13	15865.42	15848.45	15864.06	4817	0	4
2024.01.10	11:38:00	15864.06	15874.65	15860.58	15869.7	4662	0	4
2024.01.10	11:39:00	15869.7	15874.35	15867.75	15870.15	680	0	3
2024.01.10	11:40:00	15870.15	15875.91	15864.01	15866.76	810	0	2
2024.01.10	11:41:00	15866.76	15868.66	15862.61	15863.6	2224	0	1
2024.01.10	11:42:00	15863.6	15870.44	15862.24	15866.55	1755	0	1
2024.01.10	11:43:00	15866.55	15873.6	15866.35	15871.56	1196	0	4
2024.01.10	11:44:00	15871.56	15874.17	15862.0	15864.58	1180	0	4
2024.01.10	11:45:00	15864.58	15865.33	15861.0	15865.19	4173	0	4
2024.01.10	11:46:00	15865.19	15867.15	15847.18	15849.2	1372	0	4
2024.01.10	11:47:00	15849.2	15851.75	15839.17	15851.21	2658	0	1
2024.01.10	11:48:00	15851.21	15861.43	15850.48	15857.65	702	0	3
2024.01.10	11:49:00	15857.65	15859.73	15855.57	15855.72	3290	0	2
2024.01.10	11:50:00	15855.72	15875.15	15855.38	15870.63	3835	0	1
2024.01.10	11:51:00	15870.63	15874.92	15861.94	15863.86	3190	0	3
2024.01.10	11:52:00	15863.86	15867.01	15857.39	15865.93	1782	0	3
2024.01.10	11:53:00	15865.93	15867.34	15859.09	15865.96	855	0	3
2024.01.10	11:54:00	15865.96	15868.67	15861.53	15865.47	2301	0	2
2024.01.10	11:55:00	15865.47	15871.86	15862.28	15864.87	4026	0	1
2024.01.10	11:56:00	15864.87	15869.31	15864.74	15866.04	1038	0	1
2024.01.10	11:57:00	15866.04	15875.69	15863.81	15873.18	4198	0	1
2024.01.10	11:58:00	15873.18	15887.48	15871.97	15884.57	4609	0	4
2024.01.10	11:59:00	15884.57	15885.79	15884.32	15884.87	3233	0	3
2024.01.10	12:00:00	15884.87	15893.08	15883.95	15891.75	4298	0	2
2024.01.10	12:01:00	15891.75	15896.8	15882.28	15886.42	1764	0	4
2024.01.10	12:02:00	15886.42	15896.86	15884.48	15892.9	3295	0	2
2024.01.10	12:03:00	15892.9	15893.04	15882.48	15887.09	3758	0	2
2024.01.10	12:04:00	15887.09	15898.91	15884.94	15896.18	3717	0	4
2024.01.10	12:05:00	15896.18	15917.62	15885.54	15914.3	3652	0	3
2024.01.10	12:06:00	15914.3	15914.54	15913.03	15913.64	1373	0	3
2024.01.10	12:07:00	15913.64	15915.26	15886.59	15896.3	4606	0	4
2024.01.10	12:08:00	15896.3	15898.69	15888.79	15892.21	3568	0	2
2024.01.10	12:09:00	15892.21	15904.4	15889.86	15902.44	1028	0	1
2024.01.10	12:10:00	15902.44	15910.35	15902.24	15907.21	3377	0	3
2024.01.10	12:11:00	15907.21	15912.27	15904.47	15909.54	4594	0	2
2024.01.10	12:12:00	15909.54	15919.15	15902.46	15917.98	607	0	4
2024.01.10	12:13:00	15917.98	15925.05	15914.53	15922.21	4491	0	2
2024.01.10	12:14:00	15922.21	15938.29	15920.6	15932.35	1986	0	4
2024.01.10	12:15:00	15932.35	15942.81	15925.91	15940.08	1838	0	3
2024.01.10	12:16:00	15940.08	15954.09	15938.31	15952.69	2694	0	3
2024.01.10	12:17:00	15952.69	15961.32	15946.36	15955.91	3722	0	3
2024.01.10	12:18:00	15955.91	15964.52	15952.86	15963.54	963	0	1
2024.01.10	12:19:00	15963.54	15964.29	15947.7	15961.38	1686	0	4
2024.01.10	12:20:00	15961.38	15962.11	15953.83	15956.84	4133	0	2
2024.01.10	12:21:00	15956.84	15975.33	15954.65	15970.95	1557	0	3
2024.01.10	12:22:00	15970.95	15978.5	15967.98	15973.02	2072	0	2
2024.01.10	12:23:00	15973.02	15981.96	15970.2	15979.85	3386	0	1
2024.01.10	12:24:00	15979.85	15987.38	15979.08	15981.17	1627	0	2
2024.01.10	12:25:00	15981.17	15982.12	15975.7	15976.75	725	0	2
2024.01.10	12:26:00	15976.75	15978.48	15975.86	15977.16	2873	0	4
2024.01.10	12:27:00	15977.16	15989.6	15975.29	15989.1	934	0	2
2024.01.10	12:28:00	15989.1	15994.94	15987.48	15993.91	2238	0	4
2024.01.10	12:29:00	15993.91	16000.39	15973.05	15980.38	3470	0	3
2024.01.10	12:30:00	15980.38	15986.85	15974.04	15978.96	3827	0	3
2024.01.10	12:31:00	15978.96	15997.25	15978.3	15993.7	4783	0	4
2024.01.10	12:32:00	15993.7	16003.88	15983.22	15992.29	4422	0	4
2024.01.10	12:33:00	15992.29	15997.94	15969.92	15978.04	653	0	2
2024.01.10	12:34:00	15978.04	16001.95	15976.69	15993.68	2689	0	2
2024.01.10	12:35:00	15993.68	16009.4	15993.16	15999.53	603	0	3
2024.01.10	12:36:00	15999.53	16001.11	15998.01	15999.28	4105	0	1
2024.01.10	12:37:00	15999.28	16004.51	15986.95	15996.59	836	0	1
2024.01.10	12:38:00	15996.59	16010.08	15990.31	16005.68	3997	0	2
2024.01.10	12:39:00	16005.68	16007.45	15995.79	16001.61	507	0	3
2024.01.10	12:40:00	16001.61	16012.7	15998.3	16011.24	999	0	4
2024.01.10	12:41:00	16011.24	16019.35	16006.12	16015.95	4677	0	3
2024.01.10	12:42:00	16015.95	16021.45	16010.69	16018.26	1337	0	2
2024.01.10	12:43:00	16018.26	16021.48	16016.55	16019.76	2633	0	4
2024.01.10	12:44:00	16019.76	16023.08	16016.74	16018.66	2841	0	3
2024.01.10	12:45:00	16018.66	16029.65	16016.46	16027.47	3614	0	4
2024.01.10	12:46:00	16027.47	16031.11	16020.04	16020.76	4707	0	3
2024.01.10	12:47:00	16020.76	16022.1	16002.88	16007.93	2373	0	4
2024.01.10	12:48:00	16007.93	16013.67	16006.39	16013.23	3215	0	4
2024.01.10	12:49:00	16013.23	16021.28	16011.01	16018.67	4987	0	3
2024.01.10	12:50:00	16018.67	16024.88	16016.57	16022.89	987	0	4
2024.01.10	12:51:00	16022.89	16032.75	16020.92	16026.52	2659	0	4
2024.01.10	12:52:00	16026.52	16027.35	16021.83	16024.24	1865	0	1
2024.01.10	12:53:00	16024.24	16032.41	16015.91	16030.95	4726	0	3
2024.01.10	12:54:00	16030.95	16031.66	16029.9	16030.9	3267	0	4
2024.01.10	12:55:00	16030.9	16032.75	16021.39	16027.27	3423	0	3
2024.01.10	12:56:00	16027.27	16031.46	16024.74	16025.06	1342	0	2
2024.01.10	12:57:00	16025.06	16043.52	16024.02	16041.78	4764	0	1
2024.01.10	12:58:00	16041.78	16042.82	16025.63	16028.02	803	0	3
2024.01.10	12:59:00	16028.02	16039.65	16022.76	16032.39	2728	0	4
2024.01.10	13:00:00	16032.39	16039.68	16014.28	16019.09	3647	0	3
2024.01.10	13:01:00	16019.09	16025.01	16016.69	16018.53	4454	0	4
2024.01.10	13:02:00	16018.53	16021.78	16005.79	16015.33	1730	0	1
2024.01.10	13:03:00	16015.33	16019.89	15998.61	15998.75	2002	0	3
2024.01.10	13:04:00	15998.75	16003.15	15997.33	16002.23	670	0	4
2024.01.10	13:05:00	16002.23	16008.0	15999.31	15999.47	3475	0	2
2024.01.10	13:06:00	15999.47	16004.99	15981.41	15982.79	1386	0	4
2024.01.10	13:07:00	15982.79	15991.8	15978.37	15989.91	3277	0	1
2024.01.10	13:08:00	15989.91	16008.42	15985.43	16001.85	881	0	4
2024.01.10	13:09:00	16001.85	16017.59	15994.69	16014.25	2690	0	1
2024.01.10	13:10:00	16014.25	16017.93	16010.78	16017.48	2653	0	1
2024.01.10	13:11:00	16017.48	16023.31	16015.46	16018.17	2756	0	4
2024.01.10	13:12:00	16018.17	16030.58	16018.03	16029.27	1889	0	4
2024.01.10	13:13:00	16029.27	16044.36	16022.32	16043.25	1265	0	2
2024.01.10	13:14:00	16043.25	16057.23	16036.13	16052.78	3991	0	1
2024.01.10	13:15:00	16052.78	16055.04	16041.78	16045.45	4577	0	3
2024.01.10	13:16:00	16045.45	16052.54	16043.25	16047.41	1745	0	2
2024.01.10	13:17:00	16047.41	16057.23	16042.57	16051.3	2543	0	2
2024.01.10	13:18:00	16051.3	16053.67	16033.86	16036.92	990	0	1
2024.01.10	13:19:00	16036.92	16042.63	16031.4	16041.06	1181	0	3
2024.01.10	13:20:00	16041.06	16064.17	16032.82	16059.85	2086	0	1
2024.01.10	13:21:00	16059.85	16066.49	16055.43	16065.38	3669	0	4
2024.01.10	13:22:00	16065.38	16083.51	16064.34	16077.69	3527	0	1
2024.01.10	13:23:00	16077.69	16089.08	16070.33	16079.5	3772	0	4
2024.01.10	13:24:00	16079.5	16091.18	16077.31	16079.23	900	0	3
2024.01.10	13:25:00	16079.23	16084.8	16075.52	16082.65	703	0	2
2024.01.10	13:26:00	16082.65	16083.21	16074.9	16076.33	1737	0	2
2024.01.10	13:27:00	16076.33	16077.46	16064.51	16068.81	1997	0	2
2024.01.10	13:28:00	16068.81	16085.26	16061.84	16079.44	2813	0	1
2024.01.10	13:29:00	16079.44	16094.17	16076.71	16090.94	3129	0	1
2024.01.10	13:30:00	16090.94	16098.04	16078.46	16083.18	1346	0	3
2024.01.10	13:31:00	16083.18	16094.07	16077.02	16091.39	4197	0	4
2024.01.10	13:32:00	16091.39	16094.5	16089.31	16091.0	3859	0	3
2024.01.10	13:33:00	16091.0	16099.09	16089.43	16094.1	1897	0	4
2024.01.10	13:34:00	16094.1	16100.27	16090.54	16098.17	3406	0	3
2024.01.10	13:35:00	16098.17	16107.88	16092.08	16106.6	1848	0	2
2024.01.10	13:36:00	16106.6	16115.95	16103.28	16107.6	772	0	4
2024.01.10	13:37:00	16107.6	16120.19	16105.47	16119.42	3814	0	1
2024.01.10	13:38:00	16119.42	16127.13	16113.85	16122.27	887	0	2
2024.01.10	13:39:00	16122.27	16127.93	16116.65	16127.69	1486	0	3
2024.01.10	13:40:00	16127.69	16128.77	16118.85	16121.21	1863	0	1
2024.01.10	13:41:00	16121.21	16144.4	16119.54	16139.16	4531	0	4
2024.01.10	13:42:00	16139.16	16144.97	16132.31	16143.33	3137	0	2
2024.01.10	13:43:00	16143.33	16154.42	16135.73	16149.48	4056	0	3
2024.01.10	13:44:00	16149.48	16150.05	16135.21	16136.66	4586	0	3
2024.01.10	13:45:00	16136.66	16139.91	16129.01	16130.26	4518	0	1
2024.01.10	13:46:00	16130.26	16142.86	16126.41	16140.69	3241	0	2
2024.01.10	13:47:00	16140.69	16150.14	16137.57	16143.36	2091	0	4
2024.01.10	13:48:00	16143.36	16143.91	16127.36	16128.05	2316	0	4
2024.01.10	13:49:00	16128.05	16138.12	16127.74	16136.85	1245	0	3
2024.01.10	13:50:00	16136.85	16140.52	16132.28	16132.73	3148	0	2
2024.01.10	13:51:00	16132.73	16152.52	16131.88	16144.59	3132	0	3
2024.01.10	13:52:00	16144.59	16147.83	16142.8	16144.19	4875	0	3
2024.01.10	13:53:00	16144.19	16153.52	16143.7	16146.19	1354	0	1
2024.01.10	13:54:00	16146.19	16163.4	16144.53	16156.16	3905	0	2
2024.01.10	13:55:00	16156.16	16160.18	16144.5	16149.14	1697	0	1
2024.01.10	13:56:00	16149.14	16155.57	16137.82	16141.34	853	0	3
2024.01.10	13:57:00	16141.34	16144.98	16137.95	16140.06	2302	0	1
2024.01.10	13:58:00	16140.06	16153.78	16132.39	16147.15	4837	0	4
2024.01.10	13:59:00	16147.15	16147.19	16135.08	16136.59	2582	0	2
2024.01.10	14:00:00	16136.59	16137.45	16121.59	16123.29	1336	0	4
2024.01.10	14:01:00	16123.29	16135.43	16120.73	16130.34	1950	0	4
2024.01.10	14:02:00	16130.34	16131.77	16125.54	16125.74	3626	0	2
2024.01.10	14:03:00	16125.74	16126.54	16120.6	16122.86	1781	0	3
2024.01.10	14:04:00	16122.86	16123.81	16107.03	16108.03	1541	0	1
2024.01.10	14:05:00	16108.03	16114.62	16096.82	16102.81	1610	0	4
2024.01.10	14:06:00	16102.81	16103.59	16099.8	16103.07	868	0	4
2024.01.10	14:07:00	16103.07	16116.41	16103.0	16110.98	3605	0	3
2024.01.10	14:08:00	16110.98	16117.46	16101.99	16105.01	1942	0	3
2024.01.10	14:09:00	16105.01	16129.83	16098.95	16118.86	1876	0	1
2024.01.10	14:10:00	16118.86	16120.38	16112.51	16113.59	1977	0	2
2024.01.10	14:11:00	16113.59	16116.48	16107.44	16108.34	3624	0	3
2024.01.10	14:12:00	16108.34	16124.75	16106.5	16121.21	4433	0	1
2024.01.10	14:13:00	16121.21	16125.29	16118.81	16123.26	3842	0	3
2024.01.10	14:14:00	16123.26	16126.6	16116.07	16119.07	3054	0	4
2024.01.10	14:15:00	16119.07	16122.63	16117.56	16118.13	3714	0	4
2024.01.10	14:16:00	16118.13	16132.41	16113.53	16129.5	1521	0	1
2024.01.10	14:17:00	16129.5	16144.67	16124.61	16141.8	4614	0	3
2024.01.10	14:18:00	16141.8	16141.99	16130.86	16135.45	3256	0	1
2024.01.10	14:19:00	16135.45	16135.92	16134.66	16135.43	4795	0	1
2024.01.10	14:20:00	16135.43	16142.18	16126.47	16136.49	1705	0	4
2024.01.10	14:21:00	16136.49	16139.36	16128.31	16128.75	1160	0	3
2024.01.10	14:22:00	16128.75	16129.04	16126.18	16128.62	3716	0	3
2024.01.10	14:23:00	16128.62	16131.46	16122.2	16128.99	1942	0	4
2024.01.10	14:24:00	16128.99	16146.99	16121.69	16138.62	1435	0	1
2024.01.10	14:25:00	16138.62	16151.33	16134.18	16148.82	4044	0	3
2024.01.10	14:26:00	16148.82	16149.99	16145.86	16146.45	2898	0	1
2024.01.10	14:27:00	16146.45	16151.01	16138.41	16145.02	4018	0	1
2024.01.10	14:28:00	16145.02	16151.59	16144.32	16150.78	1596	0	4
2024.01.10	14:29:00	16150.78	16156.74	16143.77	16146.31	819	0	2
2024.01.10	14:30:00	16146.31	16155.0	16141.08	16151.45	2343	0	1
2024.01.10	14:31:00	16151.45	16153.45	16150.51	16151.05	4829	0	4
2024.01.10	14:32:00	16151.05	16151.63	16138.5	16143.45	3136	0	3
2024.01.10	14:33:00	16143.45	16145.12	16130.34	16135.95	4352	0	2
2024.01.10	14:34:00	16135.95	16149.94	16135.11	16148.11	4293	0	4
2024.01.10	14:35:00	16148.11	16154.37	16144.53	16147.15	4546	0	3
2024.01.10	14:36:00	16147.15	16165.43	16142.09	16160.89	2564	0	2
2024.01.10	14:37:00	16160.89	16162.18	16155.42	16157.01	1419	0	2
2024.01.10	14:38:00	16157.01	16162.73	16151.46	16159.72	4549	0	1
2024.01.10	14:39:00	16159.72	16180.91	16156.56	16179.63	2754	0	2
2024.01.10	14:40:00	16179.63	16181.84	16169.49	16171.29	1940	0	2
2024.01.10	14:41:00	16171.29	16171.6	16153.01	16156.08	2482	0	2
2024.01.10	14:42:00	16156.08	16170.26	16149.72	16166.94	4021	0	1
2024.01.10	14:43:00	16166.94	16168.98	16152.68	16160.49	2121	0	1
2024.01.10	14:44:00	16160.49	16165.02	16155.23	16160.65	4241	0	3
2024.01.10	14:45:00	16160.65	16165.35	16154.63	16156.17	1523	0	2
2024.01.10	14:46:00	16156.17	16160.33	16155.88	16158.69	1929	0	1
2024.01.10	14:47:00	16158.69	16162.81	16149.85	16151.24	1128	0	3
2024.01.10	14:48:00	16151.24	16154.34	16149.11	16150.09	4420	0	1
2024.01.10	14:49:00	16150.09	16163.01	16147.11	16154.09	4417	0	2
2024.01.10	14:50:00	16154.09	16158.65	16141.84	16146.17	1431	0	4
2024.01.10	14:51:00	16146.17	16149.13	16136.28	16140.77	2886	0	2
2024.01.10	14:52:00	16140.77	16142.69	16134.24	16138.25	4061	0	1
2024.01.10	14:53:00	16138.25	16140.53	16124.18	16126.9	3203	0	3
2024.01.10	14:54:00	16126.9	16128.76	16122.32	16123.78	3404	0	1
2024.01.10	14:55:00	16123.78	16130.84	16123.57	16125.07	1677	0	3
2024.01.10	14:56:00	16125.07	16126.24	16115.9	16122.13	631	0	4
2024.01.10	14:57:00	16122.13	16124.35	16117.48	16120.24	4707	0	2
2024.01.10	14:58:00	16120.24	16120.67	16116.45	16120.4	4609	0	1
2024.01.10	14:59:00	16120.4	16124.88	16113.5	16115.37	4713	0	4
2024.01.10	15:00:00	16115.37	16127.55	16114.57	16121.33	694	0	3
2024.01.10	15:01:00	16121.33	16142.0	16119.83	16133.38	3521	0	2
2024.01.10	15:02:00	16133.38	16134.71	16128.89	16129.91	1629	0	1
2024.01.10	15:03:00	16129.91	16137.56	16125.18	16134.19	1942	0	3
2024.01.10	15:04:00	16134.19	16136.08	16130.08	16132.56	2357	0	4
2024.01.10	15:05:00	16132.56	16144.81	16128.29	16135.87	1547	0	1
2024.01.10	15:06:00	16135.87	16151.53	16134.74	16148.99	3176	0	2
2024.01.10	15:07:00	16148.99	16164.87	16143.49	16153.47	3178	0	2
2024.01.10	15:08:00	16153.47	16164.32	16136.92	16139.3	4676	0	2
2024.01.10	15:09:00	16139.3	16150.89	16133.44	16143.33	4247	0	1
2024.01.10	15:10:00	16143.33	16154.58	16142.21	16153.73	3660	0	3
2024.01.10	15:11:00	16153.73	16158.37	16151.29	16152.24	4851	0	4
2024.01.10	15:12:00	16152.24	16163.74	16149.2	16160.71	2427	0	1
2024.01.10	15:13:00	16160.71	16161.88	16152.73	16155.39	806	0	1
2024.01.10	15:14:00	16155.39	16163.86	16138.51	16143.56	4456	0	2
2024.01.10	15:15:00	16143.56	16145.41	16143.33	16145.04	2003	0	3
2024.01.10	15:16:00	16145.04	16149.73	16128.69	16131.01	2508	0	1
2024.01.10	15:17:00	16131.01	16134.45	16128.42	16129.37	2260	0	4
2024.01.10	15:18:00	16129.37	16145.89	16125.76	16140.21	4599	0	3
2024.01.10	15:19:00	16140.21	16140.78	16117.77	16124.93	2160	0	2
2024.01.10	15:20:00	16124.93	16126.31	16114.41	16114.81	3577	0	2
2024.01.10	15:21:00	16114.81	16117.24	16105.92	16106.71	3504	0	2
2024.01.10	15:22:00	16106.71	16111.56	16103.82	16106.52	3001	0	3
2024.01.10	15:23:00	16106.52	16108.64	16099.35	16103.86	2962	0	1
2024.01.10	15:24:00	16103.86	16118.02	16101.53	16115.59	824	0	2
2024.01.10	15:25:00	16115.59	16128.06	16114.31	16123.71	4511	0	2
2024.01.10	15:26:00	16123.71	16131.86	16119.01	16128.07	2000	0	2
2024.01.10	15:27:00	16128.07	16130.14	16123.61	16129.59	1501	0	4
2024.01.10	15:28:00	16129.59	16137.06	16126.49	16133.12	1487	0	1
2024.01.10	15:29:00	16133.12	16133.85	16122.26	16126.4	2296	0	1
2024.01.10	15:30:00	16126.4	16139.72	16126.25	16133.73	3307	0	2
2024.01.10	15:31:00	16133.73	16133.97	16124.66	16124.97	2935	0	2
2024.01.10	15:32:00	16124.97	16137.07	16124.22	16132.11	4258	0	4
2024.01.10	15:33:00	16132.11	16143.73	16122.8	16142.13	4175	0	2
2024.01.10	15:34:00	16142.13	16144.9	16139.91	16144.17	2009	0	3
2024.01.10	15:35:00	16144.17	16144.79	16138.21	16143.06	4204	0	3
2024.01.10	15:36:00	16143.06	16148.59	16141.53	16146.65	3568	0	3
2024.01.10	15:37:00	16146.65	16149.48	16121.42	16123.59	4367	0	2
2024.01.10	15:38:00	16123.59	16126.53	16118.45	16126.39	501	0	4
2024.01.10	15:39:00	16126.39	16126.63	16120.25	16125.78	2836	0	2
2024.01.10	15:40:00	16125.78	16134.21	16123.4	16125.69	3314	0	2
2024.01.10	15:41:00	16125.69	16136.69	16124.91	16131.78	1587	0	1
2024.01.10	15:42:00	16131.78	16135.19	16126.32	16131.5	3449	0	4
2024.01.10	15:43:00	16131.5	16132.03	16119.6	16122.51	3768	0	4
2024.01.10	15:44:00	16122.51	16126.61	16115.07	16121.68	1125	0	1
2024.01.10	15:45:00	16121.68	16127.15	16120.26	16122.55	4796	0	3
2024.01.10	15:46:00	16122.55	16124.4	16121.72	16123.81	4755	0	4
2024.01.10	15:47:00	16123.81	16127.81	16120.32	16125.45	1783	0	1
2024.01.10	15:48:00	16125.45	16135.26	16119.87	16134.27	1398	0	3
2024.01.10	15:49:00	16134.27	16138.21	16118.74	16125.72	1392	0	4
2024.01.10	15:50:00	16125.72	16131.79	16121.73	16127.48	664	0	3
2024.01.10	15:51:00	16127.48	16141.13	16126.62	16138.34	601	0	4
2024.01.10	15:52:00	16138.34	16139.08	16120.55	16124.49	1905	0	1
2024.01.10	15:53:00	16124.49	16126.45	16121.01	16126.28	3499	0	2
2024.01.10	15:54:00	16126.28	16129.06	16116.58	16121.82	3564	0	3
2024.01.10	15:55:00	16121.82	16130.52	16116.38	16119.12	2952	0	4
2024.01.10	15:56:00	16119.12	16124.88	16111.93	16112.06	3425	0	1
2024.01.10	15:57:00	16112.06	16115.09	16110.15	16111.0	1106	0	1
2024.01.10	15:58:00	16111.0	16129.99	16109.58	16126.35	4977	0	2
2024.01.10	15:59:00	16126.35	16127.53	16112.85	16116.35	1397	0	4
2024.01.11	09:30:00	16116.35	16119.66	16105.56	16107.13	2150	0	4
2024.01.11	09:31:00	16107.13	16107.65	16095.48	16096.83	3480	0	4
2024.01.11	09:32:00	16096.83	16116.99	16095.1	16111.24	1073	0	3
2024.01.11	09:33:00	16111.24	16114.44	16101.8	16107.79	2462	0	3
2024.01.11	09:34:00	16107.79	16108.46	16106.59	16107.91	4702	0	2
2024.01.11	09:35:00	16107.91	16108.11	16101.53	16104.94	1549	0	3
2024.01.11	09:36:00	16104.94	16109.4	16093.21	16097.57	3288	0	1
2024.01.11	09:37:00	16097.57	16098.0	16093.8	16095.97	3226	0	1
2024.01.11	09:38:00	16095.97	16116.89	16092.64	16116.34	846	0	1
2024.01.11	09:39:00	16116.34	16134.79	16112.31	16128.03	736	0	1
2024.01.11	09:40:00	16128.03	16131.7	16121.06	16121.39	1158	0	2
2024.01.11	09:41:00	16121.39	16131.47	16112.74	16127.0	572	0	2
2024.01.11	09:42:00	16127.0	16135.47	16115.8	16120.53	2892	0	4
2024.01.11	09:43:00	16120.53	16126.01	16102.72	16106.36	1673	0	4
2024.01.11	09:44:00	16106.36	16117.04	16101.75	16115.0	3192	0	4
2024.01.11	09:45:00	16115.0	16127.84	16110.5	16124.79	1802	0	1
2024.01.11	09:46:00	16124.79	16137.05	16114.65	16133.66	2075	0	3
2024.01.11	09:47:00	16133.66	16141.4	16128.34	16130.14	969	0	2
2024.01.11	09:48:00	16130.14	16135.9	16124.85	16129.1	4078	0	3
2024.01.11	09:49:00	16129.1	16136.04	16126.31	16135.55	1016	0	1
2024.01.11	09:50:00	16135.55	16139.62	16135.54	16139.07	4607	0	1
2024.01.11	09:51:00	16139.07	16141.71	16133.96	16136.18	1255	0	2
2024.01.11	09:52:00	16136.18	16136.73	16122.13	16123.27	4957	0	1
2024.01.11	09:53:00	16123.27	16127.28	16119.48	16124.53	3760	0	2
2024.01.11	09:54:00	16124.53	16133.98	16123.23	16133.66	4205	0	2
2024.01.11	09:55:00	16133.66	16141.06	16121.71	16124.2	4127	0	4
2024.01.11	09:56:00	16124.2	16130.13	16119.93	16129.74	2505	0	3
2024.01.11	09:57:00	16129.74	16137.05	16129.51	16132.77	1317	0	1
2024.01.11	09:58:00	16132.77	16144.81	16129.67	16139.22	3544	0	3
2024.01.11	09:59:00	16139.22	16147.19	16136.41	16146.68	3455	0	1
2024.01.11	10:00:00	16146.68	16149.79	16139.75	16141.32	4132	0	4
2024.01.11	10:01:00	16141.32	16142.33	16126.49	16128.43	1551	0	1
2024.01.11	10:02:00	16128.43	16135.05	16121.42	16124.4	4185	0	1
2024.01.11	10:03:00	16124.4	16134.8	16121.83	16131.98	4460	0	3
2024.01.11	10:04:00	16131.98	16136.31	16122.97	16127.88	3790	0	3
2024.01.11	10:05:00	16127.88	16128.07	16119.63	16122.53	1710	0	3
2024.01.11	10:06:00	16122.53	16123.91	16107.12	16107.99	1610	0	4
2024.01.11	10:07:00	16107.99	16129.63	16101.1	16122.62	1083	0	1
2024.01.11	10:08:00	16122.62	16130.38	16121.86	16129.68	4232	0	4
2024.01.11	10:09:00	16129.68	16144.24	16128.29	16136.29	2476	0	1
2024.01.11	10:10:00	16136.29	16146.82	16136.09	16144.53	1879	0	3
2024.01.11	10:11:00	16144.53	16155.39	16132.22	16149.57	1193	0	2
2024.01.11	10:12:00	16149.57	16150.42	16145.12	16147.89	2723	0	3
2024.01.11	10:13:00	16147.89	16149.3	16143.15	16146.87	1392	0	1
2024.01.11	10:14:00	16146.87	16151.86	16140.9	16143.7	4261	0	3
2024.01.11	10:15:00	16143.7	16169.28	16136.75	16165.58	2025	0	4
2024.01.11	10:16:00	16165.58	16172.63	16164.54	16170.45	2506	0	2
2024.01.11	10:17:00	16170.45	16171.79	16165.18	16166.98	3473	0	4
2024.01.11	10:18:00	16166.98	16171.76	16166.84	16171.11	3646	0	3
2024.01.11	10:19:00	16171.11	16175.77	16161.01	16163.16	1025	0	2
2024.01.11	10:20:00	16163.16	16181.31	16162.74	16175.8	843	0	3
2024.01.11	10:21:00	16175.8	16178.23	16168.6	16170.71	1778	0	3
2024.01.11	10:22:00	16170.71	16178.19	16167.01	16175.14	3860	0	2
2024.01.11	10:23:00	16175.14	16187.9	16168.63	16184.2	4362	0	2
2024.01.11	10:24:00	16184.2	16191.07	16182.4	16187.67	4875	0	2
2024.01.11	10:25:00	16187.67	16192.58	16184.27	16188.77	1731	0	1
2024.01.11	10:26:00	16188.77	16192.54	16187.14	16189.18	3936	0	3
2024.01.11	10:27:00	16189.18	16191.42	16185.05	16189.05	1258	0	3
2024.01.11	10:28:00	16189.05	16191.28	16180.97	16184.64	1351	0	3
2024.01.11	10:29:00	16184.64	16191.05	16180.94	16181.28	2901	0	3
2024.01.11	10:30:00	16181.28	16199.73	16179.21	16193.73	939	0	2
2024.01.11	10:31:00	16193.73	16200.54	16187.87	16193.17	649	0	2
2024.01.11	10:32:00	16193.17	16194.48	16176.09	16187.05	4978	0	4
2024.01.11	10:33:00	16187.05	16195.55	16181.47	16183.14	4117	0	1
2024.01.11	10:34:00	16183.14	16199.01	16180.43	16192.49	3541	0	1
2024.01.11	10:35:00	16192.49	16202.34	16187.58	16198.35	1501	0	2
2024.01.11	10:36:00	16198.35	16205.03	16194.64	16203.27	843	0	3
2024.01.11	10:37:00	16203.27	16207.23	16198.31	16201.48	1097	0	2
2024.01.11	10:38:00	16201.48	16212.95	16189.58	16206.51	2396	0	1
2024.01.11	10:39:00	16206.51	16216.42	16198.78	16201.55	4136	0	2
2024.01.11	10:40:00	16201.55	16205.34	16196.81	16199.75	3171	0	1
2024.01.11	10:41:00	16199.75	16213.22	16199.44	16208.03	4292	0	4
2024.01.11	10:42:00	16208.03	16216.63	16206.97	16215.53	4590	0	1
2024.01.11	10:43:00	16215.53	16222.26	16201.14	16207.79	3806	0	1
2024.01.11	10:44:00	16207.79	16211.82	16196.79	16201.1	949	0	4
2024.01.11	10:45:00	16201.1	16206.4	16199.0	16202.31	1555	0	3
2024.01.11	10:46:00	16202.31	16218.71	16202.26	16216.81	2017	0	1
2024.01.11	10:47:00	16216.81	16218.39	16192.37	16201.41	2871	0	4
2024.01.11	10:48:00	16201.41	16204.09	16199.4	16204.02	4068	0	1
2024.01.11	10:49:00	16204.02	16205.83	16191.28	16193.05	4860	0	1
2024.01.11	10:50:00	16193.05	16193.31	16188.06	16188.18	4924	0	1
2024.01.11	10:51:00	16188.18	16191.3	16184.73	16185.51	2649	0	3
2024.01.11	10:52:00	16185.51	16187.89	16179.58	16182.39	4962	0	3
2024.01.11	10:53:00	16182.39	16184.89	16177.71	16178.34	4773	0	2
2024.01.11	10:54:00	16178.34	16181.7	16175.68	16178.72	1249	0	1
2024.01.11	10:55:00	16178.72	16183.0	16171.21	16174.66	3543	0	3
2024.01.11	10:56:00	16174.66	16177.82	16158.01	16163.01	2474	0	2
2024.01.11	10:57:00	16163.01	16173.54	16161.06	16169.72	4302	0	4
2024.01.11	10:58:00	16169.72	16181.1	16166.93	16176.21	4406	0	1
2024.01.11	10:59:00	16176.21	16184.08	16174.08	16183.44	1365	0	4
2024.01.11	11:00:00	16183.44	16192.27	16170.6	16171.14	3216	0	4
2024.01.11	11:01:00	16171.14	16178.12	16169.82	16173.91	4670	0	2
2024.01.11	11:02:00	16173.91	16180.44	16173.05	16179.78	3503	0	3
2024.01.11	11:03:00	16179.78	16180.14	16170.1	16171.65	4340	0	4
2024.01.11	11:04:00	16171.65	16172.5	16169.85	16172.05	3754	0	4
2024.01.11	11:05:00	16172.05	16173.93	16160.75	16171.42	4032	0	3
2024.01.11	11:06:00	16171.42	16191.57	16167.65	16186.84	4312	0	1
2024.01.11	11:07:00	16186.84	16204.81	16173.62	16202.94	4735	0	4
2024.01.11	11:08:00	16202.94	16206.41	16184.47	16189.62	1391	0	1
2024.01.11	11:09:00	16189.62	16212.82	16188.04	16210.4	4049	0	4
2024.01.11	11:10:00	16210.4	16214.07	16198.31	16203.21	2227	0	4
2024.01.11	11:11:00	16203.21	16218.09	16201.96	16211.59	3095	0	3
2024.01.11	11:12:00	16211.59	16225.34	16207.55	16219.88	3457	0	2
2024.01.11	11:13:00	16219.88	16229.43	16211.89	16212.03	3419	0	1
2024.01.11	11:14:00	16212.03	16221.4	16208.03	16216.4	1385	0	2
2024.01.11	11:15:00	16216.4	16219.15	16214.1	16215.84	4194	0	1
2024.01.11	11:16:00	16215.84	16224.2	16207.43	16220.72	3717	0	4
2024.01.11	11:17:00	16220.72	16225.86	16218.15	16222.94	3871	0	4
2024.01.11	11:18:00	16222.94	16240.99	16222.81	16233.09	3274	0	1
2024.01.11	11:19:00	16233.09	16238.01	16231.12	16234.04	3163	0	1
2024.01.11	11:20:00	16234.04	16236.33	16231.3	16232.98	1748	0	4
2024.01.11	11:21:00	16232.98	16245.12	16231.31	16242.32	3191	0	3
2024.01.11	11:22:00	16242.32	16249.53	16238.97	16247.42	1763	0	3
2024.01.11	11:23:00	16247.42	16254.65	16245.88	16253.77	4461	0	3
2024.01.11	11:24:00	16253.77	16255.74	16243.73	16248.62	725	0	2
2024.01.11	11:25:00	16248.62	16254.42	16231.88	16240.35	544	0	4
2024.01.11	11:26:00	16240.35	16243.61	16230.23	16236.01	3779	0	1
2024.01.11	11:27:00	16236.01	16236.85	16230.56	16231.23	3730	0	4
2024.01.11	11:28:00	16231.23	16238.64	16230.17	16238.01	3017	0	4
2024.01.11	11:29:00	16238.01	16254.39	16236.37	16246.37	3045	0	1
2024.01.11	11:30:00	16246.37	16247.94	16243.5	16245.42	656	0	4
2024.01.11	11:31:00	16245.42	16258.92	16241.83	16257.52	4272	0	3
2024.01.11	11:32:00	16257.52	16269.52	16256.25	16269.11	4312	0	4
2024.01.11	11:33:00	16269.11	16272.26	16267.6	16271.44	1424	0	4
2024.01.11	11:34:00	16271.44	16280.59	16261.03	16265.0	570	0	4
2024.01.11	11:35:00	16265.0	16278.57	16259.35	16278.3	2864	0	1
2024.01.11	11:36:00	16278.3	16280.64	16276.8	16278.12	1637	0	2
2024.01.11	11:37:00	16278.12	16287.2	16273.64	16279.49	1074	0	2
2024.01.11	11:38:00	16279.49	16280.76	16274.12	16277.02	1007	0	4
2024.01.11	11:39:00	16277.02	16283.63	16266.89	16270.01	3467	0	3
2024.01.11	11:40:00	16270.01	16273.06	16252.77	16258.24	2116	0	3
2024.01.11	11:41:00	16258.24	16268.91	16255.66	16263.78	3936	0	2
2024.01.11	11:42:00	16263.78	16271.19	16251.2	16257.65	1914	0	1
2024.01.11	11:43:00	16257.65	16284.68	16253.37	16283.18	3305	0	2
2024.01.11	11:44:00	16283.18	16283.47	16271.03	16274.56	1724	0	2
2024.01.11	11:45:00	16274.56	16279.42	16261.39	16264.52	2996	0	1
2024.01.11	11:46:00	16264.52	16271.64	16261.38	16269.05	3645	0	1
2024.01.11	11:47:00	16269.05	16284.39	16266.45	16281.98	2045	0	4
2024.01.11	11:48:00	16281.98	16286.52	16279.21	16282.84	4495	0	1
2024.01.11	11:49:00	16282.84	16291.53	16277.41	16287.88	3379	0	1
2024.01.11	11:50:00	16287.88	16293.62	16272.73	16273.01	1406	0	1
2024.01.11	11:51:00	16273.01	16274.64	16265.47	16267.75	4547	0	2
2024.01.11	11:52:00	16267.75	16269.49	16255.64	16259.24	2743	0	1
2024.01.11	11:53:00	16259.24	16264.44	16235.11	16243.97	3746	0	3
2024.01.11	11:54:00	16243.97	16249.59	16239.21	16245.25	2055	0	1
2024.01.11	11:55:00	16245.25	16252.58	16224.39	16227.14	603	0	1
2024.01.11	11:56:00	16227.14	16228.47	16214.52	16216.6	3034	0	4
2024.01.11	11:57:00	16216.6	16219.04	16209.12	16212.52	2789	0	2
2024.01.11	11:58:00	16212.52	16213.18	16204.98	16206.02	3757	0	2
2024.01.11	11:59:00	16206.02	16211.32	16204.74	16209.6	3813	0	1
2024.01.11	12:00:00	16209.6	16213.91	16209.1	16212.43	3597	0	2
2024.01.11	12:01:00	16212.43	16222.75	16212.42	16220.09	2768	0	1
2024.01.11	12:02:00	16220.09	16227.75	16219.65	16226.6	527	0	1
2024.01.11	12:03:00	16226.6	16240.43	16222.37	16236.3	3161	0	2
2024.01.11	12:04:00	16236.3	16238.13	16232.31	16236.61	4774	0	1
2024.01.11	12:05:00	16236.61	16242.98	16236.0	16239.43	4602	0	2
2024.01.11	12:06:00	16239.43	16246.02	16234.43	16243.96	866	0	2
2024.01.11	12:07:00	16243.96	16247.76	16243.03	16245.45	4432	0	2
2024.01.11	12:08:00	16245.45	16246.22	16241.7	16242.51	1149	0	4
2024.01.11	12:09:00	16242.51	16249.89	16235.7	16240.1	865	0	1
2024.01.11	12:10:00	16240.1	16248.14	16233.68	16233.7	618	0	2
2024.01.11	12:11:00	16233.7	16240.93	16231.88	16237.49	2797	0	2
2024.01.11	12:12:00	16237.49	16237.98	16236.03	16237.04	1295	0	2
2024.01.11	12:13:00	16237.04	16242.64	16224.83	16231.92	3300	0	1
2024.01.11	12:14:00	16231.92	16232.82	16220.35	16226.8	2600	0	2
2024.01.11	12:15:00	16226.8	16230.04	16214.6	16217.18	4334	0	2
2024.01.11	12:16:00	16217.18	16232.24	16217.03	16225.54	1447	0	4
2024.01.11	12:17:00	16225.54	16233.11	16222.93	16226.52	1694	0	1
2024.01.11	12:18:00	16226.52	16228.09	16217.74	16219.75	2829	0	2
2024.01.11	12:19:00	16219.75	16230.31	16219.52	16226.72	1129	0	1
2024.01.11	12:20:00	16226.72	16226.76	16221.39	16222.44	2562	0	4
2024.01.11	12:21:00	16222.44	16225.17	16210.73	16211.21	3187	0	3
2024.01.11	12:22:00	16211.21	16224.12	16210.79	16219.92	3277	0	2
2024.01.11	12:23:00	16219.92	16220.17	16210.54	16215.84	2604	0	4
2024.01.11	12:24:00	16215.84	16218.96	16212.08	16212.8	954	0	3
2024.01.11	12:25:00	16212.8	16216.19	16205.56	16213.47	1659	0	1
2024.01.11	12:26:00	16213.47	16224.18	16210.71	16223.17	821	0	3
2024.01.11	12:27:00	16223.17	16227.78	16221.16	16223.66	4743	0	3
2024.01.11	12:28:00	16223.66	16225.03	16209.26	16214.14	3116	0	3
2024.01.11	12:29:00	16214.14	16221.1	16204.49	16218.93	1929	0	1
2024.01.11	12:30:00	16218.93	16220.08	16213.51	16215.27	1858	0	3
2024.01.11	12:31:00	16215.27	16235.28	16211.72	16231.1	748	0	2
2024.01.11	12:32:00	16231.1	16235.91	16228.96	16231.42	2628	0	1
2024.01.11	12:33:00	16231.42	16235.3	16205.71	16213.38	764	0	2
2024.01.11	12:34:00	16213.38	16219.11	16207.09	16216.64	3658	0	2
2024.01.11	12:35:00	16216.64	16234.75	16212.39	16232.94	1404	0	1
2024.01.11	12:36:00	16232.94	16252.2	16232.37	16246.23	950	0	1
2024.01.11	12:37:00	16246.23	16267.18	16242.73	16261.62	1025	0	3
2024.01.11	12:38:00	16261.62	16266.15	16249.77	16253.55	627	0	3
2024.01.11	12:39:00	16253.55	16262.21	16251.12	16261.39	2276	0	1
2024.01.11	12:40:00	16261.39	16263.94	16253.92	16255.77	764	0	1
2024.01.11	12:41:00	16255.77	16259.17	16253.37	16257.94	862	0	4
2024.01.11	12:42:00	16257.94	16261.58	16243.97	16247.79	1485	0	1
2024.01.11	12:43:00	16247.79	16250.73	16238.98	16242.81	3025	0	3
2024.01.11	12:44:00	16242.81	16243.27	16232.11	16237.58	1490	0	2
2024.01.11	12:45:00	16237.58	16249.34	16233.5	16245.29	2337	0	3
2024.01.11	12:46:00	16245.29	16254.71	16242.24	16252.2	2431	0	1
2024.01.11	12:47:00	16252.2	16263.59	16248.4	16254.81	3190	0	1
2024.01.11	12:48:00	16254.81	16262.65	16240.68	16244.02	709	0	4
2024.01.11	12:49:00	16244.02	16250.54	16238.28	16241.78	4951	0	2
2024.01.11	12:50:00	16241.78	16248.99	16229.49	16235.97	916	0	2
2024.01.11	12:51:00	16235.97	16245.4	16235.93	16243.45	4963	0	3
2024.01.11	12:52:00	16243.45	16254.87	16242.08	16253.47	1782	0	2
2024.01.11	12:53:00	16253.47	16264.26	16242.61	16262.49	2376	0	2
2024.01.11	12:54:00	16262.49	16264.84	16252.0	16256.6	801	0	1
2024.01.11	12:55:00	16256.6	16257.83	16230.19	16234.38	2151	0	3
2024.01.11	12:56:00	16234.38	16238.35	16214.62	16220.19	4544	0	1
2024.01.11	12:57:00	16220.19	16235.56	16216.34	16232.2	3566	0	2
2024.01.11	12:58:00	16232.2	16234.91	16225.27	16229.22	3304	0	2
2024.01.11	12:59:00	16229.22	16235.09	16219.19	16223.38	2154	0	3
2024.01.11	13:00:00	16223.38	16244.46	16220.7	16237.2	4666	0	3
2024.01.11	13:01:00	16237.2	16249.29	16232.86	16247.93	4002	0	3
2024.01.11	13:02:00	16247.93	16253.51	16246.03	16248.46	1634	0	3
2024.01.11	13:03:00	16248.46	16255.75	16239.39	16246.37	3207	0	2
2024.01.11	13:04:00	16246.37	16250.56	16243.2	16245.61	2284	0	2
2024.01.11	13:05:00	16245.61	16249.19	16242.45	16247.8	1397	0	4
2024.01.11	13:06:00	16247.8	16262.35	16240.91	16261.3	3450	0	3
2024.01.11	13:07:00	16261.3	16266.88	16259.79	16265.1	2366	0	3
2024.01.11	13:08:00	16265.1	16274.56	16264.83	16271.41	940	0	4
2024.01.11	13:09:00	16271.41	16282.38	16265.62	16281.37	4386	0	1
2024.01.11	13:10:00	16281.37	16283.49	16271.31	16272.06	3227	0	1
2024.01.11	13:11:00	16272.06	16281.96	16268.85	16278.6	2990	0	1
2024.01.11	13:12:00	16278.6	16279.32	16274.4	16276.5	4997	0	2
2024.01.11	13:13:00	16276.5	16279.67	16251.9	16256.1	3694	0	3
2024.01.11	13:14:00	16256.1	16256.92	16235.27	16238.92	4906	0	4
2024.01.11	13:15:00	16238.92	16239.4	16230.06	16230.87	3694	0	3
2024.01.11	13:16:00	16230.87	16243.14	16230.29	16235.56	1261	0	3
2024.01.11	13:17:00	16235.56	16237.89	16232.88	16236.82	2669	0	4
2024.01.11	13:18:00	16236.82	16247.4	16235.77	16238.66	2791	0	1
2024.01.11	13:19:00	16238.66	16260.78	16236.14	16255.04	1829	0	3
2024.01.11	13:20:00	16255.04	16256.89	16243.53	16244.92	1891	0	3
2024.01.11	13:21:00	16244.92	16245.56	16238.14	16245.02	3183	0	1
2024.01.11	13:22:00	16245.02	16249.65	16238.05	16247.85	2352	0	2
2024.01.11	13:23:00	16247.85	16251.75	16239.2	16242.12	1008	0	1
2024.01.11	13:24:00	16242.12	16250.65	16237.01	16242.68	3115	0	2
2024.01.11	13:25:00	16242.68	16242.89	16227.47	16229.85	3188	0	3
2024.01.11	13:26:00	16229.85	16248.91	16221.75	16241.76	4175	0	2
2024.01.11	13:27:00	16241.76	16243.11	16232.62	16236.48	962	0	2
2024.01.11	13:28:00	16236.48	16258.48	16234.9	16253.52	2557	0	3
2024.01.11	13:29:00	16253.52	16254.22	16251.6	16253.58	4558	0	4
2024.01.11	13:30:00	16253.58	16266.08	16251.92	16262.36	1691	0	2
2024.01.11	13:31:00	16262.36	16266.44	16259.44	16262.25	3847	0	3
2024.01.11	13:32:00	16262.25	16266.1	16262.24	16262.32	2046	0	2
2024.01.11	13:33:00	16262.32	16268.59	16254.78	16257.84	1315	0	4
2024.01.11	13:34:00	16257.84	16259.44	16252.88	16259.15	3699	0	3
2024.01.11	13:35:00	16259.15	16269.0	16258.38	16262.09	4030	0	4
2024.01.11	13:36:00	16262.09	16263.67	16249.86	16255.96	4617	0	2
2024.01.11	13:37:00	16255.96	16256.54	16253.31	16255.25	3766	0	3
2024.01.11	13:38:00	16255.25	16257.1	16240.55	16250.56	1879	0	2
2024.01.11	13:39:00	16250.56	16274.02	16247.13	16269.82	3778	0	3
2024.01.11	13:40:00	16269.82	16274.2	16264.65	16269.4	645	0	1
2024.01.11	13:41:00	16269.4	16286.94	16269.08	16282.46	2008	0	3
2024.01.11	13:42:00	16282.46	16283.48	16273.63	16281.18	1458	0	1
2024.01.11	13:43:00	16281.18	16285.61	16275.62	16283.64	2852	0	3
2024.01.11	13:44:00	16283.64	16284.65	16271.1	16273.07	3605	0	2
2024.01.11	13:45:00	16273.07	16274.42	16269.25	16269.72	3135	0	4
2024.01.11	13:46:00	16269.72	16273.71	16268.28	16271.78	1314	0	1
2024.01.11	13:47:00	16271.78	16286.02	16269.46	16285.17	2196	0	1
2024.01.11	13:48:00	16285.17	16292.13	16284.59	16287.33	907	0	3
2024.01.11	13:49:00	16287.33	16304.91	16285.07	16299.07	3021	0	4
2024.01.11	13:50:00	16299.07	16309.73	16296.5	16304.69	3843	0	4
2024.01.11	13:51:00	16304.69	16319.32	16303.74	16318.46	1598	0	3
2024.01.11	13:52:00	16318.46	16321.92	16313.77	16318.29	2875	0	2
2024.01.11	13:53:00	16318.29	16346.17	16317.35	16338.38	4436	0	2
2024.01.11	13:54:00	16338.38	16345.76	16334.61	16334.7	1014	0	4
2024.01.11	13:55:00	16334.7	16337.99	16324.64	16328.68	4821	0	1
2024.01.11	13:56:00	16328.68	16333.95	16317.89	16319.01	1993	0	4
2024.01.11	13:57:00	16319.01	16338.85	16310.09	16338.61	1970	0	2
2024.01.11	13:58:00	16338.61	16350.04	16334.88	16345.72	3713	0	2
2024.01.11	13:59:00	16345.72	16348.98	16341.47	16343.28	2040	0	3
2024.01.11	14:00:00	16343.28	16359.18	16341.4	16353.94	2327	0	2
2024.01.11	14:01:00	16353.94	16362.25	16344.78	16359.97	1472	0	1
2024.01.11	14:02:00	16359.97	16380.76	16357.65	16376.59	1107	0	2
2024.01.11	14:03:00	16376.59	16376.67	16361.78	16364.09	4391	0	1
2024.01.11	14:04:00	16364.09	16365.11	16360.89	16362.22	938	0	3
2024.01.11	14:05:00	16362.22	16368.73	16354.61	16358.71	1235	0	2
2024.01.11	14:06:00	16358.71	16361.54	16341.73	16342.7	4212	0	2
2024.01.11	14:07:00	16342.7	16352.67	16341.34	16351.8	4094	0	2
2024.01.11	14:08:00	16351.8	16355.62	16346.3	16349.89	1470	0	1
2024.01.11	14:09:00	16349.89	16357.69	16346.96	16356.34	4245	0	4
2024.01.11	14:10:00	16356.34	16376.87	16355.56	16376.23	3763	0	2
2024.01.11	14:11:00	16376.23	16378.54	16365.34	16373.62	1922	0	3
2024.01.11	14:12:00	16373.62	16373.63	16367.03	16370.46	856	0	2
2024.01.11	14:13:00	16370.46	16379.02	16365.76	16371.77	3995	0	2
2024.01.11	14:14:00	16371.77	16385.88	16365.63	16380.29	3562	0	1
2024.01.11	14:15:00	16380.29	16380.35	16366.91	16375.91	2538	0	4
2024.01.11	14:16:00	16375.91	16380.47	16367.8	16371.01	1733	0	3
2024.01.11	14:17:00	16371.01	16390.3	16368.88	16380.1	2068	0	2
2024.01.11	14:18:00	16380.1	16387.84	16375.58	16383.57	1728	0	3
2024.01.11	14:19:00	16383.57	16385.89	16363.27	16366.94	4520	0	4
2024.01.11	14:20:00	16366.94	16367.82	16350.19	16357.12	1417	0	3
2024.01.11	14:21:00	16357.12	16373.46	16355.14	16369.88	2540	0	4
2024.01.11	14:22:00	16369.88	16377.11	16364.59	16373.54	3384	0	3
2024.01.11	14:23:00	16373.54	16374.35	16364.81	16367.55	748	0	3
2024.01.11	14:24:00	16367.55	16368.61	16364.54	16366.47	2758	0	2
2024.01.11	14:25:00	16366.47	16368.63	16364.09	16366.91	3355	0	3
2024.01.11	14:26:00	16366.91	16375.08	16365.89	16373.33	2874	0	3
2024.01.11	14:27:00	16373.33	16379.12	16357.11	16362.4	3461	0	4
2024.01.11	14:28:00	16362.4	16362.83	16354.34	16355.76	2696	0	3
2024.01.11	14:29:00	16355.76	16364.47	16354.02	16358.35	3355	0	2
2024.01.11	14:30:00	16358.35	16359.9	16350.8	16357.85	4898	0	2
2024.01.11	14:31:00	16357.85	16364.49	16353.14	16362.92	2121	0	2
2024.01.11	14:32:00	16362.92	16372.88	16351.46	16353.06	2105	0	4
2024.01.11	14:33:00	16353.06	16363.19	16345.75	16356.34	3553	0	1
2024.01.11	14:34:00	16356.34	16372.67	16354.92	16365.71	902	0	3
2024.01.11	14:35:00	16365.71	16373.38	16358.79	16370.08	1809	0	2
2024.01.11	14:36:00	16370.08	16380.64	16369.75	16371.56	1249	0	1
2024.01.11	14:37:00	16371.56	16371.9	16364.31	16371.09	2589	0	1
2024.01.11	14:38:00	16371.09	16372.03	16361.1	16364.5	1047	0	1
2024.01.11	14:39:00	16364.5	16373.44	16363.95	16364.23	1475	0	4
2024.01.11	14:40:00	16364.23	16376.35	16358.59	16375.0	2412	0	4
2024.01.11	14:41:00	16375.0	16379.49	16369.36	16374.34	3259	0	1
2024.01.11	14:42:00	16374.34	16376.03	16363.83	16367.29	2436	0	2
2024.01.11	14:43:00	16367.29	16372.1	16358.45	16363.54	4147	0	2
2024.01.11	14:44:00	16363.54	16372.98	16360.98	16365.53	4099	0	1
2024.01.11	14:45:00	16365.53	16367.81	16355.56	16362.76	939	0	2
2024.01.11	14:46:00	16362.76	16376.56	16362.61	16367.11	3629	0	4
2024.01.11	14:47:00	16367.11	16376.01	16363.85	16371.77	621	0	2
2024.01.11	14:48:00	16371.77	16385.89	16367.25	16379.47	1280	0	3
2024.01.11	14:49:00	16379.47	16399.09	16374.87	16391.61	3925	0	4
2024.01.11	14:50:00	16391.61	16401.07	16388.16	16400.2	3122	0	1
2024.01.11	14:51:00	16400.2	16402.83	16389.6	16392.78	1952	0	4
2024.01.11	14:52:00	16392.78	16394.64	16382.97	16385.61	1191	0	2
2024.01.11	14:53:00	16385.61	16387.75	16382.4	16385.3	1957	0	3
2024.01.11	14:54:00	16385.3	16389.1	16374.93	16381.89	4007	0	4
2024.01.11	14:55:00	16381.89	16387.11	16366.74	16372.78	3041	0	3
2024.01.11	14:56:00	16372.78	16374.61	16367.96	16369.44	1085	0	2
2024.01.11	14:57:00	16369.44	16369.92	16365.02	16365.84	2690	0	4
2024.01.11	14:58:00	16365.84	16370.66	16358.42	16360.6	1405	0	1
2024.01.11	14:59:00	16360.6	16361.82	16355.79	16358.31	1047	0	2
2024.01.11	15:00:00	16358.31	16373.23	16356.27	16368.4	889	0	3
2024.01.11	15:01:00	16368.4	16376.51	16368.34	16370.38	3921	0	2
2024.01.11	15:02:00	16370.38	16393.01	16369.7	16391.21	1221	0	4
2024.01.11	15:03:00	16391.21	16395.9	16387.25	16392.95	1293	0	1
2024.01.11	15:04:00	16392.95	16394.38	16390.77	16390.87	4397	0	3
2024.01.11	15:05:00	16390.87	16394.81	16386.23	16391.24	4217	0	1
2024.01.11	15:06:00	16391.24	16397.57	16388.78	16393.69	2760	0	3
2024.01.11	15:07:00	16393.69	16399.84	16388.71	16397.63	3939	0	4
2024.01.11	15:08:00	16397.63	16418.45	16396.37	16415.21	603	0	4
2024.01.11	15:09:00	16415.21	16417.24	16406.6	16408.52	1252	0	4
2024.01.11	15:10:00	16408.52	16416.01	16404.94	16415.99	2090	0	3
2024.01.11	15:11:00	16415.99	16420.21	16409.92	16418.04	3911	0	2
2024.01.11	15:12:00	16418.04	16420.36	16404.11	16405.31	907	0	2
2024.01.11	15:13:00	16405.31	16416.49	16402.18	16412.04	3474	0	1
2024.01.11	15:14:00	16412.04	16424.56	16406.36	16422.91	815	0	3
2024.01.11	15:15:00	16422.91	16427.48	16412.87	16416.11	4918	0	3
2024.01.11	15:16:00	16416.11	16417.38	16415.24	16416.37	1439	0	4
2024.01.11	15:17:00	16416.37	16420.35	16390.85	16402.36	3703	0	4
2024.01.11	15:18:00	16402.36	16404.5	16388.68	16392.23	3301	0	1
2024.01.11	15:19:00	16392.23	16403.81	16390.11	16401.26	2255	0	4
2024.01.11	15:20:00	16401.26	16408.11	16394.01	16397.72	3934	0	2
2024.01.11	15:21:00	16397.72	16401.57	16383.3	16388.84	3290	0	3
2024.01.11	15:22:00	16388.84	16393.86	16386.16	16391.07	2526	0	3
2024.01.11	15:23:00	16391.07	16394.18	16382.87	16387.07	3478	0	3
2024.01.11	15:24:00	16387.07	16391.14	16381.75	16383.49	1791	0	2
2024.01.11	15:25:00	16383.49	16393.98	16381.96	16389.95	3855	0	1
2024.01.11	15:26:00	16389.95	16399.13	16380.24	16380.64	3653	0	3
2024.01.11	15:27:00	16380.64	16383.81	16372.17	16373.46	2608	0	1
2024.01.11	15:28:00	16373.46	16381.69	16366.72	16375.06	3460	0	3
2024.01.11	15:29:00	16375.06	16390.03	16371.39	16383.43	4224	0	2
2024.01.11	15:30:00	16383.43	16395.0	16376.12	16394.03	3389	0	1
2024.01.11	15:31:00	16394.03	16396.0	16385.82	16388.84	1791	0	3
2024.01.11	15:32:00	16388.84	16402.1	16383.38	16396.95	1745	0	1
2024.01.11	15:33:00	16396.95	16397.2	16387.12	16390.77	4835	0	4
2024.01.11	15:34:00	16390.77	16406.83	16389.93	16406.26	4137	0	1
2024.01.11	15:35:00	16406.26	16408.87	16392.05	16397.17	1896	0	4
2024.01.11	15:36:00	16397.17	16418.34	16390.69	16408.54	3725	0	4
2024.01.11	15:37:00	16408.54	16408.83	16401.1	16403.41	668	0	2
2024.01.11	15:38:00	16403.41	16423.42	16396.15	16420.47	3616	0	3
2024.01.11	15:39:00	16420.47	16430.19	16417.95	16425.72	1400	0	2
2024.01.11	15:40:00	16425.72	16427.47	16417.3	16417.6	1900	0	1
2024.01.11	15:41:00	16417.6	16423.63	16410.4	16413.58	4673	0	2
2024.01.11	15:42:00	16413.58	16423.76	16404.78	16420.41	1125	0	2
2024.01.11	15:43:00	16420.41	16431.5	16418.12	16429.49	4055	0	3
2024.01.11	15:44:00	16429.49	16431.15	16425.18	16429.23	2313	0	3
2024.01.11	15:45:00	16429.23	16430.19	16424.17	16429.93	2477	0	4
2024.01.11	15:46:00	16429.93	16441.52	16429.65	16436.57	2577	0	3
2024.01.11	15:47:00	16436.57	16441.12	16433.96	16437.99	4573	0	4
2024.01.11	15:48:00	16437.99	16438.77	16427.14	16427.56	2750	0	4
2024.01.11	15:49:00	16427.56	16428.65	16416.58	16421.13	1609	0	4
2024.01.11	15:50:00	16421.13	16425.5	16420.71	16423.41	532	0	2
2024.01.11	15:51:00	16423.41	16436.52	16420.39	16433.85	1551	0	3
2024.01.11	15:52:00	16433.85	16453.96	16431.34	16447.63	1213	0	4
2024.01.11	15:53:00	16447.63	16458.44	16443.15	16454.45	1080	0	3
2024.01.11	15:54:00	16454.45	16460.05	16450.24	16457.18	4968	0	1
2024.01.11	15:55:00	16457.18	16465.98	16457.1	16463.75	2490	0	4
2024.01.11	15:56:00	16463.75	16465.45	16453.84	16458.52	4995	0	4
2024.01.11	15:57:00	16458.52	16463.76	16453.32	16457.57	2813	0	3
2024.01.11	15:58:00	16457.57	16462.32	16443.61	16451.03	1486	0	4
2024.01.11	15:59:00	16451.03	16453.39	16436.69	16440.96	1153	0	1
2024.01.12	09:30:00	16440.96	16450.27	16432.51	16444.07	3919	0	4
2024.01.12	09:31:00	16444.07	16451.43	16438.39	16445.94	1015	0	2
2024.01.12	09:32:00	16445.94	16453.3	16442.99	16452.0	733	0	4
2024.01.12	09:33:00	16452.0	16462.97	16451.51	16456.88	2257	0	1
2024.01.12	09:34:00	16456.88	16462.27	16452.59	16459.23	1919	0	3
2024.01.12	09:35:00	16459.23	16466.69	16449.38	16464.2	1546	0	1
2024.01.12	09:36:00	16464.2	16466.77	16456.58	16464.17	2812	0	4
2024.01.12	09:37:00	16464.17	16470.16	16457.73	16467.95	3084	0	2
2024.01.12	09:38:00	16467.95	16467.99	16461.85	16462.22	2453	0	4
2024.01.12	09:39:00	16462.22	16470.97	16458.13	16465.63	2859	0	3
2024.01.12	09:40:00	16465.63	16476.06	16465.41	16471.54	3507	0	2
2024.01.12	09:41:00	16471.54	16472.14	16461.6	16466.28	1231	0	1
2024.01.12	09:42:00	16466.28	16477.38	16464.57	16467.04	2163	0	2
2024.01.12	09:43:00	16467.04	16471.93	16455.57	16462.17	559	0	2
2024.01.12	09:44:00	16462.17	16468.8	16456.19	16458.11	4859	0	2
2024.01.12	09:45:00	16458.11	16463.91	16447.62	16449.07	3401	0	2
2024.01.12	09:46:00	16449.07	16461.66	16447.13	16459.95	4112	0	1
2024.01.12	09:47:00	16459.95	16470.81	16459.14	16469.16	3977	0	4
2024.01.12	09:48:00	16469.16	16477.81	16467.54	16473.97	527	0	4
2024.01.12	09:49:00	16473.97	16494.56	16471.94	16490.76	2697	0	1
2024.01.12	09:50:00	16490.76	16490.76	16487.5	16489.51	4414	0	1
2024.01.12	09:51:00	16489.51	16515.26	16486.21	16515.18	3089	0	1
2024.01.12	09:52:00	16515.18	16521.88	16507.25	16513.6	3190	0	2
2024.01.12	09:53:00	16513.6	16525.66	16513.28	16516.07	4827	0	3
2024.01.12	09:54:00	16516.07	16517.15	16503.8	16513.07	3872	0	2
2024.01.12	09:55:00	16513.07	16516.79	16508.36	16516.51	3954	0	3
2024.01.12	09:56:00	16516.51	16526.46	16507.57	16523.84	4094	0	2
2024.01.12	09:57:00	16523.84	16524.95	16522.96	16523.21	2002	0	1
2024.01.12	09:58:00	16523.21	16539.91	16516.26	16538.42	4880	0	1
2024.01.12	09:59:00	16538.42	16540.76	16535.46	16540.75	4326	0	4
2024.01.12	10:00:00	16540.75	16543.41	16538.22	16543.35	648	0	4
2024.01.12	10:01:00	16543.35	16546.72	16532.07	16536.06	2968	0	2
2024.01.12	10:02:00	16536.06	16540.85	16526.87	16539.9	1613	0	3
2024.01.12	10:03:00	16539.9	16542.85	16534.82	16539.11	2848	0	3
2024.01.12	10:04:00	16539.11	16539.15	16526.56	16534.35	4137	0	2
2024.01.12	10:05:00	16534.35	16535.31	16524.29	16528.18	3613	0	3
2024.01.12	10:06:00	16528.18	16551.89	16519.03	16550.88	4098	0	2
2024.01.12	10:07:00	16550.88	16555.09	16545.74	16549.01	2432	0	1
2024.01.12	10:08:00	16549.01	16550.36	16535.51	16537.13	848	0	2
2024.01.12	10:09:00	16537.13	16537.79	16529.95	16531.62	4463	0	1
2024.01.12	10:10:00	16531.62	16532.4	16528.05	16531.52	855	0	2
2024.01.12	10:11:00	16531.52	16536.88	16526.52	16536.42	1252	0	2
2024.01.12	10:12:00	16536.42	16541.53	16535.87	16541.4	3751	0	2
2024.01.12	10:13:00	16541.4	16547.64	16536.7	16547.4	2398	0	1
2024.01.12	10:14:00	16547.4	16549.74	16542.12	16542.33	2644	0	4
2024.01.12	10:15:00	16542.33	16548.71	16535.51	16545.51	791	0	1
2024.01.12	10:16:00	16545.51	16548.98	16533.3	16538.5	1269	0	2
2024.01.12	10:17:00	16538.5	16545.97	16528.22	16533.65	3674	0	2
2024.01.12	10:18:00	16533.65	16536.17	16525.97	16526.29	3048	0	2
2024.01.12	10:19:00	16526.29	16529.08	16514.25	16516.68	1716	0	2
2024.01.12	10:20:00	16516.68	16533.9	16516.18	16525.92	2300	0	4
2024.01.12	10:21:00	16525.92	16535.48	16515.3	16532.01	2414	0	4
2024.01.12	10:22:00	16532.01	16546.62	16528.94	16540.52	4653	0	1
2024.01.12	10:23:00	16540.52	16545.3	16539.67	16541.18	4488	0	3
2024.01.12	10:24:00	16541.18	16549.41	16538.66	16548.02	2659	0	3
2024.01.12	10:25:00	16548.02	16550.62	16532.72	16533.6	1338	0	4
2024.01.12	10:26:00	16533.6	16544.33	16533.41	16541.16	3054	0	2
2024.01.12	10:27:00	16541.16	16545.0	16540.13	16542.97	510	0	2
2024.01.12	10:28:00	16542.97	16551.61	16541.15	16548.55	3411	0	4
2024.01.12	10:29:00	16548.55	16555.98	16547.66	16552.07	3101	0	2
2024.01.12	10:30:00	16552.07	16552.3	16542.01	16544.13	4544	0	3
2024.01.12	10:31:00	16544.13	16545.72	16523.98	16531.92	2468	0	2
2024.01.12	10:32:00	16531.92	16535.35	16521.52	16526.29	3028	0	4
2024.01.12	10:33:00	16526.29	16534.89	16523.92	16531.35	747	0	1
2024.01.12	10:34:00	16531.35	16545.14	16530.75	16537.45	4211	0	4
2024.01.12	10:35:00	16537.45	16541.83	16523.15	16526.33	1833	0	1
2024.01.12	10:36:00	16526.33	16528.89	16515.4	16518.46	3907	0	3
2024.01.12	10:37:00	16518.46	16519.44	16508.39	16512.74	1575	0	1
2024.01.12	10:38:00	16512.74	16516.66	16506.12	16510.08	2063	0	1
2024.01.12	10:39:00	16510.08	16511.63	16494.06	16499.03	1672	0	3
2024.01.12	10:40:00	16499.03	16509.68	16487.37	16487.48	4544	0	4
2024.01.12	10:41:00	16487.48	16488.01	16478.71	16480.95	4053	0	2
2024.01.12	10:42:00	16480.95	16483.92	16473.89	16482.0	3668	0	1
2024.01.12	10:43:00	16482.0	16482.97	16469.16	16472.48	1871	0	1
2024.01.12	10:44:00	16472.48	16478.61	16469.02	16471.84	3801	0	4
2024.01.12	10:45:00	16471.84	16487.05	16467.18	16481.0	2703	0	4
2024.01.12	10:46:00	16481.0	16482.31	16470.35	16470.47	3717	0	2
2024.01.12	10:47:00	16470.47	16474.85	16467.69	16469.08	1694	0	2
2024.01.12	10:48:00	16469.08	16482.2	16462.75	16477.96	2927	0	3
2024.01.12	10:49:00	16477.96	16478.02	16469.04	16474.8	4777	0	4
2024.01.12	10:50:00	16474.8	16478.69	16468.94	16470.34	852	0	3
2024.01.12	10:51:00	16470.34	16485.18	16467.61	16480.38	3983	0	4
2024.01.12	10:52:00	16480.38	16485.02	16476.02	16478.15	3640	0	4
2024.01.12	10:53:00	16478.15	16488.08	16477.54	16487.7	2404	0	2
2024.01.12	10:54:00	16487.7	16495.5	16483.33	16491.61	4594	0	3
2024.01.12	10:55:00	16491.61	16493.57	16485.61	16489.08	3771	0	1
2024.01.12	10:56:00	16489.08	16500.72	16488.11	16493.42	2873	0	1
2024.01.12	10:57:00	16493.42	16502.22	16490.75	16496.42	1916	0	4
2024.01.12	10:58:00	16496.42	16508.34	16493.81	16505.28	3589	0	2
2024.01.12	10:59:00	16505.28	16509.26	16496.32	16501.03	870	0	4
2024.01.12	11:00:00	16501.03	16502.61	16494.07	16501.7	1657	0	2
2024.01.12	11:01:00	16501.7	16505.01	16498.04	16501.52	2437	0	4
2024.01.12	11:02:00	16501.52	16511.77	16494.4	16507.73	1509	0	2
2024.01.12	11:03:00	16507.73	16511.97	16496.42	16499.5	3040	0	1
2024.01.12	11:04:00	16499.5	16509.71	16498.85	16508.33	4423	0	2
2024.01.12	11:05:00	16508.33	16515.12	16504.85	16512.56	2072	0	3
2024.01.12	11:06:00	16512.56	16514.47	16501.23	16501.88	2332	0	2
2024.01.12	11:07:00	16501.88	16513.5	16499.39	16512.31	2306	0	2
2024.01.12	11:08:00	16512.31	16536.82	16505.83	16531.33	3761	0	4
2024.01.12	11:09:00	16531.33	16545.61	16526.25	16540.05	3714	0	2
2024.01.12	11:10:00	16540.05	16559.46	16538.75	16552.33	1554	0	3
2024.01.12	11:11:00	16552.33	16554.37	16548.64	16553.38	4529	0	1
2024.01.12	11:12:00	16553.38	16554.87	16538.04	16539.79	3413	0	4
2024.01.12	11:13:00	16539.79	16544.76	16519.62	16524.68	4523	0	3
2024.01.12	11:14:00	16524.68	16535.33	16520.71	16527.15	4439	0	1
2024.01.12	11:15:00	16527.15	16533.66	16520.89	16522.53	3090	0	3
2024.01.12	11:16:00	16522.53	16529.79	16513.93	16515.21	3666	0	3
2024.01.12	11:17:00	16515.21	16516.53	16508.62	16515.01	3332	0	4
2024.01.12	11:18:00	16515.01	16522.59	16514.45	16520.49	3242	0	2
2024.01.12	11:19:00	16520.49	16522.56	16501.16	16508.67	2897	0	1
2024.01.12	11:20:00	16508.67	16516.12	16501.27	16505.25	1540	0	1
2024.01.12	11:21:00	16505.25	16525.02	16497.54	16518.2	2170	0	4
2024.01.12	11:22:00	16518.2	16521.62	16508.5	16509.54	3673	0	1
2024.01.12	11:23:00	16509.54	16517.83	16505.79	16517.15	3821	0	2
2024.01.12	11:24:00	16517.15	16520.28	16509.81	16513.42	2603	0	4
2024.01.12	11:25:00	16513.42	16519.13	16505.21	16518.32	1000	0	4
2024.01.12	11:26:00	16518.32	16528.77	16514.77	16527.83	1103	0	2
2024.01.12	11:27:00	16527.83	16538.36	16521.04	16534.37	4523	0	3
2024.01.12	11:28:00	16534.37	16546.03	16531.21	16542.31	1066	0	3
2024.01.12	11:29:00	16542.31	16553.27	16531.31	16533.0	1776	0	1
2024.01.12	11:30:00	16533.0	16549.37	16529.0	16542.65	782	0	2
2024.01.12	11:31:00	16542.65	16546.96	16530.45	16535.84	1484	0	4
2024.01.12	11:32:00	16535.84	16541.09	16534.01	16538.35	4277	0	3
2024.01.12	11:33:00	16538.35	16541.62	16532.84	16540.84	1732	0	3
2024.01.12	11:34:00	16540.84	16549.76	16536.4	16545.24	4257	0	4
2024.01.12	11:35:00	16545.24	16553.46	16543.57	16548.39	4152	0	1
2024.01.12	11:36:00	16548.39	16552.28	16537.9	16541.65	3650	0	3
2024.01.12	11:37:00	16541.65	16546.32	16529.64	16530.68	1710	0	1
2024.01.12	11:38:00	16530.68	16540.64	16524.5	16538.31	4987	0	1
2024.01.12	11:39:00	16538.31	16542.7	16532.34	16540.2	3242	0	4
2024.01.12	11:40:00	16540.2	16553.05	16534.47	16550.16	3964	0	4
2024.01.12	11:41:00	16550.16	16554.31	16546.11	16550.12	2044	0	4
2024.01.12	11:42:00	16550.12	16551.62	16538.62	16538.68	3484	0	2
2024.01.12	11:43:00	16538.68	16549.38	16533.77	16547.1	3453	0	3
2024.01.12	11:44:00	16547.1	16550.49	16540.95	16544.33	3187	0	1
2024.01.12	11:45:00	16544.33	16548.17	16544.11	16547.52	3162	0	1
2024.01.12	11:46:00	16547.52	16551.93	16539.55	16542.43	3663	0	1
2024.01.12	11:47:00	16542.43	16561.37	16541.55	16556.54	4989	0	2
2024.01.12	11:48:00	16556.54	16556.75	16542.03	16549.53	4411	0	2
2024.01.12	11:49:00	16549.53	16551.94	16535.2	16547.03	1899	0	1
2024.01.12	11:50:00	16547.03	16553.4	16546.14	16548.26	4500	0	4
2024.01.12	11:51:00	16548.26	16548.54	16533.83	16539.44	2074	0	3
2024.01.12	11:52:00	16539.44	16549.8	16538.13	16542.54	1619	0	2
2024.01.12	11:53:00	16542.54	16559.95	16540.74	16556.38	1394	0	2
2024.01.12	11:54:00	16556.38	16556.91	16548.43	16552.6	3666	0	3
2024.01.12	11:55:00	16552.6	16561.74	16548.71	16556.24	2587	0	2
2024.01.12	11:56:00	16556.24	16562.36	16532.64	16533.54	4225	0	4
2024.01.12	11:57:00	16533.54	16536.84	16526.33	16533.54	4268	0	4
2024.01.12	11:58:00	16533.54	16535.43	16529.32	16531.25	2921	0	1
2024.01.12	11:59:00	16531.25	16532.95	16517.86	16524.73	1449	0	4
2024.01.12	12:00:00	16524.73	16535.06	16519.65	16534.12	1003	0	2
2024.01.12	12:01:00	16534.12	16541.02	16528.65	16531.72	4826	0	1
2024.01.12	12:02:00	16531.72	16534.34	16527.9	16530.56	1882	0	4
2024.01.12	12:03:00	16530.56	16532.66	16524.99	16527.73	559	0	2
2024.01.12	12:04:00	16527.73	16533.42	16509.97	16512.03	2285	0	1
2024.01.12	12:05:00	16512.03	16513.52	16499.55	16502.9	4123	0	3
2024.01.12	12:06:00	16502.9	16512.49	16499.91	16511.26	911	0	2
2024.01.12	12:07:00	16511.26	16514.53	16491.37	16493.96	3612	0	1
2024.01.12	12:08:00	16493.96	16495.39	16484.68	16487.89	2371	0	3
2024.01.12	12:09:00	16487.89	16494.24	16482.4	16484.88	4573	0	2
2024.01.12	12:10:00	16484.88	16503.49	16483.92	16499.78	2519	0	3
2024.01.12	12:11:00	16499.78	16508.06	16499.63	16506.53	2848	0	1
2024.01.12	12:12:00	16506.53	16506.76	16501.56	16502.2	2555	0	2
2024.01.12	12:13:00	16502.2	16518.14	16498.34	16513.44	3564	0	1
2024.01.12	12:14:00	16513.44	16514.81	16504.63	16507.58	818	0	2
2024.01.12	12:15:00	16507.58	16518.93	16506.44	16516.34	722	0	4
2024.01.12	12:16:00	16516.34	16522.08	16503.04	16505.31	3119	0	4
2024.01.12	12:17:00	16505.31	16522.31	16505.24	16514.62	2274	0	2
2024.01.12	12:18:00	16514.62	16517.51	16509.1	16511.55	1252	0	3
2024.01.12	12:19:00	16511.55	16512.03	16501.56	16503.28	3968	0	3
2024.01.12	12:20:00	16503.28	16507.65	16498.5	16501.8	3872	0	4
2024.01.12	12:21:00	16501.8	16504.77	16500.01	16504.45	990	0	1
2024.01.12	12:22:00	16504.45	16506.93	16498.58	16500.64	1328	0	2
2024.01.12	12:23:00	16500.64	16508.86	16494.55	16505.6	4020	0	3
2024.01.12	12:24:00	16505.6	16507.95	16500.78	16501.06	2651	0	2
2024.01.12	12:25:00	16501.06	16508.33	16495.32	16506.57	1887	0	3
2024.01.12	12:26:00	16506.57	16510.63	16504.13	16510.6	2881	0	4
2024.01.12	12:27:00	16510.6	16515.69	16506.24	16510.42	2088	0	4
2024.01.12	12:28:00	16510.42	16514.56	16502.58	16507.06	921	0	2
2024.01.12	12:29:00	16507.06	16511.39	16503.83	16508.66	3413	0	1
2024.01.12	12:30:00	16508.66	16517.47	16508.4	16513.59	3633	0	2
2024.01.12	12:31:00	16513.59	16535.19	16512.38	16531.17	851	0	3
2024.01.12	12:32:00	16531.17	16542.51	16530.8	16539.37	1621	0	3
2024.01.12	12:33:00	16539.37	16549.72	16535.76	16547.87	3310	0	4
2024.01.12	12:34:00	16547.87	16575.84	16545.7	16574.1	3907	0	4
2024.01.12	12:35:00	16574.1	16579.93	16571.17	16578.77	4611	0	1
2024.01.12	12:36:00	16578.77	16584.88	16577.96	16583.17	3217	0	1
2024.01.12	12:37:00	16583.17	16591.41	16580.52	16589.41	921	0	1
2024.01.12	12:38:00	16589.41	16595.31	16578.48	16581.27	2087	0	1
2024.01.12	12:39:00	16581.27	16584.59	16571.36	16577.88	1638	0	2
2024.01.12	12:40:00	16577.88	16582.19	16569.32	16573.96	4944	0	1
2024.01.12	12:41:00	16573.96	16584.37	16567.32	16579.73	561	0	4
2024.01.12	12:42:00	16579.73	16586.67	16577.92	16578.6	2190	0	2
2024.01.12	12:43:00	16578.6	16589.19	16574.52	16580.09	2830	0	1
2024.01.12	12:44:00	16580.09	16596.12	16576.39	16589.55	1846	0	3
2024.01.12	12:45:00	16589.55	16597.5	16583.76	16597.14	3789	0	1
2024.01.12	12:46:00	16597.14	16601.39	16588.28	16596.11	1090	0	4
2024.01.12	12:47:00	16596.11	16598.24	16584.49	16590.81	4668	0	4
2024.01.12	12:48:00	16590.81	16606.74	16587.5	16600.68	2301	0	4
2024.01.12	12:49:00	16600.68	16608.4	16592.6	16607.52	2156	0	2
2024.01.12	12:50:00	16607.52	16613.26	16594.05	16594.35	4654	0	3
2024.01.12	12:51:00	16594.35	16594.8	16589.02	16592.05	1169	0	1
2024.01.12	12:52:00	16592.05	16595.94	16582.03	16593.77	2610	0	1
2024.01.12	12:53:00	16593.77	16601.56	16592.39	16600.65	630	0	3
2024.01.12	12:54:00	16600.65	16611.4	16599.19	16608.64	2802	0	3
2024.01.12	12:55:00	16608.64	16611.63	16605.71	16611.36	1962	0	1
2024.01.12	12:56:00	16611.36	16619.12	16607.14	16616.61	3831	0	4
2024.01.12	12:57:00	16616.61	16622.05	16615.22	16617.48	2805	0	2
2024.01.12	12:58:00	16617.48	16619.13	16609.81	16612.15	3313	0	3
2024.01.12	12:59:00	16612.15	16613.01	16605.02	16610.28	4553	0	1
2024.01.12	13:00:00	16610.28	16619.01	16609.4	16610.77	4777	0	4
2024.01.12	13:01:00	16610.77	16614.1	16608.88	16610.81	1474	0	3
2024.01.12	13:02:00	16610.81	16619.21	16591.53	16595.29	2759	0	2
2024.01.12	13:03:00	16595.29	16597.89	16591.6	16592.29	4015	0	3
2024.01.12	13:04:00	16592.29	16598.12	16586.38	16593.09	1073	0	4
2024.01.12	13:05:00	16593.09	16598.07	16585.1	16591.06	2664	0	1
2024.01.12	13:06:00	16591.06	16594.01	16581.2	16589.32	3007	0	1
2024.01.12	13:07:00	16589.32	16605.72	16586.49	16593.75	4403	0	3
2024.01.12	13:08:00	16593.75	16599.85	16584.17	16585.02	897	0	4
2024.01.12	13:09:00	16585.02	16585.58	16566.31	16571.68	4383	0	4
2024.01.12	13:10:00	16571.68	16575.28	16562.44	16569.09	1570	0	1
2024.01.12	13:11:00	16569.09	16581.58	16567.12	16575.83	4359	0	2
2024.01.12	13:12:00	16575.83	16596.95	16572.92	16590.34	3446	0	4
2024.01.12	13:13:00	16590.34	16597.36	16587.05	16597.24	2306	0	4
2024.01.12	13:14:00	16597.24	16598.92	16582.82	16585.24	1102	0	2
2024.01.12	13:15:00	16585.24	16589.83	16575.68	16583.62	2057	0	4
2024.01.12	13:16:00	16583.62	16588.49	16582.01	16586.1	3829	0	4
2024.01.12	13:17:00	16586.1	16588.74	16584.75	16587.93	1432	0	1
2024.01.12	13:18:00	16587.93	16593.46	16583.54	16592.79	3513	0	4
2024.01.12	13:19:00	16592.79	16593.34	16580.56	16585.42	1527	0	3
2024.01.12	13:20:00	16585.42	16586.6	16585.31	16586.3	865	0	4
2024.01.12	13:21:00	16586.3	16593.75	16584.93	16590.16	3273	0	4
2024.01.12	13:22:00	16590.16	16598.6	16589.1	16597.43	4156	0	1
2024.01.12	13:23:00	16597.43	16598.25	16584.78	16590.99	4828	0	3
2024.01.12	13:24:00	16590.99	16592.84	16588.11	16588.42	2758	0	2
2024.01.12	13:25:00	16588.42	16591.22	16559.56	16566.06	3226	0	4
2024.01.12	13:26:00	16566.06	16570.37	16557.6	16561.18	3566	0	1
2024.01.12	13:27:00	16561.18	16564.02	16553.35	16557.11	2355	0	2
2024.01.12	13:28:00	16557.11	16561.48	16534.38	16548.89	663	0	1
2024.01.12	13:29:00	16548.89	16551.03	16545.53	16550.61	1590	0	4
2024.01.12	13:30:00	16550.61	16554.43	16542.47	16550.48	2206	0	2
2024.01.12	13:31:00	16550.48	16550.88	16526.71	16531.88	3433	0	1
2024.01.12	13:32:00	16531.88	16537.82	16528.2	16534.02	1872	0	3
2024.01.12	13:33:00	16534.02	16539.36	16522.25	16526.58	1449	0	3
2024.01.12	13:34:00	16526.58	16534.25	16525.37	16530.97	4573	0	3
2024.01.12	13:35:00	16530.97	16535.8	16515.55	16520.58	920	0	4
2024.01.12	13:36:00	16520.58	16525.56	16514.9	16521.16	4046	0	4
2024.01.12	13:37:00	16521.16	16522.29	16517.42	16519.12	920	0	2
2024.01.12	13:38:00	16519.12	16523.77	16509.88	16521.99	1942	0	4
2024.01.12	13:39:00	16521.99	16530.65	16518.23	16523.36	4327	0	3
2024.01.12	13:40:00	16523.36	16524.05	16518.35	16521.56	4288	0	4
2024.01.12	13:41:00	16521.56	16527.22	16500.27	16509.04	2220	0	3
2024.01.12	13:42:00	16509.04	16513.25	16496.8	16497.02	579	0	1
2024.01.12	13:43:00	16497.02	16497.62	16489.94	16492.48	4731	0	4
2024.01.12	13:44:00	16492.48	16499.03	16482.46	16492.74	4498	0	3
2024.01.12	13:45:00	16492.74	16493.75	16486.3	16487.99	2735	0	2
2024.01.12	13:46:00	16487.99	16493.62	16482.86	16493.54	628	0	2
2024.01.12	13:47:00	16493.54	16499.91	16491.04	16491.54	3611	0	3
2024.01.12	13:48:00	16491.54	16497.96	16479.64	16483.81	4023	0	4
2024.01.12	13:49:00	16483.81	16486.25	16481.53	16481.82	4221	0	1
2024.01.12	13:50:00	16481.82	16487.74	16478.5	16484.03	3789	0	1
2024.01.12	13:51:00	16484.03	16496.24	16477.34	16487.08	4435	0	1
2024.01.12	13:52:00	16487.08	16506.74	16481.09	16503.09	2796	0	1
2024.01.12	13:53:00	16503.09	16505.42	16494.77	16497.84	1231	0	1
2024.01.12	13:54:00	16497.84	16501.62	16496.37	16497.55	3602	0	1
2024.01.12	13:55:00	16497.55	16503.07	16496.16	16501.44	1475	0	2
2024.01.12	13:56:00	16501.44	16504.11	16498.78	16501.58	3334	0	4
2024.01.12	13:57:00	16501.58	16503.48	16487.42	16497.72	1175	0	3
2024.01.12	13:58:00	16497.72	16500.92	16482.03	16485.12	676	0	1
2024.01.12	13:59:00	16485.12	16485.49	16479.87	16481.18	2504	0	1
2024.01.12	14:00:00	16481.18	16485.02	16469.59	16472.55	3164	0	4
2024.01.12	14:01:00	16472.55	16472.76	16453.99	16458.49	1197	0	1
2024.01.12	14:02:00	16458.49	16461.41	16447.46	16452.19	4031	0	4
2024.01.12	14:03:00	16452.19	16457.18	16441.93	16443.79	3428	0	2
2024.01.12	14:04:00	16443.79	16449.83	16435.19	16448.98	4101	0	3
2024.01.12	14:05:00	16448.98	16456.63	16446.03	16454.32	2132	0	4
2024.01.12	14:06:00	16454.32	16454.62	16442.83	16447.12	3466	0	4
2024.01.12	14:07:00	16447.12	16448.12	16439.23	16445.28	4838	0	1
2024.01.12	14:08:00	16445.28	16447.13	16424.48	16430.14	1320	0	3
2024.01.12	14:09:00	16430.14	16431.37	16423.96	16426.36	4174	0	2
2024.01.12	14:10:00	16426.36	16432.31	16415.03	16430.01	3330	0	4
2024.01.12	14:11:00	16430.01	16445.38	16426.58	16437.2	3759	0	4
2024.01.12	14:12:00	16437.2	16440.36	16427.01	16431.6	3315	0	1
2024.01.12	14:13:00	16431.6	16447.31	16429.24	16440.68	3599	0	4
2024.01.12	14:14:00	16440.68	16444.09	16425.25	16428.39	4008	0	2
2024.01.12	14:15:00	16428.39	16435.05	16413.69	16418.35	678	0	3
2024.01.12	14:16:00	16418.35	16424.64	16414.65	16424.58	643	0	1
2024.01.12	14:17:00	16424.58	16442.38	16424.34	16438.81	876	0	2
2024.01.12	14:18:00	16438.81	16446.17	16437.23	16443.25	4683	0	1
2024.01.12	14:19:00	16443.25	16448.29	16442.93	16443.24	2444	0	1
2024.01.12	14:20:00	16443.24	16453.8	16420.66	16425.3	4960	0	4
2024.01.12	14:21:00	16425.3	16430.51	16407.94	16408.82	4616	0	1
2024.01.12	14:22:00	16408.82	16411.61	16407.61	16410.22	2052	0	3
2024.01.12	14:23:00	16410.22	16416.63	16404.3	16407.57	923	0	4
2024.01.12	14:24:00	16407.57	16410.58	16391.49	16398.72	4293	0	1
2024.01.12	14:25:00	16398.72	16400.29	16393.41	16399.59	2390	0	2
2024.01.12	14:26:00	16399.59	16402.45	16386.51	16400.87	1840	0	2
2024.01.12	14:27:00	16400.87	16413.2	16399.59	16409.04	4072	0	2
2024.01.12	14:28:00	16409.04	16412.3	16407.55	16410.51	2669	0	4
2024.01.12	14:29:00	16410.51	16427.17	16399.36	16421.05	1939	0	1
2024.01.12	14:30:00	16421.05	16422.04	16420.06	16421.44	2284	0	3
2024.01.12	14:31:00	16421.44	16428.17	16420.3	16420.81	4682	0	2
2024.01.12	14:32:00	16420.81	16432.69	16415.92	16429.99	1860	0	2
2024.01.12	14:33:00	16429.99	16435.81	16420.39	16422.18	4706	0	2
2024.01.12	14:34:00	16422.18	16451.1	16417.81	16445.93	3151	0	3
2024.01.12	14:35:00	16445.93	16452.18	16441.88	16449.39	756	0	2
2024.01.12	14:36:00	16449.39	16456.56	16449.06	16452.89	1007	0	3
2024.01.12	14:37:00	16452.89	16459.48	16451.44	16457.59	3273	0	1
2024.01.12	14:38:00	16457.59	16475.29	16454.17	16473.57	1115	0	2
2024.01.12	14:39:00	16473.57	16482.36	16469.37	16480.51	1155	0	2
2024.01.12	14:40:00	16480.51	16483.24	16465.77	16467.45	2583	0	1
2024.01.12	14:41:00	16467.45	16483.94	16466.4	16479.49	2484	0	1
2024.01.12	14:42:00	16479.49	16484.09	16467.12	16476.98	4736	0	1
2024.01.12	14:43:00	16476.98	16482.87	16472.75	16478.2	4540	0	3
2024.01.12	14:44:00	16478.2	16483.98	16460.83	16467.86	4684	0	4
2024.01.12	14:45:00	16467.86	16478.69	16466.24	16472.58	830	0	3
2024.01.12	14:46:00	16472.58	16479.05	16457.19	16467.47	4116	0	4
2024.01.12	14:47:00	16467.47	16469.3	16463.38	16468.64	4718	0	3
2024.01.12	14:48:00	16468.64	16471.77	16466.32	16466.6	3253	0	1
2024.01.12	14:49:00	16466.6	16487.1	16461.47	16482.99	4975	0	1
2024.01.12	14:50:00	16482.99	16504.47	16480.27	16499.87	4112	0	4
2024.01.12	14:51:00	16499.87	16500.64	16496.54	16500.59	3516	0	3
2024.01.12	14:52:00	16500.59	16505.0	16497.51	16501.45	2325	0	4
2024.01.12	14:53:00	16501.45	16506.91	16498.56	16498.66	2103	0	2
2024.01.12	14:54:00	16498.66	16510.27	16495.35	16508.24	2277	0	4
2024.01.12	14:55:00	16508.24	16508.4	16504.0	16505.82	1629	0	2
2024.01.12	14:56:00	16505.82	16506.25	16500.94	16502.63	3103	0	4
2024.01.12	14:57:00	16502.63	16513.79	16500.62	16511.14	2446	0	1
2024.01.12	14:58:00	16511.14	16514.21	16500.77	16506.97	1838	0	2
2024.01.12	14:59:00	16506.97	16508.5	16505.37	16506.98	1309	0	4
2024.01.12	15:00:00	16506.98	16507.57	16486.97	16494.1	2822	0	4
2024.01.12	15:01:00	16494.1	16501.81	16493.03	16500.31	590	0	2
2024.01.12	15:02:00	16500.31	16519.44	16499.65	16516.87	2180	0	4
2024.01.12	15:03:00	16516.87	16525.76	16509.26	16523.23	782	0	2
2024.01.12	15:04:00	16523.23	16539.31	16514.36	16535.8	2010	0	4
2024.01.12	15:05:00	16535.8	16539.55	16529.02	16529.04	3486	0	1
2024.01.12	15:06:00	16529.04	16532.42	16519.54	16531.35	3369	0	4
2024.01.12	15:07:00	16531.35	16533.17	16519.66	16523.79	593	0	3
2024.01.12	15:08:00	16523.79	16524.77	16522.0	16522.21	3686	0	1
2024.01.12	15:09:00	16522.21	16530.45	16518.32	16529.01	1856	0	2
2024.01.12	15:10:00	16529.01	16534.72	16525.11	16530.19	2641	0	4
2024.01.12	15:11:00	16530.19	16534.57	16508.04	16518.7	3543	0	3
2024.01.12	15:12:00	16518.7	16524.24	16505.05	16508.03	663	0	1
2024.01.12	15:13:00	16508.03	16508.13	16495.57	16496.82	1286	0	1
2024.01.12	15:14:00	16496.82	16503.37	16493.26	16501.26	1243	0	2
2024.01.12	15:15:00	16501.26	16521.09	16491.9	16518.84	1995	0	2
2024.01.12	15:16:00	16518.84	16534.76	16517.82	16530.57	571	0	3
2024.01.12	15:17:00	16530.57	16537.86	16513.12	16515.04	641	0	3
2024.01.12	15:18:00	16515.04	16530.09	16503.55	16527.26	2805	0	2
2024.01.12	15:19:00	16527.26	16543.72	16527.24	16535.43	1005	0	2
2024.01.12	15:20:00	16535.43	16542.2	16520.87	16522.83	2459	0	1
2024.01.12	15:21:00	16522.83	16526.8	16515.44	16520.62	1516	0	1
2024.01.12	15:22:00	16520.62	16533.26	16512.42	16530.12	4979	0	4
2024.01.12	15:23:00	16530.12	16535.25	16527.13	16535.06	1067	0	4
2024.01.12	15:24:00	16535.06	16538.55	16523.31	16524.43	2660	0	4
2024.01.12	15:25:00	16524.43	16530.3	16523.42	16529.87	2624	0	4
2024.01.12	15:26:00	16529.87	16532.3	16511.96	16512.32	3823	0	1
2024.01.12	15:27:00	16512.32	16513.26	16508.97	16510.79	1071	0	2
2024.01.12	15:28:00	16510.79	16530.6	16509.78	16520.63	4839	0	3
2024.01.12	15:29:00	16520.63	16525.9	16513.28	16521.12	1873	0	3
2024.01.12	15:30:00	16521.12	16525.08	16507.74	16517.27	657	0	4
2024.01.12	15:31:00	16517.27	16530.03	16516.54	16525.05	3756	0	2
2024.01.12	15:32:00	16525.05	16539.42	16523.16	16533.53	2940	0	1
2024.01.12	15:33:00	16533.53	16546.68	16530.15	16544.84	3442	0	3
2024.01.12	15:34:00	16544.84	16561.95	16533.58	16552.49	4601	0	3
2024.01.12	15:35:00	16552.49	16564.55	16551.95	16561.89	2223	0	3
2024.01.12	15:36:00	16561.89	16573.93	16557.22	16568.37	4585	0	1
2024.01.12	15:37:00	16568.37	16577.74	16565.45	16570.93	4689	0	3
2024.01.12	15:38:00	16570.93	16577.73	16561.66	16572.01	2964	0	3
2024.01.12	15:39:00	16572.01	16573.0	16569.31	16570.35	4042	0	2
2024.01.12	15:40:00	16570.35	16575.83	16555.87	16560.52	651	0	2
2024.01.12	15:41:00	16560.52	16560.69	16545.04	16552.84	3232	0	1
2024.01.12	15:42:00	16552.84	16552.9	16547.02	16550.8	861	0	1
2024.01.12	15:43:00	16550.8	16559.72	16548.89	16553.16	2465	0	3
2024.01.12	15:44:00	16553.16	16566.53	16546.73	16565.57	3874	0	2
2024.01.12	15:45:00	16565.57	16565.64	16563.4	16565.55	770	0	3
2024.01.12	15:46:00	16565.55	16574.61	16558.97	16574.3	2329	0	3
2024.01.12	15:47:00	16574.3	16585.38	16573.27	16583.7	2357	0	3
2024.01.12	15:48:00	16583.7	16586.33	16578.3	16582.08	1571	0	4
2024.01.12	15:49:00	16582.08	16590.45	16579.87	16587.41	2953	0	1
2024.01.12	15:50:00	16587.41	16591.85	16584.33	16585.7	4136	0	1
2024.01.12	15:51:00	16585.7	16602.9	16584.83	16597.14	4959	0	2
2024.01.12	15:52:00	16597.14	16609.71	16595.49	16602.81	4577	0	1
2024.01.12	15:53:00	16602.81	16609.7	16592.02	16593.14	4782	0	3
2024.01.12	15:54:00	16593.14	16602.86	16591.22	16594.83	1416	0	2
2024.01.12	15:55:00	16594.83	16611.47	16593.0	16609.02	1004	0	1
2024.01.12	15:56:00	16609.02	16613.1	16606.13	16607.82	1322	0	1
2024.01.12	15:57:00	16607.82	16611.92	16606.96	16611.92	4906	0	4
2024.01.12	15:58:00	16611.92	16622.38	16610.99	16616.85	1483	0	2
2024.01.12	15:59:00	16616.85	16618.64	16606.08	16608.46	3895	0	2
2024.01.15	09:30:00	16608.46	16613.37	16607.27	16613.09	2325	0	1
2024.01.15	09:31:00	16613.09	16613.99	16594.67	16601.7	3568	0	4
2024.01.15	09:32:00	16601.7	16604.32	16596.27	16596.77	3888	0	3
2024.01.15	09:33:00	16596.77	16606.29	16592.63	16606.15	4566	0	2
2024.01.15	09:34:00	16606.15	16611.92	16605.73	16609.48	890	0	4
2024.01.15	09:35:00	16609.48	16619.72	16604.24	16607.25	1962	0	2
2024.01.15	09:36:00	16607.25	16612.35	16598.63	16611.34	1031	0	4
2024.01.15	09:37:00	16611.34	16612.91	16601.69	16611.16	2296	0	4
2024.01.15	09:38:00	16611.16	16613.88	16610.19	16611.6	2142	0	2
2024.01.15	09:39:00	16611.6	16624.94	16605.52	16617.46	4419	0	3
2024.01.15	09:40:00	16617.46	16624.36	16609.46	16611.67	3665	0	4
2024.01.15	09:41:00	16611.67	16613.86	16604.53	16612.34	967	0	1
2024.01.15	09:42:00	16612.34	16613.35	16605.21	16610.05	2505	0	2
2024.01.15	09:43:00	16610.05	16616.04	16596.31	16597.05	3691	0	4
2024.01.15	09:44:00	16597.05	16600.49	16585.06	16589.65	3834	0	1
2024.01.15	09:45:00	16589.65	16604.49	16578.72	16603.16	4144	0	2
2024.01.15	09:46:00	16603.16	16610.36	16602.11	16606.73	1510	0	4
2024.01.15	09:47:00	16606.73	16607.82	16592.45	16595.93	4482	0	3
2024.01.15	09:48:00	16595.93	16603.2	16581.43	16583.32	4565	0	2
2024.01.15	09:49:00	16583.32	16584.04	16582.61	16582.71	1486	0	1
2024.01.15	09:50:00	16582.71	16602.27	16580.54	16596.16	3470	0	1
2024.01.15	09:51:00	16596.16	16599.72	16589.21	16594.92	3556	0	4
2024.01.15	09:52:00	16594.92	16607.44	16592.11	16606.24	4457	0	3
2024.01.15	09:53:00	16606.24	16611.01	16605.56	16609.53	885	0	4
2024.01.15	09:54:00	16609.53	16614.47	16607.35	16613.83	1545	0	1
2024.01.15	09:55:00	16613.83	16615.14	16594.88	16602.93	4374	0	2
2024.01.15	09:56:00	16602.93	16618.42	16601.18	16611.14	661	0	1
2024.01.15	09:57:00	16611.14	16611.16	16600.86	16608.66	2668	0	1
2024.01.15	09:58:00	16608.66	16621.1	16604.05	16616.25	1820	0	1
2024.01.15	09:59:00	16616.25	16621.11	16605.44	16609.73	3308	0	3
2024.01.15	10:00:00	16609.73	16616.87	16606.03	16611.56	2629	0	1
2024.01.15	10:01:00	16611.56	16615.83	16607.99	16614.85	4331	0	1
2024.01.15	10:02:00	16614.85	16615.89	16613.79	16613.89	848	0	4
2024.01.15	10:03:00	16613.89	16620.24	16612.85	16617.62	2777	0	2
2024.01.15	10:04:00	16617.62	16618.51	16614.72	16615.71	2833	0	3
2024.01.15	10:05:00	16615.71	16624.36	16607.51	16610.59	2788	0	3
2024.01.15	10:06:00	16610.59	16626.8	16606.41	16624.43	848	0	2
2024.01.15	10:07:00	16624.43	16637.35	16622.18	16633.59	2590	0	1
2024.01.15	10:08:00	16633.59	16639.66	16620.86	16627.52	4463	0	2
2024.01.15	10:09:00	16627.52	16635.71	16623.95	16632.64	3203	0	4
2024.01.15	10:10:00	16632.64	16633.59	16625.24	16626.72	990	0	3
2024.01.15	10:11:00	16626.72	16627.76	16611.58	16617.08	3727	0	3
2024.01.15	10:12:00	16617.08	16626.47	16615.93	16626.11	4678	0	3
2024.01.15	10:13:00	16626.11	16626.59	16608.75	16612.1	4123	0	2
2024.01.15	10:14:00	16612.1	16620.39	16609.07	16620.23	921	0	2
2024.01.15	10:15:00	16620.23	16621.12	16617.92	16618.44	634	0	2
2024.01.15	10:16:00	16618.44	16621.55	16616.56	16616.99	1293	0	3
2024.01.15	10:17:00	16616.99	16625.91	16616.44	16620.77	2066	0	4
2024.01.15	10:18:00	16620.77	16629.18	16617.18	16626.0	4663	0	1
2024.01.15	10:19:00	16626.0	16626.72	16610.35	16619.37	2446	0	2
2024.01.15	10:20:00	16619.37	16627.53	16616.45	16625.75	4865	0	2
2024.01.15	10:21:00	16625.75	16629.41	16624.91	16627.03	944	0	4
2024.01.15	10:22:00	16627.03	16633.84	16612.23	16616.79	3926	0	1
2024.01.15	10:23:00	16616.79	16616.9	16612.35	16615.7	3882	0	1
2024.01.15	10:24:00	16615.7	16629.67	16614.52	16627.66	4817	0	3
2024.01.15	10:25:00	16627.66	16642.76	16624.79	16642.11	2852	0	2
2024.01.15	10:26:00	16642.11	16648.53	16641.35	16648.49	3225	0	1
2024.01.15	10:27:00	16648.49	16650.25	16634.68	16638.79	508	0	3
2024.01.15	10:28:00	16638.79	16649.2	16629.88	16643.26	4466	0	4
2024.01.15	10:29:00	16643.26	16652.53	16636.75	16650.76	3341	0	1
2024.01.15	10:30:00	16650.76	16662.16	16644.97	16657.22	3653	0	3
2024.01.15	10:31:00	16657.22	16664.55	16649.38	16664.17	2025	0	2
2024.01.15	10:32:00	16664.17	16675.52	16660.99	16667.57	849	0	1
2024.01.15	10:33:00	16667.57	16672.47	16667.05	16667.29	3770	0	3
2024.01.15	10:34:00	16667.29	16670.04	16656.62	16662.49	3797	0	4
2024.01.15	10:35:00	16662.49	16667.38	16646.14	16646.82	1308	0	2
2024.01.15	10:36:00	16646.82	16659.99	16644.24	16650.02	4210	0	1
2024.01.15	10:37:00	16650.02	16653.65	16646.52	16651.92	505	0	1
2024.01.15	10:38:00	16651.92	16659.5	16649.01	16656.95	3438	0	3
2024.01.15	10:39:00	16656.95	16658.08	16640.91	16646.01	890	0	2
2024.01.15	10:40:00	16646.01	16654.5	16637.82	16651.78	3883	0	3
2024.01.15	10:41:00	16651.78	16671.94	16650.07	16669.44	2481	0	1
2024.01.15	10:42:00	16669.44	16671.83	16657.6	16670.44	1973	0	3
2024.01.15	10:43:00	16670.44	16671.72	16661.73	16670.25	3866	0	1
2024.01.15	10:44:00	16670.25	16675.27	16666.97	16673.19	4115	0	1
2024.01.15	10:45:00	16673.19	16692.15	16672.35	16690.7	3217	0	1
2024.01.15	10:46:00	16690.7	16695.73	16680.06	16682.38	3800	0	4
2024.01.15	10:47:00	16682.38	16689.56	16681.61	16684.43	567	0	4
2024.01.15	10:48:00	16684.43	16691.82	16675.92	16678.01	4196	0	2
2024.01.15	10:49:00	16678.01	16683.11	16664.43	16673.72	3162	0	1
2024.01.15	10:50:00	16673.72	16674.54	16671.34	16673.64	1207	0	4
2024.01.15	10:51:00	16673.64	16686.99	16669.34	16685.35	2669	0	1
2024.01.15	10:52:00	16685.35	16701.38	16678.21	16700.91	3321	0	2
2024.01.15	10:53:00	16700.91	16705.92	16697.32	16705.03	4084	0	4
2024.01.15	10:54:00	16705.03	16707.25	16697.55	16702.18	2831	0	2
2024.01.15	10:55:00	16702.18	16725.76	16701.35	16723.61	1654	0	4
2024.01.15	10:56:00	16723.61	16727.69	16714.5	16720.33	1644	0	2
2024.01.15	10:57:00	16720.33	16721.6	16715.47	16715.83	3735	0	2
2024.01.15	10:58:00	16715.83	16725.2	16694.74	16701.14	4380	0	2
2024.01.15	10:59:00	16701.14	16718.25	16700.12	16713.29	3342	0	4
2024.01.15	11:00:00	16713.29	16722.56	16710.52	16721.82	4095	0	2
2024.01.15	11:01:00	16721.82	16745.48	16717.27	16742.64	3303	0	4
2024.01.15	11:02:00	16742.64	16744.66	16730.81	16731.2	2710	0	4
2024.01.15	11:03:00	16731.2	16746.22	16728.03	16743.89	2324	0	3
2024.01.15	11:04:00	16743.89	16744.85	16740.06	16744.82	2701	0	2
2024.01.15	11:05:00	16744.82	16753.64	16740.72	16751.99	557	0	3
2024.01.15	11:06:00	16751.99	16756.07	16735.5	16738.36	3103	0	2
2024.01.15	11:07:00	16738.36	16756.1	16734.96	16751.14	1344	0	3
2024.01.15	11:08:00	16751.14	16758.57	16748.89	16758.15	4550	0	3
2024.01.15	11:09:00	16758.15	16761.03	16753.52	16758.15	4299	0	4
2024.01.15	11:10:00	16758.15	16770.01	16757.82	16763.96	2723	0	4
2024.01.15	11:11:00	16763.96	16765.55	16754.31	16757.8	3275	0	2
2024.01.15	11:12:00	16757.8	16760.84	16752.46	16753.22	669	0	4
2024.01.15	11:13:00	16753.22	16754.37	16747.28	16749.62	3101	0	4
2024.01.15	11:14:00	16749.62	16750.19	16730.73	16734.25	4325	0	2
2024.01.15	11:15:00	16734.25	16742.18	16729.98	16741.89	2865	0	1
2024.01.15	11:16:00	16741.89	16753.48	16739.68	16752.33	4373	0	2
2024.01.15	11:17:00	16752.33	16752.62	16743.22	16746.72	846	0	3
2024.01.15	11:18:00	16746.72	16755.9	16737.6	16750.0	4886	0	1
2024.01.15	11:19:00	16750.0	16759.13	16745.26	16748.09	2064	0	4
2024.01.15	11:20:00	16748.09	16752.79	16742.96	16751.21	622	0	4
2024.01.15	11:21:00	16751.21	16753.58	16737.57	16746.22	3286	0	1
2024.01.15	11:22:00	16746.22	16747.75	16734.59	16739.06	3265	0	2
2024.01.15	11:23:00	16739.06	16753.56	16730.56	16748.32	1064	0	2
2024.01.15	11:24:00	16748.32	16748.52	16743.74	16748.11	2061	0	4
2024.01.15	11:25:00	16748.11	16771.37	16746.03	16765.6	4644	0	4
2024.01.15	11:26:00	16765.6	16771.22	16762.05	16766.33	1350	0	3
2024.01.15	11:27:00	16766.33	16770.8	16748.71	16758.81	826	0	3
2024.01.15	11:28:00	16758.81	16774.67	16758.3	16769.56	4197	0	4
2024.01.15	11:29:00	16769.56	16775.32	16766.24	16775.25	3559	0	3
2024.01.15	11:30:00	16775.25	16786.96	16763.21	16781.76	2745	0	3
2024.01.15	11:31:00	16781.76	16793.38	16778.59	16792.22	1855	0	4
2024.01.15	11:32:00	16792.22	16794.58	16783.32	16787.0	4420	0	3
2024.01.15	11:33:00	16787.0	16792.9	16782.66	16786.26	4386	0	1
2024.01.15	11:34:00	16786.26	16794.41	16780.24	16785.14	503	0	2
2024.01.15	11:35:00	16785.14	16788.5	16770.84	16774.51	4220	0	3
2024.01.15	11:36:00	16774.51	16782.98	16761.26	16772.6	2628	0	4
2024.01.15	11:37:00	16772.6	16785.78	16771.22	16784.29	1999	0	3
2024.01.15	11:38:00	16784.29	16797.05	16783.36	16786.64	2067	0	2
2024.01.15	11:39:00	16786.64	16791.26	16770.36	16775.54	2579	0	1
2024.01.15	11:40:00	16775.54	16786.41	16758.54	16762.67	3081	0	4
2024.01.15	11:41:00	16762.67	16778.75	16762.23	16777.14	4816	0	1
2024.01.15	11:42:00	16777.14	16783.2	16775.6	16776.71	612	0	1
2024.01.15	11:43:00	16776.71	16776.81	16769.84	16771.54	3235	0	3
2024.01.15	11:44:00	16771.54	16775.36	16766.4	16769.55	795	0	3
2024.01.15	11:45:00	16769.55	16773.22	16751.87	16757.35	527	0	3
2024.01.15	11:46:00	16757.35	16773.54	16755.62	16769.76	1863	0	2
2024.01.15	11:47:00	16769.76	16770.91	16763.53	16766.76	3997	0	3
2024.01.15	11:48:00	16766.76	16783.58	16763.48	16778.71	2055	0	2
2024.01.15	11:49:00	16778.71	16790.53	16776.93	16779.48	2125	0	2
2024.01.15	11:50:00	16779.48	16794.11	16772.36	16791.97	4561	0	1
2024.01.15	11:51:00	16791.97	16795.11	16788.88	16794.49	1741	0	3
2024.01.15	11:52:00	16794.49	16803.33	16792.7	16802.08	3955	0	3
2024.01.15	11:53:00	16802.08	16810.89	16798.78	16808.54	4244	0	2
2024.01.15	11:54:00	16808.54	16817.42	16805.45	16814.18	3415	0	3
2024.01.15	11:55:00	16814.18	16820.84	16813.02	16817.48	4853	0	1
2024.01.15	11:56:00	16817.48	16824.63	16812.87	16815.83	4926	0	3
2024.01.15	11:57:00	16815.83	16834.84	16808.75	16832.49	779	0	3
2024.01.15	11:58:00	16832.49	16841.56	16817.39	16825.1	1265	0	3
2024.01.15	11:59:00	16825.1	16830.44	16823.7	16825.47	2256	0	3
2024.01.15	12:00:00	16825.47	16829.88	16819.64	16825.93	3497	0	4
2024.01.15	12:01:00	16825.93	16830.77	16817.99	16829.7	1758	0	4
2024.01.15	12:02:00	16829.7	16830.27	16824.37	16826.37	3368	0	2
2024.01.15	12:03:00	16826.37	16834.38	16824.58	16829.39	4539	0	2
2024.01.15	12:04:00	16829.39	16832.7	16827.84	16828.29	528	0	3
2024.01.15	12:05:00	16828.29	16830.99	16811.75	16815.15	4404	0	4
2024.01.15	12:06:00	16815.15	16818.41	16813.39	16815.57	2687	0	1
2024.01.15	12:07:00	16815.57	16818.02	16803.65	16806.54	4555	0	4
2024.01.15	12:08:00	16806.54	16808.2	16790.22	16792.12	3561	0	2
2024.01.15	12:09:00	16792.12	16794.65	16790.28	16793.62	691	0	2
2024.01.15	12:10:00	16793.62	16801.59	16793.56	16798.1	4560	0	2
2024.01.15	12:11:00	16798.1	16806.1	16793.61	16802.92	725	0	3
2024.01.15	12:12:00	16802.92	16808.79	16796.02	16808.08	1626	0	2
2024.01.15	12:13:00	16808.08	16810.09	16789.45	16791.98	2981	0	4
2024.01.15	12:14:00	16791.98	16798.78	16779.34	16780.75	4567	0	2
2024.01.15	12:15:00	16780.75	16800.37	16778.39	16797.86	1251	0	2
2024.01.15	12:16:00	16797.86	16799.52	16781.67	16789.29	2921	0	1
2024.01.15	12:17:00	16789.29	16797.6	16787.19	16794.82	1006	0	3
2024.01.15	12:18:00	16794.82	16799.18	16782.82	16789.32	2028	0	4
2024.01.15	12:19:00	16789.32	16790.82	16788.79	16790.33	1671	0	3
2024.01.15	12:20:00	16790.33	16791.02	16783.9	16785.28	2425	0	4
2024.01.15	12:21:00	16785.28	16790.88	16784.68	16790.39	3692	0	2
2024.01.15	12:22:00	16790.39	16793.33	16785.38	16791.89	3742	0	3
2024.01.15	12:23:00	16791.89	16792.13	16782.05	16788.41	3522	0	4
2024.01.15	12:24:00	16788.41	16793.53	16776.43	16779.82	623	0	3
2024.01.15	12:25:00	16779.82	16787.79	16778.06	16782.44	4033	0	1
2024.01.15	12:26:00	16782.44	16784.7	16771.35	16772.47	3410	0	4
2024.01.15	12:27:00	16772.47	16782.27	16766.88	16776.43	782	0	1
2024.01.15	12:28:00	16776.43	16799.13	16771.35	16799.1	4760	0	1
2024.01.15	12:29:00	16799.1	16813.86	16792.53	16810.92	3948	0	1
2024.01.15	12:30:00	16810.92	16821.65	16809.11	16817.38	3613	0	3
2024.01.15	12:31:00	16817.38	16821.71	16810.56	16816.98	2707	0	4
2024.01.15	12:32:00	16816.98	16820.88	16800.14	16800.82	4076	0	3
2024.01.15	12:33:00	16800.82	16803.5	16788.46	16789.91	1908	0	2
2024.01.15	12:34:00	16789.91	16809.48	16788.75	16801.15	3761	0	2
2024.01.15	12:35:00	16801.15	16803.45	16789.04	16794.77	3246	0	3
2024.01.15	12:36:00	16794.77	16795.43	16788.67	16789.16	3246	0	1
2024.01.15	12:37:00	16789.16	16790.07	16779.14	16788.09	4097	0	1
2024.01.15	12:38:00	16788.09	16789.65	16776.07	16779.4	1279	0	2
2024.01.15	12:39:00	16779.4	16787.85	16768.14	16769.31	967	0	2
2024.01.15	12:40:00	16769.31	16775.15	16765.31	16769.22	2998	0	3
2024.01.15	12:41:00	16769.22	16773.58	16755.49	16761.99	4132	0	3
2024.01.15	12:42:00	16761.99	16762.71	16752.22	16756.03	1640	0	1
2024.01.15	12:43:00	16756.03	16762.07	16749.42	16749.74	3062	0	1
2024.01.15	12:44:00	16749.74	16757.14	16746.94	16754.51	4807	0	1
2024.01.15	12:45:00	16754.51	16757.84	16748.11	16752.87	3290	0	2
2024.01.15	12:46:00	16752.87	16757.69	16741.34	16751.69	854	0	3
2024.01.15	12:47:00	16751.69	16757.92	16750.96	16757.09	4455	0	2
2024.01.15	12:48:00	16757.09	16760.07	16754.58	16756.22	4892	0	1
2024.01.15	12:49:00	16756.22	16758.66	16752.78	16754.2	3694	0	1
2024.01.15	12:50:00	16754.2	16759.25	16749.83	16758.53	3247	0	3
2024.01.15	12:51:00	16758.53	16767.93	16758.05	16764.53	3125	0	2
2024.01.15	12:52:00	16764.53	16768.01	16755.58	16763.62	3304	0	4
2024.01.15	12:53:00	16763.62	16768.85	16761.19	16764.64	2012	0	3
2024.01.15	12:54:00	16764.64	16764.74	16754.22	16758.34	3401	0	2
2024.01.15	12:55:00	16758.34	16760.63	16746.04	16751.37	2796	0	1
2024.01.15	12:56:00	16751.37	16764.44	16748.31	16758.23	4064	0	3
2024.01.15	12:57:00	16758.23	16766.89	16753.35	16762.34	4264	0	2
2024.01.15	12:58:00	16762.34	16767.89	16759.82	16766.54	3694	0	3
2024.01.15	12:59:00	16766.54	16774.26	16762.03	16769.26	4980	0	2
2024.01.15	13:00:00	16769.26	16778.37	16762.77	16769.99	2519	0	1
2024.01.15	13:01:00	16769.99	16780.46	16763.83	16776.24	3902	0	4
2024.01.15	13:02:00	16776.24	16787.66	16771.95	16784.52	2042	0	1
2024.01.15	13:03:00	16784.52	16794.23	16782.1	16792.6	4055	0	3
2024.01.15	13:04:00	16792.6	16795.06	16790.4	16792.08	1703	0	1
2024.01.15	13:05:00	16792.08	16807.45	16787.51	16804.22	3647	0	4
2024.01.15	13:06:00	16804.22	16807.54	16802.19	16806.5	564	0	2
2024.01.15	13:07:00	16806.5	16818.81	16805.24	16812.22	3951	0	3
2024.01.15	13:08:00	16812.22	16820.53	16806.27	16814.95	1807	0	1
2024.01.15	13:09:00	16814.95	16823.77	16813.72	16817.39	1594	0	4
2024.01.15	13:10:00	16817.39	16819.84	16795.79	16811.47	2003	0	1
2024.01.15	13:11:00	16811.47	16819.25	16804.21	16817.77	2407	0	1
2024.01.15	13:12:00	16817.77	16849.14	16810.45	16842.36	1077	0	2
2024.01.15	13:13:00	16842.36	16843.75	16835.26	16839.5	3001	0	3
2024.01.15	13:14:00	16839.5	16841.71	16839.36	16840.44	1057	0	2
2024.01.15	13:15:00	16840.44	16843.5	16833.6	16836.97	2972	0	2
2024.01.15	13:16:00	16836.97	16837.71	16828.47	16833.15	2159	0	1
2024.01.15	13:17:00	16833.15	16848.88	16832.92	16846.66	3187	0	3
2024.01.15	13:18:00	16846.66	16847.53	16839.3	16841.25	1181	0	2
2024.01.15	13:19:00	16841.25	16844.93	16835.23	16837.55	4880	0	4
2024.01.15	13:20:00	16837.55	16843.49	16823.37	16824.36	567	0	2
2024.01.15	13:21:00	16824.36	16828.67	16812.44	16818.24	4348	0	3
2024.01.15	13:22:00	16818.24	16824.24	16802.35	16804.03	2083	0	2
2024.01.15	13:23:00	16804.03	16809.98	16797.88	16809.74	4225	0	1
2024.01.15	13:24:00	16809.74	16840.45	16804.48	16833.93	3183	0	3
2024.01.15	13:25:00	16833.93	16836.88	16825.61	16831.14	4236	0	3
2024.01.15	13:26:00	16831.14	16835.86	16812.21	16817.28	2997	0	4
2024.01.15	13:27:00	16817.28	16831.58	16811.68	16825.28	4069	0	3
2024.01.15	13:28:00	16825.28	16829.5	16815.84	16819.42	3450	0	3
2024.01.15	13:29:00	16819.42	16836.31	16819.19	16830.83	3556	0	1
2024.01.15	13:30:00	16830.83	16831.89	16826.98	16828.76	3071	0	4
2024.01.15	13:31:00	16828.76	16835.95	16817.47	16823.72	1654	0	1
2024.01.15	13:32:00	16823.72	16824.21	16818.58	16822.54	4320	0	3
2024.01.15	13:33:00	16822.54	16829.5	16821.35	16829.33	4350	0	3
2024.01.15	13:34:00	16829.33	16834.83	16818.56	16827.73	3753	0	4
2024.01.15	13:35:00	16827.73	16831.47	16820.8	16823.83	1758	0	2
2024.01.15	13:36:00	16823.83	16825.65	16817.92	16822.48	2333	0	2
2024.01.15	13:37:00	16822.48	16824.96	16811.04	16811.98	3761	0	1
2024.01.15	13:38:00	16811.98	16817.64	16811.95	16815.7	1340	0	2
2024.01.15	13:39:00	16815.7	16821.49	16792.76	16800.83	999	0	4
2024.01.15	13:40:00	16800.83	16803.48	16796.31	16797.39	2312	0	1
2024.01.15	13:41:00	16797.39	16810.27	16791.33	16804.18	2962	0	4
2024.01.15	13:42:00	16804.18	16812.64	16797.93	16807.1	4521	0	1
2024.01.15	13:43:00	16807.1	16814.32	16804.01	16812.46	1934	0	2
2024.01.15	13:44:00	16812.46	16820.67	16808.99	16812.24	1473	0	2
2024.01.15	13:45:00	16812.24	16827.68	16805.9	16822.54	3670	0	4
2024.01.15	13:46:00	16822.54	16833.65	16815.2	16830.75	4437	0	3
2024.01.15	13:47:00	16830.75	16835.62	16826.95	16834.89	4348	0	4
2024.01.15	13:48:00	16834.89	16848.47	16828.96	16843.14	3346	0	4
2024.01.15	13:49:00	16843.14	16850.93	16839.55	16849.88	569	0	3
2024.01.15	13:50:00	16849.88	16857.42	16845.35	16846.46	3437	0	3
2024.01.15	13:51:00	16846.46	16848.17	16834.61	16835.34	1014	0	3
2024.01.15	13:52:00	16835.34	16840.19	16830.56	16839.26	4043	0	3
2024.01.15	13:53:00	16839.26	16848.6	16836.77	16844.26	4664	0	4
2024.01.15	13:54:00	16844.26	16860.89	16842.54	16853.9	3248	0	2
2024.01.15	13:55:00	16853.9	16859.14	16845.58	16846.24	1576	0	3
2024.01.15	13:56:00	16846.24	16853.41	16832.93	16838.85	1843	0	2
2024.01.15	13:57:00	16838.85	16843.43	16833.7	16843.11	3788	0	2
2024.01.15	13:58:00	16843.11	16844.75	16841.75	16842.84	3919	0	2
2024.01.15	13:59:00	16842.84	16846.96	16822.34	16827.1	4156	0	1
2024.01.15	14:00:00	16827.1	16831.26	16818.14	16830.63	957	0	4
2024.01.15	14:01:00	16830.63	16836.89	16814.95	16815.19	3832	0	2
2024.01.15	14:02:00	16815.19	16823.52	16804.43	16807.48	4821	0	3
2024.01.15	14:03:00	16807.48	16822.6	16807.33	16819.32	644	0	1
2024.01.15	14:04:00	16819.32	16835.95	16815.31	16835.21	2439	0	3
2024.01.15	14:05:00	16835.21	16838.36	16823.61	16825.19	3809	0	1
2024.01.15	14:06:00	16825.19	16830.94	16822.64	16822.72	2881	0	3
2024.01.15	14:07:00	16822.72	16831.97	16822.66	16823.42	4827	0	2
2024.01.15	14:08:00	16823.42	16845.25	16816.77	16838.93	3543	0	1
2024.01.15	14:09:00	16838.93	16841.26	16831.2	16835.07	2159	0	2
2024.01.15	14:10:00	16835.07	16837.35	16826.56	16831.34	3299	0	1
2024.01.15	14:11:00	16831.34	16846.4	16829.19	16844.88	3696	0	1
2024.01.15	14:12:00	16844.88	16846.25	16837.16	16842.02	4017	0	4
2024.01.15	14:13:00	16842.02	16853.26	16838.5	16848.52	1744	0	4
2024.01.15	14:14:00	16848.52	16849.73	16832.51	16836.26	4622	0	4
2024.01.15	14:15:00	16836.26	16838.5	16833.72	16835.14	4988	0	1
2024.01.15	14:16:00	16835.14	16836.07	16819.47	16821.33	1470	0	3
2024.01.15	14:17:00	16821.33	16822.95	16812.04	16812.68	1437	0	3
2024.01.15	14:18:00	16812.68	16821.54	16809.95	16820.16	2231	0	2
2024.01.15	14:19:00	16820.16	16823.12	16811.02	16820.07	1875	0	3
2024.01.15	14:20:00	16820.07	16824.57	16812.4	16817.69	1338	0	2
2024.01.15	14:21:00	16817.69	16821.93	16809.52	16811.65	1255	0	4
2024.01.15	14:22:00	16811.65	16813.47	16809.74	16810.11	3694	0	1
2024.01.15	14:23:00	16810.11	16817.01	16809.78	16813.01	4798	0	2
2024.01.15	14:24:00	16813.01	16825.43	16812.84	16821.72	930	0	4
2024.01.15	14:25:00	16821.72	16833.12	16794.12	16799.71	3071	0	1
2024.01.15	14:26:00	16799.71	16804.89	16792.32	16792.97	1759	0	4
2024.01.15	14:27:00	16792.97	16795.03	16790.44	16794.66	1611	0	3
2024.01.15	14:28:00	16794.66	16798.53	16785.46	16794.15	3074	0	4
2024.01.15	14:29:00	16794.15	16799.03	16788.62	16797.92	1105	0	3
2024.01.15	14:30:00	16797.92	16801.94	16794.11	16800.53	874	0	4
2024.01.15	14:31:00	16800.53	16802.71	16795.25	16798.27	4436	0	4
2024.01.15	14:32:00	16798.27	16801.25	16792.86	16794.13	2507	0	4
2024.01.15	14:33:00	16794.13	16799.2	16789.48	16792.38	781	0	1
2024.01.15	14:34:00	16792.38	16808.39	16789.33	16802.48	4444	0	4
2024.01.15	14:35:00	16802.48	16809.43	16791.48	16796.59	3394	0	2
2024.01.15	14:36:00	16796.59	16797.17	16795.81	16796.39	3822	0	4
2024.01.15	14:37:00	16796.39	16801.87	16790.84	16798.29	3245	0	1
2024.01.15	14:38:00	16798.29	16817.26	16797.6	16811.9	2632	0	1
2024.01.15	14:39:00	16811.9	16814.61	16805.3	16809.68	3973	0	3
2024.01.15	14:40:00	16809.68	16821.42	16806.47	16818.18	2051	0	1
2024.01.15	14:41:00	16818.18	16829.06	16816.34	16829.01	3568	0	2
2024.01.15	14:42:00	16829.01	16831.66	16826.38	16828.81	4470	0	2
2024.01.15	14:43:00	16828.81	16831.1	16822.7	16827.35	4264	0	1
2024.01.15	14:44:00	16827.35	16827.37	16820.81	16824.88	2995	0	3
2024.01.15	14:45:00	16824.88	16829.2	16822.89	16823.04	671	0	3
2024.01.15	14:46:00	16823.04	16836.92	16820.42	16830.65	569	0	3
2024.01.15	14:47:00	16830.65	16833.59	16827.49	16832.96	2436	0	2
2024.01.15	14:48:00	16832.96	16836.26	16830.22	16835.3	3482	0	1
2024.01.15	14:49:00	16835.3	16836.08	16820.5	16826.05	864	0	1
2024.01.15	14:50:00	16826.05	16828.1	16817.79	16818.14	2348	0	2
2024.01.15	14:51:00	16818.14	16838.41	16805.54	16836.74	2323	0	1
2024.01.15	14:52:00	16836.74	16842.4	16833.73	16835.56	2564	0	3
2024.01.15	14:53:00	16835.56	16843.62	16822.63	16829.3	3023	0	4
2024.01.15	14:54:00	16829.3	16842.83	16827.91	16841.83	1756	0	2
2024.01.15	14:55:00	16841.83	16846.02	16833.66	16844.57	3171	0	3
2024.01.15	14:56:00	16844.57	16849.96	16842.66	16849.84	2537	0	4
2024.01.15	14:57:00	16849.84	16853.85	16846.77	16849.0	4661	0	2
2024.01.15	14:58:00	16849.0	16854.55	16843.52	16846.62	1960	0	1
2024.01.15	14:59:00	16846.62	16850.06	16844.46	16845.51	4647	0	2
2024.01.15	15:00:00	16845.51	16848.74	16830.45	16834.06	4829	0	1
2024.01.15	15:01:00	16834.06	16841.54	16831.42	16833.65	1894	0	4
2024.01.15	15:02:00	16833.65	16840.16	16833.4	16836.51	2333	0	4
2024.01.15	15:03:00	16836.51	16854.58	16831.54	16852.63	3645	0	1
2024.01.15	15:04:00	16852.63	16854.19	16852.59	16853.7	2563	0	2
2024.01.15	15:05:00	16853.7	16857.6	16831.0	16834.12	3707	0	1
2024.01.15	15:06:00	16834.12	16834.61	16827.43	16833.66	1666	0	4
2024.01.15	15:07:00	16833.66	16862.55	16829.85	16857.37	4807	0	4
2024.01.15	15:08:00	16857.37	16871.99	16856.84	16865.1	3641	0	2
2024.01.15	15:09:00	16865.1	16871.78	16858.17	16858.51	877	0	3
2024.01.15	15:10:00	16858.51	16866.58	16854.19	16863.9	1594	0	3
2024.01.15	15:11:00	16863.9	16864.01	16857.16	16857.9	3277	0	4
2024.01.15	15:12:00	16857.9	16860.02	16843.45	16846.68	1818	0	4
2024.01.15	15:13:00	16846.68	16849.43	16837.75	16844.05	2332	0	3
2024.01.15	15:14:00	16844.05	16849.81	16841.96	16845.17	3409	0	2
2024.01.15	15:15:00	16845.17	16846.36	16822.53	16829.54	2062	0	3
2024.01.15	15:16:00	16829.54	16831.93	16814.32	16820.09	4568	0	3
2024.01.15	15:17:00	16820.09	16821.67	16819.03	16820.51	3278	0	3
2024.01.15	15:18:00	16820.51	16820.55	16815.48	16817.37	2387	0	1
2024.01.15	15:19:00	16817.37	16826.58	16816.37	16821.07	1757	0	1
2024.01.15	15:20:00	16821.07	16825.45	16810.02	16811.06	1830	0	3
2024.01.15	15:21:00	16811.06	16823.23	16807.69	16817.48	661	0	4
2024.01.15	15:22:00	16817.48	16818.11	16805.47	16807.74	887	0	4
2024.01.15	15:23:00	16807.74	16823.05	16803.38	16822.06	4000	0	3
2024.01.15	15:24:00	16822.06	16828.24	16806.35	16807.79	3958	0	4
2024.01.15	15:25:00	16807.79	16808.1	16797.45	16798.83	890	0	1
2024.01.15	15:26:00	16798.83	16806.44	16793.02	16802.72	2986	0	4
2024.01.15	15:27:00	16802.72	16821.77	16799.92	16817.22	1976	0	1
2024.01.15	15:28:00	16817.22	16822.9	16816.25	16820.24	3638	0	2
2024.01.15	15:29:00	16820.24	16830.14	16814.71	16825.37	3177	0	2
2024.01.15	15:30:00	16825.37	16828.44	16824.33	16825.86	4098	0	1
2024.01.15	15:31:00	16825.86	16826.57	16815.72	16817.45	3306	0	2
2024.01.15	15:32:00	16817.45	16820.92	16809.76	16813.61	1399	0	3
2024.01.15	15:33:00	16813.61	16815.5	16803.47	16803.63	3498	0	1
2024.01.15	15:34:00	16803.63	16805.36	16792.9	16793.09	4256	0	1
2024.01.15	15:35:00	16793.09	16804.81	16789.94	16796.84	4975	0	2
2024.01.15	15:36:00	16796.84	16803.75	16787.35	16787.63	3666	0	1
2024.01.15	15:37:00	16787.63	16796.14	16778.73	16790.68	2306	0	4
2024.01.15	15:38:00	16790.68	16797.72	16778.02	16779.95	2790	0	2
2024.01.15	15:39:00	16779.95	16786.06	16775.76	16782.81	1118	0	3
2024.01.15	15:40:00	16782.81	16784.21	16774.44	16778.99	3366	0	3
2024.01.15	15:41:00	16778.99	16797.35	16776.72	16791.28	1120	0	2
2024.01.15	15:42:00	16791.28	16795.74	16786.95	16794.37	1671	0	2
2024.01.15	15:43:00	16794.37	16808.22	16791.84	16805.22	2796	0	1
2024.01.15	15:44:00	16805.22	16806.87	16795.32	16799.13	2653	0	4
2024.01.15	15:45:00	16799.13	16802.36	16795.21	16799.94	2226	0	4
2024.01.15	15:46:00	16799.94	16803.97	16788.24	16791.93	3412	0	3
2024.01.15	15:47:00	16791.93	16796.65	16784.83	16788.75	4609	0	3
2024.01.15	15:48:00	16788.75	16792.04	16785.49	16786.86	4652	0	4
2024.01.15	15:49:00	16786.86	16786.98	16778.44	16781.03	2799	0	1
2024.01.15	15:50:00	16781.03	16787.16	16770.36	16771.04	2982	0	3
2024.01.15	15:51:00	16771.04	16771.17	16757.37	16759.37	2533	0	4
2024.01.15	15:52:00	16759.37	16764.28	16737.01	16739.86	4536	0	4
2024.01.15	15:53:00	16739.86	16744.86	16729.97	16731.24	4380	0	2
2024.01.15	15:54:00	16731.24	16737.36	16725.12	16736.9	744	0	3
2024.01.15	15:55:00	16736.9	16741.37	16719.61	16723.69	4082	0	2
2024.01.15	15:56:00	16723.69	16725.55	16712.09	16712.44	634	0	1
2024.01.15	15:57:00	16712.44	16730.09	16711.45	16727.94	3712	0	2
2024.01.15	15:58:00	16727.94	16728.49	16720.6	16722.88	2024	0	2
2024.01.15	15:59:00	16722.88	16727.36	16720.72	16725.94	2873	0	4
2024.01.16	09:30:00	16725.94	16735.06	16719.43	16731.71	4022	0	2
2024.01.16	09:31:00	16731.71	16740.05	16730.65	16737.66	1556	0	4
2024.01.16	09:32:00	16737.66	16741.2	16722.21	16725.1	1098	0	4
2024.01.16	09:33:00	16725.1	16730.33	16723.17	16723.47	3053	0	3
2024.01.16	09:34:00	16723.47	16727.04	16706.4	16710.11	4270	0	2
2024.01.16	09:35:00	16710.11	16734.1	16709.83	16731.16	1020	0	2
2024.01.16	09:36:00	16731.16	16733.47	16712.31	16717.99	2244	0	4
2024.01.16	09:37:00	16717.99	16724.19	16705.65	16709.45	2915	0	2
2024.01.16	09:38:00	16709.45	16711.44	16700.86	16700.98	1523	0	2
2024.01.16	09:39:00	16700.98	16706.49	16680.01	16688.66	4331	0	2
2024.01.16	09:40:00	16688.66	16704.85	16677.26	16700.43	3192	0	2
2024.01.16	09:41:00	16700.43	16726.88	16698.4	16721.27	2817	0	2
2024.01.16	09:42:00	16721.27	16723.1	16716.53	16717.57	1124	0	1
2024.01.16	09:43:00	16717.57	16726.52	16703.8	16706.73	808	0	4
2024.01.16	09:44:00	16706.73	16709.62	16684.3	16688.15	1244	0	4
2024.01.16	09:45:00	16688.15	16688.76	16682.84	16686.42	640	0	3
2024.01.16	09:46:00	16686.42	16690.27	16683.66	16684.08	2906	0	4
2024.01.16	09:47:00	16684.08	16686.99	16677.35	16678.92	4372	0	2
2024.01.16	09:48:00	16678.92	16686.77	16676.49	16681.12	3911	0	3
2024.01.16	09:49:00	16681.12	16686.8	16677.79	16684.79	1509	0	4
2024.01.16	09:50:00	16684.79	16692.2	16676.4	16687.86	1382	0	1
2024.01.16	09:51:00	16687.86	16693.41	16679.25	16685.52	2865	0	1
2024.01.16	09:52:00	16685.52	16688.28	16672.57	16676.55	3998	0	4
2024.01.16	09:53:00	16676.55	16686.61	16673.7	16682.5	3995	0	1
2024.01.16	09:54:00	16682.5	16688.59	16681.03	16682.94	2848	0	4
2024.01.16	09:55:00	16682.94	16691.79	16673.21	16690.78	1639	0	2
2024.01.16	09:56:00	16690.78	16698.76	16687.61	16697.8	2674	0	3
2024.01.16	09:57:00	16697.8	16698.02	16685.03	16686.11	3818	0	4
2024.01.16	09:58:00	16686.11	16689.14	16669.77	16674.33	4458	0	3
2024.01.16	09:59:00	16674.33	16678.02	16661.14	16668.29	838	0	1
2024.01.16	10:00:00	16668.29	16674.49	16655.59	16659.71	3984	0	3
2024.01.16	10:01:00	16659.71	16671.44	16659.5	16666.41	3868	0	1
2024.01.16	10:02:00	16666.41	16676.05	16666.21	16669.71	1460	0	4
2024.01.16	10:03:00	16669.71	16687.28	16665.88	16679.33	787	0	2
2024.01.16	10:04:00	16679.33	16684.56	16670.61	16683.01	1890	0	4
2024.01.16	10:05:00	16683.01	16692.15	16680.11	16685.11	1747	0	4
2024.01.16	10:06:00	16685.11	16701.43	16684.36	16695.58	1009	0	2
2024.01.16	10:07:00	16695.58	16701.84	16687.97	16699.88	1655	0	2
2024.01.16	10:08:00	16699.88	16709.31	16693.2	16700.79	1380	0	4
2024.01.16	10:09:00	16700.79	16713.73	16692.0	16713.65	4511	0	3
2024.01.16	10:10:00	16713.65	16717.57	16709.9	16714.96	886	0	3
2024.01.16	10:11:00	16714.96	16717.86	16709.28	16712.72	2905	0	4
2024.01.16	10:12:00	16712.72	16718.32	16705.25	16705.97	1968	0	2
2024.01.16	10:13:00	16705.97	16715.95	16701.19	16712.25	4293	0	3
2024.01.16	10:14:00	16712.25	16723.45	16709.17	16723.06	2635	0	2
2024.01.16	10:15:00	16723.06	16731.95	16717.71	16722.96	3120	0	1
2024.01.16	10:16:00	16722.96	16737.04	16717.71	16734.38	2281	0	2
2024.01.16	10:17:00	16734.38	16737.89	16711.46	16718.02	4131	0	1
2024.01.16	10:18:00	16718.02	16719.05	16717.28	16717.89	3505	0	4
2024.01.16	10:19:00	16717.89	16722.51	16710.39	16717.88	2981	0	2
2024.01.16	10:20:00	16717.88	16721.58	16708.3	16712.07	2283	0	4
2024.01.16	10:21:00	16712.07	16738.39	16709.99	16732.59	2524	0	4
2024.01.16	10:22:00	16732.59	16736.44	16731.4	16732.36	1637	0	2
2024.01.16	10:23:00	16732.36	16733.99	16725.51	16729.24	3460	0	4
2024.01.16	10:24:00	16729.24	16733.83	16728.16	16729.79	1827	0	1
2024.01.16	10:25:00	16729.79	16730.37	16709.0	16713.17	1789	0	1
2024.01.16	10:26:00	16713.17	16714.41	16704.73	16707.08	2599	0	4
2024.01.16	10:27:00	16707.08	16720.68	16702.46	16715.73	4634	0	2
2024.01.16	10:28:00	16715.73	16717.01	16707.64	16710.74	2477	0	1
2024.01.16	10:29:00	16710.74	16711.67	16703.63	16704.06	4586	0	1
2024.01.16	10:30:00	16704.06	16719.3	16700.78	16715.48	2870	0	4
2024.01.16	10:31:00	16715.48	16730.19	16712.54	16727.16	827	0	2
2024.01.16	10:32:00	16727.16	16734.48	16723.26	16731.87	3127	0	2
2024.01.16	10:33:00	16731.87	16738.83	16726.31	16728.35	4625	0	2
2024.01.16	10:34:00	16728.35	16729.51	16725.17	16726.66	4469	0	1
2024.01.16	10:35:00	16726.66	16729.98	16714.31	16720.18	1318	0	4
2024.01.16	10:36:00	16720.18	16722.6	16704.46	16712.1	1705	0	1
2024.01.16	10:37:00	16712.1	16720.13	16702.57	16703.6	3565	0	2
2024.01.16	10:38:00	16703.6	16705.17	16695.35	16698.7	2466	0	4
2024.01.16	10:39:00	16698.7	16701.66	16687.87	16690.29	4203	0	1
2024.01.16	10:40:00	16690.29	16690.44	16671.38	16677.41	2841	0	3
2024.01.16	10:41:00	16677.41	16682.87	16676.55	16679.6	1585	0	3
2024.01.16	10:42:00	16679.6	16687.02	16678.75	16681.91	1993	0	3
2024.01.16	10:43:00	16681.91	16701.98	16680.69	16696.62	1006	0	4
2024.01.16	10:44:00	16696.62	16700.88	16687.16	16691.31	1787	0	1
2024.01.16	10:45:00	16691.31	16697.3	16687.25	16694.14	3902	0	2
2024.01.16	10:46:00	16694.14	16698.88	16693.6	16697.12	1499	0	2
2024.01.16	10:47:00	16697.12	16701.0	16692.99	16695.31	2490	0	4
2024.01.16	10:48:00	16695.31	16704.11	16692.93	16701.94	1309	0	2
2024.01.16	10:49:00	16701.94	16712.17	16701.79	16708.83	2690	0	2
2024.01.16	10:50:00	16708.83	16713.53	16708.35	16711.93	4845	0	2
2024.01.16	10:51:00	16711.93	16713.17	16705.65	16710.1	3928	0	3
2024.01.16	10:52:00	16710.1	16715.31	16707.37	16707.41	3939	0	3
2024.01.16	10:53:00	16707.41	16715.61	16693.83	16696.18	1642	0	3
2024.01.16	10:54:00	16696.18	16699.52	16688.97	16689.7	1883	0	3
2024.01.16	10:55:00	16689.7	16693.9	16678.85	16684.78	937	0	4
2024.01.16	10:56:00	16684.78	16685.8	16674.34	16675.62	4645	0	4
2024.01.16	10:57:00	16675.62	16684.96	16674.35	16679.67	4809	0	3
2024.01.16	10:58:00	16679.67	16699.27	16676.52	16690.11	2025	0	4
2024.01.16	10:59:00	16690.11	16695.05	16681.44	16682.77	3648	0	2
2024.01.16	11:00:00	16682.77	16689.35	16680.67	16685.5	1449	0	1
2024.01.16	11:01:00	16685.5	16686.62	16667.23	16677.1	3434	0	4
2024.01.16	11:02:00	16677.1	16679.95	16670.73	16674.86	928	0	4
2024.01.16	11:03:00	16674.86	16683.27	16662.9	16669.36	1998	0	1
2024.01.16	11:04:00	16669.36	16675.3	16667.29	16674.78	2269	0	2
2024.01.16	11:05:00	16674.78	16677.77	16663.74	16669.38	4980	0	2
2024.01.16	11:06:00	16669.38	16679.53	16666.49	16678.26	2602	0	3
2024.01.16	11:07:00	16678.26	16678.63	16673.98	16676.51	1501	0	2
2024.01.16	11:08:00	16676.51	16677.26	16670.73	16671.36	712	0	3
2024.01.16	11:09:00	16671.36	16673.22	16660.06	16661.12	1301	0	3
2024.01.16	11:10:00	16661.12	16663.6	16658.07	16663.59	1590	0	4
2024.01.16	11:11:00	16663.59	16677.29	16663.56	16671.48	1932	0	4
2024.01.16	11:12:00	16671.48	16675.56	16670.7	16674.12	1113	0	2
2024.01.16	11:13:00	16674.12	16695.93	16673.31	16693.37	3825	0	3
2024.01.16	11:14:00	16693.37	16708.62	16687.4	16705.79	2240	0	3
2024.01.16	11:15:00	16705.79	16708.64	16703.43	16703.52	1566	0	2
2024.01.16	11:16:00	16703.52	16703.66	16695.83	16701.17	2865	0	4
2024.01.16	11:17:00	16701.17	16706.4	16697.18	16705.48	1907	0	1
2024.01.16	11:18:00	16705.48	16710.53	16698.62	16698.72	3577	0	4
2024.01.16	11:19:00	16698.72	16716.27	16687.89	16708.92	2883	0	4
2024.01.16	11:20:00	16708.92	16715.17	16706.48	16712.31	4695	0	2
2024.01.16	11:21:00	16712.31	16720.04	16711.95	16714.82	3424	0	2
2024.01.16	11:22:00	16714.82	16728.72	16708.68	16720.97	2150	0	1
2024.01.16	11:23:00	16720.97	16745.58	16719.26	16735.9	1171	0	1
2024.01.16	11:24:00	16735.9	16737.89	16728.32	16737.68	957	0	1
2024.01.16	11:25:00	16737.68	16739.62	16735.51	16737.06	3445	0	4
2024.01.16	11:26:00	16737.06	16753.65	16730.58	16750.18	648	0	4
2024.01.16	11:27:00	16750.18	16764.14	16746.49	16758.73	2214	0	4
2024.01.16	11:28:00	16758.73	16760.06	16754.69	16756.34	592	0	2
2024.01.16	11:29:00	16756.34	16760.65	16752.82	16756.72	2057	0	2
2024.01.16	11:30:00	16756.72	16760.66	16755.46	16758.71	4476	0	4
2024.01.16	11:31:00	16758.71	16764.33	16754.44	16762.12	855	0	3
2024.01.16	11:32:00	16762.12	16766.02	16750.16	16750.94	4884	0	1
2024.01.16	11:33:00	16750.94	16752.34	16735.85	16738.2	4882	0	4
2024.01.16	11:34:00	16738.2	16740.41	16730.71	16731.01	4386	0	1
2024.01.16	11:35:00	16731.01	16736.05	16721.53	16723.18	3619	0	1
2024.01.16	11:36:00	16723.18	16730.17	16715.79	16718.06	1302	0	4
2024.01.16	11:37:00	16718.06	16725.56	16716.26	16723.77	949	0	4
2024.01.16	11:38:00	16723.77	16724.89	16722.66	16722.67	4636	0	3
2024.01.16	11:39:00	16722.67	16725.11	16719.68	16724.67	2148	0	2
2024.01.16	11:40:00	16724.67	16727.02	16714.05	16714.64	2523	0	1
2024.01.16	11:41:00	16714.64	16715.43	16709.43	16711.07	860	0	2
2024.01.16	11:42:00	16711.07	16717.46	16708.46	16716.37	769	0	3
2024.01.16	11:43:00	16716.37	16725.62	16712.68	16721.74	2936	0	1
2024.01.16	11:44:00	16721.74	16725.46	16713.82	16715.94	2324	0	3
2024.01.16	11:45:00	16715.94	16718.08	16709.02	16717.64	3650	0	1
2024.01.16	11:46:00	16717.64	16738.44	16713.56	16736.6	4253	0	2
2024.01.16	11:47:00	16736.6	16737.58	16733.91	16736.79	754	0	1
2024.01.16	11:48:00	16736.79	16739.89	16727.88	16731.25	4866	0	1
2024.01.16	11:49:00	16731.25	16733.5	16727.81	16730.11	4649	0	2
2024.01.16	11:50:00	16730.11	16733.61	16726.19	16731.23	3080	0	3
2024.01.16	11:51:00	16731.23	16732.45	16727.32	16730.28	2183	0	4
2024.01.16	11:52:00	16730.28	16733.13	16728.49	16730.35	1249	0	1
2024.01.16	11:53:00	16730.35	16732.08	16715.96	16718.46	1556	0	3
2024.01.16	11:54:00	16718.46	16725.01	16709.26	16710.65	3655	0	4
2024.01.16	11:55:00	16710.65	16715.78	16709.58	16709.72	1084	0	2
2024.01.16	11:56:00	16709.72	16718.0	16703.8	16708.66	4844	0	4
2024.01.16	11:57:00	16708.66	16711.02	16701.4	16704.2	1155	0	2
2024.01.16	11:58:00	16704.2	16706.5	16702.81	16703.04	3895	0	1
2024.01.16	11:59:00	16703.04	16705.95	16698.59	16703.89	4324	0	2
2024.01.16	12:00:00	16703.89	16715.24	16699.64	16711.75	1830	0	2
2024.01.16	12:01:00	16711.75	16714.52	16705.48	16711.24	2660	0	3
2024.01.16	12:02:00	16711.24	16721.17	16707.07	16714.95	3095	0	1
2024.01.16	12:03:00	16714.95	16721.41	16710.35	16710.7	4093	0	3
2024.01.16	12:04:00	16710.7	16721.17	16709.42	16715.88	730	0	4
2024.01.16	12:05:00	16715.88	16721.25	16714.74	16719.39	1521	0	2
2024.01.16	12:06:00	16719.39	16730.79	16718.13	16727.06	1174	0	1
2024.01.16	12:07:00	16727.06	16738.21	16719.55	16733.44	1930	0	3
2024.01.16	12:08:00	16733.44	16744.12	16728.62	16738.76	3528	0	3
2024.01.16	12:09:00	16738.76	16741.01	16732.99	16738.26	2356	0	2
2024.01.16	12:10:00	16738.26	16745.96	16734.68	16740.67	2714	0	4
2024.01.16	12:11:00	16740.67	16750.06	16740.37	16750.03	2545	0	4
2024.01.16	12:12:00	16750.03	16759.5	16742.65	16744.83	523	0	1
2024.01.16	12:13:00	16744.83	16748.0	16737.22	16739.84	939	0	3
2024.01.16	12:14:00	16739.84	16745.53	16735.84	16741.71	1522	0	3
2024.01.16	12:15:00	16741.71	16745.86	16741.25	16745.57	702	0	1
2024.01.16	12:16:00	16745.57	16746.21	16737.24	16738.92	4200	0	1
2024.01.16	12:17:00	16738.92	16739.98	16731.69	16738.62	4981	0	1
2024.01.16	12:18:00	16738.62	16745.64	16726.36	16738.16	2681	0	2
2024.01.16	12:19:00	16738.16	16739.8	16719.46	16719.72	3499	0	2
2024.01.16	12:20:00	16719.72	16725.59	16716.38	16718.2	753	0	3
2024.01.16	12:21:00	16718.2	16728.89	16709.27	16717.2	746	0	4
2024.01.16	12:22:00	16717.2	16718.66	16709.15	16716.18	3222	0	2
2024.01.16	12:23:00	16716.18	16731.71	16714.4	16728.5	3976	0	4
2024.01.16	12:24:00	16728.5	16732.15	16712.8	16718.54	4681	0	3
2024.01.16	12:25:00	16718.54	16731.68	16704.29	16711.9	2125	0	4
2024.01.16	12:26:00	16711.9	16715.5	16689.28	16690.14	2383	0	2
2024.01.16	12:27:00	16690.14	16690.87	16682.89	16686.41	4084	0	3
2024.01.16	12:28:00	16686.41	16689.09	16678.31	16683.4	1133	0	4
2024.01.16	12:29:00	16683.4	16685.04	16677.18	16679.43	4774	0	4
2024.01.16	12:30:00	16679.43	16695.0	16676.61	16689.12	1839	0	2
2024.01.16	12:31:00	16689.12	16698.91	16688.28	16696.73	619	0	2
2024.01.16	12:32:00	16696.73	16702.06	16694.37	16697.72	4056	0	1
2024.01.16	12:33:00	16697.72	16702.41	16690.04	16694.92	4839	0	3
2024.01.16	12:34:00	16694.92	16708.24	16694.1	16703.93	2667	0	3
2024.01.16	12:35:00	16703.93	16705.96	16699.38	16704.1	1245	0	2
2024.01.16	12:36:00	16704.1	16708.31	16692.38	16697.51	1181	0	1
2024.01.16	12:37:00	16697.51	16699.36	16680.57	16683.34	1837	0	4
2024.01.16	12:38:00	16683.34	16686.68	16675.58	16679.95	2902	0	4
2024.01.16	12:39:00	16679.95	16688.9	16676.02	16686.66	3321	0	4
2024.01.16	12:40:00	16686.66	16712.5	16681.65	16706.24	3642	0	2
2024.01.16	12:41:00	16706.24	16711.69	16705.37	16707.09	3721	0	3
2024.01.16	12:42:00	16707.09	16709.91	16699.68	16700.95	1583	0	4
2024.01.16	12:43:00	16700.95	16702.86	16689.4	16691.27	1266	0	4
2024.01.16	12:44:00	16691.27	16697.19	16690.78	16696.27	4781	0	2
2024.01.16	12:45:00	16696.27	16700.63	16675.65	16681.69	1115	0	4
2024.01.16	12:46:00	16681.69	16690.57	16676.22	16686.67	2793	0	3
2024.01.16	12:47:00	16686.67	16698.04	16685.66	16693.92	1789	0	1
2024.01.16	12:48:00	16693.92	16700.15	16686.78	16697.94	3790	0	1
2024.01.16	12:49:00	16697.94	16701.32	16693.79	16696.42	1965	0	2
2024.01.16	12:50:00	16696.42	16704.08	16694.07	16701.53	951	0	4
2024.01.16	12:51:00	16701.53	16711.16	16687.37	16703.31	1931	0	3
2024.01.16	12:52:00	16703.31	16704.54	16692.72	16697.06	952	0	3
2024.01.16	12:53:00	16697.06	16719.57	16695.66	16713.05	1270	0	3
2024.01.16	12:54:00	16713.05	16717.4	16709.33	16710.41	2627	0	4
2024.01.16	12:55:00	16710.41	16721.63	16709.07	16717.31	4868	0	3
2024.01.16	12:56:00	16717.31	16717.56	16696.63	16697.18	1415	0	2
2024.01.16	12:57:00	16697.18	16715.78	16696.01	16708.31	4091	0	2
2024.01.16	12:58:00	16708.31	16724.86	16700.0	16721.07	2842	0	3
2024.01.16	12:59:00	16721.07	16725.71	16720.24	16721.66	4910	0	1
2024.01.16	13:00:00	16721.66	16728.07	16721.23	16726.73	2842	0	4
2024.01.16	13:01:00	16726.73	16733.57	16719.3	16731.79	966	0	4
2024.01.16	13:02:00	16731.79	16739.63	16726.13	16726.68	2346	0	2
2024.01.16	13:03:00	16726.68	16737.72	16723.44	16731.65	840	0	3
2024.01.16	13:04:00	16731.65	16733.71	16724.0	16725.14	1498	0	4
2024.01.16	13:05:00	16725.14	16728.93	16720.0	16720.32	2911	0	3
2024.01.16	13:06:00	16720.32	16735.57	16719.76	16730.2	4550	0	1
2024.01.16	13:07:00	16730.2	16739.19	16724.78	16738.79	3265	0	1
2024.01.16	13:08:00	16738.79	16738.8	16732.48	16733.14	2141	0	3
2024.01.16	13:09:00	16733.14	16740.82	16724.8	16727.26	3358	0	1
2024.01.16	13:10:00	16727.26	16727.33	16721.21	16722.12	1599	0	4
2024.01.16	13:11:00	16722.12	16733.77	16719.03	16728.66	919	0	2
2024.01.16	13:12:00	16728.66	16728.71	16717.67	16720.53	3802	0	4
2024.01.16	13:13:00	16720.53	16729.26	16719.59	16723.89	4297	0	1
2024.01.16	13:14:00	16723.89	16732.51	16721.59	16730.55	3255	0	2
2024.01.16	13:15:00	16730.55	16731.3	16728.99	16730.13	2703	0	1
2024.01.16	13:16:00	16730.13	16741.27	16719.08	16739.03	2560	0	2
2024.01.16	13:17:00	16739.03	16739.31	16735.73	16736.78	2156	0	1
2024.01.16	13:18:00	16736.78	16739.17	16730.04	16735.3	4864	0	2
2024.01.16	13:19:00	16735.3	16737.27	16723.8	16727.36	2769	0	2
2024.01.16	13:20:00	16727.36	16736.73	16723.38	16736.31	4423	0	3
2024.01.16	13:21:00	16736.31	16737.23	16726.66	16730.15	682	0	1
2024.01.16	13:22:00	16730.15	16739.03	16727.88	16733.45	2086	0	2
2024.01.16	13:23:00	16733.45	16736.56	16728.49	16733.18	1467	0	3
2024.01.16	13:24:00	16733.18	16736.18	16723.19	16724.6	1024	0	2
2024.01.16	13:25:00	16724.6	16728.16	16714.94	16719.77	4993	0	3
2024.01.16	13:26:00	16719.77	16732.22	16717.57	16731.82	734	0	4
2024.01.16	13:27:00	16731.82	16740.13	16728.98	16733.86	2986	0	3
2024.01.16	13:28:00	16733.86	16736.02	16718.52	16725.65	1478	0	4
2024.01.16	13:29:00	16725.65	16729.56	16724.08	16728.57	853	0	4
2024.01.16	13:30:00	16728.57	16733.74	16723.91	16727.67	4921	0	3
2024.01.16	13:31:00	16727.67	16763.39	16726.4	16757.28	1817	0	2
2024.01.16	13:32:00	16757.28	16763.31	16752.89	16760.04	2081	0	2
2024.01.16	13:33:00	16760.04	16767.67	16748.36	16757.14	1331	0	4
2024.01.16	13:34:00	16757.14	16778.73	16750.19	16769.53	3588	0	4
2024.01.16	13:35:00	16769.53	16775.0	16749.42	16754.24	4661	0	1
2024.01.16	13:36:00	16754.24	16760.83	16750.52	16755.38	2026	0	3
2024.01.16	13:37:00	16755.38	16784.8	16754.06	16772.64	4127	0	2
2024.01.16	13:38:00	16772.64	16776.54	16771.76	16771.99	2340	0	4
2024.01.16	13:39:00	16771.99	16774.78	16749.74	16757.61	2961	0	2
2024.01.16	13:40:00	16757.61	16758.03	16744.11	16754.59	4101	0	1
2024.01.16	13:41:00	16754.59	16772.47	16753.71	16767.27	4783	0	4
2024.01.16	13:42:00	16767.27	16771.18	16766.6	16770.8	3239	0	3
2024.01.16	13:43:00	16770.8	16771.58	16761.67	16764.01	2177	0	4
2024.01.16	13:44:00	16764.01	16767.33	16753.57	16758.53	2610	0	4
2024.01.16	13:45:00	16758.53	16759.69	16752.15	16754.12	4392	0	2
2024.01.16	13:46:00	16754.12	16760.33	16753.06	16757.52	2090	0	2
2024.01.16	13:47:00	16757.52	16769.74	16750.68	16769.21	2603	0	4
2024.01.16	13:48:00	16769.21	16783.5	16767.27	16778.48	3988	0	2
2024.01.16	13:49:00	16778.48	16785.38	16777.28	16782.7	4318	0	1
2024.01.16	13:50:00	16782.7	16787.74	16769.16	16771.72	2510	0	3
2024.01.16	13:51:00	16771.72	16777.62	16757.95	16760.78	4553	0	3
2024.01.16	13:52:00	16760.78	16770.84	16758.98	16765.64	4380	0	4
2024.01.16	13:53:00	16765.64	16767.62	16747.73	16754.56	2583	0	1
2024.01.16	13:54:00	16754.56	16755.75	16751.29	16752.98	1748	0	2
2024.01.16	13:55:00	16752.98	16762.93	16749.67	16755.89	1301	0	3
2024.01.16	13:56:00	16755.89	16762.82	16743.05	16746.58	1043	0	4
2024.01.16	13:57:00	16746.58	16751.84	16736.48	16738.23	1365	0	1
2024.01.16	13:58:00	16738.23	16740.25	16735.19	16737.77	808	0	3
2024.01.16	13:59:00	16737.77	16747.01	16732.01	16742.37	1799	0	3
2024.01.16	14:00:00	16742.37	16752.22	16741.49	16751.71	4961	0	4
2024.01.16	14:01:00	16751.71	16762.47	16749.62	16757.19	1503	0	2
2024.01.16	14:02:00	16757.19	16760.26	16757.03	16758.15	2230	0	1
2024.01.16	14:03:00	16758.15	16762.49	16750.8	16752.16	2247	0	3
2024.01.16	14:04:00	16752.16	16753.05	16743.17	16743.41	2838	0	4
2024.01.16	14:05:00	16743.41	16746.05	16736.78	16739.42	2780	0	1
2024.01.16	14:06:00	16739.42	16745.89	16734.42	16743.23	3114	0	3
2024.01.16	14:07:00	16743.23	16749.14	16742.84	16746.41	892	0	3
2024.01.16	14:08:00	16746.41	16753.84	16723.43	16728.95	1945	0	4
2024.01.16	14:09:00	16728.95	16738.02	16718.3	16722.63	4593	0	2
2024.01.16	14:10:00	16722.63	16745.04	16721.17	16733.17	4892	0	4
2024.01.16	14:11:00	16733.17	16735.04	16731.62	16734.18	510	0	1
2024.01.16	14:12:00	16734.18	16736.63	16720.65	16722.51	3336	0	3
2024.01.16	14:13:00	16722.51	16744.65	16720.65	16742.8	1122	0	3
2024.01.16	14:14:00	16742.8	16742.91	16741.58	16742.89	2910	0	2
2024.01.16	14:15:00	16742.89	16747.3	16738.41	16746.49	537	0	1
2024.01.16	14:16:00	16746.49	16754.66	16736.89	16750.21	3902	0	4
2024.01.16	14:17:00	16750.21	16753.63	16743.91	16747.43	4939	0	2
2024.01.16	14:18:00	16747.43	16752.45	16738.83	16741.59	1054	0	4
2024.01.16	14:19:00	16741.59	16766.51	16739.29	16759.92	2347	0	2
2024.01.16	14:20:00	16759.92	16770.65	16758.52	16768.77	1373	0	3
2024.01.16	14:21:00	16768.77	16777.66	16764.42	16776.09	1382	0	3
2024.01.16	14:22:00	16776.09	16785.4	16774.92	16781.32	4067	0	2
2024.01.16	14:23:00	16781.32	16789.7	16764.13	16773.13	1034	0	2
2024.01.16	14:24:00	16773.13	16788.38	16771.99	16784.32	1058	0	2
2024.01.16	14:25:00	16784.32	16789.13	16774.15	16777.5	2166	0	1
2024.01.16	14:26:00	16777.5	16781.03	16776.83	16780.24	1890	0	3
2024.01.16	14:27:00	16780.24	16783.5	16761.81	16766.65	4891	0	2
2024.01.16	14:28:00	16766.65	16766.68	16749.59	16749.67	2275	0	3
2024.01.16	14:29:00	16749.67	16753.36	16746.77	16752.7	2969	0	3
2024.01.16	14:30:00	16752.7	16753.7	16743.24	16746.17	964	0	4
2024.01.16	14:31:00	16746.17	16746.7	16715.86	16729.65	2093	0	4
2024.01.16	14:32:00	16729.65	16737.54	16728.48	16734.56	1427	0	1
2024.01.16	14:33:00	16734.56	16755.6	16732.44	16752.87	2140	0	1
2024.01.16	14:34:00	16752.87	16765.48	16749.69	16765.0	1866	0	4
2024.01.16	14:35:00	16765.0	16767.11	16759.93	16763.15	1028	0	1
2024.01.16	14:36:00	16763.15	16769.84	16761.45	16763.56	2995	0	3
2024.01.16	14:37:00	16763.56	16771.95	16761.83	16771.44	2826	0	4
2024.01.16	14:38:00	16771.44	16785.94	16767.48	16781.3	2834	0	4
2024.01.16	14:39:00	16781.3	16786.52	16774.67	16778.72	2408	0	2
2024.01.16	14:40:00	16778.72	16784.82	16777.57	16779.35	2862	0	2
2024.01.16	14:41:00	16779.35	16785.17	16777.13	16782.24	3779	0	2
2024.01.16	14:42:00	16782.24	16787.28	16781.69	16787.28	1676	0	1
2024.01.16	14:43:00	16787.28	16787.55	16785.87	16786.48	1363	0	1
2024.01.16	14:44:00	16786.48	16787.52	16778.35	16785.8	3549	0	1
2024.01.16	14:45:00	16785.8	16807.08	16777.66	16797.87	1118	0	4
2024.01.16	14:46:00	16797.87	16811.55	16794.83	16808.49	2081	0	2
2024.01.16	14:47:00	16808.49	16813.94	16806.52	16812.89	3116	0	3
2024.01.16	14:48:00	16812.89	16831.39	16804.74	16827.87	3129	0	3
2024.01.16	14:49:00	16827.87	16828.37	16824.15	16824.92	3839	0	1
2024.01.16	14:50:00	16824.92	16841.92	16822.41	16839.09	2622	0	4
2024.01.16	14:51:00	16839.09	16849.92	16838.83	16844.05	2738	0	2
2024.01.16	14:52:00	16844.05	16877.31	16834.82	16872.31	699	0	3
2024.01.16	14:53:00	16872.31	16882.89	16860.45	16862.46	4055	0	2
2024.01.16	14:54:00	16862.46	16863.04	16855.16	16856.91	1566	0	2
2024.01.16	14:55:00	16856.91	16864.12	16856.09	16860.83	4284	0	1
2024.01.16	14:56:00	16860.83	16868.41	16859.82	16864.56	3400	0	3
2024.01.16	14:57:00	16864.56	16882.99	16864.33	16881.56	4624	0	4
2024.01.16	14:58:00	16881.56	16883.37	16869.68	16876.18	4438	0	1
2024.01.16	14:59:00	16876.18	16890.38	16873.98	16884.25	2201	0	2
2024.01.16	15:00:00	16884.25	16905.42	16880.36	16894.53	2272	0	2
2024.01.16	15:01:00	16894.53	16901.06	16887.14	16900.9	4569	0	3
2024.01.16	15:02:00	16900.9	16905.53	16890.83	16893.02	4474	0	3
2024.01.16	15:03:00	16893.02	16908.27	16887.02	16905.4	3690	0	4
2024.01.16	15:04:00	16905.4	16917.01	16901.29	16916.26	4655	0	2
2024.01.16	15:05:00	16916.26	16922.49	16915.85	16921.74	3312	0	1
2024.01.16	15:06:00	16921.74	16929.41	16917.72	16923.83	611	0	2
2024.01.16	15:07:00	16923.83	16926.45	16917.55	16926.11	2991	0	1
2024.01.16	15:08:00	16926.11	16934.06	16922.06	16925.77	2165	0	2
2024.01.16	15:09:00	16925.77	16933.45	16924.28	16931.6	588	0	2
2024.01.16	15:10:00	16931.6	16934.03	16925.89	16932.21	3001	0	2
2024.01.16	15:11:00	16932.21	16936.59	16924.46	16925.27	3021	0	3
2024.01.16	15:12:00	16925.27	16930.39	16914.39	16916.63	3793	0	1
2024.01.16	15:13:00	16916.63	16922.24	16906.1	16910.52	4005	0	2
2024.01.16	15:14:00	16910.52	16913.93	16906.68	16912.76	1951	0	3
2024.01.16	15:15:00	16912.76	16912.89	16911.01	16912.87	4947	0	2
2024.01.16	15:16:00	16912.87	16925.67	16906.89	16915.05	2487	0	4
2024.01.16	15:17:00	16915.05	16920.52	16914.76	16919.68	2449	0	1
2024.01.16	15:18:00	16919.68	16924.36	16912.42	16914.65	1312	0	2
2024.01.16	15:19:00	16914.65	16931.39	16913.89	16927.54	4955	0	1
2024.01.16	15:20:00	16927.54	16927.91	16921.21	16925.59	2273	0	1
2024.01.16	15:21:00	16925.59	16932.87	16919.21	16922.21	1269	0	2
2024.01.16	15:22:00	16922.21	16928.33	16915.0	16926.68	4308	0	2
2024.01.16	15:23:00	16926.68	16929.75	16908.48	16911.29	4811	0	1
2024.01.16	15:24:00	16911.29	16913.29	16900.49	16904.86	1463	0	4
2024.01.16	15:25:00	16904.86	16918.4	16900.07	16913.6	3153	0	4
2024.01.16	15:26:00	16913.6	16916.26	16893.65	16899.06	4573	0	2
2024.01.16	15:27:00	16899.06	16910.2	16894.93	16908.96	3481	0	4
2024.01.16	15:28:00	16908.96	16924.86	16907.5	16922.25	2465	0	1
2024.01.16	15:29:00	16922.25	16924.02	16906.37	16919.42	3081	0	4
2024.01.16	15:30:00	16919.42	16922.51	16917.14	16922.26	957	0	4
2024.01.16	15:31:00	16922.26	16941.53	16919.42	16932.19	4922	0	2
2024.01.16	15:32:00	16932.19	16933.8	16926.31	16928.53	2808	0	3
2024.01.16	15:33:00	16928.53	16936.73	16926.51	16936.31	699	0	2
2024.01.16	15:34:00	16936.31	16941.02	16930.11	16930.89	2020	0	4
2024.01.16	15:35:00	16930.89	16931.34	16925.37	16927.13	2347	0	2
2024.01.16	15:36:00	16927.13	16928.24	16915.88	16920.62	4975	0	1
2024.01.16	15:37:00	16920.62	16931.46	16917.63	16923.9	4438	0	1
2024.01.16	15:38:00	16923.9	16938.71	16922.52	16934.16	1867	0	3
2024.01.16	15:39:00	16934.16	16935.58	16931.47	16932.92	1251	0	4
2024.01.16	15:40:00	16932.92	16937.6	16918.98	16922.36	692	0	3
2024.01.16	15:41:00	16922.36	16924.75	16907.4	16913.43	3063	0	3
2024.01.16	15:42:00	16913.43	16918.33	16906.32	16917.14	2504	0	4
2024.01.16	15:43:00	16917.14	16934.19	16915.52	16933.29	2856	0	2
2024.01.16	15:44:00	16933.29	16937.03	16928.92	16937.0	1727	0	2
2024.01.16	15:45:00	16937.0	16938.43	16933.23	16934.02	4133	0	4
2024.01.16	15:46:00	16934.02	16943.05	16928.41	16940.93	2824	0	3
2024.01.16	15:47:00	16940.93	16944.73	16934.16	16939.22	4632	0	1
2024.01.16	15:48:00	16939.22	16940.53	16932.79	16936.31	1578	0	1
2024.01.16	15:49:00	16936.31	16936.73	16921.61	16928.43	1664	0	4
2024.01.16	15:50:00	16928.43	16942.4	16926.19	16940.85	3137	0	4
2024.01.16	15:51:00	16940.85	16941.82	16914.9	16919.42	3619	0	2
2024.01.16	15:52:00	16919.42	16929.36	16910.45	16926.6	1828	0	4
2024.01.16	15:53:00	16926.6	16927.95	16921.82	16922.96	2964	0	4
2024.01.16	15:54:00	16922.96	16924.97	16919.07	16919.78	2799	0	3
2024.01.16	15:55:00	16919.78	16936.02	16919.5	16934.63	3482	0	4
2024.01.16	15:56:00	16934.63	16939.21	16926.84	16928.84	3363	0	4
2024.01.16	15:57:00	16928.84	16934.96	16921.1	16923.35	1401	0	2
2024.01.16	15:58:00	16923.35	16930.51	16918.87	16922.57	1011	0	4
2024.01.16	15:59:00	16922.57	16934.01	16921.66	16926.46	1727	0	3
2024.01.17	09:30:00	16926.46	16935.94	16922.51	16923.01	1068	0	2
2024.01.17	09:31:00	16923.01	16928.12	16907.37	16909.87	2974	0	1
2024.01.17	09:32:00	16909.87	16913.38	16900.23	16902.79	2804	0	3
2024.01.17	09:33:00	16902.79	16919.18	16902.09	16914.1	513	0	4
2024.01.17	09:34:00	16914.1	16924.51	16911.75	16915.08	4211	0	1
2024.01.17	09:35:00	16915.08	16920.29	16912.5	16919.28	3723	0	2
2024.01.17	09:36:00	16919.28	16925.51	16912.28	16917.38	2599	0	4
2024.01.17	09:37:00	16917.38	16920.44	16909.53	16912.07	1227	0	4
2024.01.17	09:38:00	16912.07	16928.23	16909.43	16926.78	1224	0	2
2024.01.17	09:39:00	16926.78	16935.11	16924.69	16925.51	4690	0	4
2024.01.17	09:40:00	16925.51	16931.18	16921.03	16922.05	1562	0	4
2024.01.17	09:41:00	16922.05	16937.74	16922.03	16931.78	4372	0	2
2024.01.17	09:42:00	16931.78	16933.27	16925.9	16925.93	3485	0	2
2024.01.17	09:43:00	16925.93	16926.24	16917.29	16921.17	3305	0	1
2024.01.17	09:44:00	16921.17	16922.81	16920.02	16921.6	4261	0	1
2024.01.17	09:45:00	16921.6	16927.52	16920.26	16921.94	4509	0	3
2024.01.17	09:46:00	16921.94	16926.24	16921.57	16924.5	1717	0	1
2024.01.17	09:47:00	16924.5	16944.57	16919.54	16942.77	4942	0	2
2024.01.17	09:48:00	16942.77	16947.26	16940.61	16946.0	1076	0	1
2024.01.17	09:49:00	16946.0	16948.48	16923.5	16925.94	3987	0	2
2024.01.17	09:50:00	16925.94	16935.82	16925.3	16929.08	2237	0	1
2024.01.17	09:51:00	16929.08	16931.57	16922.22	16929.74	3319	0	3
2024.01.17	09:52:00	16929.74	16933.2	16928.42	16930.45	4257	0	4
2024.01.17	09:53:00	16930.45	16934.59	16930.28	16932.9	2521	0	3
2024.01.17	09:54:00	16932.9	16933.13	16930.05	16932.99	867	0	4
2024.01.17	09:55:00	16932.99	16936.84	16931.96	16932.88	4161	0	3
2024.01.17	09:56:00	16932.88	16939.35	16931.28	16938.48	1092	0	3
2024.01.17	09:57:00	16938.48	16938.72	16930.98	16934.17	3669	0	2
2024.01.17	09:58:00	16934.17	16936.22	16926.34	16926.38	2480	0	2
2024.01.17	09:59:00	16926.38	16956.76	16923.56	16952.66	2626	0	1
2024.01.17	10:00:00	16952.66	16953.91	16941.18	16946.85	1679	0	3
2024.01.17	10:01:00	16946.85	16950.44	16940.56	16948.05	2750	0	1
2024.01.17	10:02:00	16948.05	16954.44	16928.0	16935.56	1342	0	3
2024.01.17	10:03:00	16935.56	16941.63	16934.32	16936.89	1530	0	3
2024.01.17	10:04:00	16936.89	16940.08	16925.27	16929.23	2629	0	4
2024.01.17	10:05:00	16929.23	16929.54	16922.62	16925.78	4048	0	2
2024.01.17	10:06:00	16925.78	16945.16	16918.87	16935.07	2811	0	4
2024.01.17	10:07:00	16935.07	16942.9	16929.45	16939.46	4452	0	2
2024.01.17	10:08:00	16939.46	16951.59	16938.04	16944.68	1734	0	3
2024.01.17	10:09:00	16944.68	16946.99	16927.58	16929.83	574	0	4
2024.01.17	10:10:00	16929.83	16950.51	16929.69	16945.92	1886	0	3
2024.01.17	10:11:00	16945.92	16946.03	16934.96	16936.03	1003	0	4
2024.01.17	10:12:00	16936.03	16951.06	16931.24	16949.49	2853	0	3
2024.01.17	10:13:00	16949.49	16967.27	16949.48	16958.59	4960	0	1
2024.01.17	10:14:00	16958.59	16965.09	16957.39	16963.89	2699	0	2
2024.01.17	10:15:00	16963.89	16963.98	16943.53	16956.89	1301	0	4
2024.01.17	10:16:00	16956.89	16962.41	16956.85	16958.53	3126	0	3
2024.01.17	10:17:00	16958.53	16962.34	16951.84	16954.83	3814	0	1
2024.01.17	10:18:00	16954.83	16957.82	16952.76	16955.41	4417	0	2
2024.01.17	10:19:00	16955.41	16959.8	16950.46	16953.61	2663	0	3
2024.01.17	10:20:00	16953.61	16960.69	16935.16	16936.45	2409	0	4
2024.01.17	10:21:00	16936.45	16948.77	16935.78	16946.42	2846	0	1
2024.01.17	10:22:00	16946.42	16949.18	16939.7	16946.06	1462	0	2
2024.01.17	10:23:00	16946.06	16949.19	16936.42	16942.24	987	0	1
2024.01.17	10:24:00	16942.24	16942.3	16937.27	16937.77	3972	0	2
2024.01.17	10:25:00	16937.77	16943.48	16935.01	16941.18	1120	0	4
2024.01.17	10:26:00	16941.18	16942.84	16932.02	16933.86	3600	0	1
2024.01.17	10:27:00	16933.86	16937.5	16912.09	16914.87	3100	0	3
2024.01.17	10:28:00	16914.87	16922.28	16911.08	16918.7	2621	0	2
2024.01.17	10:29:00	16918.7	16927.98	16916.88	16923.48	2199	0	2
2024.01.17	10:30:00	16923.48	16924.63	16910.67	16922.11	4927	0	4
2024.01.17	10:31:00	16922.11	16923.59	16906.31	16912.61	4088	0	4
2024.01.17	10:32:00	16912.61	16920.62	16908.0	16913.71	1236	0	1
2024.01.17	10:33:00	16913.71	16913.75	16899.29	16901.51	4873	0	2
2024.01.17	10:34:00	16901.51	16902.55	16884.88	16893.06	1083	0	1
2024.01.17	10:35:00	16893.06	16894.23	16877.84	16886.98	4155	0	1
2024.01.17	10:36:00	16886.98	16903.41	16886.49	16894.54	2419	0	3
2024.01.17	10:37:00	16894.54	16899.66	16886.67	16891.77	2326	0	2
2024.01.17	10:38:00	16891.77	16893.38	16881.26	16888.28	2769	0	2
2024.01.17	10:39:00	16888.28	16908.39	16883.33	16905.34	2669	0	3
2024.01.17	10:40:00	16905.34	16915.55	16904.18	16908.7	1067	0	4
2024.01.17	10:41:00	16908.7	16915.61	16907.29	16911.94	1205	0	3
2024.01.17	10:42:00	16911.94	16913.05	16902.75	16909.11	3810	0	3
2024.01.17	10:43:00	16909.11	16909.71	16897.01	16904.34	3630	0	2
2024.01.17	10:44:00	16904.34	16907.31	16881.99	16885.98	2268	0	2
2024.01.17	10:45:00	16885.98	16894.94	16881.44	16894.6	2513	0	3
2024.01.17	10:46:00	16894.6	16900.97	16893.31	16898.77	2224	0	2
2024.01.17	10:47:00	16898.77	16899.91	16895.73	16897.58	4358	0	3
2024.01.17	10:48:00	16897.58	16899.48	16894.54	16896.74	812	0	2
2024.01.17	10:49:00	16896.74	16906.79	16894.81	16903.38	3434	0	2
2024.01.17	10:50:00	16903.38	16903.8	16882.08	16890.42	1886	0	4
2024.01.17	10:51:00	16890.42	16895.3	16879.7	16885.71	1267	0	1
2024.01.17	10:52:00	16885.71	16890.98	16874.43	16876.33	1207	0	4
2024.01.17	10:53:00	16876.33	16897.49	16870.41	16891.82	2349	0	1
2024.01.17	10:54:00	16891.82	16900.87	16888.24	16899.65	1153	0	2
2024.01.17	10:55:00	16899.65	16899.78	16879.89	16881.14	3546	0	3
2024.01.17	10:56:00	16881.14	16883.06	16865.44	16868.55	1975	0	4
2024.01.17	10:57:00	16868.55	16876.27	16865.53	16867.75	4360	0	4
2024.01.17	10:58:00	16867.75	16873.5	16863.41	16864.06	1156	0	3
2024.01.17	10:59:00	16864.06	16864.77	16851.81	16853.09	2078	0	2
2024.01.17	11:00:00	16853.09	16870.49	16851.78	16870.03	2221	0	2
2024.01.17	11:01:00	16870.03	16879.07	16869.11	16873.04	3512	0	2
2024.01.17	11:02:00	16873.04	16883.05	16871.54	16877.43	1832	0	4
2024.01.17	11:03:00	16877.43	16880.37	16870.79	16871.86	1281	0	3
2024.01.17	11:04:00	16871.86	16881.86	16870.07	16878.37	2325	0	1
2024.01.17	11:05:00	16878.37	16880.4	16867.23	16875.45	4571	0	1
2024.01.17	11:06:00	16875.45	16878.37	16872.14	16873.37	4164	0	1
2024.01.17	11:07:00	16873.37	16882.37	16869.66	16878.93	3088	0	3
2024.01.17	11:08:00	16878.93	16884.24	16863.9	16865.35	4980	0	4
2024.01.17	11:09:00	16865.35	16881.43	16858.68	16879.33	3958	0	2
2024.01.17	11:10:00	16879.33	16885.56	16877.8	16881.23	3945	0	1
2024.01.17	11:11:00	16881.23	16900.53	16880.04	16892.52	2285	0	2
2024.01.17	11:12:00	16892.52	16898.06	16881.7	16883.66	2730	0	3
2024.01.17	11:13:00	16883.66	16883.77	16871.04	16876.11	4732	0	1
2024.01.17	11:14:00	16876.11	16876.12	16864.77	16866.52	4667	0	3
2024.01.17	11:15:00	16866.52	16877.69	16861.65	16868.99	3740	0	4
2024.01.17	11:16:00	16868.99	16871.55	16866.88	16869.89	937	0	4
2024.01.17	11:17:00	16869.89	16875.68	16866.26	16866.26	1191	0	1
2024.01.17	11:18:00	16866.26	16868.09	16849.11	16857.94	2556	0	4
2024.01.17	11:19:00	16857.94	16860.99	16843.64	16847.47	2975	0	1
2024.01.17	11:20:00	16847.47	16847.62	16846.24	16847.39	3305	0	2
2024.01.17	11:21:00	16847.39	16851.93	16839.68	16843.76	1722	0	2
2024.01.17	11:22:00	16843.76	16844.58	16835.69	16838.25	4010	0	3
2024.01.17	11:23:00	16838.25	16855.76	16826.87	16851.78	4250	0	4
2024.01.17	11:24:00	16851.78	16852.02	16850.08	16851.42	1438	0	3
2024.01.17	11:25:00	16851.42	16869.43	16845.98	16862.6	4022	0	4
2024.01.17	11:26:00	16862.6	16864.72	16852.89	16858.38	1178	0	4
2024.01.17	11:27:00	16858.38	16861.3	16853.03	16860.81	2725	0	3
2024.01.17	11:28:00	16860.81	16870.44	16859.27	16860.67	4450	0	3
2024.01.17	11:29:00	16860.67	16865.62	16842.56	16846.52	1858	0	3
2024.01.17	11:30:00	16846.52	16862.53	16840.73	16859.05	3582	0	2
2024.01.17	11:31:00	16859.05	16860.4	16854.12	16858.23	4337	0	2
2024.01.17	11:32:00	16858.23	16868.06	16857.12	16864.94	2708	0	3
2024.01.17	11:33:00	16864.94	16868.2	16851.49	16858.86	4327	0	1
2024.01.17	11:34:00	16858.86	16868.17	16853.44	16857.79	3369	0	2
2024.01.17	11:35:00	16857.79	16859.47	16844.07	16850.72	2773	0	2
2024.01.17	11:36:00	16850.72	16862.3	16848.68	16861.61	1032	0	3
2024.01.17	11:37:00	16861.61	16866.74	16849.27	16864.61	3727	0	2
2024.01.17	11:38:00	16864.61	16868.91	16861.05	16868.08	1898	0	1
2024.01.17	11:39:00	16868.08	16886.67	16865.71	16880.02	1784	0	3
2024.01.17	11:40:00	16880.02	16897.96	16877.51	16890.25	4638	0	2
2024.01.17	11:41:00	16890.25	16902.46	16888.17	16897.13	2069	0	3
2024.01.17	11:42:00	16897.13	16899.11	16873.64	16885.31	2118	0	3
2024.01.17	11:43:00	16885.31	16895.63	16877.74	16879.7	4748	0	4
2024.01.17	11:44:00	16879.7	16882.16	16869.9	16871.46	1802	0	3
2024.01.17	11:45:00	16871.46	16881.78	16867.25	16878.01	3813	0	3
2024.01.17	11:46:00	16878.01	16881.01	16872.57	16879.81	2840	0	2
2024.01.17	11:47:00	16879.81	16885.13	16864.51	16868.27	824	0	3
2024.01.17	11:48:00	16868.27	16872.75	16865.94	16866.99	3117	0	2
2024.01.17	11:49:00	16866.99	16872.78	16850.34	16854.57	2559	0	4
2024.01.17	11:50:00	16854.57	16855.18	16848.92	16854.45	3765	0	3
2024.01.17	11:51:00	16854.45	16856.37	16840.38	16840.67	2280	0	2
2024.01.17	11:52:00	16840.67	16851.44	16839.78	16845.52	1581	0	4
2024.01.17	11:53:00	16845.52	16855.28	16838.8	16849.08	1539	0	2
2024.01.17	11:54:00	16849.08	16869.14	16846.91	16865.7	2876	0	3
2024.01.17	11:55:00	16865.7	16876.02	16863.39	16873.28	4977	0	3
2024.01.17	11:56:00	16873.28	16874.49	16863.67	16870.01	2528	0	3
2024.01.17	11:57:00	16870.01	16881.8	16863.98	16877.33	1111	0	3
2024.01.17	11:58:00	16877.33	16879.53	16863.73	16865.73	4200	0	3
2024.01.17	11:59:00	16865.73	16868.93	16856.37	16857.85	1914	0	4
2024.01.17	12:00:00	16857.85	16862.17	16857.81	16861.03	2410	0	1
2024.01.17	12:01:00	16861.03	16863.6	16838.29	16842.95	4319	0	3
2024.01.17	12:02:00	16842.95	16843.6	16840.18	16842.97	998	0	3
2024.01.17	12:03:00	16842.97	16844.85	16833.07	16834.61	1095	0	4
2024.01.17	12:04:00	16834.61	16843.89	16831.83	16835.81	1406	0	3
2024.01.17	12:05:00	16835.81	16845.74	16826.16	16826.96	2192	0	1
2024.01.17	12:06:00	16826.96	16838.89	16823.13	16830.91	4359	0	4
2024.01.17	12:07:00	16830.91	16833.04	16828.99	16831.41	3353	0	4
2024.01.17	12:08:00	16831.41	16844.82	16829.17	16843.69	3989	0	4
2024.01.17	12:09:00	16843.69	16850.21	16836.75	16844.08	2016	0	1
2024.01.17	12:10:00	16844.08	16848.58	16837.58	16837.87	2356	0	1
2024.01.17	12:11:00	16837.87	16841.81	16829.61	16836.1	2339	0	1
2024.01.17	12:12:00	16836.1	16839.9	16817.05	16824.98	1010	0	2
2024.01.17	12:13:00	16824.98	16833.94	16822.45	16828.77	2975	0	1
2024.01.17	12:14:00	16828.77	16841.13	16816.86	16834.14	1995	0	4
2024.01.17	12:15:00	16834.14	16862.32	16830.83	16855.54	4787	0	3
2024.01.17	12:16:00	16855.54	16861.37	16844.63	16850.57	3611	0	2
2024.01.17	12:17:00	16850.57	16856.69	16846.02	16848.62	4419	0	2
2024.01.17	12:18:00	16848.62	16854.12	16843.17	16844.05	1377	0	2
2024.01.17	12:19:00	16844.05	16847.97	16840.23	16846.19	1003	0	1
2024.01.17	12:20:00	16846.19	16850.13	16843.46	16849.78	2465	0	2
2024.01.17	12:21:00	16849.78	16850.76	16847.66	16849.67	3062	0	3
2024.01.17	12:22:00	16849.67	16859.52	16844.64	16859.27	3019	0	2
2024.01.17	12:23:00	16859.27	16864.06	16851.36	16854.35	3439	0	2
2024.01.17	12:24:00	16854.35	16865.29	16849.04	16863.1	4245	0	4
2024.01.17	12:25:00	16863.1	16868.83	16862.32	16868.04	1965	0	2
2024.01.17	12:26:00	16868.04	16873.4	16860.81	16868.27	1812	0	1
2024.01.17	12:27:00	16868.27	16870.72	16865.03	16865.92	1688	0	3
2024.01.17	12:28:00	16865.92	16888.82	16856.88	16886.99	2134	0	1
2024.01.17	12:29:00	16886.99	16887.97	16877.9	16880.35	3189	0	4
2024.01.17	12:30:00	16880.35	16883.77	16878.71	16883.23	4113	0	1
2024.01.17	12:31:00	16883.23	16887.04	16872.12	16877.16	2367	0	3
2024.01.17	12:32:00	16877.16	16893.7	16873.7	16892.76	2381	0	2
2024.01.17	12:33:00	16892.76	16904.47	16888.66	16900.69	4572	0	2
2024.01.17	12:34:00	16900.69	16902.07	16894.84	16895.22	2044	0	4
2024.01.17	12:35:00	16895.22	16901.46	16889.77	16899.94	1235	0	4
2024.01.17	12:36:00	16899.94	16904.68	16894.41	16902.49	2051	0	1
2024.01.17	12:37:00	16902.49	16906.92	16897.93	16898.41	684	0	4
2024.01.17	12:38:00	16898.41	16907.87	16898.1	16905.23	2146	0	2
2024.01.17	12:39:00	16905.23	16911.76	16900.24	16908.9	4548	0	2
2024.01.17	12:40:00	16908.9	16918.47	16905.61	16911.09	4145	0	4
2024.01.17	12:41:00	16911.09	16911.6	16901.56	16911.07	4532	0	1
2024.01.17	12:42:00	16911.07	16916.27	16904.14	16915.1	1850	0	2
2024.01.17	12:43:00	16915.1	16923.6	16909.03	16917.4	2375	0	1
2024.01.17	12:44:00	16917.4	16918.91	16911.65	16918.25	4318	0	3
2024.01.17	12:45:00	16918.25	16920.85	16907.04	16913.09	3892	0	3
2024.01.17	12:46:00	16913.09	16935.49	16911.43	16927.94	1333	0	3
2024.01.17	12:47:00	16927.94	16929.45	16918.76	16919.28	4305	0	4
2024.01.17	12:48:00	16919.28	16926.91	16917.82	16923.28	963	0	3
2024.01.17	12:49:00	16923.28	16933.89	16916.79	16920.88	1647	0	1
2024.01.17	12:50:00	16920.88	16939.16	16920.45	16936.3	2897	0	1
2024.01.17	12:51:00	16936.3	16936.61	16922.28	16928.89	3444	0	2
2024.01.17	12:52:00	16928.89	16929.43	16919.79	16922.93	4091	0	2
2024.01.17	12:53:00	16922.93	16929.74	16913.15	16914.96	3817	0	1
2024.01.17	12:54:00	16914.96	16920.32	16909.94	16918.07	1779	0	3
2024.01.17	12:55:00	16918.07	16919.8	16901.3	16906.65	2108	0	3
2024.01.17	12:56:00	16906.65	16907.01	16899.77	16902.89	3748	0	2
2024.01.17	12:57:00	16902.89	16912.73	16883.14	16884.81	4756	0	4
2024.01.17	12:58:00	16884.81	16889.63	16880.78	16887.21	4404	0	2
2024.01.17	12:59:00	16887.21	16891.57	16873.21	16883.27	4852	0	4
2024.01.17	13:00:00	16883.27	16885.78	16870.05	16870.89	3539	0	3
2024.01.17	13:01:00	16870.89	16885.71	16867.07	16880.5	2690	0	4
2024.01.17	13:02:00	16880.5	16884.72	16869.12	16869.67	3950	0	3
2024.01.17	13:03:00	16869.67	16882.29	16867.32	16876.81	841	0	2
2024.01.17	13:04:00	16876.81	16877.0	16869.44	16871.16	4713	0	1
2024.01.17	13:05:00	16871.16	16891.99	16871.12	16885.19	4635	0	3
2024.01.17	13:06:00	16885.19	16891.95	16884.6	16891.93	2771	0	3
2024.01.17	13:07:00	16891.93	16900.69	16877.88	16883.65	2853	0	4
2024.01.17	13:08:00	16883.65	16887.28	16872.03	16876.15	2883	0	3
2024.01.17	13:09:00	16876.15	16883.56	16872.85	16881.66	1124	0	3
2024.01.17	13:10:00	16881.66	16883.27	16874.71	16879.76	1425	0	4
2024.01.17	13:11:00	16879.76	16885.97	16875.25	16878.65	3794	0	4
2024.01.17	13:12:00	16878.65	16896.8	16873.54	16889.86	647	0	1
2024.01.17	13:13:00	16889.86	16892.09	16878.63	16883.8	3592	0	1
2024.01.17	13:14:00	16883.8	16891.65	16882.77	16884.92	1873	0	4
2024.01.17	13:15:00	16884.92	16895.26	16874.82	16893.42	1129	0	1
2024.01.17	13:16:00	16893.42	16904.65	16889.03	16900.68	3183	0	4
2024.01.17	13:17:00	16900.68	16906.33	16896.5	16899.65	1736	0	1
2024.01.17	13:18:00	16899.65	16899.97	16895.1	16897.52	2512	0	2
2024.01.17	13:19:00	16897.52	16897.79	16882.26	16882.98	4389	0	4
2024.01.17	13:20:00	16882.98	16888.46	16868.69	16874.29	3640	0	1
2024.01.17	13:21:00	16874.29	16879.31	16870.01	16877.35	4863	0	1
2024.01.17	13:22:00	16877.35	16879.18	16871.97	16876.51	2286	0	4
2024.01.17	13:23:00	16876.51	16883.04	16873.46	16877.49	2323	0	4
2024.01.17	13:24:00	16877.49	16889.02	16870.3	16886.71	3592	0	4
2024.01.17	13:25:00	16886.71	16888.51	16873.01	16876.9	1105	0	2
2024.01.17	13:26:00	16876.9	16877.18	16874.85	16875.22	4356	0	4
2024.01.17	13:27:00	16875.22	16883.49	16875.07	16877.17	2083	0	3
2024.01.17	13:28:00	16877.17	16878.45	16865.66	16871.49	2614	0	2
2024.01.17	13:29:00	16871.49	16887.01	16869.98	16884.06	2784	0	3
2024.01.17	13:30:00	16884.06	16903.91	16881.69	16892.17	800	0	1
2024.01.17	13:31:00	16892.17	16896.84	16889.33	16894.99	1851	0	2
2024.01.17	13:32:00	16894.99	16911.5	16887.88	16910.68	1128	0	4
2024.01.17	13:33:00	16910.68	16912.21	16896.74	16898.19	3250	0	1
2024.01.17	13:34:00	16898.19	16899.65	16893.89	16898.46	3678	0	2
2024.01.17	13:35:00	16898.46	16902.27	16891.53	16901.93	535	0	3
2024.01.17	13:36:00	16901.93	16905.88	16892.21	16894.45	536	0	3
2024.01.17	13:37:00	16894.45	16899.09	16893.68	16897.36	4174	0	4
2024.01.17	13:38:00	16897.36	16901.97	16886.15	16888.23	2006	0	3
2024.01.17	13:39:00	16888.23	16898.94	16885.56	16894.47	4300	0	1
2024.01.17	13:40:00	16894.47	16904.76	16892.41	16903.86	3462	0	4
2024.01.17	13:41:00	16903.86	16908.14	16902.06	16906.53	4025	0	1
2024.01.17	13:42:00	16906.53	16911.28	16890.33	16891.02	2229	0	3
2024.01.17	13:43:00	16891.02	16895.77	16880.94	16883.09	1865	0	4
2024.01.17	13:44:00	16883.09	16898.94	16878.51	16888.25	3751	0	3
2024.01.17	13:45:00	16888.25	16890.97	16882.88	16888.77	3345	0	1
2024.01.17	13:46:00	16888.77	16890.27	16865.93	16866.09	3065	0	2
2024.01.17	13:47:00	16866.09	16882.22	16865.71	16877.04	2143	0	1
2024.01.17	13:48:00	16877.04	16883.6	16876.51	16878.55	3261	0	2
2024.01.17	13:49:00	16878.55	16882.71	16867.75	16871.89	2251	0	4
2024.01.17	13:50:00	16871.89	16890.43	16865.46	16880.73	4505	0	2
2024.01.17	13:51:00	16880.73	16883.15	16872.85	16875.27	3690	0	4
2024.01.17	13:52:00	16875.27	16876.76	16864.41	16869.73	2286	0	1
2024.01.17	13:53:00	16869.73	16874.07	16867.56	16873.13	4295	0	2
2024.01.17	13:54:00	16873.13	16892.97	16867.37	16888.69	819	0	3
2024.01.17	13:55:00	16888.69	16912.41	16887.27	16902.92	4239	0	4
2024.01.17	13:56:00	16902.92	16912.85	16900.44	16906.34	2366	0	3
2024.01.17	13:57:00	16906.34	16911.65	16899.32	16910.63	1539	0	3
2024.01.17	13:58:00	16910.63	16920.01	16909.6	16917.75	4236	0	4
2024.01.17	13:59:00	16917.75	16920.44	16905.44	16907.32	3461	0	1
2024.01.17	14:00:00	16907.32	16913.26	16902.58	16913.18	833	0	4
2024.01.17	14:01:00	16913.18	16917.87	16904.06	16907.23	1701	0	2
2024.01.17	14:02:00	16907.23	16913.71	16900.22	16910.29	2530	0	2
2024.01.17	14:03:00	16910.29	16915.21	16904.96	16908.69	3327	0	4
2024.01.17	14:04:00	16908.69	16918.67	16903.07	16913.32	4129	0	2
2024.01.17	14:05:00	16913.32	16915.55	16911.33	16914.67	2152	0	3
2024.01.17	14:06:00	16914.67	16915.78	16888.24	16888.7	4139	0	2
2024.01.17	14:07:00	16888.7	16895.69	16886.24	16890.57	4054	0	3
2024.01.17	14:08:00	16890.57	16903.69	16879.74	16896.4	2201	0	1
2024.01.17	14:09:00	16896.4	16902.47	16894.34	16900.56	4718	0	2
2024.01.17	14:10:00	16900.56	16909.19	16899.83	16900.02	4748	0	2
2024.01.17	14:11:00	16900.02	16915.69	16897.45	16914.41	1804	0	1
2024.01.17	14:12:00	16914.41	16922.25	16913.42	16917.42	3004	0	4
2024.01.17	14:13:00	16917.42	16922.01	16911.5	16921.51	4409	0	3
2024.01.17	14:14:00	16921.51	16935.18	16921.01	16930.8	2924	0	4
2024.01.17	14:15:00	16930.8	16945.16	16929.86	16934.24	3830	0	1
2024.01.17	14:16:00	16934.24	16935.0	16922.28	16926.88	4097	0	2
2024.01.17	14:17:00	16926.88	16928.48	16901.16	16906.34	3047	0	4
2024.01.17	14:18:00	16906.34	16913.36	16901.97	16902.59	2118	0	1
2024.01.17	14:19:00	16902.59	16909.79	16901.79	16909.44	2862	0	1
2024.01.17	14:20:00	16909.44	16910.03	16896.75	16906.76	4245	0	4
2024.01.17	14:21:00	16906.76	16914.06	16906.21	16913.96	1936	0	1
2024.01.17	14:22:00	16913.96	16917.06	16912.24	16915.57	4299	0	2
2024.01.17	14:23:00	16915.57	16931.32	16907.75	16926.94	1414	0	1
2024.01.17	14:24:00	16926.94	16933.18	16920.51	16924.75	2579	0	2
2024.01.17	14:25:00	16924.75	16932.06	16922.46	16929.1	875	0	4
2024.01.17	14:26:00	16929.1	16937.46	16920.97	16933.77	4343	0	2
2024.01.17	14:27:00	16933.77	16947.99	16927.71	16946.99	3706	0	2
2024.01.17	14:28:00	16946.99	16947.29	16929.61	16932.69	1032	0	4
2024.01.17	14:29:00	16932.69	16937.15	16923.23	16929.1	1500	0	2
2024.01.17	14:30:00	16929.1	16938.32	16922.2	16936.72	2875	0	3
2024.01.17	14:31:00	16936.72	16953.48	16934.32	16950.32	2729	0	3
2024.01.17	14:32:00	16950.32	16954.88	16945.89	16952.72	1006	0	3
2024.01.17	14:33:00	16952.72	16954.77	16941.29	16950.54	4504	0	3
2024.01.17	14:34:00	16950.54	16968.59	16948.91	16957.38	2574	0	4
2024.01.17	14:35:00	16957.38	16968.08	16953.2	16965.18	3519	0	4
2024.01.17	14:36:00	16965.18	16967.26	16960.67	16962.43	3886	0	4
2024.01.17	14:37:00	16962.43	16969.51	16959.99	16965.61	1261	0	2
2024.01.17	14:38:00	16965.61	16977.87	16962.26	16976.09	2000	0	1
2024.01.17	14:39:00	16976.09	16996.21	16973.68	16992.69	3805	0	1
2024.01.17	14:40:00	16992.69	16999.58	16987.1	16999.42	3981	0	4
2024.01.17	14:41:00	16999.42	17004.4	16997.0	17000.14	1466	0	4
2024.01.17	14:42:00	17000.14	17006.64	16996.85	17000.02	1938	0	1
2024.01.17	14:43:00	17000.02	17006.47	16999.96	17005.16	4009	0	2
2024.01.17	14:44:00	17005.16	17013.51	17004.05	17004.5	2047	0	1
2024.01.17	14:45:00	17004.5	17008.31	16999.89	17006.47	849	0	3
2024.01.17	14:46:00	17006.47	17010.98	16992.97	16997.71	2740	0	3
2024.01.17	14:47:00	16997.71	17014.73	16997.02	17009.21	1137	0	1
2024.01.17	14:48:00	17009.21	17010.98	16993.27	16999.74	3172	0	4
2024.01.17	14:49:00	16999.74	17004.1	16995.32	16996.36	4703	0	4
2024.01.17	14:50:00	16996.36	16999.39	16996.06	16997.54	954	0	4
2024.01.17	14:51:00	16997.54	17019.42	16995.42	17015.02	1761	0	4
2024.01.17	14:52:00	17015.02	17019.55	17009.07	17011.72	3048	0	1
2024.01.17	14:53:00	17011.72	17012.86	17006.18	17006.33	1177	0	2
2024.01.17	14:54:00	17006.33	17014.12	16998.23	17001.92	2907	0	2
2024.01.17	14:55:00	17001.92	17018.33	16995.02	17016.55	1467	0	1
2024.01.17	14:56:00	17016.55	17018.17	16989.55	16992.68	3361	0	4
2024.01.17	14:57:00	16992.68	16993.49	16981.75	16984.39	2124	0	1
2024.01.17	14:58:00	16984.39	17008.37	16981.87	17008.24	4664	0	3
2024.01.17	14:59:00	17008.24	17022.4	17006.26	17013.67	4269	0	2
2024.01.17	15:00:00	17013.67	17018.98	17002.61	17004.48	4970	0	3
2024.01.17	15:01:00	17004.48	17005.6	17002.68	17004.46	1186	0	2
2024.01.17	15:02:00	17004.46	17005.85	17001.95	17005.38	4766	0	1
2024.01.17	15:03:00	17005.38	17014.3	17002.78	17013.01	570	0	2
2024.01.17	15:04:00	17013.01	17031.33	17009.39	17029.2	1486	0	3
2024.01.17	15:05:00	17029.2	17034.68	17028.75	17032.89	4392	0	3
2024.01.17	15:06:00	17032.89	17036.53	17025.31	17028.58	4380	0	1
2024.01.17	15:07:00	17028.58	17040.16	17026.7	17035.71	1848	0	2
2024.01.17	15:08:00	17035.71	17035.8	17029.78	17030.03	4287	0	3
2024.01.17	15:09:00	17030.03	17034.12	17020.73	17021.46	846	0	1
2024.01.17	15:10:00	17021.46	17028.55	17005.46	17006.64	2012	0	3
2024.01.17	15:11:00	17006.64	17008.88	16993.21	16993.5	624	0	4
2024.01.17	15:12:00	16993.5	16995.05	16985.07	16986.13	2827	0	3
2024.01.17	15:13:00	16986.13	16999.89	16972.99	16976.34	4548	0	2
2024.01.17	15:14:00	16976.34	16980.27	16974.44	16979.38	3260	0	3
2024.01.17	15:15:00	16979.38	16984.06	16967.79	16969.41	2854	0	4
2024.01.17	15:16:00	16969.41	16970.61	16937.15	16942.75	1391	0	3
2024.01.17	15:17:00	16942.75	16949.41	16931.09	16934.14	3247	0	3
2024.01.17	15:18:00	16934.14	16939.69	16928.03	16930.43	1959	0	3
2024.01.17	15:19:00	16930.43	16933.66	16921.67	16925.58	3272	0	1
2024.01.17	15:20:00	16925.58	16943.69	16920.7	16938.95	1087	0	1
2024.01.17	15:21:00	16938.95	16940.11	16928.8	16934.02	2849	0	3
2024.01.17	15:22:00	16934.02	16942.39	16931.96	16941.92	2739	0	2
2024.01.17	15:23:00	16941.92	16946.7	16935.49	16942.09	3961	0	4
2024.01.17	15:24:00	16942.09	16945.17	16939.31	16942.07	4591	0	2
2024.01.17	15:25:00	16942.07	16948.37	16925.77	16935.24	4577	0	4
2024.01.17	15:26:00	16935.24	16941.2	16933.51	16935.08	2037	0	3
2024.01.17	15:27:00	16935.08	16937.57	16924.08	16928.86	3384	0	2
2024.01.17	15:28:00	16928.86	16931.76	16925.36	16930.65	3439	0	4
2024.01.17	15:29:00	16930.65	16933.62	16927.16	16928.97	4297	0	1
2024.01.17	15:30:00	16928.97	16933.93	16920.04	16921.21	4131	0	3
2024.01.17	15:31:00	16921.21	16931.21	16916.08	16930.05	543	0	2
2024.01.17	15:32:00	16930.05	16938.83	16927.4	16934.05	4104	0	3
2024.01.17	15:33:00	16934.05	16937.63	16925.2	16930.54	2660	0	1
2024.01.17	15:34:00	16930.54	16934.97	16925.83	16932.13	4777	0	1
2024.01.17	15:35:00	16932.13	16937.23	16924.1	16931.75	3218	0	2
2024.01.17	15:36:00	16931.75	16933.33	16913.5	16924.65	2241	0	3
2024.01.17	15:37:00	16924.65	16927.04	16920.96	16925.59	1405	0	4
2024.01.17	15:38:00	16925.59	16934.66	16915.6	16920.61	4771	0	4
2024.01.17	15:39:00	16920.61	16921.54	16910.58	16912.86	1221	0	3
2024.01.17	15:40:00	16912.86	16913.09	16894.68	16899.3	905	0	1
2024.01.17	15:41:00	16899.3	16902.99	16896.48	16896.57	1113	0	4
2024.01.17	15:42:00	16896.57	16904.74	16895.17	16901.76	2982	0	4
2024.01.17	15:43:00	16901.76	16904.23	16892.72	16896.15	1781	0	3
2024.01.17	15:44:00	16896.15	16927.93	16892.67	16918.07	3113	0	1
2024.01.17	15:45:00	16918.07	16926.11	16915.55	16926.0	4205	0	1
2024.01.17	15:46:00	16926.0	16938.54	16919.83	16937.52	1809	0	4
2024.01.17	15:47:00	16937.52	16947.05	16932.39	16944.68	624	0	1
2024.01.17	15:48:00	16944.68	16962.41	16934.89	16960.93	2116	0	2
2024.01.17	15:49:00	16960.93	16967.48	16953.33	16954.51	3210	0	4
2024.01.17	15:50:00	16954.51	16957.04	16932.83	16932.88	3777	0	1
2024.01.17	15:51:00	16932.88	16936.24	16924.49	16929.39	806	0	2
2024.01.17	15:52:00	16929.39	16935.22	16923.97	16934.52	4453	0	3
2024.01.17	15:53:00	16934.52	16940.37	16934.45	16936.15	3169	0	2
2024.01.17	15:54:00	16936.15	16939.78	16933.44	16938.86	2667	0	4
2024.01.17	15:55:00	16938.86	16952.03	16937.94	16950.53	1634	0	1
2024.01.17	15:56:00	16950.53	16957.29	16948.95	16954.15	4814	0	3
2024.01.17	15:57:00	16954.15	16962.88	16953.08	16961.35	1208	0	2
2024.01.17	15:58:00	16961.35	16964.87	16951.19	16953.62	2519	0	3
2024.01.17	15:59:00	16953.62	16959.39	16942.46	16944.56	2596	0	1
2024.01.18	09:30:00	16944.56	16961.89	16936.48	16958.75	2961	0	3
2024.01.18	09:31:00	16958.75	16960.27	16958.53	16959.96	1539	0	1
2024.01.18	09:32:00	16959.96	16961.97	16954.56	16954.94	4745	0	4
2024.01.18	09:33:00	16954.94	16956.51	16949.18	16949.95	2202	0	4
2024.01.18	09:34:00	16949.95	16952.78	16936.51	16944.72	3705	0	2
2024.01.18	09:35:00	16944.72	16951.55	16938.27	16938.97	3348	0	3
2024.01.18	09:36:00	16938.97	16940.58	16927.64	16928.31	1413	0	3
2024.01.18	09:37:00	16928.31	16931.11	16913.65	16915.79	4713	0	4
2024.01.18	09:38:00	16915.79	16925.87	16905.41	16914.46	2570	0	4
2024.01.18	09:39:00	16914.46	16915.3	16908.64	16909.72	3280	0	4
2024.01.18	09:40:00	16909.72	16922.52	16900.2	16919.54	3406	0	2
2024.01.18	09:41:00	16919.54	16924.88	16917.69	16922.39	2781	0	3
2024.01.18	09:42:00	16922.39	16928.44	16918.62	16925.0	3371	0	1
2024.01.18	09:43:00	16925.0	16926.41	16910.74	16918.97	3006	0	2
2024.01.18	09:44:00	16918.97	16923.43	16911.0	16918.27	3832	0	2
2024.01.18	09:45:00	16918.27	16929.42	16911.93	16921.71	2624	0	2
2024.01.18	09:46:00	16921.71	16932.86	16917.83	16928.18	4155	0	4
2024.01.18	09:47:00	16928.18	16931.2	16923.86	16927.72	3032	0	1
2024.01.18	09:48:00	16927.72	16942.32	16927.03	16937.31	4993	0	2
2024.01.18	09:49:00	16937.31	16940.82	16933.51	16937.71	3065	0	4
2024.01.18	09:50:00	16937.71	16948.3	16937.14	16944.85	3155	0	1
2024.01.18	09:51:00	16944.85	16951.3	16937.93	16940.99	2714	0	4
2024.01.18	09:52:00	16940.99	16944.72	16924.07	16925.79	2287	0	1
2024.01.18	09:53:00	16925.79	16928.97	16919.77	16928.43	4047	0	3
2024.01.18	09:54:00	16928.43	16937.83	16924.88	16934.98	3355	0	4
2024.01.18	09:55:00	16934.98	16947.46	16929.82	16940.26	2258	0	2
2024.01.18	09:56:00	16940.26	16945.25	16939.83	16944.22	4131	0	3
2024.01.18	09:57:00	16944.22	16947.93	16941.41	16941.57	988	0	1
2024.01.18	09:58:00	16941.57	16945.5	16932.29	16934.99	780	0	2
2024.01.18	09:59:00	16934.99	16943.01	16934.98	16940.06	3393	0	1
2024.01.18	10:00:00	16940.06	16953.58	16932.64	16944.05	2561	0	1
2024.01.18	10:01:00	16944.05	16947.3	16933.93	16939.58	4082	0	2
2024.01.18	10:02:00	16939.58	16954.21	16935.89	16949.44	3488	0	4
2024.01.18	10:03:00	16949.44	16950.46	16941.71	16942.2	4010	0	4
2024.01.18	10:04:00	16942.2	16942.21	16932.73	16937.53	1694	0	1
2024.01.18	10:05:00	16937.53	16954.92	16927.9	16951.91	1634	0	1
2024.01.18	10:06:00	16951.91	16961.88	16941.68	16959.71	1631	0	3
2024.01.18	10:07:00	16959.71	16960.96	16956.08	16956.98	3411	0	4
2024.01.18	10:08:00	16956.98	16962.68	16955.07	16959.78	3534	0	3
2024.01.18	10:09:00	16959.78	16963.37	16957.76	16961.45	4993	0	3
2024.01.18	10:10:00	16961.45	16961.66	16936.89	16938.23	1476	0	3
2024.01.18	10:11:00	16938.23	16941.75	16925.94	16930.79	970	0	2
2024.01.18	10:12:00	16930.79	16932.02	16925.21	16930.69	4811	0	3
2024.01.18	10:13:00	16930.69	16931.91	16920.07	16927.98	2852	0	1
2024.01.18	10:14:00	16927.98	16931.2	16927.81	16930.43	2150	0	1
2024.01.18	10:15:00	16930.43	16944.01	16930.22	16940.46	1874	0	1
2024.01.18	10:16:00	16940.46	16940.91	16934.56	16938.04	4475	0	1
2024.01.18	10:17:00	16938.04	16940.2	16928.49	16929.31	4060	0	3
2024.01.18	10:18:00	16929.31	16932.63	16922.86	16932.43	1287	0	2
2024.01.18	10:19:00	16932.43	16937.14	16926.65	16929.97	1961	0	3
2024.01.18	10:20:00	16929.97	16935.34	16923.83	16928.97	4416	0	1
2024.01.18	10:21:00	16928.97	16938.29	16921.27	16926.81	3801	0	2
2024.01.18	10:22:00	16926.81	16946.68	16919.73	16946.37	4168	0	1
2024.01.18	10:23:00	16946.37	16948.14	16922.44	16927.49	1222	0	2
2024.01.18	10:24:00	16927.49	16930.72	16915.73	16924.5	3107	0	3
2024.01.18	10:25:00	16924.5	16929.71	16920.69	16924.81	801	0	1
2024.01.18	10:26:00	16924.81	16925.35	16916.49	16918.46	2527	0	4
2024.01.18	10:27:00	16918.46	16928.19	16914.27	16926.51	968	0	2
2024.01.18	10:28:00	16926.51	16936.28	16925.55	16933.82	1707	0	4
2024.01.18	10:29:00	16933.82	16934.97	16931.99	16933.75	1671	0	3
2024.01.18	10:30:00	16933.75	16935.54	16930.48	16931.76	1348	0	4
2024.01.18	10:31:00	16931.76	16932.5	16929.24	16931.14	4322	0	3
2024.01.18	10:32:00	16931.14	16931.31	16920.25	16930.58	2170	0	2
2024.01.18	10:33:00	16930.58	16933.63	16927.72	16930.25	1176	0	1
2024.01.18	10:34:00	16930.25	16933.55	16927.2	16928.98	4947	0	1
2024.01.18	10:35:00	16928.98	16933.45	16925.43	16931.48	650	0	4
2024.01.18	10:36:00	16931.48	16940.25	16928.82	16938.28	1167	0	3
2024.01.18	10:37:00	16938.28	16941.12	16927.36	16928.07	4340	0	1
2024.01.18	10:38:00	16928.07	16931.48	16917.26	16919.4	2530	0	1
2024.01.18	10:39:00	16919.4	16919.41	16903.59	16904.77	2186	0	4
2024.01.18	10:40:00	16904.77	16914.16	16904.33	16912.52	1873	0	1
2024.01.18	10:41:00	16912.52	16915.73	16911.92	16915.0	3149	0	3
2024.01.18	10:42:00	16915.0	16927.13	16910.05	16919.67	2114	0	2
2024.01.18	10:43:00	16919.67	16920.6	16899.79	16907.77	877	0	3
2024.01.18	10:44:00	16907.77	16925.0	16905.26	16923.39	4837	0	1
2024.01.18	10:45:00	16923.39	16927.85	16911.71	16918.51	4583	0	1
2024.01.18	10:46:00	16918.51	16922.72	16916.71	16920.29	1292	0	1
2024.01.18	10:47:00	16920.29	16928.53	16913.57	16927.95	2769	0	3
2024.01.18	10:48:00	16927.95	16932.81	16916.57	16919.83	2541	0	3
2024.01.18	10:49:00	16919.83	16922.88	16915.4	16915.49	903	0	3
2024.01.18	10:50:00	16915.49	16924.0	16915.48	16917.37	2294	0	3
2024.01.18	10:51:00	16917.37	16949.08	16913.76	16942.2	3352	0	1
2024.01.18	10:52:00	16942.2	16945.91	16940.85	16945.12	968	0	1
2024.01.18	10:53:00	16945.12	16964.26	16941.75	16959.25	2145	0	1
2024.01.18	10:54:00	16959.25	16973.18	16954.72	16969.95	1631	0	1
2024.01.18	10:55:00	16969.95	16974.3	16966.31	16973.45	2090	0	3
2024.01.18	10:56:00	16973.45	16977.69	16958.62	16965.29	3334	0	2
2024.01.18	10:57:00	16965.29	16977.2	16964.49	16974.74	2336	0	2
2024.01.18	10:58:00	16974.74	16980.54	16961.11	16962.2	3955	0	1
2024.01.18	10:59:00	16962.2	16979.92	16959.05	16976.3	2786	0	3
2024.01.18	11:00:00	16976.3	16982.76	16969.17	16978.36	3613	0	4
2024.01.18	11:01:00	16978.36	16984.29	16950.4	16955.93	3286	0	1
2024.01.18	11:02:00	16955.93	16956.97	16946.9	16953.34	4176	0	4
2024.01.18	11:03:00	16953.34	16961.3	16948.23	16959.3	1158	0	1
2024.01.18	11:04:00	16959.3	16963.04	16957.4	16957.6	4959	0	4
2024.01.18	11:05:00	16957.6	16971.61	16956.93	16964.08	3894	0	3
2024.01.18	11:06:00	16964.08	16968.67	16956.46	16957.12	1391	0	4
2024.01.18	11:07:00	16957.12	16960.97	16944.88	16946.25	622	0	1
2024.01.18	11:08:00	16946.25	16957.55	16942.59	16945.97	615	0	3
2024.01.18	11:09:00	16945.97	16947.0	16945.82	16946.58	3646	0	1
2024.01.18	11:10:00	16946.58	16947.82	16941.25	16943.93	2403	0	2
2024.01.18	11:11:00	16943.93	16955.57	16943.71	16954.81	1324	0	1
2024.01.18	11:12:00	16954.81	16958.73	16942.36	16947.85	1929	0	1
2024.01.18	11:13:00	16947.85	16951.16	16945.8	16950.87	2510	0	4
2024.01.18	11:14:00	16950.87	16959.21	16947.95	16951.8	685	0	4
2024.01.18	11:15:00	16951.8	16954.07	16936.1	16938.78	3026	0	2
2024.01.18	11:16:00	16938.78	16939.27	16925.61	16927.81	663	0	2
2024.01.18	11:17:00	16927.81	16932.32	16926.06	16928.25	3413	0	3
2024.01.18	11:18:00	16928.25	16950.34	16926.74	16945.58	774	0	3
2024.01.18	11:19:00	16945.58	16955.02	16940.57	16950.89	4059	0	3
2024.01.18	11:20:00	16950.89	16959.8	16932.25	16936.42	1638	0	2
2024.01.18	11:21:00	16936.42	16937.06	16907.97	16910.1	2822	0	2
2024.01.18	11:22:00	16910.1	16917.75	16906.04	16916.72	2236	0	4
2024.01.18	11:23:00	16916.72	16923.65	16911.24	16916.23	4460	0	1
2024.01.18	11:24:00	16916.23	16929.01	16906.91	16926.35	4074	0	2
2024.01.18	11:25:00	16926.35	16930.85	16916.39	16919.14	4797	0	2
2024.01.18	11:26:00	16919.14	16923.21	16915.43	16922.48	3719	0	1
2024.01.18	11:27:00	16922.48	16930.54	16918.98	16930.07	4892	0	1
2024.01.18	11:28:00	16930.07	16931.05	16922.55	16926.58	1513	0	1
2024.01.18	11:29:00	16926.58	16932.76	16919.87	16923.26	1938	0	4
2024.01.18	11:30:00	16923.26	16924.23	16921.19	16923.82	4142	0	4
2024.01.18	11:31:00	16923.82	16934.84	16912.15	16928.81	644	0	3
2024.01.18	11:32:00	16928.81	16933.68	16928.36	16929.02	1305	0	4
2024.01.18	11:33:00	16929.02	16938.25	16925.07	16937.71	3721	0	4
2024.01.18	11:34:00	16937.71	16944.42	16927.33	16934.09	2299	0	1
2024.01.18	11:35:00	16934.09	16939.49	16912.31	16923.04	1633	0	4
2024.01.18	11:36:00	16923.04	16944.5	16921.99	16940.33	1865	0	4
2024.01.18	11:37:00	16940.33	16948.32	16930.11	16935.48	3954	0	1
2024.01.18	11:38:00	16935.48	16937.96	16927.57	16930.95	2660	0	4
2024.01.18	11:39:00	16930.95	16932.19	16930.62	16930.72	522	0	3
2024.01.18	11:40:00	16930.72	16931.87	16928.81	16931.64	2824	0	4
2024.01.18	11:41:00	16931.64	16935.1	16920.58	16928.66	3997	0	2
2024.01.18	11:42:00	16928.66	16930.04	16921.79	16928.85	1248	0	3
2024.01.18	11:43:00	16928.85	16929.7	16927.0	16928.85	815	0	4
2024.01.18	11:44:00	16928.85	16930.77	16926.92	16930.69	3324	0	3
2024.01.18	11:45:00	16930.69	16935.66	16906.36	16910.82	4457	0	4
2024.01.18	11:46:00	16910.82	16928.41	16904.16	16927.28	818	0	1
2024.01.18	11:47:00	16927.28	16929.55	16921.6	16926.35	3430	0	2
2024.01.18	11:48:00	16926.35	16935.9	16925.25	16931.67	4004	0	1
2024.01.18	11:49:00	16931.67	16937.1	16918.42	16920.2	1227	0	3
2024.01.18	11:50:00	16920.2	16929.49	16916.04	16916.5	1671	0	1
2024.01.18	11:51:00	16916.5	16924.82	16907.23	16911.08	2785	0	2
2024.01.18	11:52:00	16911.08	16926.79	16907.84	16924.01	3248	0	3
2024.01.18	11:53:00	16924.01	16925.15	16916.29	16919.33	2773	0	4
2024.01.18	11:54:00	16919.33	16926.46	16916.84	16926.16	1326	0	1
2024.01.18	11:55:00	16926.16	16927.9	16915.47	16920.93	4455	0	2
2024.01.18	11:56:00	16920.93	16922.73	16912.53	16917.39	2394	0	1
2024.01.18	11:57:00	16917.39	16923.04	16911.08	16915.62	2895	0	2
2024.01.18	11:58:00	16915.62	16935.68	16915.17	16926.96	2910	0	3
2024.01.18	11:59:00	16926.96	16928.23	16909.6	16911.11	2977	0	4
2024.01.18	12:00:00	16911.11	16914.54	16898.69	16900.18	1804	0	2
2024.01.18	12:01:00	16900.18	16903.8	16881.79	16883.86	1935	0	1
2024.01.18	12:02:00	16883.86	16884.89	16874.23	16874.91	1124	0	2
2024.01.18	12:03:00	16874.91	16877.44	16861.4	16868.31	3778	0	2
2024.01.18	12:04:00	16868.31	16874.8	16849.34	16854.86	1911	0	3
2024.01.18	12:05:00	16854.86	16860.39	16848.93	16848.94	726	0	3
2024.01.18	12:06:00	16848.94	16854.77	16827.34	16832.09	709	0	4
2024.01.18	12:07:00	16832.09	16836.12	16820.88	16823.75	4855	0	3
2024.01.18	12:08:00	16823.75	16840.87	16820.66	16834.32	2425	0	2
2024.01.18	12:09:00	16834.32	16844.35	16834.16	16838.1	3228	0	1
2024.01.18	12:10:00	16838.1	16844.18	16832.45	16840.03	2903	0	4
2024.01.18	12:11:00	16840.03	16845.29	16826.32	16831.82	4305	0	1
2024.01.18	12:12:00	16831.82	16833.15	16818.76	16819.07	4495	0	2
2024.01.18	12:13:00	16819.07	16819.2	16809.12	16809.71	4014	0	2
2024.01.18	12:14:00	16809.71	16813.77	16806.15	16809.68	4919	0	4
2024.01.18	12:15:00	16809.68	16820.1	16804.35	16817.4	1481	0	2
2024.01.18	12:16:00	16817.4	16833.42	16814.78	16825.43	2522	0	2
2024.01.18	12:17:00	16825.43	16834.92	16824.7	16831.14	1800	0	4
2024.01.18	12:18:00	16831.14	16838.49	16817.68	16825.19	4248	0	2
2024.01.18	12:19:00	16825.19	16827.29	16818.14	16825.73	1751	0	4
2024.01.18	12:20:00	16825.73	16825.81	16819.83	16823.33	4074	0	1
2024.01.18	12:21:00	16823.33	16825.04	16817.1	16821.96	1514	0	3
2024.01.18	12:22:00	16821.96	16841.32	16820.49	16839.65	3618	0	3
2024.01.18	12:23:00	16839.65	16847.57	16822.75	16824.97	571	0	1
2024.01.18	12:24:00	16824.97	16827.19	16820.12	16823.31	4049	0	4
2024.01.18	12:25:00	16823.31	16836.28	16815.6	16833.97	4221	0	4
2024.01.18	12:26:00	16833.97	16835.77	16821.72	16821.82	3034	0	1
2024.01.18	12:27:00	16821.82	16825.39	16816.01	16816.67	2920	0	1
2024.01.18	12:28:00	16816.67	16820.74	16812.4	16812.5	2566	0	1
2024.01.18	12:29:00	16812.5	16812.97	16809.57	16810.94	3160	0	4
2024.01.18	12:30:00	16810.94	16823.21	16796.0	16797.69	3044	0	2
2024.01.18	12:31:00	16797.69	16813.75	16793.77	16803.09	2712	0	4
2024.01.18	12:32:00	16803.09	16810.09	16799.19	16809.1	2842	0	2
2024.01.18	12:33:00	16809.1	16814.92	16806.89	16813.76	1059	0	4
2024.01.18	12:34:00	16813.76	16814.74	16800.27	16806.69	2596	0	3
2024.01.18	12:35:00	16806.69	16808.63	16806.58	16807.76	2462	0	2
2024.01.18	12:36:00	16807.76	16808.15	16797.85	16800.45	4528	0	3
2024.01.18	12:37:00	16800.45	16801.52	16796.05	16797.95	1821	0	1
2024.01.18	12:38:00	16797.95	16817.56	16797.5	16816.62	4856	0	1
2024.01.18	12:39:00	16816.62	16819.84	16812.0	16817.77	4514	0	3
2024.01.18	12:40:00	16817.77	16826.38	16805.38	16807.99	4023	0	4
2024.01.18	12:41:00	16807.99	16810.94	16803.14	16809.87	3655	0	2
2024.01.18	12:42:00	16809.87	16812.29	16797.24	16798.7	1925	0	4
2024.01.18	12:43:00	16798.7	16801.54	16787.33	16788.84	1231	0	2
2024.01.18	12:44:00	16788.84	16792.81	16772.81	16780.33	4054	0	2
2024.01.18	12:45:00	16780.33	16783.44	16774.11	16776.89	3658	0	3
2024.01.18	12:46:00	16776.89	16786.97	16769.13	16785.18	4242	0	2
2024.01.18	12:47:00	16785.18	16794.8	16782.51	16790.44	2967	0	3
2024.01.18	12:48:00	16790.44	16798.42	16788.51	16795.22	4542	0	4
2024.01.18	12:49:00	16795.22	16802.39	16783.39	16786.21	867	0	2
2024.01.18	12:50:00	16786.21	16789.46	16780.73	16781.95	993	0	2
2024.01.18	12:51:00	16781.95	16787.32	16781.89	16784.59	812	0	2
2024.01.18	12:52:00	16784.59	16788.61	16776.21	16779.59	1946	0	3
2024.01.18	12:53:00	16779.59	16783.87	16775.46	16777.56	1163	0	3
2024.01.18	12:54:00	16777.56	16784.56	16775.56	16781.65	682	0	2
2024.01.18	12:55:00	16781.65	16785.74	16772.69	16779.02	4147	0	1
2024.01.18	12:56:00	16779.02	16784.3	16773.4	16781.28	1202	0	4
2024.01.18	12:57:00	16781.28	16797.51	16780.43	16795.15	4234	0	3
2024.01.18	12:58:00	16795.15	16796.87	16790.42	16794.03	3391	0	3
2024.01.18	12:59:00	16794.03	16804.69	16792.75	16804.39	3236	0	4
2024.01.18	13:00:00	16804.39	16814.15	16797.56	16809.49	1026	0	1
2024.01.18	13:01:00	16809.49	16809.61	16793.93	16797.34	570	0	4
2024.01.18	13:02:00	16797.34	16802.2	16779.46	16788.31	1128	0	1
2024.01.18	13:03:00	16788.31	16791.04	16777.19	16781.56	1927	0	4
2024.01.18	13:04:00	16781.56	16785.07	16769.83	16774.63	4803	0	4
2024.01.18	13:05:00	16774.63	16774.73	16771.54	16774.2	2304	0	3
2024.01.18	13:06:00	16774.2	16780.91	16773.07	16779.76	1549	0	3
2024.01.18	13:07:00	16779.76	16798.21	16779.39	16790.76	1779	0	4
2024.01.18	13:08:00	16790.76	16794.39	16786.87	16793.72	2006	0	3
2024.01.18	13:09:00	16793.72	16797.73	16787.33	16790.26	3115	0	2
2024.01.18	13:10:00	16790.26	16792.72	16770.22	16772.9	4127	0	4
2024.01.18	13:11:00	16772.9	16778.65	16770.94	16773.84	779	0	4
2024.01.18	13:12:00	16773.84	16775.29	16771.6	16774.39	3986	0	1
2024.01.18	13:13:00	16774.39	16778.83	16771.45	16776.28	589	0	1
2024.01.18	13:14:00	16776.28	16797.5	16773.6	16794.52	1947	0	3
2024.01.18	13:15:00	16794.52	16806.47	16791.22	16805.41	3145	0	3
2024.01.18	13:16:00	16805.41	16816.26	16803.58	16812.43	971	0	4
2024.01.18	13:17:00	16812.43	16817.13	16803.59	16804.58	1690	0	1
2024.01.18	13:18:00	16804.58	16808.52	16799.07	16800.55	3373	0	1
2024.01.18	13:19:00	16800.55	16801.98	16799.33	16800.08	3589	0	1
2024.01.18	13:20:00	16800.08	16801.17	16786.01	16793.82	872	0	2
2024.01.18	13:21:00	16793.82	16808.44	16790.59	16798.41	3999	0	3
2024.01.18	13:22:00	16798.41	16803.35	16793.03	16801.78	2336	0	2
2024.01.18	13:23:00	16801.78	16811.48	16792.81	16792.86	3249	0	1
2024.01.18	13:24:00	16792.86	16811.56	16788.23	16803.38	1456	0	3
2024.01.18	13:25:00	16803.38	16805.27	16801.35	16804.58	4953	0	2
2024.01.18	13:26:00	16804.58	16805.71	16788.04	16790.21	3925	0	2
2024.01.18	13:27:00	16790.21	16792.13	16787.11	16790.11	3393	0	4
2024.01.18	13:28:00	16790.11	16799.37	16786.91	16792.84	1336	0	2
2024.01.18	13:29:00	16792.84	16803.41	16784.34	16801.45	3977	0	3
2024.01.18	13:30:00	16801.45	16802.51	16798.62	16798.91	2198	0	1
2024.01.18	13:31:00	16798.91	16812.19	16798.06	16806.29	3384	0	3
2024.01.18	13:32:00	16806.29	16814.88	16797.31	16808.22	3425	0	3
2024.01.18	13:33:00	16808.22	16810.4	16792.35	16797.37	4124	0	4
2024.01.18	13:34:00	16797.37	16800.67	16785.49	16785.67	4262	0	2
2024.01.18	13:35:00	16785.67	16797.89	16783.56	16795.55	2257	0	2
2024.01.18	13:36:00	16795.55	16812.22	16794.99	16806.06	864	0	2
2024.01.18	13:37:00	16806.06	16809.33	16805.55	16809.15	2454	0	4
2024.01.18	13:38:00	16809.15	16826.69	16806.59	16822.22	2300	0	1
2024.01.18	13:39:00	16822.22	16832.96	16814.26	16831.56	2008	0	1
2024.01.18	13:40:00	16831.56	16838.84	16826.85	16837.72	2698	0	4
2024.01.18	13:41:00	16837.72	16846.18	16829.87	16830.29	3094	0	1
2024.01.18	13:42:00	16830.29	16850.78	16827.53	16845.39	3305	0	2
2024.01.18	13:43:00	16845.39	16852.47	16844.07	16850.3	2185	0	2
2024.01.18	13:44:00	16850.3	16850.53	16846.88	16847.35	3273	0	4
2024.01.18	13:45:00	16847.35	16849.46	16838.81	16841.99	4945	0	4
2024.01.18	13:46:00	16841.99	16845.67	16841.17	16844.51	3428	0	4
2024.01.18	13:47:00	16844.51	16847.52	16828.28	16830.6	3213	0	1
2024.01.18	13:48:00	16830.6	16843.08	16830.32	16836.9	1785	0	1
2024.01.18	13:49:00	16836.9	16839.18	16826.04	16829.11	2010	0	2
2024.01.18	13:50:00	16829.11	16833.52	16819.85	16832.61	732	0	3
2024.01.18	13:51:00	16832.61	16833.93	16826.0	16828.5	2786	0	3
2024.01.18	13:52:00	16828.5	16828.97	16822.78	16826.58	835	0	3
2024.01.18	13:53:00	16826.58	16828.37	16816.79	16820.47	4012	0	4
2024.01.18	13:54:00	16820.47	16823.37	16815.17	16819.43	4806	0	1
2024.01.18	13:55:00	16819.43	16838.57	16818.9	16835.87	4127	0	4
2024.01.18	13:56:00	16835.87	16854.74	16835.8	16848.02	1204	0	3
2024.01.18	13:57:00	16848.02	16856.8	16845.74	16851.38	3366	0	1
2024.01.18	13:58:00	16851.38	16853.15	16843.51	16851.5	2437	0	2
2024.01.18	13:59:00	16851.5	16863.12	16850.28	16859.04	510	0	2
2024.01.18	14:00:00	16859.04	16870.22	16855.19	16869.03	3724	0	2
2024.01.18	14:01:00	16869.03	16873.59	16856.13	16862.28	4408	0	3
2024.01.18	14:02:00	16862.28	16869.66	16860.22	16861.96	2577	0	2
2024.01.18	14:03:00	16861.96	16863.03	16842.79	16846.74	4594	0	4
2024.01.18	14:04:00	16846.74	16861.19	16837.56	16856.66	749	0	1
2024.01.18	14:05:00	16856.66	16879.81	16854.84	16874.64	4422	0	1
2024.01.18	14:06:00	16874.64	16875.81	16872.24	16875.66	3565	0	4
2024.01.18	14:07:00	16875.66	16877.09	16856.79	16857.85	3520	0	3
2024.01.18	14:08:00	16857.85	16864.85	16853.06	16863.38	2763	0	2
2024.01.18	14:09:00	16863.38	16870.26	16845.78	16856.0	621	0	1
2024.01.18	14:10:00	16856.0	16857.07	16845.54	16850.68	2535	0	2
2024.01.18	14:11:00	16850.68	16860.36	16846.27	16856.36	4778	0	1
2024.01.18	14:12:00	16856.36	16864.27	16849.96	16858.87	2581	0	4
2024.01.18	14:13:00	16858.87	16865.9	16849.77	16855.04	805	0	2
2024.01.18	14:14:00	16855.04	16857.24	16842.08	16849.84	2723	0	4
2024.01.18	14:15:00	16849.84	16853.16	16849.12	16851.25	1172	0	4
2024.01.18	14:16:00	16851.25	16852.71	16846.02	16848.09	2396	0	2
2024.01.18	14:17:00	16848.09	16849.23	16838.34	16838.97	3325	0	3
2024.01.18	14:18:00	16838.97	16843.17	16836.21	16836.47	801	0	2
2024.01.18	14:19:00	16836.47	16841.35	16828.57	16839.7	2578	0	2
2024.01.18	14:20:00	16839.7	16844.71	16836.92	16838.52	2775	0	4
2024.01.18	14:21:00	16838.52	16840.05	16825.84	16826.81	3896	0	3
2024.01.18	14:22:00	16826.81	16838.31	16824.47	16835.57	805	0	1
2024.01.18	14:23:00	16835.57	16849.46	16804.41	16812.58	3349	0	2
2024.01.18	14:24:00	16812.58	16814.05	16806.63	16809.11	3297	0	4
2024.01.18	14:25:00	16809.11	16812.94	16800.49	16804.17	518	0	1
2024.01.18	14:26:00	16804.17	16806.66	16800.79	16805.77	1037	0	3
2024.01.18	14:27:00	16805.77	16810.89	16804.98	16810.89	3392	0	4
2024.01.18	14:28:00	16810.89	16828.35	16808.77	16820.82	4370	0	3
2024.01.18	14:29:00	16820.82	16822.11	16813.01	16815.09	4361	0	1
2024.01.18	14:30:00	16815.09	16821.84	16812.99	16820.42	3959	0	4
2024.01.18	14:31:00	16820.42	16824.53	16818.21	16822.42	4334	0	4
2024.01.18	14:32:00	16822.42	16826.13	16803.61	16808.18	3229	0	3
2024.01.18	14:33:00	16808.18	16826.64	16803.7	16824.7	1208	0	4
2024.01.18	14:34:00	16824.7	16825.9	16812.06	16812.79	2891	0	1
2024.01.18	14:35:00	16812.79	16819.72	16800.69	16816.7	2063	0	3
2024.01.18	14:36:00	16816.7	16830.69	16810.1	16820.35	1648	0	4
2024.01.18	14:37:00	16820.35	16831.94	16817.55	16823.04	1037	0	3
2024.01.18	14:38:00	16823.04	16829.81	16818.62	16819.16	589	0	3
2024.01.18	14:39:00	16819.16	16827.47	16810.7	16826.54	3881	0	4
2024.01.18	14:40:00	16826.54	16832.56	16813.48	16813.59	1266	0	3
2024.01.18	14:41:00	16813.59	16818.74	16806.24	16813.37	3324	0	1
2024.01.18	14:42:00	16813.37	16816.32	16797.07	16808.9	1861	0	1
2024.01.18	14:43:00	16808.9	16811.18	16802.96	16803.48	2679	0	3
2024.01.18	14:44:00	16803.48	16812.92	16802.05	16807.46	2288	0	3
2024.01.18	14:45:00	16807.46	16826.45	16804.88	16816.97	1848	0	2
2024.01.18	14:46:00	16816.97	16823.11	16805.95	16814.38	2662	0	1
2024.01.18	14:47:00	16814.38	16821.66	16810.2	16821.37	4041	0	3
2024.01.18	14:48:00	16821.37	16831.17	16810.06	16822.13	2768	0	2
2024.01.18	14:49:00	16822.13	16822.3	16813.51	16814.86	4061	0	3
2024.01.18	14:50:00	16814.86	16816.67	16808.02	16813.0	4598	0	3
2024.01.18	14:51:00	16813.0	16817.84	16809.45	16810.79	2710	0	1
2024.01.18	14:52:00	16810.79	16812.6	16801.75	16805.19	4111	0	4
2024.01.18	14:53:00	16805.19	16814.02	16803.41	16809.18	1059	0	1
2024.01.18	14:54:00	16809.18	16815.87	16802.14	16811.51	3046	0	2
2024.01.18	14:55:00	16811.51	16812.71	16797.71	16798.31	2594	0	3
2024.01.18	14:56:00	16798.31	16799.43	16781.78	16784.6	525	0	4
2024.01.18	14:57:00	16784.6	16790.66	16778.3	16788.55	4532	0	4
2024.01.18	14:58:00	16788.55	16790.12	16779.06	16781.96	3836	0	3
2024.01.18	14:59:00	16781.96	16787.93	16775.92	16784.86	3128	0	3
2024.01.18	15:00:00	16784.86	16792.97	16782.29	16791.83	3630	0	3
2024.01.18	15:01:00	16791.83	16794.65	16779.69	16781.37	3893	0	2
2024.01.18	15:02:00	16781.37	16785.18	16760.25	16769.71	3999	0	3
2024.01.18	15:03:00	16769.71	16785.92	16769.23	16784.27	1826	0	4
2024.01.18	15:04:00	16784.27	16794.43	16782.63	16787.6	2380	0	3
2024.01.18	15:05:00	16787.6	16794.74	16782.34	16784.37	2044	0	4
2024.01.18	15:06:00	16784.37	16786.45	16770.08	16776.77	4599	0	3
2024.01.18	15:07:00	16776.77	16779.64	16771.11	16772.77	1027	0	3
2024.01.18	15:08:00	16772.77	16778.97	16761.93	16762.99	4582	0	4
2024.01.18	15:09:00	16762.99	16773.91	16761.17	16770.83	2042	0	2
2024.01.18	15:10:00	16770.83	16771.26	16761.49	16764.57	4003	0	3
2024.01.18	15:11:00	16764.57	16776.02	16763.65	16774.19	1263	0	2
2024.01.18	15:12:00	16774.19	16777.31	16770.7	16771.12	4295	0	3
2024.01.18	15:13:00	16771.12	16772.77	16760.52	16762.6	2925	0	2
2024.01.18	15:14:00	16762.6	16768.27	16754.8	16759.32	4931	0	4
2024.01.18	15:15:00	16759.32	16765.63	16732.57	16737.4	2272	0	4
2024.01.18	15:16:00	16737.4	16739.31	16735.4	16736.71	4975	0	4
2024.01.18	15:17:00	16736.71	16740.59	16723.52	16735.6	4260	0	2
2024.01.18	15:18:00	16735.6	16744.08	16732.35	16742.93	536	0	4
2024.01.18	15:19:00	16742.93	16747.84	16723.01	16727.28	2222	0	3
2024.01.18	15:20:00	16727.28	16741.66	16723.25	16737.46	2326	0	2
2024.01.18	15:21:00	16737.46	16748.68	16734.18	16744.75	1455	0	4
2024.01.18	15:22:00	16744.75	16769.0	16741.8	16755.7	4451	0	3
2024.01.18	15:23:00	16755.7	16757.38	16751.3	16755.59	879	0	3
2024.01.18	15:24:00	16755.59	16768.29	16755.04	16764.53	1664	0	4
2024.01.18	15:25:00	16764.53	16767.17	16744.46	16752.38	1636	0	1
2024.01.18	15:26:00	16752.38	16762.8	16748.93	16758.76	2383	0	2
2024.01.18	15:27:00	16758.76	16763.49	16750.85	16752.56	3638	0	1
2024.01.18	15:28:00	16752.56	16759.96	16737.47	16738.89	531	0	2
2024.01.18	15:29:00	16738.89	16744.13	16729.52	16729.7	3318	0	3
2024.01.18	15:30:00	16729.7	16737.49	16722.37	16730.08	2321	0	4
2024.01.18	15:31:00	16730.08	16735.92	16719.92	16723.43	3289	0	1
2024.01.18	15:32:00	16723.43	16733.16	16723.38	16726.95	777	0	4
2024.01.18	15:33:00	16726.95	16727.12	16707.31	16711.98	4361	0	1
2024.01.18	15:34:00	16711.98	16717.43	16693.34	16694.32	3098	0	1
2024.01.18	15:35:00	16694.32	16716.76	16694.05	16706.26	1637	0	2
2024.01.18	15:36:00	16706.26	16714.51	16704.68	16714.24	4052	0	2
2024.01.18	15:37:00	16714.24	16719.44	16701.52	16705.7	2618	0	3
2024.01.18	15:38:00	16705.7	16708.33	16699.11	16706.01	2256	0	1
2024.01.18	15:39:00	16706.01	16719.05	16704.42	16714.97	1256	0	3
2024.01.18	15:40:00	16714.97	16729.2	16713.43	16718.85	2707	0	4
2024.01.18	15:41:00	16718.85	16722.18	16713.38	16720.44	1484	0	1
2024.01.18	15:42:00	16720.44	16730.47	16719.39	16730.05	3801	0	2
2024.01.18	15:43:00	16730.05	16732.01	16723.19	16724.19	2169	0	3
2024.01.18	15:44:00	16724.19	16729.33	16722.44	16724.79	1032	0	2
2024.01.18	15:45:00	16724.79	16729.61	16722.14	16724.98	3681	0	2
2024.01.18	15:46:00	16724.98	16727.77	16722.5	16723.0	4302	0	1
2024.01.18	15:47:00	16723.0	16728.19	16716.13	16720.03	4251	0	2
2024.01.18	15:48:00	16720.03	16730.92	16714.66	16720.99	2682	0	4
2024.01.18	15:49:00	16720.99	16724.6	16719.88	16721.61	1882	0	4
2024.01.18	15:50:00	16721.61	16723.56	16709.68	16713.07	1496	0	4
2024.01.18	15:51:00	16713.07	16725.58	16710.44	16720.19	2289	0	1
2024.01.18	15:52:00	16720.19	16727.94	16702.78	16712.26	956	0	1
2024.01.18	15:53:00	16712.26	16715.38	16710.21	16710.75	4494	0	3
2024.01.18	15:54:00	16710.75	16710.84	16703.45	16708.58	1620	0	2
2024.01.18	15:55:00	16708.58	16718.8	16703.15	16711.95	4011	0	1
2024.01.18	15:56:00	16711.95	16715.89	16692.71	16694.36	2233	0	1
2024.01.18	15:57:00	16694.36	16704.9	16689.39	16702.23	3606	0	1
2024.01.18	15:58:00	16702.23	16703.72	16691.69	16696.84	4598	0	1
2024.01.18	15:59:00	16696.84	16715.72	16695.18	16707.49	2332	0	3
2024.01.19	09:30:00	16707.49	16710.16	16703.74	16703.78	4841	0	2
2024.01.19	09:31:00	16703.78	16710.41	16692.01	16703.7	2034	0	3
2024.01.19	09:32:00	16703.7	16725.96	16698.72	16720.23	1645	0	1
2024.01.19	09:33:00	16720.23	16721.11	16713.5	16718.21	3755	0	3
2024.01.19	09:34:00	16718.21	16731.0	16709.63	16729.04	1132	0	1
2024.01.19	09:35:00	16729.04	16733.9	16727.84	16729.7	919	0	4
2024.01.19	09:36:00	16729.7	16735.06	16729.28	16733.56	2156	0	1
2024.01.19	09:37:00	16733.56	16740.1	16732.65	16734.49	2945	0	4
2024.01.19	09:38:00	16734.49	16742.35	16733.1	16742.01	2606	0	3
2024.01.19	09:39:00	16742.01	16742.6	16724.79	16736.53	773	0	1
2024.01.19	09:40:00	16736.53	16737.74	16728.52	16728.53	2967	0	1
2024.01.19	09:41:00	16728.53	16729.64	16722.49	16723.45	3305	0	3
2024.01.19	09:42:00	16723.45	16731.82	16722.79	16724.63	1781	0	1
2024.01.19	09:43:00	16724.63	16726.76	16716.62	16723.1	3057	0	3
2024.01.19	09:44:00	16723.1	16732.19	16722.46	16729.45	2096	0	3
2024.01.19	09:45:00	16729.45	16744.57	16722.95	16740.84	769	0	3
2024.01.19	09:46:00	16740.84	16749.6	16725.39	16732.9	3848	0	4
2024.01.19	09:47:00	16732.9	16733.78	16725.93	16727.02	2389	0	2
2024.01.19	09:48:00	16727.02	16728.59	16706.47	16715.19	4926	0	3
2024.01.19	09:49:00	16715.19	16733.19	16714.32	16732.72	1366	0	4
2024.01.19	09:50:00	16732.72	16741.98	16728.93	16735.64	534	0	4
2024.01.19	09:51:00	16735.64	16741.33	16734.89	16740.04	4091	0	2
2024.01.19	09:52:00	16740.04	16741.17	16725.15	16729.02	4380	0	2
2024.01.19	09:53:00	16729.02	16733.11	16726.15	16729.34	4609	0	4
2024.01.19	09:54:00	16729.34	16739.73	16728.13	16733.99	4952	0	3
2024.01.19	09:55:00	16733.99	16735.06	16730.32	16732.19	1916	0	2
2024.01.19	09:56:00	16732.19	16744.4	16726.85	16741.64	3554	0	4
2024.01.19	09:57:00	16741.64	16763.35	16741.35	16761.58	631	0	4
2024.01.19	09:58:00	16761.58	16765.32	16748.22	16753.88	2378	0	2
2024.01.19	09:59:00	16753.88	16754.46	16741.52	16745.55	4539	0	2
2024.01.19	10:00:00	16745.55	16749.31	16733.9	16738.44	3354	0	3
2024.01.19	10:01:00	16738.44	16757.37	16734.19	16752.4	4300	0	1
2024.01.19	10:02:00	16752.4	16761.84	16749.36	16761.58	4757	0	4
2024.01.19	10:03:00	16761.58	16767.26	16758.96	16760.76	4085	0	2
2024.01.19	10:04:00	16760.76	16766.82	16760.63	16761.41	3592	0	4
2024.01.19	10:05:00	16761.41	16766.31	16753.72	16754.81	2103	0	3
2024.01.19	10:06:00	16754.81	16769.57	16752.85	16762.7	2891	0	2
2024.01.19	10:07:00	16762.7	16763.64	16757.94	16759.81	858	0	1
2024.01.19	10:08:00	16759.81	16761.27	16751.35	16757.94	3097	0	1
2024.01.19	10:09:00	16757.94	16767.83	16757.68	16763.44	4886	0	3
2024.01.19	10:10:00	16763.44	16764.23	16756.65	16762.18	1165	0	1
2024.01.19	10:11:00	16762.18	16772.17	16753.69	16760.52	2720	0	4
2024.01.19	10:12:00	16760.52	16761.37	16753.58	16760.95	4547	0	2
2024.01.19	10:13:00	16760.95	16770.03	16758.78	16768.03	2104	0	4
2024.01.19	10:14:00	16768.03	16785.5	16767.16	16782.35	3151	0	2
2024.01.19	10:15:00	16782.35	16791.41	16780.45	16787.67	3997	0	2
2024.01.19	10:16:00	16787.67	16795.98	16786.99	16794.83	4046	0	1
2024.01.19	10:17:00	16794.83	16798.99	16791.63	16793.47	3518	0	2
2024.01.19	10:18:00	16793.47	16793.72	16786.2	16787.79	782	0	4
2024.01.19	10:19:00	16787.79	16800.18	16783.3	16793.68	688	0	4
2024.01.19	10:20:00	16793.68	16800.74	16791.45	16795.48	3895	0	2
2024.01.19	10:21:00	16795.48	16796.39	16779.88	16783.72	4812	0	4
2024.01.19	10:22:00	16783.72	16788.35	16774.08	16781.26	1704	0	1
2024.01.19	10:23:00	16781.26	16787.19	16779.89	16780.9	3002	0	1
2024.01.19	10:24:00	16780.9	16781.41	16771.51	16776.89	821	0	1
2024.01.19	10:25:00	16776.89	16791.99	16774.95	16789.82	1347	0	1
2024.01.19	10:26:00	16789.82	16794.61	16783.96	16794.24	2680	0	1
2024.01.19	10:27:00	16794.24	16811.29	16793.03	16806.26	571	0	1
2024.01.19	10:28:00	16806.26	16818.99	16803.49	16808.83	3149	0	4
2024.01.19	10:29:00	16808.83	16816.35	16802.25	16809.86	2985	0	2
2024.01.19	10:30:00	16809.86	16810.92	16797.66	16802.23	917	0	4
2024.01.19	10:31:00	16802.23	16807.63	16796.82	16802.67	3173	0	4
2024.01.19	10:32:00	16802.67	16807.06	16801.93	16803.11	2549	0	3
2024.01.19	10:33:00	16803.11	16805.65	16788.61	16791.82	948	0	1
2024.01.19	10:34:00	16791.82	16793.19	16782.64	16787.57	1484	0	1
2024.01.19	10:35:00	16787.57	16789.65	16784.92	16785.16	2952	0	3
2024.01.19	10:36:00	16785.16	16795.1	16781.68	16789.01	4149	0	4
2024.01.19	10:37:00	16789.01	16793.62	16788.66	16793.27	2442	0	1
2024.01.19	10:38:00	16793.27	16801.35	16786.47	16788.66	3344	0	3
2024.01.19	10:39:00	16788.66	16799.36	16779.28	16792.98	2469	0	1
2024.01.19	10:40:00	16792.98	16799.81	16788.94	16791.77	4376	0	1
2024.01.19	10:41:00	16791.77	16795.97	16765.38	16767.72	4888	0	3
2024.01.19	10:42:00	16767.72	16771.2	16758.25	16763.94	2401	0	3
2024.01.19	10:43:00	16763.94	16782.12	16758.5	16773.44	1831	0	3
2024.01.19	10:44:00	16773.44	16779.12	16757.02	16759.5	3091	0	2
2024.01.19	10:45:00	16759.5	16767.53	16758.68	16760.79	4478	0	2
2024.01.19	10:46:00	16760.79	16778.34	16759.09	16774.58	3197	0	4
2024.01.19	10:47:00	16774.58	16778.5	16763.47	16768.46	2050	0	2
2024.01.19	10:48:00	16768.46	16775.86	16766.59	16768.81	3992	0	3
2024.01.19	10:49:00	16768.81	16775.16	16755.54	16758.08	1307	0	2
2024.01.19	10:50:00	16758.08	16778.6	16754.55	16772.23	1728	0	3
2024.01.19	10:51:00	16772.23	16778.96	16761.77	16771.86	1185	0	4
2024.01.19	10:52:00	16771.86	16775.43	16766.33	16772.59	4607	0	2
2024.01.19	10:53:00	16772.59	16784.75	16772.56	16784.43	4732	0	4
2024.01.19	10:54:00	16784.43	16792.27	16779.73	16790.39	4813	0	1
2024.01.19	10:55:00	16790.39	16792.37	16780.65	16783.28	604	0	3
2024.01.19	10:56:00	16783.28	16784.14	16773.42	16778.12	4546	0	3
2024.01.19	10:57:00	16778.12	16788.72	16775.72	16782.66	1486	0	4
2024.01.19	10:58:00	16782.66	16788.57	16771.86	16777.69	4786	0	2
2024.01.19	10:59:00	16777.69	16778.35	16756.81	16760.05	2032	0	3
2024.01.19	11:00:00	16760.05	16762.59	16759.38	16759.93	1877	0	3
2024.01.19	11:01:00	16759.93	16765.47	16745.73	16747.71	3455	0	1
2024.01.19	11:02:00	16747.71	16770.34	16744.56	16761.76	4055	0	4
2024.01.19	11:03:00	16761.76	16765.48	16760.45	16763.59	2191	0	2
2024.01.19	11:04:00	16763.59	16766.73	16753.53	16756.25	4209	0	2
2024.01.19	11:05:00	16756.25	16759.76	16746.32	16750.65	591	0	4
2024.01.19	11:06:00	16750.65	16754.78	16730.83	16734.97	4543	0	1
2024.01.19	11:07:00	16734.97	16735.08	16725.97	16725.99	2826	0	3
2024.01.19	11:08:00	16725.99	16737.25	16721.4	16734.94	2915	0	1
2024.01.19	11:09:00	16734.94	16758.28	16730.83	16754.19	4480	0	4
2024.01.19	11:10:00	16754.19	16765.3	16751.28	16760.69	747	0	4
2024.01.19	11:11:00	16760.69	16764.38	16759.77	16760.25	4489	0	3
2024.01.19	11:12:00	16760.25	16768.66	16753.91	16756.92	1414	0	2
2024.01.19	11:13:00	16756.92	16758.13	16744.43	16749.14	4962	0	4
2024.01.19	11:14:00	16749.14	16767.14	16746.56	16766.95	3735	0	1
2024.01.19	11:15:00	16766.95	16769.24	16764.82	16765.68	2040	0	4
2024.01.19	11:16:00	16765.68	16785.65	16762.66	16783.99	798	0	2
2024.01.19	11:17:00	16783.99	16796.51	16781.76	16796.17	1051	0	4
2024.01.19	11:18:00	16796.17	16800.66	16775.28	16781.71	1048	0	3
2024.01.19	11:19:00	16781.71	16784.09	16769.24	16776.39	812	0	4
2024.01.19	11:20:00	16776.39	16778.31	16770.89	16771.04	3271	0	3
2024.01.19	11:21:00	16771.04	16772.28	16768.97	16770.7	4401	0	2
2024.01.19	11:22:00	16770.7	16772.7	16767.8	16770.52	4098	0	4
2024.01.19	11:23:00	16770.52	16797.6	16769.22	16796.32	3866	0	3
2024.01.19	11:24:00	16796.32	16797.38	16782.71	16787.5	4912	0	3
2024.01.19	11:25:00	16787.5	16790.52	16778.35	16789.78	3324	0	2
2024.01.19	11:26:00	16789.78	16800.08	16784.03	16795.36	927	0	3
2024.01.19	11:27:00	16795.36	16796.08	16791.31	16795.68	2735	0	4
2024.01.19	11:28:00	16795.68	16798.55	16791.23	16796.95	3911	0	2
2024.01.19	11:29:00	16796.95	16802.92	16787.56	16788.4	2558	0	3
2024.01.19	11:30:00	16788.4	16793.65	16784.09	16789.64	1882	0	1
2024.01.19	11:31:00	16789.64	16796.8	16787.41	16794.33	2722	0	1
2024.01.19	11:32:00	16794.33	16801.89	16788.07	16797.45	4014	0	4
2024.01.19	11:33:00	16797.45	16809.64	16793.93	16802.64	2137	0	2
2024.01.19	11:34:00	16802.64	16817.97	16799.84	16815.0	2088	0	1
2024.01.19	11:35:00	16815.0	16827.48	16813.71	16823.31	2636	0	1
2024.01.19	11:36:00	16823.31	16826.19	16822.34	16824.26	2387	0	1
2024.01.19	11:37:00	16824.26	16824.65	16809.89	16814.61	1446	0	2
2024.01.19	11:38:00	16814.61	16815.8	16802.64	16809.84	1759	0	2
2024.01.19	11:39:00	16809.84	16813.16	16799.84	16808.31	1029	0	1
2024.01.19	11:40:00	16808.31	16815.61	16807.69	16810.79	3881	0	2
2024.01.19	11:41:00	16810.79	16811.08	16800.22	16807.06	1450	0	4
2024.01.19	11:42:00	16807.06	16815.88	16796.49	16799.43	4903	0	4
2024.01.19	11:43:00	16799.43	16800.27	16789.23	16789.66	4869	0	3
2024.01.19	11:44:00	16789.66	16795.59	16773.02	16775.97	3525	0	3
2024.01.19	11:45:00	16775.97	16783.28	16765.61	16774.31	4958	0	4
2024.01.19	11:46:00	16774.31	16781.47	16761.75	16762.16	4386	0	4
2024.01.19	11:47:00	16762.16	16763.92	16750.95	16754.01	3881	0	1
2024.01.19	11:48:00	16754.01	16754.99	16748.24	16751.0	2100	0	3
2024.01.19	11:49:00	16751.0	16753.9	16735.48	16740.01	4267	0	2
2024.01.19	11:50:00	16740.01	16743.68	16730.42	16743.56	2033	0	1
2024.01.19	11:51:00	16743.56	16753.75	16741.39	16750.18	966	0	4
2024.01.19	11:52:00	16750.18	16750.37	16745.02	16745.85	3045	0	3
2024.01.19	11:53:00	16745.85	16745.91	16739.84	16742.48	1053	0	3
2024.01.19	11:54:00	16742.48	16749.82	16734.76	16747.37	914	0	4
2024.01.19	11:55:00	16747.37	16753.4	16739.55	16741.65	916	0	1
2024.01.19	11:56:00	16741.65	16748.14	16727.8	16735.35	4601	0	2
2024.01.19	11:57:00	16735.35	16747.11	16734.0	16745.83	784	0	4
2024.01.19	11:58:00	16745.83	16754.44	16745.56	16753.67	2275	0	1
2024.01.19	11:59:00	16753.67	16762.42	16751.69	16759.1	3863	0	1
2024.01.19	12:00:00	16759.1	16767.39	16752.89	16767.3	4109	0	3
2024.01.19	12:01:00	16767.3	16767.33	16749.81	16750.85	753	0	2
2024.01.19	12:02:00	16750.85	16763.81	16745.54	16762.67	4522	0	4
2024.01.19	12:03:00	16762.67	16772.25	16751.73	16766.34	4770	0	3
2024.01.19	12:04:00	16766.34	16775.27	16760.5	16775.26	4864	0	4
2024.01.19	12:05:00	16775.26	16787.25	16774.84	16778.88	3443	0	3
2024.01.19	12:06:00	16778.88	16780.79	16775.31	16779.63	2805	0	1
2024.01.19	12:07:00	16779.63	16779.73	16774.65	16777.63	1268	0	3
2024.01.19	12:08:00	16777.63	16781.7	16773.13	16781.09	1055	0	1
2024.01.19	12:09:00	16781.09	16783.48	16776.48	16778.77	4178	0	1
2024.01.19	12:10:00	16778.77	16788.98	16774.59	16786.48	4326	0	4
2024.01.19	12:11:00	16786.48	16787.1	16765.26	16773.34	4206	0	1
2024.01.19	12:12:00	16773.34	16773.37	16763.72	16769.07	3282	0	3
2024.01.19	12:13:00	16769.07	16788.17	16764.45	16786.78	3037	0	2
2024.01.19	12:14:00	16786.78	16788.27	16779.63	16781.8	1370	0	3
2024.01.19	12:15:00	16781.8	16783.51	16779.57	16780.1	909	0	2
2024.01.19	12:16:00	16780.1	16780.51	16771.77	16772.94	1403	0	2
2024.01.19	12:17:00	16772.94	16782.79	16766.9	16776.13	2303	0	1
2024.01.19	12:18:00	16776.13	16777.93	16762.8	16770.21	1856	0	2
2024.01.19	12:19:00	16770.21	16781.28	16765.88	16768.97	2968	0	3
2024.01.19	12:20:00	16768.97	16776.73	16765.8	16776.52	4017	0	3
2024.01.19	12:21:00	16776.52	16780.59	16767.41	16770.92	3847	0	4
2024.01.19	12:22:00	16770.92	16781.04	16768.31	16777.95	4226	0	3
2024.01.19	12:23:00	16777.95	16791.23	16774.95	16785.27	1843	0	4
2024.01.19	12:24:00	16785.27	16797.57	16778.69	16794.58	4710	0	3
2024.01.19	12:25:00	16794.58	16798.05	16787.38	16796.11	4429	0	4
2024.01.19	12:26:00	16796.11	16825.16	16795.63	16824.04	2070	0	1
2024.01.19	12:27:00	16824.04	16835.29	16817.92	16833.36	1628	0	1
2024.01.19	12:28:00	16833.36	16837.47	16831.07	16836.47	4495	0	3
2024.01.19	12:29:00	16836.47	16839.83	16827.08	16829.34	4991	0	3
2024.01.19	12:30:00	16829.34	16830.49	16825.18	16828.85	2592	0	2
2024.01.19	12:31:00	16828.85	16847.91	16827.15	16841.34	1017	0	4
2024.01.19	12:32:00	16841.34	16858.26	16838.74	16856.26	3228	0	2
2024.01.19	12:33:00	16856.26	16874.73	16853.79	16869.22	4248	0	1
2024.01.19	12:34:00	16869.22	16880.95	16867.88	16876.27	2609	0	3
2024.01.19	12:35:00	16876.27	16880.08	16865.07	16865.88	1094	0	1
2024.01.19	12:36:00	16865.88	16873.55	16863.55	16870.38	3810	0	1
2024.01.19	12:37:00	16870.38	16872.74	16859.83	16860.11	3916	0	2
2024.01.19	12:38:00	16860.11	16862.75	16846.67	16847.76	4437	0	1
2024.01.19	12:39:00	16847.76	16858.04	16844.74	16850.13	4380	0	3
2024.01.19	12:40:00	16850.13	16858.47	16849.53	16854.94	2650	0	2
2024.01.19	12:41:00	16854.94	16865.59	16854.27	16862.99	1908	0	4
2024.01.19	12:42:00	16862.99	16872.95	16858.29	16867.57	1244	0	1
2024.01.19	12:43:00	16867.57	16875.2	16865.79	16872.45	956	0	2
2024.01.19	12:44:00	16872.45	16875.63	16862.27	16864.37	4221	0	4
2024.01.19	12:45:00	16864.37	16865.6	16862.97	16863.81	4999	0	3
2024.01.19	12:46:00	16863.81	16865.2	16848.45	16851.29	3394	0	2
2024.01.19	12:47:00	16851.29	16857.3	16830.06	16834.54	4869	0	3
2024.01.19	12:48:00	16834.54	16843.54	16830.46	16841.19	1883	0	2
2024.01.19	12:49:00	16841.19	16847.19	16830.63	16835.1	3905	0	4
2024.01.19	12:50:00	16835.1	16848.4	16832.87	16842.88	2286	0	3
2024.01.19	12:51:00	16842.88	16854.87	16836.71	16852.67	2239	0	2
2024.01.19	12:52:00	16852.67	16860.84	16843.68	16847.73	3380	0	1
2024.01.19	12:53:00	16847.73	16855.95	16844.02	16853.1	1104	0	3
2024.01.19	12:54:00	16853.1	16854.4	16844.66	16847.8	2355	0	4
2024.01.19	12:55:00	16847.8	16851.2	16826.82	16832.39	2381	0	4
2024.01.19	12:56:00	16832.39	16834.8	16829.08	16833.78	2437	0	3
2024.01.19	12:57:00	16833.78	16833.91	16825.78	16830.1	3741	0	4
2024.01.19	12:58:00	16830.1	16835.16	16823.5	16826.69	1751	0	4
2024.01.19	12:59:00	16826.69	16847.83	16823.74	16843.87	1185	0	2
2024.01.19	13:00:00	16843.87	16852.48	16829.98	16831.19	3249	0	4
2024.01.19	13:01:00	16831.19	16840.23	16828.0	16834.79	575	0	1
2024.01.19	13:02:00	16834.79	16835.66	16821.76	16826.65	4946	0	4
2024.01.19	13:03:00	16826.65	16842.39	16822.99	16834.73	4568	0	4
2024.01.19	13:04:00	16834.73	16840.95	16828.73	16837.61	2223	0	3
2024.01.19	13:05:00	16837.61	16842.06	16831.44	16841.18	3649	0	4
2024.01.19	13:06:00	16841.18	16846.62	16830.51	16833.46	2835	0	1
2024.01.19	13:07:00	16833.46	16841.33	16824.01	16827.27	3622	0	1
2024.01.19	13:08:00	16827.27	16842.54	16821.95	16835.51	1486	0	2
2024.01.19	13:09:00	16835.51	16857.1	16830.14	16850.95	4762	0	1
2024.01.19	13:10:00	16850.95	16858.1	16849.97	16855.39	4466	0	1
2024.01.19	13:11:00	16855.39	16861.03	16837.71	16848.07	2843	0	1
2024.01.19	13:12:00	16848.07	16855.37	16846.78	16851.3	4448	0	2
2024.01.19	13:13:00	16851.3	16872.88	16848.89	16872.36	1931	0	3
2024.01.19	13:14:00	16872.36	16877.93	16872.27	16873.57	4035	0	1
2024.01.19	13:15:00	16873.57	16886.9	16871.31	16886.41	4592	0	2
2024.01.19	13:16:00	16886.41	16888.21	16878.22	16880.41	3632	0	3
2024.01.19	13:17:00	16880.41	16887.47	16877.77	16880.39	4936	0	1
2024.01.19	13:18:00	16880.39	16887.08	16877.89	16886.03	1463	0	2
2024.01.19	13:19:00	16886.03	16893.04	16884.76	16889.76	592	0	4
2024.01.19	13:20:00	16889.76	16891.77	16880.43	16883.55	2869	0	2
2024.01.19	13:21:00	16883.55	16886.71	16871.69	16876.96	1988	0	1
2024.01.19	13:22:00	16876.96	16886.22	16869.24	16885.75	3376	0	4
2024.01.19	13:23:00	16885.75	16900.57	16884.01	16896.28	2130	0	4
2024.01.19	13:24:00	16896.28	16910.42	16894.78	16909.56	4409	0	4
2024.01.19	13:25:00	16909.56	16925.9	16908.19	16925.35	1000	0	2
2024.01.19	13:26:00	16925.35	16928.45	16925.01	16926.84	4836	0	1
2024.01.19	13:27:00	16926.84	16928.08	16922.65	16924.52	1497	0	2
2024.01.19	13:28:00	16924.52	16943.35	16922.52	16936.44	1970	0	4
2024.01.19	13:29:00	16936.44	16944.48	16931.55	16942.89	610	0	4
2024.01.19	13:30:00	16942.89	16944.2	16932.24	16934.8	3554	0	1
2024.01.19	13:31:00	16934.8	16937.07	16925.46	16926.28	3633	0	1
2024.01.19	13:32:00	16926.28	16935.16	16923.43	16930.84	4682	0	2
2024.01.19	13:33:00	16930.84	16934.16	16925.0	16929.66	981	0	1
2024.01.19	13:34:00	16929.66	16932.85	16928.96	16929.77	2670	0	1
2024.01.19	13:35:00	16929.77	16945.73	16924.44	16939.3	4494	0	2
2024.01.19	13:36:00	16939.3	16956.85	16934.92	16946.15	635	0	2
2024.01.19	13:37:00	16946.15	16963.38	16943.04	16957.91	3127	0	3
2024.01.19	13:38:00	16957.91	16959.79	16937.94	16941.67	1534	0	4
2024.01.19	13:39:00	16941.67	16944.27	16930.88	16944.18	2102	0	3
2024.01.19	13:40:00	16944.18	16953.46	16942.6	16950.48	3900	0	3
2024.01.19	13:41:00	16950.48	16958.75	16932.75	16937.72	4139	0	4
2024.01.19	13:42:00	16937.72	16943.79	16932.42	16932.45	525	0	3
2024.01.19	13:43:00	16932.45	16936.57	16923.02	16925.58	3428	0	4
2024.01.19	13:44:00	16925.58	16929.9	16921.71	16926.1	2273	0	4
2024.01.19	13:45:00	16926.1	16943.65	16924.61	16940.4	3888	0	1
2024.01.19	13:46:00	16940.4	16968.35	16940.38	16958.1	4286	0	4
2024.01.19	13:47:00	16958.1	16960.82	16950.4	16951.45	4449	0	1
2024.01.19	13:48:00	16951.45	16961.07	16942.69	16956.31	960	0	2
2024.01.19	13:49:00	16956.31	16966.56	16950.71	16961.44	4134	0	3
2024.01.19	13:50:00	16961.44	16968.01	16958.04	16965.11	4839	0	4
2024.01.19	13:51:00	16965.11	16969.54	16961.66	16968.88	4006	0	4
2024.01.19	13:52:00	16968.88	16974.25	16964.97	16971.83	2196	0	2
2024.01.19	13:53:00	16971.83	16990.23	16969.81	16986.68	3784	0	2
2024.01.19	13:54:00	16986.68	16997.21	16980.09	16996.5	804	0	2
2024.01.19	13:55:00	16996.5	17000.71	16982.26	16987.72	2198	0	2
2024.01.19	13:56:00	16987.72	17002.46	16983.91	16994.91	4208	0	2
2024.01.19	13:57:00	16994.91	17008.54	16994.78	17002.93	3433	0	1
2024.01.19	13:58:00	17002.93	17006.83	16997.66	17005.98	1693	0	3
2024.01.19	13:59:00	17005.98	17024.41	17005.81	17016.07	3045	0	4
2024.01.19	14:00:00	17016.07	17019.31	17015.4	17018.03	508	0	3
2024.01.19	14:01:00	17018.03	17020.11	17013.14	17020.1	4835	0	1
2024.01.19	14:02:00	17020.1	17023.02	17013.52	17021.48	2977	0	3
2024.01.19	14:03:00	17021.48	17025.5	16998.73	17004.44	2754	0	3
2024.01.19	14:04:00	17004.44	17004.45	16999.27	17004.08	2000	0	2
2024.01.19	14:05:00	17004.08	17006.43	16988.97	16998.67	1498	0	1
2024.01.19	14:06:00	16998.67	16999.26	16988.19	16988.8	1979	0	4
2024.01.19	14:07:00	16988.8	17009.91	16983.65	17001.48	2559	0	3
2024.01.19	14:08:00	17001.48	17006.9	16998.66	17006.16	2416	0	1
2024.01.19	14:09:00	17006.16	17008.54	16998.37	17006.25	2365	0	2
2024.01.19	14:10:00	17006.25	17008.25	17000.23	17001.72	2786	0	3
2024.01.19	14:11:00	17001.72	17007.99	16996.97	17004.61	2608	0	3
2024.01.19	14:12:00	17004.61	17013.59	17002.51	17013.49	1894	0	3
2024.01.19	14:13:00	17013.49	17024.28	17005.18	17006.71	3114	0	1
2024.01.19	14:14:00	17006.71	17008.25	17006.06	17007.01	1607	0	3
2024.01.19	14:15:00	17007.01	17016.38	17003.07	17014.83	4766	0	1
2024.01.19	14:16:00	17014.83	17018.39	16994.77	16998.49	3502	0	1
2024.01.19	14:17:00	16998.49	17010.35	16994.95	16998.34	1764	0	1
2024.01.19	14:18:00	16998.34	17001.74	16991.55	16994.98	3616	0	3
2024.01.19	14:19:00	16994.98	17005.23	16993.2	16994.17	4861	0	4
2024.01.19	14:20:00	16994.17	16996.73	16985.69	16990.2	3941	0	4
2024.01.19	14:21:00	16990.2	16998.78	16989.5	16991.72	4008	0	3
2024.01.19	14:22:00	16991.72	17010.12	16991.38	17008.62	1481	0	4
2024.01.19	14:23:00	17008.62	17018.77	17003.7	17006.17	1323	0	1
2024.01.19	14:24:00	17006.17	17013.8	17004.1	17009.02	3026	0	1
2024.01.19	14:25:00	17009.02	17028.26	17008.69	17026.55	1761	0	2
2024.01.19	14:26:00	17026.55	17027.58	17020.33	17022.15	1041	0	2
2024.01.19	14:27:00	17022.15	17038.19	17017.8	17038.14	4591	0	2
2024.01.19	14:28:00	17038.14	17040.81	17034.32	17038.53	2053	0	3
2024.01.19	14:29:00	17038.53	17058.31	17038.46	17054.25	4106	0	1
2024.01.19	14:30:00	17054.25	17063.24	17049.49	17061.07	3792	0	1
2024.01.19	14:31:00	17061.07	17065.39	17056.28	17064.06	1145	0	4
2024.01.19	14:32:00	17064.06	17064.91	17063.41	17063.84	1344	0	3
2024.01.19	14:33:00	17063.84	17065.43	17056.41	17058.79	3130	0	2
2024.01.19	14:34:00	17058.79	17063.59	17055.53	17059.78	3307	0	4
2024.01.19	14:35:00	17059.78	17069.73	17058.55	17067.88	1746	0	3
2024.01.19	14:36:00	17067.88	17076.2	17066.57	17068.11	1190	0	4
2024.01.19	14:37:00	17068.11	17072.91	17062.05	17065.71	3333	0	3
2024.01.19	14:38:00	17065.71	17070.12	17063.79	17063.89	1562	0	3
2024.01.19	14:39:00	17063.89	17076.21	17058.2	17072.81	1281	0	4
2024.01.19	14:40:00	17072.81	17089.96	17072.17	17083.74	2202	0	4
2024.01.19	14:41:00	17083.74	17088.49	17075.92	17078.31	2083	0	3
2024.01.19	14:42:00	17078.31	17082.23	17069.14	17072.87	2310	0	3
2024.01.19	14:43:00	17072.87	17077.09	17072.79	17076.5	2248	0	1
2024.01.19	14:44:00	17076.5	17091.65	17070.4	17090.05	3046	0	4
2024.01.19	14:45:00	17090.05	17106.65	17084.15	17100.31	2919	0	1
2024.01.19	14:46:00	17100.31	17104.07	17089.6	17089.82	668	0	1
2024.01.19	14:47:00	17089.82	17094.95	17080.46	17087.88	1576	0	2
2024.01.19	14:48:00	17087.88	17090.81	17078.39	17080.17	2770	0	1
2024.01.19	14:49:00	17080.17	17083.46	17077.06	17078.19	3774	0	1
2024.01.19	14:50:00	17078.19	17097.79	17071.36	17092.42	636	0	2
2024.01.19	14:51:00	17092.42	17095.19	17078.53	17080.45	4141	0	2
2024.01.19	14:52:00	17080.45	17088.14	17065.54	17066.8	924	0	1
2024.01.19	14:53:00	17066.8	17067.27	17059.41	17059.98	3379	0	4
2024.01.19	14:54:00	17059.98	17064.47	17058.51	17062.8	1484	0	1
2024.01.19	14:55:00	17062.8	17068.7	17058.59	17068.51	4563	0	1
2024.01.19	14:56:00	17068.51	17074.3	17067.25	17072.63	3618	0	4
2024.01.19	14:57:00	17072.63	17088.01	17070.04	17083.14	4057	0	3
2024.01.19	14:58:00	17083.14	17086.97	17065.15	17068.24	4151	0	2
2024.01.19	14:59:00	17068.24	17083.56	17058.25	17078.85	698	0	2
2024.01.19	15:00:00	17078.85	17079.65	17075.24	17076.49	4311	0	4
2024.01.19	15:01:00	17076.49	17085.13	17076.07	17083.16	881	0	1
2024.01.19	15:02:00	17083.16	17083.2	17066.23	17072.06	2942	0	3
2024.01.19	15:03:00	17072.06	17074.28	17071.68	17072.44	3469	0	1
2024.01.19	15:04:00	17072.44	17081.17	17071.63	17074.83	4549	0	1
2024.01.19	15:05:00	17074.83	17089.5	17073.2	17085.16	3748	0	1
2024.01.19	15:06:00	17085.16	17085.56	17066.38	17071.8	3703	0	3
2024.01.19	15:07:00	17071.8	17076.41	17070.15	17072.4	4855	0	2
2024.01.19	15:08:00	17072.4	17079.06	17057.3	17063.37	573	0	3
2024.01.19	15:09:00	17063.37	17068.67	17056.48	17068.08	514	0	4
2024.01.19	15:10:00	17068.08	17075.7	17065.21	17075.14	1356	0	1
2024.01.19	15:11:00	17075.14	17093.31	17074.17	17086.61	1566	0	3
2024.01.19	15:12:00	17086.61	17088.82	17081.21	17082.32	2749	0	4
2024.01.19	15:13:00	17082.32	17092.07	17079.79	17090.69	4242	0	1
2024.01.19	15:14:00	17090.69	17103.81	17089.9	17102.81	2267	0	2
2024.01.19	15:15:00	17102.81	17108.51	17088.02	17088.93	4511	0	1
2024.01.19	15:16:00	17088.93	17095.94	17086.85	17094.57	3383	0	1
2024.01.19	15:17:00	17094.57	17106.51	17089.77	17103.21	2589	0	4
2024.01.19	15:18:00	17103.21	17105.68	17093.67	17101.31	4069	0	2
2024.01.19	15:19:00	17101.31	17104.36	17087.22	17091.17	2676	0	1
2024.01.19	15:20:00	17091.17	17102.22	17085.33	17099.68	692	0	4
2024.01.19	15:21:00	17099.68	17103.31	17083.57	17089.64	4341	0	2
2024.01.19	15:22:00	17089.64	17090.7	17081.64	17088.43	1097	0	2
2024.01.19	15:23:00	17088.43	17089.11	17078.62	17088.43	2569	0	4
2024.01.19	15:24:00	17088.43	17095.17	17086.4	17094.96	1201	0	4
2024.01.19	15:25:00	17094.96	17105.15	17085.96	17089.88	4043	0	3
2024.01.19	15:26:00	17089.88	17090.55	17080.03	17084.3	3367	0	4
2024.01.19	15:27:00	17084.3	17088.11	17083.1	17085.5	4769	0	1
2024.01.19	15:28:00	17085.5	17097.66	17079.79	17094.55	4399	0	4
2024.01.19	15:29:00	17094.55	17114.97	17086.83	17114.7	1678	0	3
2024.01.19	15:30:00	17114.7	17115.89	17100.68	17101.99	1636	0	3
2024.01.19	15:31:00	17101.99	17105.15	17100.05	17105.06	1734	0	2
2024.01.19	15:32:00	17105.06	17105.94	17090.47	17095.99	1192	0	1
2024.01.19	15:33:00	17095.99	17107.7	17092.26	17105.16	4723	0	3
2024.01.19	15:34:00	17105.16	17107.3	17096.31	17097.37	872	0	4
2024.01.19	15:35:00	17097.37	17097.44	17089.16	17091.87	2409	0	1
2024.01.19	15:36:00	17091.87	17100.41	17085.12	17087.11	1767	0	1
2024.01.19	15:37:00	17087.11	17093.59	17078.59	17086.8	570	0	4
2024.01.19	15:38:00	17086.8	17099.29	17080.58	17089.94	4238	0	4
2024.01.19	15:39:00	17089.94	17095.2	17087.63	17094.46	2761	0	3
2024.01.19	15:40:00	17094.46	17097.64	17091.91	17094.76	4449	0	2
2024.01.19	15:41:00	17094.76	17099.43	17073.37	17083.59	3275	0	1
2024.01.19	15:42:00	17083.59	17095.96	17079.09	17090.23	2731	0	4
2024.01.19	15:43:00	17090.23	17094.25	17083.66	17090.11	1601	0	3
2024.01.19	15:44:00	17090.11	17102.36	17089.34	17100.51	3160	0	1
2024.01.19	15:45:00	17100.51	17110.43	17087.26	17094.72	3773	0	2
2024.01.19	15:46:00	17094.72	17095.54	17080.24	17081.2	625	0	4
2024.01.19	15:47:00	17081.2	17085.18	17078.27	17081.25	1548	0	4
2024.01.19	15:48:00	17081.25	17093.58	17078.95	17092.8	2127	0	3
2024.01.19	15:49:00	17092.8	17104.05	17092.15	17094.54	1038	0	1
2024.01.19	15:50:00	17094.54	17096.76	17088.24	17093.15	879	0	1
2024.01.19	15:51:00	17093.15	17098.2	17082.93	17085.96	1622	0	2
2024.01.19	15:52:00	17085.96	17104.23	17083.63	17101.52	2033	0	4
2024.01.19	15:53:00	17101.52	17103.27	17092.36	17092.95	2902	0	4
2024.01.19	15:54:00	17092.95	17093.94	17086.44	17087.01	4161	0	3
2024.01.19	15:55:00	17087.01	17095.17	17085.37	17092.29	4351	0	1
2024.01.19	15:56:00	17092.29	17103.48	17075.09	17076.57	2216	0	2
2024.01.19	15:57:00	17076.57	17092.59	17076.43	17087.94	2881	0	2
2024.01.19	15:58:00	17087.94	17095.8	17086.67	17093.68	563	0	3
2024.01.19	15:59:00	17093.68	17106.87	17090.51	17101.81	4320	0	4
2024.01.22	09:30:00	17101.81	17108.51	17099.49	17106.99	1556	0	1
2024.01.22	09:31:00	17106.99	17112.18	17099.14	17105.93	788	0	3
2024.01.22	09:32:00	17105.93	17109.41	17094.55	17097.07	3210	0	2
2024.01.22	09:33:00	17097.07	17107.74	17092.21	17096.2	2176	0	2
2024.01.22	09:34:00	17096.2	17098.86	17083.93	17088.1	2350	0	3
2024.01.22	09:35:00	17088.1	17094.13	17087.38	17092.65	2458	0	2
2024.01.22	09:36:00	17092.65	17105.02	17092.32	17099.97	3326	0	4
2024.01.22	09:37:00	17099.97	17115.67	17096.82	17113.11	4107	0	3
2024.01.22	09:38:00	17113.11	17119.29	17110.87	17116.67	3072	0	4
2024.01.22	09:39:00	17116.67	17126.21	17115.72	17125.03	3247	0	4
2024.01.22	09:40:00	17125.03	17128.99	17122.6	17122.8	4139	0	4
2024.01.22	09:41:00	17122.8	17124.67	17113.86	17118.99	4032	0	3
2024.01.22	09:42:00	17118.99	17131.24	17117.02	17123.44	1276	0	4
2024.01.22	09:43:00	17123.44	17126.0	17118.73	17120.43	2023	0	3
2024.01.22	09:44:00	17120.43	17129.46	17113.22	17123.11	2721	0	2
2024.01.22	09:45:00	17123.11	17129.34	17111.46	17114.25	4703	0	4
2024.01.22	09:46:00	17114.25	17114.76	17104.56	17106.96	3230	0	4
2024.01.22	09:47:00	17106.96	17115.12	17102.72	17112.8	4161	0	2
2024.01.22	09:48:00	17112.8	17120.97	17108.33	17120.83	4077	0	4
2024.01.22	09:49:00	17120.83	17122.99	17109.21	17112.63	4619	0	2
2024.01.22	09:50:00	17112.63	17122.89	17109.03	17118.79	2832	0	1
2024.01.22	09:51:00	17118.79	17120.16	17111.87	17114.51	1682	0	3
2024.01.22	09:52:00	17114.51	17118.56	17111.2	17115.0	2350	0	1
2024.01.22	09:53:00	17115.0	17127.89	17107.01	17127.62	529	0	2
2024.01.22	09:54:00	17127.62	17141.57	17122.85	17134.97	3576	0	3
2024.01.22	09:55:00	17134.97	17145.26	17129.49	17142.22	3269	0	2
2024.01.22	09:56:00	17142.22	17161.6	17136.71	17159.14	1243	0	1
2024.01.22	09:57:00	17159.14	17160.77	17149.97	17153.37	2716	0	1
2024.01.22	09:58:00	17153.37	17157.22	17142.45	17145.15	3722	0	1
2024.01.22	09:59:00	17145.15	17146.57	17139.2	17139.22	4005	0	3
2024.01.22	10:00:00	17139.22	17142.69	17131.96	17137.36	3991	0	4
2024.01.22	10:01:00	17137.36	17146.33	17115.63	17117.28	938	0	3
2024.01.22	10:02:00	17117.28	17119.42	17106.59	17115.83	2181	0	3
2024.01.22	10:03:00	17115.83	17120.61	17106.35	17111.45	3179	0	4
2024.01.22	10:04:00	17111.45	17120.79	17110.59	17118.58	973	0	1
2024.01.22	10:05:00	17118.58	17129.99	17113.2	17121.98	1395	0	1
2024.01.22	10:06:00	17121.98	17129.37	17111.49	17117.12	4743	0	4
2024.01.22	10:07:00	17117.12	17123.87	17116.92	17122.57	2815	0	4
2024.01.22	10:08:00	17122.57	17130.28	17117.66	17129.19	3102	0	3
2024.01.22	10:09:00	17129.19	17133.34	17121.31	17122.86	1212	0	1
2024.01.22	10:10:00	17122.86	17124.93	17118.88	17118.93	3352	0	1
2024.01.22	10:11:00	17118.93	17120.7	17095.68	17100.0	4605	0	3
2024.01.22	10:12:00	17100.0	17102.56	17086.87	17090.9	4819	0	1
2024.01.22	10:13:00	17090.9	17094.87	17082.9	17084.81	1324	0	3
2024.01.22	10:14:00	17084.81	17087.53	17075.8	17085.8	1498	0	4
2024.01.22	10:15:00	17085.8	17093.14	17074.38	17077.96	3087	0	2
2024.01.22	10:16:00	17077.96	17082.0	17072.14	17073.86	4490	0	2
2024.01.22	10:17:00	17073.86	17075.26	17062.36	17063.61	525	0	4
2024.01.22	10:18:00	17063.61	17069.81	17061.79	17065.43	1513	0	4
2024.01.22	10:19:00	17065.43	17070.95	17060.41	17069.45	1203	0	2
2024.01.22	10:20:00	17069.45	17073.45	17063.74	17073.27	4053	0	1
2024.01.22	10:21:00	17073.27	17074.17	17072.57	17073.72	2747	0	1
2024.01.22	10:22:00	17073.72	17074.59	17055.49	17060.74	3715	0	1
2024.01.22	10:23:00	17060.74	17063.56	17047.73	17055.73	684	0	3
2024.01.22	10:24:00	17055.73	17056.33	17047.63	17052.55	1095	0	4
2024.01.22	10:25:00	17052.55	17055.7	17046.86	17049.41	2942	0	3
2024.01.22	10:26:00	17049.41	17053.76	17042.92	17050.4	2389	0	4
2024.01.22	10:27:00	17050.4	17064.38	17043.84	17063.06	1329	0	3
2024.01.22	10:28:00	17063.06	17072.27	17058.91	17070.41	1673	0	1
2024.01.22	10:29:00	17070.41	17071.77	17056.91	17062.22	3769	0	2
2024.01.22	10:30:00	17062.22	17073.32	17059.17	17068.43	561	0	3
2024.01.22	10:31:00	17068.43	17079.71	17061.88	17074.3	4407	0	1
2024.01.22	10:32:00	17074.3	17078.79	17063.33	17067.68	1217	0	1
2024.01.22	10:33:00	17067.68	17083.95	17058.88	17075.36	3913	0	2
2024.01.22	10:34:00	17075.36	17081.15	17069.49	17074.31	3333	0	4
2024.01.22	10:35:00	17074.31	17075.21	17060.28	17062.47	785	0	3
2024.01.22	10:36:00	17062.47	17067.56	17061.75	17066.74	3940	0	3
2024.01.22	10:37:00	17066.74	17073.88	17066.15	17068.96	2733	0	3
2024.01.22	10:38:00	17068.96	17076.1	17064.35	17067.33	1854	0	3
2024.01.22	10:39:00	17067.33	17071.68	17064.87	17067.35	1000	0	4
2024.01.22	10:40:00	17067.35	17068.39	17058.58	17061.48	1019	0	2
2024.01.22	10:41:00	17061.48	17073.03	17061.43	17067.09	2340	0	2
2024.01.22	10:42:00	17067.09	17075.84	17062.26	17067.05	1825	0	2
2024.01.22	10:43:00	17067.05	17072.63	17062.35	17068.83	4277	0	3
2024.01.22	10:44:00	17068.83	17078.06	17068.74	17072.26	2943	0	2
2024.01.22	10:45:00	17072.26	17075.78	17059.69	17062.63	685	0	4
2024.01.22	10:46:00	17062.63	17063.79	17049.99	17055.24	4446	0	3
2024.01.22	10:47:00	17055.24	17057.65	17035.76	17036.51	1632	0	2
2024.01.22	10:48:00	17036.51	17044.24	17034.04	17041.72	3229	0	2
2024.01.22	10:49:00	17041.72	17046.36	17022.79	17031.6	4219	0	2
2024.01.22	10:50:00	17031.6	17034.03	17026.57	17033.09	3505	0	4
2024.01.22	10:51:00	17033.09	17037.62	17027.7	17036.63	2326	0	4
2024.01.22	10:52:00	17036.63	17053.63	17035.72	17042.17	533	0	3
2024.01.22	10:53:00	17042.17	17048.36	17024.41	17032.12	1559	0	1
2024.01.22	10:54:00	17032.12	17034.48	17027.78	17031.9	3062	0	1
2024.01.22	10:55:00	17031.9	17051.18	17025.47	17046.65	4772	0	3
2024.01.22	10:56:00	17046.65	17062.48	17045.88	17061.8	661	0	3
2024.01.22	10:57:00	17061.8	17071.31	17056.47	17070.67	1200	0	2
2024.01.22	10:58:00	17070.67	17077.58	17067.14	17073.93	2111	0	4
2024.01.22	10:59:00	17073.93	17075.06	17064.03	17065.58	4048	0	1
2024.01.22	11:00:00	17065.58	17073.72	17063.91	17072.14	4775	0	2
2024.01.22	11:01:00	17072.14	17073.34	17068.65	17071.11	1301	0	4
2024.01.22	11:02:00	17071.11	17080.97	17064.47	17076.3	3112	0	1
2024.01.22	11:03:00	17076.3	17079.03	17068.46	17071.17	4833	0	1
2024.01.22	11:04:00	17071.17	17072.39	17067.32	17070.02	4993	0	3
2024.01.22	11:05:00	17070.02	17073.66	17069.97	17071.78	4037	0	4
2024.01.22	11:06:00	17071.78	17074.55	17070.8	17074.25	4003	0	1
2024.01.22	11:07:00	17074.25	17079.69	17071.65	17078.86	1743	0	2
2024.01.22	11:08:00	17078.86	17083.94	17074.1	17074.19	1892	0	4
2024.01.22	11:09:00	17074.19	17078.61	17056.7	17062.92	4926	0	1
2024.01.22	11:10:00	17062.92	17083.43	17058.65	17077.31	3302	0	1
2024.01.22	11:11:00	17077.31	17100.8	17073.87	17099.19	1015	0	1
2024.01.22	11:12:00	17099.19	17109.26	17093.28	17103.41	811	0	2
2024.01.22	11:13:00	17103.41	17105.21	17090.9	17092.28	4368	0	4
2024.01.22	11:14:00	17092.28	17093.15	17085.2	17085.94	1083	0	2
2024.01.22	11:15:00	17085.94	17095.85	17082.27	17090.68	3647	0	2
2024.01.22	11:16:00	17090.68	17106.29	17086.18	17102.64	1947	0	4
2024.01.22	11:17:00	17102.64	17103.89	17086.51	17092.48	1282	0	2
2024.01.22	11:18:00	17092.48	17097.0	17091.63	17091.74	1013	0	2
2024.01.22	11:19:00	17091.74	17094.66	17089.12	17093.78	2958	0	1
2024.01.22	11:20:00	17093.78	17104.57	17084.8	17101.61	4116	0	1
2024.01.22	11:21:00	17101.61	17109.07	17095.66	17098.97	553	0	3
2024.01.22	11:22:00	17098.97	17102.26	17085.61	17085.78	3667	0	4
2024.01.22	11:23:00	17085.78	17094.81	17084.95	17091.5	3079	0	2
2024.01.22	11:24:00	17091.5	17106.1	17086.17	17101.58	4074	0	1
2024.01.22	11:25:00	17101.58	17104.95	17096.9	17101.2	3119	0	4
2024.01.22	11:26:00	17101.2	17107.48	17094.22	17105.06	1067	0	1
2024.01.22	11:27:00	17105.06	17105.78	17095.25	17101.29	2338	0	1
2024.01.22	11:28:00	17101.29	17106.11	17093.96	17094.31	4941	0	3
2024.01.22	11:29:00	17094.31	17107.72	17090.8	17103.54	4209	0	1
2024.01.22	11:30:00	17103.54	17117.15	17099.83	17107.24	2081	0	4
2024.01.22	11:31:00	17107.24	17115.91	17102.77	17111.83	4688	0	2
2024.01.22	11:32:00	17111.83	17131.3	17110.19	17125.19	533	0	3
2024.01.22	11:33:00	17125.19	17132.51	17113.57	17116.39	2901	0	1
2024.01.22	11:34:00	17116.39	17122.11	17103.3	17111.95	3982	0	1
2024.01.22	11:35:00	17111.95	17114.45	17107.63	17113.66	3532	0	4
2024.01.22	11:36:00	17113.66	17115.31	17108.84	17109.11	1305	0	3
2024.01.22	11:37:00	17109.11	17118.0	17106.07	17116.24	1156	0	4
2024.01.22	11:38:00	17116.24	17116.83	17110.01	17114.96	3845	0	4
2024.01.22	11:39:00	17114.96	17120.57	17106.48	17106.7	4991	0	3
2024.01.22	11:40:00	17106.7	17118.36	17100.88	17107.61	3938	0	4
2024.01.22	11:41:00	17107.61	17113.09	17107.37	17109.43	4360	0	4
2024.01.22	11:42:00	17109.43	17125.74	17104.52	17117.87	4596	0	3
2024.01.22	11:43:00	17117.87	17129.66	17112.35	17121.62	4770	0	4
2024.01.22	11:44:00	17121.62	17127.1	17118.26	17125.96	4054	0	1
2024.01.22	11:45:00	17125.96	17133.24	17119.55	17129.08	4001	0	1
2024.01.22	11:46:00	17129.08	17130.29	17126.65	17127.79	4053	0	2
2024.01.22	11:47:00	17127.79	17129.7	17121.48	17121.92	1953	0	1
2024.01.22	11:48:00	17121.92	17127.37	17115.16	17124.77	2932	0	2
2024.01.22	11:49:00	17124.77	17135.73	17116.37	17122.22	1497	0	3
2024.01.22	11:50:00	17122.22	17150.93	17117.67	17137.22	2888	0	2
2024.01.22	11:51:00	17137.22	17154.14	17135.81	17149.22	2799	0	4
2024.01.22	11:52:00	17149.22	17155.92	17148.61	17155.06	808	0	4
2024.01.22	11:53:00	17155.06	17161.81	17143.58	17158.69	871	0	4
2024.01.22	11:54:00	17158.69	17162.98	17154.41	17158.27	4778	0	3
2024.01.22	11:55:00	17158.27	17160.42	17141.99	17147.66	2983	0	3
2024.01.22	11:56:00	17147.66	17148.06	17142.06	17146.12	647	0	3
2024.01.22	11:57:00	17146.12	17149.34	17145.12	17147.35	2164	0	1
2024.01.22	11:58:00	17147.35	17150.17	17145.21	17149.68	4510	0	4
2024.01.22	11:59:00	17149.68	17155.85	17146.61	17154.1	3775	0	4
2024.01.22	12:00:00	17154.1	17165.61	17154.01	17162.45	4206	0	2
2024.01.22	12:01:00	17162.45	17163.94	17148.33	17156.78	3315	0	3
2024.01.22	12:02:00	17156.78	17158.04	17151.04	17151.19	3651	0	2
2024.01.22	12:03:00	17151.19	17170.19	17149.8	17164.14	1609	0	4
2024.01.22	12:04:00	17164.14	17178.13	17155.93	17171.18	4288	0	3
2024.01.22	12:05:00	17171.18	17174.65	17165.1	17168.13	3800	0	3
2024.01.22	12:06:00	17168.13	17168.25	17164.22	17167.54	1577	0	1
2024.01.22	12:07:00	17167.54	17170.71	17164.95	17166.99	1900	0	1
2024.01.22	12:08:00	17166.99	17169.33	17164.7	17167.61	3951	0	4
2024.01.22	12:09:00	17167.61	17177.66	17159.69	17172.06	1618	0	3
2024.01.22	12:10:00	17172.06	17195.11	17171.46	17194.46	3510	0	3
2024.01.22	12:11:00	17194.46	17204.42	17193.52	17196.46	2383	0	2
2024.01.22	12:12:00	17196.46	17204.42	17195.65	17202.57	1791	0	3
2024.01.22	12:13:00	17202.57	17202.83	17187.16	17188.23	1210	0	2
2024.01.22	12:14:00	17188.23	17188.41	17183.23	17184.36	3747	0	3
2024.01.22	12:15:00	17184.36	17197.82	17178.63	17195.4	1963	0	3
2024.01.22	12:16:00	17195.4	17201.31	17194.14	17199.24	3002	0	1
2024.01.22	12:17:00	17199.24	17199.85	17158.98	17161.4	1669	0	4
2024.01.22	12:18:00	17161.4	17172.79	17154.47	17167.61	1163	0	4
2024.01.22	12:19:00	17167.61	17186.55	17161.25	17184.63	597	0	4
2024.01.22	12:20:00	17184.63	17187.34	17162.25	17167.62	4727	0	1
2024.01.22	12:21:00	17167.62	17182.41	17162.67	17181.17	1853	0	1
2024.01.22	12:22:00	17181.17	17184.18	17156.54	17157.42	3092	0	4
2024.01.22	12:23:00	17157.42	17167.67	17155.1	17165.91	2600	0	1
2024.01.22	12:24:00	17165.91	17169.76	17162.53	17166.18	2164	0	4
2024.01.22	12:25:00	17166.18	17167.85	17143.67	17146.11	4233	0	2
2024.01.22	12:26:00	17146.11	17156.88	17143.85	17150.33	4598	0	1
2024.01.22	12:27:00	17150.33	17163.59	17149.85	17160.67	1312	0	3
2024.01.22	12:28:00	17160.67	17164.66	17159.29	17164.17	639	0	3
2024.01.22	12:29:00	17164.17	17172.22	17163.41	17169.6	1973	0	3
2024.01.22	12:30:00	17169.6	17172.54	17166.07	17166.36	963	0	4
2024.01.22	12:31:00	17166.36	17175.53	17148.34	17150.53	632	0	3
2024.01.22	12:32:00	17150.53	17159.52	17149.03	17156.89	4122	0	2
2024.01.22	12:33:00	17156.89	17175.69	17148.84	17172.44	837	0	2
2024.01.22	12:34:00	17172.44	17182.96	17168.83	17182.61	816	0	3
2024.01.22	12:35:00	17182.61	17183.2	17164.37	17165.66	2102	0	4
2024.01.22	12:36:00	17165.66	17169.35	17142.83	17152.84	3055	0	2
2024.01.22	12:37:00	17152.84	17161.34	17142.4	17145.84	2749	0	1
2024.01.22	12:38:00	17145.84	17152.03	17132.13	17132.36	3855	0	2
2024.01.22	12:39:00	17132.36	17133.99	17128.29	17133.08	3867	0	3
2024.01.22	12:40:00	17133.08	17138.7	17128.64	17136.84	574	0	4
2024.01.22	12:41:00	17136.84	17139.75	17121.79	17124.78	3934	0	4
2024.01.22	12:42:00	17124.78	17137.3	17120.74	17131.86	692	0	4
2024.01.22	12:43:00	17131.86	17141.24	17128.4	17137.42	4612	0	2
2024.01.22	12:44:00	17137.42	17141.61	17125.63	17133.0	1876	0	1
2024.01.22	12:45:00	17133.0	17138.06	17130.24	17131.85	4585	0	1
2024.01.22	12:46:00	17131.85	17132.48	17106.46	17115.29	4996	0	1
2024.01.22	12:47:00	17115.29	17117.93	17111.77	17112.75	956	0	3
2024.01.22	12:48:00	17112.75	17114.43	17110.24	17113.15	2214	0	2
2024.01.22	12:49:00	17113.15	17118.35	17109.34	17114.96	1004	0	1
2024.01.22	12:50:00	17114.96	17124.31	17114.23	17118.59	4858	0	3
2024.01.22	12:51:00	17118.59	17124.41	17118.23	17121.05	2735	0	2
2024.01.22	12:52:00	17121.05	17122.0	17116.41	17119.1	4268	0	3
2024.01.22	12:53:00	17119.1	17124.6	17118.88	17121.92	3152	0	4
2024.01.22	12:54:00	17121.92	17132.2	17120.4	17130.95	4314	0	1
2024.01.22	12:55:00	17130.95	17133.33	17129.1	17130.47	3190	0	1
2024.01.22	12:56:00	17130.47	17142.44	17129.15	17133.56	718	0	4
2024.01.22	12:57:00	17133.56	17137.32	17130.53	17132.29	2688	0	4
2024.01.22	12:58:00	17132.29	17134.76	17124.12	17127.02	3446	0	2
2024.01.22	12:59:00	17127.02	17137.43	17122.33	17131.9	4915	0	1
2024.01.22	13:00:00	17131.9	17133.52	17126.12	17127.43	4247	0	2
2024.01.22	13:01:00	17127.43	17137.15	17126.0	17131.12	2790	0	2
2024.01.22	13:02:00	17131.12	17131.78	17130.44	17131.71	4126	0	1
2024.01.22	13:03:00	17131.71	17138.69	17124.81	17129.41	4708	0	1
2024.01.22	13:04:00	17129.41	17132.77	17118.29	17126.91	4441	0	1
2024.01.22	13:05:00	17126.91	17134.94	17121.53	17122.85	4946	0	3
2024.01.22	13:06:00	17122.85	17126.53	17103.49	17108.93	2116	0	2
2024.01.22	13:07:00	17108.93	17120.48	17107.23	17112.59	2498	0	4
2024.01.22	13:08:00	17112.59	17127.05	17111.95	17114.93	564	0	2
2024.01.22	13:09:00	17114.93	17124.7	17108.53	17122.64	1101	0	2
2024.01.22	13:10:00	17122.64	17128.56	17116.91	17118.38	4174	0	2
2024.01.22	13:11:00	17118.38	17137.04	17117.41	17135.16	1966	0	4
2024.01.22	13:12:00	17135.16	17142.08	17131.2	17132.21	2474	0	1
2024.01.22	13:13:00	17132.21	17133.02	17124.5	17124.96	2113	0	3
2024.01.22	13:14:00	17124.96	17129.48	17115.99	17116.69	4670	0	4
2024.01.22	13:15:00	17116.69	17120.32	17096.9	17102.01	4497	0	4
2024.01.22	13:16:00	17102.01	17117.24	17100.64	17115.63	3827	0	1
2024.01.22	13:17:00	17115.63	17138.65	17111.24	17127.85	4827	0	3
2024.01.22	13:18:00	17127.85	17137.53	17127.69	17133.41	2960	0	4
2024.01.22	13:19:00	17133.41	17133.44	17120.36	17125.98	1263	0	3
2024.01.22	13:20:00	17125.98	17143.61	17124.96	17142.04	3356	0	4
2024.01.22	13:21:00	17142.04	17147.68	17136.43	17139.33	590	0	4
2024.01.22	13:22:00	17139.33	17141.49	17132.57	17137.33	2389	0	4
2024.01.22	13:23:00	17137.33	17151.59	17137.19	17150.15	4237	0	3
2024.01.22	13:24:00	17150.15	17156.59	17146.71	17156.22	1310	0	1
2024.01.22	13:25:00	17156.22	17175.96	17150.12	17175.7	3013	0	4
2024.01.22	13:26:00	17175.7	17181.39	17171.91	17178.2	3997	0	3
2024.01.22	13:27:00	17178.2	17179.7	17172.09	17175.09	3880	0	2
2024.01.22	13:28:00	17175.09	17181.0	17167.59	17170.12	3163	0	3
2024.01.22	13:29:00	17170.12	17174.42	17149.26	17154.41	1992	0	1
2024.01.22	13:30:00	17154.41	17162.78	17149.16	17152.33	1589	0	4
2024.01.22	13:31:00	17152.33	17167.46	17147.73	17162.62	1213	0	3
2024.01.22	13:32:00	17162.62	17169.72	17162.27	17168.17	3814	0	3
2024.01.22	13:33:00	17168.17	17169.95	17167.88	17168.69	1690	0	2
2024.01.22	13:34:00	17168.69	17169.59	17151.64	17160.38	3424	0	1
2024.01.22	13:35:00	17160.38	17165.3	17153.04	17162.7	718	0	2
2024.01.22	13:36:00	17162.7	17176.6	17159.59	17171.85	1812	0	2
2024.01.22	13:37:00	17171.85	17181.77	17167.03	17175.94	2236	0	4
2024.01.22	13:38:00	17175.94	17179.63	17172.2	17177.73	3977	0	4
2024.01.22	13:39:00	17177.73	17186.93	17165.9	17171.14	946	0	3
2024.01.22	13:40:00	17171.14	17179.8	17170.97	17179.03	2616	0	4
2024.01.22	13:41:00	17179.03	17185.35	17145.65	17152.15	2586	0	4
2024.01.22	13:42:00	17152.15	17161.97	17149.02	17155.82	1946	0	3
2024.01.22	13:43:00	17155.82	17185.46	17155.54	17178.5	4096	0	2
2024.01.22	13:44:00	17178.5	17179.46	17159.17	17165.73	4911	0	1
2024.01.22	13:45:00	17165.73	17171.76	17162.37	17163.98	714	0	2
2024.01.22	13:46:00	17163.98	17165.66	17160.69	17164.25	4695	0	2
2024.01.22	13:47:00	17164.25	17172.53	17158.95	17160.57	4535	0	1
2024.01.22	13:48:00	17160.57	17177.24	17158.22	17169.92	4290	0	3
2024.01.22	13:49:00	17169.92	17174.8	17167.26	17174.38	1054	0	4
2024.01.22	13:50:00	17174.38	17181.17	17168.73	17176.04	2245	0	2
2024.01.22	13:51:00	17176.04	17183.92	17169.83	17183.32	3451	0	2
2024.01.22	13:52:00	17183.32	17184.67	17181.36	17183.81	1418	0	4
2024.01.22	13:53:00	17183.81	17213.98	17182.27	17211.85	1582	0	4
2024.01.22	13:54:00	17211.85	17221.42	17206.31	17213.51	3034	0	1
2024.01.22	13:55:00	17213.51	17218.13	17212.94	17215.56	4302	0	2
2024.01.22	13:56:00	17215.56	17220.84	17195.3	17201.0	1232	0	2
2024.01.22	13:57:00	17201.0	17205.01	17192.65	17196.61	546	0	2
2024.01.22	13:58:00	17196.61	17207.6	17192.95	17206.95	4981	0	4
2024.01.22	13:59:00	17206.95	17207.79	17193.66	17195.66	2396	0	4
2024.01.22	14:00:00	17195.66	17196.96	17173.98	17177.23	842	0	1
2024.01.22	14:01:00	17177.23	17180.81	17172.75	17177.85	4828	0	3
2024.01.22	14:02:00	17177.85	17192.95	17176.65	17190.12	1730	0	3
2024.01.22	14:03:00	17190.12	17198.34	17184.63	17190.84	1008	0	3
2024.01.22	14:04:00	17190.84	17194.08	17183.33	17188.25	3508	0	3
2024.01.22	14:05:00	17188.25	17189.19	17170.89	17172.43	3922	0	2
2024.01.22	14:06:00	17172.43	17177.7	17171.98	17176.71	1069	0	3
2024.01.22	14:07:00	17176.71	17184.76	17173.18	17182.8	3769	0	2
2024.01.22	14:08:00	17182.8	17192.25	17162.68	17167.65	2200	0	4
2024.01.22	14:09:00	17167.65	17179.77	17165.31	17177.86	1936	0	4
2024.01.22	14:10:00	17177.86	17186.19	17173.54	17184.86	3500	0	1
2024.01.22	14:11:00	17184.86	17197.96	17177.55	17195.06	772	0	1
2024.01.22	14:12:00	17195.06	17200.67	17191.27	17200.49	1256	0	2
2024.01.22	14:13:00	17200.49	17206.97	17194.65	17206.53	4248	0	1
2024.01.22	14:14:00	17206.53	17216.29	17204.58	17211.41	4935	0	1
2024.01.22	14:15:00	17211.41	17221.17	17206.49	17219.32	4571	0	1
2024.01.22	14:16:00	17219.32	17221.98	17199.95	17203.82	4024	0	4
2024.01.22	14:17:00	17203.82	17208.29	17183.96	17191.09	1075	0	2
2024.01.22	14:18:00	17191.09	17191.19	17183.08	17185.03	1889	0	4
2024.01.22	14:19:00	17185.03	17185.28	17181.12	17184.24	4315	0	4
2024.01.22	14:20:00	17184.24	17189.53	17181.25	17187.96	3709	0	1
2024.01.22	14:21:00	17187.96	17193.32	17186.76	17191.13	4249	0	3
2024.01.22	14:22:00	17191.13	17205.21	17181.55	17201.2	2348	0	3
2024.01.22	14:23:00	17201.2	17218.34	17195.99	17211.56	3096	0	4
2024.01.22	14:24:00	17211.56	17214.62	17198.3	17204.3	3815	0	4
2024.01.22	14:25:00	17204.3	17210.66	17203.58	17206.72	4025	0	3
2024.01.22	14:26:00	17206.72	17208.57	17198.68	17199.68	3765	0	3
2024.01.22	14:27:00	17199.68	17201.19	17196.19	17198.38	677	0	3
2024.01.22	14:28:00	17198.38	17203.12	17192.02	17201.53	1411	0	3
2024.01.22	14:29:00	17201.53	17206.95	17171.12	17172.21	2732	0	3
2024.01.22	14:30:00	17172.21	17197.57	17171.38	17193.53	3645	0	4
2024.01.22	14:31:00	17193.53	17200.01	17191.87	17198.81	4851	0	4
2024.01.22	14:32:00	17198.81	17199.11	17193.92	17193.96	1854	0	1
2024.01.22	14:33:00	17193.96	17211.39	17193.96	17211.1	3988	0	1
2024.01.22	14:34:00	17211.1	17212.16	17200.72	17208.41	3488	0	2
2024.01.22	14:35:00	17208.41	17210.16	17206.14	17209.91	1706	0	2
2024.01.22	14:36:00	17209.91	17213.37	17200.91	17206.01	1279	0	1
2024.01.22	14:37:00	17206.01	17220.88	17201.57	17220.76	3305	0	2
2024.01.22	14:38:00	17220.76	17228.36	17216.04	17220.19	1976	0	2
2024.01.22	14:39:00	17220.19	17222.03	17219.95	17221.83	1456	0	4
2024.01.22	14:40:00	17221.83	17240.11	17221.2	17232.68	1483	0	2
2024.01.22	14:41:00	17232.68	17240.92	17227.48	17238.13	1499	0	1
2024.01.22	14:42:00	17238.13	17239.84	17234.22	17238.0	910	0	2
2024.01.22	14:43:00	17238.0	17248.18	17231.51	17248.04	1352	0	1
2024.01.22	14:44:00	17248.04	17271.71	17245.1	17270.57	4890	0	1
2024.01.22	14:45:00	17270.57	17282.94	17267.6	17273.69	1354	0	3
2024.01.22	14:46:00	17273.69	17283.57	17272.24	17275.06	2339	0	2
2024.01.22	14:47:00	17275.06	17284.1	17270.94	17276.9	2746	0	3
2024.01.22	14:48:00	17276.9	17291.27	17271.12	17288.71	3659	0	1
2024.01.22	14:49:00	17288.71	17292.94	17281.76	17283.81	1894	0	2
2024.01.22	14:50:00	17283.81	17290.83	17279.97	17281.72	4220	0	3
2024.01.22	14:51:00	17281.72	17286.3	17267.54	17268.62	4000	0	3
2024.01.22	14:52:00	17268.62	17271.59	17257.07	17258.62	2788	0	3
2024.01.22	14:53:00	17258.62	17259.06	17248.04	17254.44	4523	0	3
2024.01.22	14:54:00	17254.44	17256.78	17252.19	17254.29	2067	0	2
2024.01.22	14:55:00	17254.29	17270.16	17253.01	17270.1	2694	0	2
2024.01.22	14:56:00	17270.1	17276.04	17269.89	17275.13	3192	0	2
2024.01.22	14:57:00	17275.13	17278.11	17261.12	17267.5	1360	0	2
2024.01.22	14:58:00	17267.5	17272.72	17257.43	17261.48	868	0	4
2024.01.22	14:59:00	17261.48	17279.98	17259.58	17273.85	4990	0	1
2024.01.22	15:00:00	17273.85	17290.91	17269.22	17284.05	718	0	3
2024.01.22	15:01:00	17284.05	17289.19	17282.91	17284.65	711	0	4
2024.01.22	15:02:00	17284.65	17289.48	17276.65	17281.12	956	0	2
2024.01.22	15:03:00	17281.12	17292.83	17280.58	17291.31	2973	0	2
2024.01.22	15:04:00	17291.31	17292.8	17282.96	17282.96	1707	0	3
2024.01.22	15:05:00	17282.96	17287.53	17280.78	17286.74	1488	0	3
2024.01.22	15:06:00	17286.74	17309.18	17285.96	17306.99	4371	0	3
2024.01.22	15:07:00	17306.99	17309.35	17304.25	17309.14	4719	0	2
2024.01.22	15:08:00	17309.14	17309.64	17296.16	17302.68	4441	0	1
2024.01.22	15:09:00	17302.68	17317.2	17300.06	17306.63	1962	0	1
2024.01.22	15:10:00	17306.63	17308.93	17299.19	17302.85	883	0	2
2024.01.22	15:11:00	17302.85	17310.04	17285.47	17290.99	4811	0	3
2024.01.22	15:12:00	17290.99	17303.81	17287.6	17297.47	2955	0	1
2024.01.22	15:13:00	17297.47	17309.82	17289.88	17307.61	4877	0	2
2024.01.22	15:14:00	17307.61	17316.05	17301.18	17305.24	1253	0	1
2024.01.22	15:15:00	17305.24	17305.37	17301.97	17302.28	4743	0	1
2024.01.22	15:16:00	17302.28	17304.53	17288.3	17294.2	1893	0	4
2024.01.22	15:17:00	17294.2	17294.29	17279.61	17293.23	4067	0	4
2024.01.22	15:18:00	17293.23	17297.89	17284.44	17288.65	995	0	4
2024.01.22	15:19:00	17288.65	17291.96	17278.13	17280.15	3835	0	4
2024.01.22	15:20:00	17280.15	17301.38	17275.11	17297.06	2630	0	2
2024.01.22	15:21:00	17297.06	17306.62	17294.03	17301.49	4787	0	3
2024.01.22	15:22:00	17301.49	17308.53	17297.94	17306.86	1164	0	2
2024.01.22	15:23:00	17306.86	17319.59	17306.8	17314.95	1506	0	3
2024.01.22	15:24:00	17314.95	17323.6	17304.54	17322.05	3362	0	2
2024.01.22	15:25:00	17322.05	17329.76	17318.26	17318.78	4144	0	3
2024.01.22	15:26:00	17318.78	17321.82	17318.27	17321.51	4497	0	2
2024.01.22	15:27:00	17321.51	17323.5	17319.09	17319.5	1010	0	2
2024.01.22	15:28:00	17319.5	17324.72	17316.57	17323.69	531	0	1
2024.01.22	15:29:00	17323.69	17329.25	17321.3	17327.04	2128	0	2
2024.01.22	15:30:00	17327.04	17329.93	17319.62	17324.03	938	0	2
2024.01.22	15:31:00	17324.03	17324.49	17310.91	17312.72	2308	0	3
2024.01.22	15:32:00	17312.72	17316.11	17309.79	17314.34	2645	0	4
2024.01.22	15:33:00	17314.34	17316.57	17311.66	17312.9	4978	0	3
2024.01.22	15:34:00	17312.9	17314.42	17288.68	17296.68	650	0	3
2024.01.22	15:35:00	17296.68	17303.92	17293.98	17301.47	1944	0	2
2024.01.22	15:36:00	17301.47	17314.02	17301.12	17310.28	2023	0	2
2024.01.22	15:37:00	17310.28	17336.81	17304.83	17332.8	2996	0	4
2024.01.22	15:38:00	17332.8	17332.99	17328.89	17329.72	1941	0	4
2024.01.22	15:39:00	17329.72	17329.8	17318.15	17325.34	3350	0	2
2024.01.22	15:40:00	17325.34	17327.63	17308.66	17315.95	4321	0	3
2024.01.22	15:41:00	17315.95	17319.18	17315.27	17318.13	3550	0	2
2024.01.22	15:42:00	17318.13	17324.23	17308.24	17320.25	3472	0	3
2024.01.22	15:43:00	17320.25	17325.46	17306.47	17313.48	1040	0	2
2024.01.22	15:44:00	17313.48	17319.67	17307.35	17312.29	4491	0	4
2024.01.22	15:45:00	17312.29	17318.06	17288.37	17295.3	3016	0	3
2024.01.22	15:46:00	17295.3	17308.86	17289.39	17303.76	1242	0	1
2024.01.22	15:47:00	17303.76	17305.03	17297.0	17297.36	3356	0	1
2024.01.22	15:48:00	17297.36	17297.75	17294.23	17297.4	2690	0	4
2024.01.22	15:49:00	17297.4	17298.44	17284.13	17285.25	4565	0	2
2024.01.22	15:50:00	17285.25	17287.67	17278.21	17280.5	3414	0	1
2024.01.22	15:51:00	17280.5	17281.84	17277.02	17278.4	4807	0	3
2024.01.22	15:52:00	17278.4	17280.76	17278.23	17278.65	4886	0	2
2024.01.22	15:53:00	17278.65	17289.01	17273.99	17283.19	1557	0	3
2024.01.22	15:54:00	17283.19	17306.4	17281.62	17296.14	1814	0	3
2024.01.22	15:55:00	17296.14	17302.99	17288.18	17302.9	1447	0	2
2024.01.22	15:56:00	17302.9	17316.29	17298.82	17311.68	1537	0	3
2024.01.22	15:57:00	17311.68	17327.25	17310.82	17324.71	3576	0	3
2024.01.22	15:58:00	17324.71	17332.57	17322.67	17330.05	4771	0	3
2024.01.22	15:59:00	17330.05	17330.52	17318.57	17330.08	2702	0	4
2024.01.23	09:30:00	17330.08	17343.04	17325.14	17339.28	4138	0	2
2024.01.23	09:31:00	17339.28	17349.93	17337.06	17349.05	3846	0	3
2024.01.23	09:32:00	17349.05	17361.92	17346.09	17355.1	1673	0	4
2024.01.23	09:33:00	17355.1	17361.65	17338.53	17342.67	4318	0	3
2024.01.23	09:34:00	17342.67	17346.84	17324.44	17335.63	2655	0	4
2024.01.23	09:35:00	17335.63	17336.15	17332.4	17333.56	548	0	1
2024.01.23	09:36:00	17333.56	17345.22	17329.1	17340.75	3720	0	4
2024.01.23	09:37:00	17340.75	17349.48	17339.93	17340.91	4454	0	2
2024.01.23	09:38:00	17340.91	17359.36	17336.74	17351.24	1603	0	1
2024.01.23	09:39:00	17351.24	17372.27	17346.04	17363.15	1694	0	2
2024.01.23	09:40:00	17363.15	17374.82	17358.71	17374.04	3795	0	2
2024.01.23	09:41:00	17374.04	17388.11	17371.79	17385.0	4862	0	4
2024.01.23	09:42:00	17385.0	17386.94	17373.95	17376.22	1670	0	1
2024.01.23	09:43:00	17376.22	17387.49	17370.6	17380.82	2436	0	1
2024.01.23	09:44:00	17380.82	17386.57	17373.68	17375.82	3556	0	3
2024.01.23	09:45:00	17375.82	17376.98	17356.97	17361.66	4336	0	4
2024.01.23	09:46:00	17361.66	17371.67	17356.37	17359.48	651	0	1
2024.01.23	09:47:00	17359.48	17375.6	17354.53	17371.48	1399	0	2
2024.01.23	09:48:00	17371.48	17377.42	17369.38	17375.88	4523	0	2
2024.01.23	09:49:00	17375.88	17396.42	17375.68	17393.99	2863	0	2
2024.01.23	09:50:00	17393.99	17401.37	17393.34	17395.9	3911	0	4
2024.01.23	09:51:00	17395.9	17421.32	17388.01	17417.82	784	0	3
2024.01.23	09:52:00	17417.82	17421.54	17413.56	17419.74	909	0	1
2024.01.23	09:53:00	17419.74	17421.34	17419.64	17420.28	3806	0	1
2024.01.23	09:54:00	17420.28	17421.85	17406.66	17409.35	2191	0	3
2024.01.23	09:55:00	17409.35	17420.34	17404.39	17419.49	4739	0	1
2024.01.23	09:56:00	17419.49	17425.3	17409.69	17415.41	2439	0	2
2024.01.23	09:57:00	17415.41	17420.53	17405.12	17410.05	4294	0	2
2024.01.23	09:58:00	17410.05	17423.48	17409.79	17421.7	2945	0	2
2024.01.23	09:59:00	17421.7	17441.19	17414.72	17432.27	3561	0	3
2024.01.23	10:00:00	17432.27	17443.96	17431.68	17442.61	3441	0	1
2024.01.23	10:01:00	17442.61	17448.21	17437.97	17439.76	1035	0	3
2024.01.23	10:02:00	17439.76	17442.55	17435.87	17439.66	4075	0	4
2024.01.23	10:03:00	17439.66	17445.47	17438.27	17439.48	4927	0	4
2024.01.23	10:04:00	17439.48	17449.26	17433.87	17446.74	2241	0	2
2024.01.23	10:05:00	17446.74	17461.86	17444.12	17460.82	2047	0	1
2024.01.23	10:06:00	17460.82	17469.26	17458.73	17464.43	3187	0	3
2024.01.23	10:07:00	17464.43	17493.26	17460.93	17482.25	3347	0	4
2024.01.23	10:08:00	17482.25	17491.74	17481.81	17490.55	2224	0	1
2024.01.23	10:09:00	17490.55	17494.07	17488.34	17488.82	1728	0	1
2024.01.23	10:10:00	17488.82	17496.53	17480.36	17496.51	4870	0	2
2024.01.23	10:11:00	17496.51	17514.22	17494.94	17511.98	4222	0	3
2024.01.23	10:12:00	17511.98	17530.24	17508.15	17530.06	3073	0	3
2024.01.23	10:13:00	17530.06	17550.53	17526.58	17540.95	2202	0	1
2024.01.23	10:14:00	17540.95	17542.41	17537.83	17541.53	2084	0	1
2024.01.23	10:15:00	17541.53	17545.96	17538.76	17539.95	2258	0	4
2024.01.23	10:16:00	17539.95	17548.82	17539.06	17545.42	3168	0	3
2024.01.23	10:17:00	17545.42	17564.74	17539.39	17560.65	520	0	3
2024.01.23	10:18:00	17560.65	17565.68	17559.14	17564.86	3456	0	2
2024.01.23	10:19:00	17564.86	17570.1	17563.66	17569.25	3089	0	2
2024.01.23	10:20:00	17569.25	17574.09	17568.31	17570.06	1150	0	4
2024.01.23	10:21:00	17570.06	17573.09	17567.14	17567.5	1628	0	2
2024.01.23	10:22:00	17567.5	17569.37	17562.99	17566.41	1747	0	2
2024.01.23	10:23:00	17566.41	17572.48	17559.86	17567.96	4648	0	2
2024.01.23	10:24:00	17567.96	17584.51	17564.1	17583.6	4706	0	1
2024.01.23	10:25:00	17583.6	17590.93	17581.52	17581.82	4024	0	1
2024.01.23	10:26:00	17581.82	17584.32	17579.35	17582.64	3567	0	4
2024.01.23	10:27:00	17582.64	17590.67	17564.65	17575.29	4784	0	3
2024.01.23	10:28:00	17575.29	17584.95	17573.01	17582.02	3804	0	2
2024.01.23	10:29:00	17582.02	17598.54	17576.57	17594.54	2253	0	3
2024.01.23	10:30:00	17594.54	17613.57	17593.68	17609.37	2113	0	2
2024.01.23	10:31:00	17609.37	17613.72	17607.8	17611.54	3477	0	1
2024.01.23	10:32:00	17611.54	17621.33	17607.65	17617.02	2338	0	4
2024.01.23	10:33:00	17617.02	17624.05	17613.6	17616.0	2533	0	1
2024.01.23	10:34:00	17616.0	17621.54	17612.3	17621.06	4875	0	3
2024.01.23	10:35:00	17621.06	17630.53	17614.22	17624.22	4592	0	2
2024.01.23	10:36:00	17624.22	17626.69	17618.11	17625.09	3228	0	2
2024.01.23	10:37:00	17625.09	17633.88	17623.23	17626.67	1959	0	2
2024.01.23	10:38:00	17626.67	17635.94	17626.15	17631.06	2490	0	2
2024.01.23	10:39:00	17631.06	17634.01	17619.57	17628.78	1978	0	1
2024.01.23	10:40:00	17628.78	17629.59	17619.42	17626.97	2385	0	1
2024.01.23	10:41:00	17626.97	17647.01	17625.47	17642.57	2146	0	1
2024.01.23	10:42:00	17642.57	17667.99	17639.33	17667.16	2503	0	3
2024.01.23	10:43:00	17667.16	17672.12	17655.74	17656.74	2740	0	1
2024.01.23	10:44:00	17656.74	17658.57	17643.36	17645.83	3392	0	3
2024.01.23	10:45:00	17645.83	17652.92	17633.01	17637.64	4494	0	2
2024.01.23	10:46:00	17637.64	17638.1	17632.47	17637.07	2878	0	3
2024.01.23	10:47:00	17637.07	17653.97	17636.56	17645.42	1433	0	3
2024.01.23	10:48:00	17645.42	17654.65	17638.99	17651.06	1333	0	1
2024.01.23	10:49:00	17651.06	17656.05	17647.66	17652.95	3430	0	3
2024.01.23	10:50:00	17652.95	17663.5	17646.72	17658.03	4991	0	3
2024.01.23	10:51:00	17658.03	17661.69	17652.0	17652.2	1876	0	2
2024.01.23	10:52:00	17652.2	17654.7	17646.11	17650.37	897	0	4
2024.01.23	10:53:00	17650.37	17651.58	17646.93	17650.54	871	0	2
2024.01.23	10:54:00	17650.54	17660.33	17632.86	17636.74	1733	0	1
2024.01.23	10:55:00	17636.74	17639.58	17617.0	17626.72	4791	0	3
2024.01.23	10:56:00	17626.72	17629.6	17612.22	17617.07	4012	0	2
2024.01.23	10:57:00	17617.07	17626.56	17615.12	17624.24	4036	0	2
2024.01.23	10:58:00	17624.24	17628.06	17615.77	17626.78	1997	0	2
2024.01.23	10:59:00	17626.78	17638.24	17623.01	17632.59	4784	0	4
2024.01.23	11:00:00	17632.59	17633.84	17612.09	17616.52	2334	0	2
2024.01.23	11:01:00	17616.52	17618.22	17600.66	17603.65	2301	0	3
2024.01.23	11:02:00	17603.65	17616.34	17602.31	17609.91	4720	0	4
2024.01.23	11:03:00	17609.91	17610.18	17583.09	17585.5	3906	0	3
2024.01.23	11:04:00	17585.5	17597.01	17581.02	17596.76	1799	0	4
2024.01.23	11:05:00	17596.76	17601.33	17577.36	17580.88	3430	0	2
2024.01.23	11:06:00	17580.88	17589.72	17576.05	17588.74	2076	0	1
2024.01.23	11:07:00	17588.74	17590.68	17573.58	17581.18	3285	0	2
2024.01.23	11:08:00	17581.18	17590.89	17575.59	17590.87	1117	0	1
2024.01.23	11:09:00	17590.87	17626.12	17583.54	17619.82	681	0	2
2024.01.23	11:10:00	17619.82	17621.04	17594.6	17599.9	4837	0	1
2024.01.23	11:11:00	17599.9	17608.54	17591.64	17606.45	822	0	1
2024.01.23	11:12:00	17606.45	17607.32	17583.14	17590.69	2305	0	1
2024.01.23	11:13:00	17590.69	17595.23	17585.87	17594.85	1378	0	4
2024.01.23	11:14:00	17594.85	17596.68	17592.35	17593.35	567	0	4
2024.01.23	11:15:00	17593.35	17596.87	17591.9	17594.86	3873	0	4
2024.01.23	11:16:00	17594.86	17595.16	17586.62	17587.09	1773	0	1
2024.01.23	11:17:00	17587.09	17598.69	17585.12	17594.4	4092	0	4
2024.01.23	11:18:00	17594.4	17595.64	17576.7	17581.85	2973	0	2
2024.01.23	11:19:00	17581.85	17599.6	17576.93	17593.26	3412	0	2
2024.01.23	11:20:00	17593.26	17598.31	17583.26	17589.97	3508	0	1
2024.01.23	11:21:00	17589.97	17596.63	17574.94	17577.83	1364	0	4
2024.01.23	11:22:00	17577.83	17598.48	17577.41	17592.38	2551	0	4
2024.01.23	11:23:00	17592.38	17599.34	17585.13	17592.13	3999	0	3
2024.01.23	11:24:00	17592.13	17614.63	17579.99	17609.49	1554	0	1
2024.01.23	11:25:00	17609.49	17623.62	17606.77	17620.73	1010	0	2
2024.01.23	11:26:00	17620.73	17626.17	17607.15	17613.97	2365	0	2
2024.01.23	11:27:00	17613.97	17620.21	17607.45	17613.56	4523	0	4
2024.01.23	11:28:00	17613.56	17618.43	17609.17	17614.99	1948	0	3
2024.01.23	11:29:00	17614.99	17631.9	17612.62	17628.97	2231	0	4
2024.01.23	11:30:00	17628.97	17633.56	17618.55	17633.22	1068	0	4
2024.01.23	11:31:00	17633.22	17643.4	17632.52	17635.15	3771	0	3
2024.01.23	11:32:00	17635.15	17641.35	17624.63	17633.72	2018	0	2
2024.01.23	11:33:00	17633.72	17637.15	17625.55	17633.62	1262	0	4
2024.01.23	11:34:00	17633.62	17653.71	17631.24	17645.63	959	0	3
2024.01.23	11:35:00	17645.63	17646.66	17638.62	17646.01	1914	0	4
2024.01.23	11:36:00	17646.01	17656.13	17642.61	17642.84	1415	0	4
2024.01.23	11:37:00	17642.84	17643.03	17629.54	17638.15	2728	0	3
2024.01.23	11:38:00	17638.15	17638.6	17630.61	17633.55	2418	0	3
2024.01.23	11:39:00	17633.55	17636.01	17614.94	17621.39	2733	0	2
2024.01.23	11:40:00	17621.39	17621.91	17609.65	17615.05	2150	0	2
2024.01.23	11:41:00	17615.05	17630.41	17614.9	17628.77	937	0	1
2024.01.23	11:42:00	17628.77	17630.52	17620.64	17627.28	3997	0	1
2024.01.23	11:43:00	17627.28	17637.7	17622.81	17633.92	2967	0	4
2024.01.23	11:44:00	17633.92	17634.34	17601.7	17612.15	1329	0	1
2024.01.23	11:45:00	17612.15	17620.88	17609.5	17617.58	838	0	1
2024.01.23	11:46:00	17617.58	17621.72	17614.37	17616.49	4728	0	4
2024.01.23	11:47:00	17616.49	17622.28	17612.19	17612.55	4656	0	1
2024.01.23	11:48:00	17612.55	17616.01	17612.0	17614.51	1349	0	2
2024.01.23	11:49:00	17614.51	17616.1	17604.39	17610.44	2397	0	2
2024.01.23	11:50:00	17610.44	17613.79	17590.54	17591.87	3120	0	2
2024.01.23	11:51:00	17591.87	17603.09	17589.4	17600.43	2475	0	2
2024.01.23	11:52:00	17600.43	17605.79	17599.78	17602.95	4263	0	1
2024.01.23	11:53:00	17602.95	17603.51	17591.38	17600.51	3096	0	2
2024.01.23	11:54:00	17600.51	17606.19	17589.48	17592.25	1694	0	3
2024.01.23	11:55:00	17592.25	17594.06	17577.78	17579.51	4017	0	1
2024.01.23	11:56:00	17579.51	17586.53	17579.31	17581.86	4436	0	2
2024.01.23	11:57:00	17581.86	17599.74	17579.79	17596.58	812	0	4
2024.01.23	11:58:00	17596.58	17600.68	17594.7	17598.74	4331	0	3
2024.01.23	11:59:00	17598.74	17601.54	17584.51	17586.78	3663	0	3
2024.01.23	12:00:00	17586.78	17593.66	17586.72	17589.13	4630	0	3
2024.01.23	12:01:00	17589.13	17598.29	17582.24	17589.01	4597	0	4
2024.01.23	12:02:00	17589.01	17601.52	17585.49	17597.06	722	0	1
2024.01.23	12:03:00	17597.06	17608.52	17595.23	17602.82	2476	0	4
2024.01.23	12:04:00	17602.82	17603.77	17572.71	17576.57	821	0	2
2024.01.23	12:05:00	17576.57	17582.97	17576.54	17581.78	559	0	2
2024.01.23	12:06:00	17581.78	17584.75	17571.67	17573.2	4627	0	1
2024.01.23	12:07:00	17573.2	17582.1	17559.78	17560.9	1613	0	2
2024.01.23	12:08:00	17560.9	17564.36	17550.2	17559.58	773	0	3
2024.01.23	12:09:00	17559.58	17566.16	17546.03	17563.59	4734	0	2
2024.01.23	12:10:00	17563.59	17570.74	17548.34	17549.35	2335	0	2
2024.01.23	12:11:00	17549.35	17560.14	17545.56	17555.96	1031	0	4
2024.01.23	12:12:00	17555.96	17566.66	17548.68	17563.1	1646	0	4
2024.01.23	12:13:00	17563.1	17566.49	17559.45	17563.87	561	0	3
2024.01.23	12:14:00	17563.87	17568.88	17552.4	17556.51	3546	0	2
2024.01.23	12:15:00	17556.51	17560.08	17546.56	17548.15	4711	0	4
2024.01.23	12:16:00	17548.15	17558.47	17544.72	17557.62	2260	0	4
2024.01.23	12:17:00	17557.62	17560.22	17542.53	17544.54	4383	0	4
2024.01.23	12:18:00	17544.54	17554.83	17540.46	17554.35	2043	0	3
2024.01.23	12:19:00	17554.35	17561.68	17549.79	17553.24	2571	0	1
2024.01.23	12:20:00	17553.24	17558.1	17550.13	17552.74	1462	0	2
2024.01.23	12:21:00	17552.74	17556.29	17537.39	17537.91	524	0	4
2024.01.23	12:22:00	17537.91	17540.7	17536.7	17536.96	1234	0	1
2024.01.23	12:23:00	17536.96	17544.58	17533.44	17542.76	3126	0	4
2024.01.23	12:24:00	17542.76	17542.83	17527.92	17531.24	946	0	3
2024.01.23	12:25:00	17531.24	17540.28	17526.41	17536.02	4175	0	2
2024.01.23	12:26:00	17536.02	17539.21	17533.51	17537.16	4627	0	1
2024.01.23	12:27:00	17537.16	17537.43	17531.79	17531.8	1787	0	4
2024.01.23	12:28:00	17531.8	17540.97	17525.0	17539.74	1717	0	1
2024.01.23	12:29:00	17539.74	17542.51	17514.8	17520.54	1277	0	3
2024.01.23	12:30:00	17520.54	17531.43	17518.5	17523.97	2344	0	3
2024.01.23	12:31:00	17523.97	17543.45	17520.94	17538.69	4570	0	2
2024.01.23	12:32:00	17538.69	17555.51	17537.1	17551.84	2256	0	1
2024.01.23	12:33:00	17551.84	17557.62	17546.58	17555.65	3955	0	1
2024.01.23	12:34:00	17555.65	17557.16	17548.95	17553.32	1947	0	3
2024.01.23	12:35:00	17553.32	17553.66	17533.34	17548.02	2516	0	3
2024.01.23	12:36:00	17548.02	17550.19	17542.74	17545.68	2720	0	1
2024.01.23	12:37:00	17545.68	17551.49	17544.08	17550.86	4572	0	4
2024.01.23	12:38:00	17550.86	17552.15	17544.03	17544.04	2744	0	3
2024.01.23	12:39:00	17544.04	17557.92	17543.84	17551.12	3236	0	1
2024.01.23	12:40:00	17551.12	17573.59	17547.6	17570.44	4344	0	2
2024.01.23	12:41:00	17570.44	17571.79	17565.5	17570.24	4748	0	2
2024.01.23	12:42:00	17570.24	17573.32	17554.84	17558.64	4527	0	3
2024.01.23	12:43:00	17558.64	17561.77	17539.18	17547.04	964	0	1
2024.01.23	12:44:00	17547.04	17563.96	17542.05	17554.29	1004	0	4
2024.01.23	12:45:00	17554.29	17559.12	17547.69	17554.11	2463	0	3
2024.01.23	12:46:00	17554.11	17562.76	17548.55	17562.26	2080	0	3
2024.01.23	12:47:00	17562.26	17563.53	17548.94	17557.86	3556	0	3
2024.01.23	12:48:00	17557.86	17567.04	17554.25	17565.6	2444	0	2
2024.01.23	12:49:00	17565.6	17567.62	17555.73	17564.54	2335	0	4
2024.01.23	12:50:00	17564.54	17567.98	17558.26	17558.38	906	0	2
2024.01.23	12:51:00	17558.38	17563.66	17549.8	17555.17	2073	0	1
2024.01.23	12:52:00	17555.17	17560.52	17540.92	17544.88	3071	0	3
2024.01.23	12:53:00	17544.88	17567.29	17542.42	17562.91	3629	0	1
2024.01.23	12:54:00	17562.91	17565.8	17558.05	17562.41	1259	0	4
2024.01.23	12:55:00	17562.41	17570.19	17561.1	17568.49	3225	0	1
2024.01.23	12:56:00	17568.49	17570.86	17563.22	17564.07	3078	0	1
2024.01.23	12:57:00	17564.07	17564.77	17548.4	17555.07	1771	0	4
2024.01.23	12:58:00	17555.07	17559.96	17548.76	17553.34	4503	0	2
2024.01.23	12:59:00	17553.34	17568.33	17549.12	17563.48	2498	0	3
2024.01.23	13:00:00	17563.48	17566.39	17557.57	17559.2	1687	0	4
2024.01.23	13:01:00	17559.2	17561.88	17551.35	17551.81	3681	0	1
2024.01.23	13:02:00	17551.81	17554.62	17546.2	17553.55	1348	0	2
2024.01.23	13:03:00	17553.55	17560.07	17547.77	17558.33	3321	0	1
2024.01.23	13:04:00	17558.33	17574.14	17555.13	17573.3	3569	0	4
2024.01.23	13:05:00	17573.3	17578.25	17568.05	17576.8	2538	0	1
2024.01.23	13:06:00	17576.8	17590.66	17570.22	17582.88	1417	0	4
2024.01.23	13:07:00	17582.88	17589.91	17580.46	17589.64	1670	0	3
2024.01.23	13:08:00	17589.64	17591.97	17575.43	17579.72	1497	0	2
2024.01.23	13:09:00	17579.72	17580.02	17568.38	17571.5	1015	0	2
2024.01.23	13:10:00	17571.5	17579.37	17552.51	17562.21	4990	0	3
2024.01.23	13:11:00	17562.21	17566.68	17541.84	17550.72	4280	0	3
2024.01.23	13:12:00	17550.72	17561.08	17548.81	17558.14	2848	0	2
2024.01.23	13:13:00	17558.14	17561.66	17552.92	17561.07	4191	0	2
2024.01.23	13:14:00	17561.07	17563.21	17559.73	17562.13	3458	0	1
2024.01.23	13:15:00	17562.13	17570.58	17533.81	17539.44	3259	0	2
2024.01.23	13:16:00	17539.44	17560.73	17535.9	17558.06	3727	0	2
2024.01.23	13:17:00	17558.06	17559.16	17546.37	17550.46	3071	0	3
2024.01.23	13:18:00	17550.46	17578.48	17544.64	17569.05	3021	0	4
2024.01.23	13:19:00	17569.05	17569.57	17551.86	17556.52	1113	0	1
2024.01.23	13:20:00	17556.52	17560.11	17548.6	17549.65	3246	0	1
2024.01.23	13:21:00	17549.65	17551.66	17529.64	17530.43	2510	0	2
2024.01.23	13:22:00	17530.43	17539.94	17526.04	17534.0	1607	0	1
2024.01.23	13:23:00	17534.0	17535.84	17523.35	17524.57	2677	0	1
2024.01.23	13:24:00	17524.57	17532.39	17513.61	17515.4	4250	0	4
2024.01.23	13:25:00	17515.4	17516.58	17496.87	17503.58	2576	0	3
2024.01.23	13:26:00	17503.58	17520.4	17499.33	17510.83	2643	0	4
2024.01.23	13:27:00	17510.83	17518.75	17509.2	17517.49	1589	0	3
2024.01.23	13:28:00	17517.49	17534.78	17505.26	17533.92	4126	0	4
2024.01.23	13:29:00	17533.92	17538.8	17527.76	17528.18	1057	0	2
2024.01.23	13:30:00	17528.18	17532.04	17526.84	17530.47	4268	0	4
2024.01.23	13:31:00	17530.47	17534.38	17517.94	17519.38	4691	0	3
2024.01.23	13:32:00	17519.38	17522.35	17513.87	17516.76	1298	0	1
2024.01.23	13:33:00	17516.76	17524.05	17508.22	17512.51	3003	0	1
2024.01.23	13:34:00	17512.51	17525.9	17512.17	17516.98	3136	0	3
2024.01.23	13:35:00	17516.98	17529.31	17513.31	17526.35	4381	0	4
2024.01.23	13:36:00	17526.35	17536.19	17524.88	17535.5	1967	0	1
2024.01.23	13:37:00	17535.5	17537.79	17524.86	17528.37	3523	0	4
2024.01.23	13:38:00	17528.37	17540.62	17527.94	17537.58	947	0	4
2024.01.23	13:39:00	17537.58	17540.11	17535.76	17537.54	4191	0	1
2024.01.23	13:40:00	17537.54	17539.6	17529.9	17535.01	3910	0	3
2024.01.23	13:41:00	17535.01	17535.9	17528.06	17529.07	1471	0	4
2024.01.23	13:42:00	17529.07	17532.7	17518.01	17524.45	1062	0	2
2024.01.23	13:43:00	17524.45	17543.19	17523.27	17540.27	977	0	2
2024.01.23	13:44:00	17540.27	17548.22	17536.61	17543.35	4231	0	2
2024.01.23	13:45:00	17543.35	17547.58	17533.91	17545.26	3262	0	2
2024.01.23	13:46:00	17545.26	17547.88	17542.8	17543.28	2170	0	2
2024.01.23	13:47:00	17543.28	17574.49	17542.39	17565.37	2972	0	3
2024.01.23	13:48:00	17565.37	17579.76	17560.83	17577.33	3012	0	2
2024.01.23	13:49:00	17577.33	17582.25	17566.2	17571.27	934	0	4
2024.01.23	13:50:00	17571.27	17574.83	17568.79	17569.19	2478	0	3
2024.01.23	13:51:00	17569.19	17571.52	17562.61	17567.63	3250	0	1
2024.01.23	13:52:00	17567.63	17569.87	17565.08	17569.28	3233	0	4
2024.01.23	13:53:00	17569.28	17575.73	17561.01	17563.39	1318	0	2
2024.01.23	13:54:00	17563.39	17572.36	17556.29	17567.65	4676	0	3
2024.01.23	13:55:00	17567.65	17585.22	17559.36	17580.92	986	0	4
2024.01.23	13:56:00	17580.92	17585.93	17568.37	17569.58	4379	0	3
2024.01.23	13:57:00	17569.58	17569.71	17554.73	17559.9	4933	0	4
2024.01.23	13:58:00	17559.9	17562.88	17554.4	17555.96	3879	0	3
2024.01.23	13:59:00	17555.96	17558.41	17546.26	17552.42	3000	0	4
2024.01.23	14:00:00	17552.42	17572.5	17549.61	17570.55	1367	0	2
2024.01.23	14:01:00	17570.55	17583.54	17562.68	17579.81	1983	0	1
2024.01.23	14:02:00	17579.81	17592.43	17577.22	17588.57	2969	0	1
2024.01.23	14:03:00	17588.57	17590.01	17578.32	17586.57	941	0	3
2024.01.23	14:04:00	17586.57	17587.49	17583.04	17584.37	3684	0	1
2024.01.23	14:05:00	17584.37	17591.13	17565.72	17571.8	4625	0	2
2024.01.23	14:06:00	17571.8	17580.4	17569.0	17579.11	3840	0	2
2024.01.23	14:07:00	17579.11	17585.2	17574.58	17583.83	4741	0	1
2024.01.23	14:08:00	17583.83	17602.05	17579.39	17595.64	2634	0	4
2024.01.23	14:09:00	17595.64	17600.03	17592.73	17594.11	1656	0	1
2024.01.23	14:10:00	17594.11	17594.76	17585.17	17593.2	575	0	2
2024.01.23	14:11:00	17593.2	17602.02	17591.63	17595.07	2457	0	4
2024.01.23	14:12:00	17595.07	17606.99	17593.01	17603.37	1018	0	1
2024.01.23	14:13:00	17603.37	17608.07	17588.69	17590.62	3404	0	1
2024.01.23	14:14:00	17590.62	17597.69	17584.7	17597.53	4110	0	4
2024.01.23	14:15:00	17597.53	17599.97	17597.04	17597.7	1000	0	2
2024.01.23	14:16:00	17597.7	17604.84	17578.02	17588.62	2824	0	4
2024.01.23	14:17:00	17588.62	17595.62	17566.31	17570.42	2916	0	1
2024.01.23	14:18:00	17570.42	17575.58	17566.77	17569.55	1900	0	1
2024.01.23	14:19:00	17569.55	17583.88	17564.42	17582.79	1483	0	3
2024.01.23	14:20:00	17582.79	17600.38	17578.64	17598.06	3711	0	4
2024.01.23	14:21:00	17598.06	17613.11	17591.76	17601.58	1513	0	4
2024.01.23	14:22:00	17601.58	17627.17	17597.38	17619.43	643	0	3
2024.01.23	14:23:00	17619.43	17620.6	17615.51	17619.4	3213	0	2
2024.01.23	14:24:00	17619.4	17634.31	17613.74	17628.26	803	0	1
2024.01.23	14:25:00	17628.26	17636.68	17622.21	17624.58	1895	0	4
2024.01.23	14:26:00	17624.58	17626.43	17619.77	17620.34	893	0	1
2024.01.23	14:27:00	17620.34	17621.1	17612.81	17614.65	2976	0	1
2024.01.23	14:28:00	17614.65	17618.38	17589.43	17596.63	1479	0	2
2024.01.23	14:29:00	17596.63	17611.28	17595.72	17608.46	1680	0	2
2024.01.23	14:30:00	17608.46	17615.27	17601.53	17603.09	2297	0	4
2024.01.23	14:31:00	17603.09	17608.69	17591.22	17596.3	2694	0	1
2024.01.23	14:32:00	17596.3	17596.43	17581.87	17586.14	3735	0	3
2024.01.23	14:33:00	17586.14	17589.87	17581.03	17584.67	4695	0	2
2024.01.23	14:34:00	17584.67	17600.77	17581.73	17600.73	3214	0	1
2024.01.23	14:35:00	17600.73	17625.91	17594.44	17619.76	2681	0	4
2024.01.23	14:36:00	17619.76	17621.54	17602.65	17605.3	3127	0	4
2024.01.23	14:37:00	17605.3	17613.39	17596.98	17602.49	2756	0	3
2024.01.23	14:38:00	17602.49	17604.09	17592.21	17593.62	525	0	2
2024.01.23	14:39:00	17593.62	17604.03	17589.11	17602.78	2717	0	1
2024.01.23	14:40:00	17602.78	17613.81	17601.01	17605.69	3847	0	3
2024.01.23	14:41:00	17605.69	17606.72	17595.55	17600.37	4354	0	4
2024.01.23	14:42:00	17600.37	17603.62	17596.03	17601.37	913	0	2
2024.01.23	14:43:00	17601.37	17609.65	17596.52	17597.46	3567	0	3
2024.01.23	14:44:00	17597.46	17618.15	17592.99	17612.2	996	0	4
2024.01.23	14:45:00	17612.2	17620.69	17601.4	17617.44	637	0	2
2024.01.23	14:46:00	17617.44	17628.08	17609.59	17623.76	706	0	1
2024.01.23	14:47:00	17623.76	17626.08	17594.57	17600.33	1030	0	4
2024.01.23	14:48:00	17600.33	17604.82	17596.88	17600.09	878	0	1
2024.01.23	14:49:00	17600.09	17623.77	17593.56	17619.02	3100	0	4
2024.01.23	14:50:00	17619.02	17631.64	17618.11	17631.21	4642	0	2
2024.01.23	14:51:00	17631.21	17631.61	17613.99	17615.07	3920	0	3
2024.01.23	14:52:00	17615.07	17617.57	17611.93	17612.63	3789	0	3
2024.01.23	14:53:00	17612.63	17618.39	17600.19	17602.27	1026	0	1
2024.01.23	14:54:00	17602.27	17619.67	17600.79	17617.88	4722	0	1
2024.01.23	14:55:00	17617.88	17628.86	17616.63	17620.41	2762	0	1
2024.01.23	14:56:00	17620.41	17621.41	17607.9	17613.92	640	0	1
2024.01.23	14:57:00	17613.92	17616.72	17613.85	17614.57	3391	0	4
2024.01.23	14:58:00	17614.57	17616.1	17591.49	17591.68	3670	0	1
2024.01.23	14:59:00	17591.68	17593.17	17578.8	17582.37	2303	0	3
2024.01.23	15:00:00	17582.37	17589.7	17579.91	17583.05	3719	0	2
2024.01.23	15:01:00	17583.05	17595.9	17579.03	17590.93	3620	0	4
2024.01.23	15:02:00	17590.93	17592.82	17573.59	17574.0	3114	0	3
2024.01.23	15:03:00	17574.0	17580.88	17569.01	17570.96	2041	0	4
2024.01.23	15:04:00	17570.96	17589.05	17568.35	17580.3	4993	0	4
2024.01.23	15:05:00	17580.3	17580.54	17565.33	17567.73	3303	0	4
2024.01.23	15:06:00	17567.73	17575.59	17561.54	17570.12	2579	0	4
2024.01.23	15:07:00	17570.12	17576.46	17557.3	17571.06	3945	0	2
2024.01.23	15:08:00	17571.06	17589.61	17569.4	17586.67	1592	0	4
2024.01.23	15:09:00	17586.67	17589.73	17584.41	17584.98	4801	0	2
2024.01.23	15:10:00	17584.98	17589.61	17578.92	17583.8	3811	0	3
2024.01.23	15:11:00	17583.8	17597.88	17577.67	17591.77	3375	0	1
2024.01.23	15:12:00	17591.77	17597.11	17575.65	17580.31	1698	0	4
2024.01.23	15:13:00	17580.31	17585.38	17574.63	17578.69	2082	0	1
2024.01.23	15:14:00	17578.69	17580.42	17573.12	17574.99	4773	0	4
2024.01.23	15:15:00	17574.99	17577.18	17564.42	17574.1	3745	0	2
2024.01.23	15:16:00	17574.1	17582.93	17571.7	17582.01	1000	0	4
2024.01.23	15:17:00	17582.01	17589.21	17575.57	17587.29	4120	0	2
2024.01.23	15:18:00	17587.29	17595.21	17576.28	17580.98	1034	0	1
2024.01.23	15:19:00	17580.98	17584.48	17573.42	17582.55	2365	0	1
2024.01.23	15:20:00	17582.55	17598.93	17574.66	17596.17	2376	0	4
2024.01.23	15:21:00	17596.17	17599.19	17586.27	17589.12	2131	0	3
2024.01.23	15:22:00	17589.12	17594.47	17585.29	17590.76	2729	0	1
2024.01.23	15:23:00	17590.76	17594.83	17588.45	17589.39	1186	0	2
2024.01.23	15:24:00	17589.39	17589.68	17578.4	17589.18	3475	0	3
2024.01.23	15:25:00	17589.18	17590.97	17573.7	17575.02	3546	0	2
2024.01.23	15:26:00	17575.02	17595.86	17572.43	17587.93	4332	0	1
2024.01.23	15:27:00	17587.93	17597.95	17574.58	17581.39	2501	0	3
2024.01.23	15:28:00	17581.39	17597.56	17580.99	17590.88	2887	0	1
2024.01.23	15:29:00	17590.88	17598.65	17583.86	17585.69	1098	0	2
2024.01.23	15:30:00	17585.69	17590.81	17577.87	17580.48	2063	0	3
2024.01.23	15:31:00	17580.48	17594.89	17579.03	17591.63	3026	0	3
2024.01.23	15:32:00	17591.63	17603.7	17591.38	17600.84	2374	0	1
2024.01.23	15:33:00	17600.84	17604.12	17597.32	17603.05	4954	0	3
2024.01.23	15:34:00	17603.05	17610.39	17601.87	17610.19	1747	0	2
2024.01.23	15:35:00	17610.19	17617.52	17605.48	17607.97	730	0	2
2024.01.23	15:36:00	17607.97	17610.85	17596.41	17608.24	4403	0	4
2024.01.23	15:37:00	17608.24	17609.96	17599.72	17602.7	2819	0	2
2024.01.23	15:38:00	17602.7	17616.89	17600.14	17611.11	819	0	3
2024.01.23	15:39:00	17611.11	17613.93	17604.39	17605.28	4711	0	1
2024.01.23	15:40:00	17605.28	17623.64	17603.31	17618.88	1433	0	2
2024.01.23	15:41:00	17618.88	17622.9	17616.09	17616.41	4816	0	4
2024.01.23	15:42:00	17616.41	17620.92	17612.76	17616.95	2049	0	3
2024.01.23	15:43:00	17616.95	17624.76	17614.13	17624.07	2037	0	4
2024.01.23	15:44:00	17624.07	17626.59	17620.23	17624.64	1452	0	4
2024.01.23	15:45:00	17624.64	17628.52	17615.75	17622.33	1272	0	1
2024.01.23	15:46:00	17622.33	17626.02	17621.58	17622.41	4101	0	1
2024.01.23	15:47:00	17622.41	17634.84	17622.3	17630.74	2393	0	2
2024.01.23	15:48:00	17630.74	17632.38	17620.71	17625.18	3003	0	4
2024.01.23	15:49:00	17625.18	17626.2	17620.31	17624.41	1933	0	4
2024.01.23	15:50:00	17624.41	17626.78	17620.79	17624.85	2406	0	3
2024.01.23	15:51:00	17624.85	17635.1	17618.63	17632.92	2671	0	3
2024.01.23	15:52:00	17632.92	17637.65	17629.85	17632.38	1896	0	3
2024.01.23	15:53:00	17632.38	17653.76	17631.24	17648.89	3181	0	2
2024.01.23	15:54:00	17648.89	17649.91	17639.81	17647.84	2594	0	3
2024.01.23	15:55:00	17647.84	17651.3	17644.09	17646.07	3957	0	3
2024.01.23	15:56:00	17646.07	17650.0	17642.17	17644.9	3999	0	1
2024.01.23	15:57:00	17644.9	17652.47	17633.03	17633.49	3353	0	4
2024.01.23	15:58:00	17633.49	17640.33	17624.25	17624.59	965	0	4
2024.01.23	15:59:00	17624.59	17633.61	17613.48	17620.2	4514	0	1
2024.01.24	09:30:00	17620.2	17631.98	17619.76	17630.69	3630	0	2
2024.01.24	09:31:00	17630.69	17635.15	17630.56	17630.75	3810	0	3
2024.01.24	09:32:00	17630.75	17634.63	17626.05	17626.78	3422	0	1
2024.01.24	09:33:00	17626.78	17640.83	17626.09	17638.08	2833	0	4
2024.01.24	09:34:00	17638.08	17659.72	17636.7	17652.29	3036	0	2
2024.01.24	09:35:00	17652.29	17668.71	17650.25	17663.87	1036	0	1
2024.01.24	09:36:00	17663.87	17664.57	17651.95	17656.59	4634	0	3
2024.01.24	09:37:00	17656.59	17660.41	17648.17	17652.52	4116	0	4
2024.01.24	09:38:00	17652.52	17676.68	17647.04	17669.09	4592	0	2
2024.01.24	09:39:00	17669.09	17674.56	17668.39	17671.6	3713	0	4
2024.01.24	09:40:00	17671.6	17679.98	17661.45	17669.56	1692	0	3
2024.01.24	09:41:00	17669.56	17677.12	17664.64	17676.35	2012	0	3
2024.01.24	09:42:00	17676.35	17694.6	17674.07	17685.72	4400	0	2
2024.01.24	09:43:00	17685.72	17695.06	17679.84	17680.95	1543	0	3
2024.01.24	09:44:00	17680.95	17696.68	17680.38	17683.27	3266	0	1
2024.01.24	09:45:00	17683.27	17700.46	17679.24	17691.93	3461	0	3
2024.01.24	09:46:00	17691.93	17702.49	17680.75	17681.89	1324	0	4
2024.01.24	09:47:00	17681.89	17683.81	17679.31	17682.35	879	0	3
2024.01.24	09:48:00	17682.35	17683.37	17670.99	17672.73	651	0	4
2024.01.24	09:49:00	17672.73	17674.05	17660.76	17664.28	4042	0	1
2024.01.24	09:50:00	17664.28	17664.28	17654.15	17659.6	1808	0	3
2024.01.24	09:51:00	17659.6	17664.89	17658.89	17664.22	1520	0	2
2024.01.24	09:52:00	17664.22	17667.58	17660.84	17661.69	4590	0	3
2024.01.24	09:53:00	17661.69	17663.78	17647.76	17656.25	3170	0	1
2024.01.24	09:54:00	17656.25	17663.22	17646.16	17657.06	609	0	2
2024.01.24	09:55:00	17657.06	17658.69	17645.31	17647.16	1866	0	2
2024.01.24	09:56:00	17647.16	17654.45	17644.25	17651.35	2638	0	3
2024.01.24	09:57:00	17651.35	17664.45	17649.5	17661.82	2647	0	3
2024.01.24	09:58:00	17661.82	17662.46	17659.51	17661.46	4026	0	3
2024.01.24	09:59:00	17661.46	17663.13	17658.94	17660.0	4102	0	4
2024.01.24	10:00:00	17660.0	17668.66	17654.44	17663.7	642	0	2
2024.01.24	10:01:00	17663.7	17664.44	17634.83	17645.92	1791	0	2
2024.01.24	10:02:00	17645.92	17656.25	17640.73	17651.07	3201	0	2
2024.01.24	10:03:00	17651.07	17680.09	17648.63	17679.17	648	0	3
2024.01.24	10:04:00	17679.17	17679.56	17674.32	17678.42	3068	0	4
2024.01.24	10:05:00	17678.42	17679.13	17675.69	17677.71	848	0	3
2024.01.24	10:06:00	17677.71	17690.5	17674.02	17684.72	3078	0	4
2024.01.24	10:07:00	17684.72	17701.33	17681.62	17699.81	835	0	2
2024.01.24	10:08:00	17699.81	17712.72	17697.97	17708.91	3824	0	3
2024.01.24	10:09:00	17708.91	17713.35	17685.43	17689.94	2565	0	3
2024.01.24	10:10:00	17689.94	17701.4	17683.5	17695.34	4780	0	1
2024.01.24	10:11:00	17695.34	17725.57	17692.95	17718.76	874	0	1
2024.01.24	10:12:00	17718.76	17727.11	17717.12	17724.7	4413	0	2
2024.01.24	10:13:00	17724.7	17730.91	17706.26	17714.69	2357	0	1
2024.01.24	10:14:00	17714.69	17718.57	17712.2	17717.58	2694	0	2
2024.01.24	10:15:00	17717.58	17721.05	17704.6	17706.44	3640	0	2
2024.01.24	10:16:00	17706.44	17724.37	17705.12	17717.86	3299	0	3
2024.01.24	10:17:00	17717.86	17720.92	17700.56	17709.64	4459	0	4
2024.01.24	10:18:00	17709.64	17714.03	17708.04	17710.66	4241	0	3
2024.01.24	10:19:00	17710.66	17714.85	17700.69	17703.32	1496	0	4
2024.01.24	10:20:00	17703.32	17707.86	17697.71	17698.77	1736	0	3
2024.01.24	10:21:00	17698.77	17717.16	17693.93	17712.45	4445	0	3
2024.01.24	10:22:00	17712.45	17717.11	17707.38	17713.74	4145	0	4
2024.01.24	10:23:00	17713.74	17716.65	17708.97	17709.07	4901	0	3
2024.01.24	10:24:00	17709.07	17714.36	17697.34	17699.16	4621	0	4
2024.01.24	10:25:00	17699.16	17699.54	17680.82	17682.75	3315	0	3
2024.01.24	10:26:00	17682.75	17684.27	17664.17	17671.9	4830	0	2
2024.01.24	10:27:00	17671.9	17673.99	17671.45	17673.26	3817	0	2
2024.01.24	10:28:00	17673.26	17690.04	17672.9	17682.38	4493	0	3
2024.01.24	10:29:00	17682.38	17682.97	17674.07	17677.72	2673	0	2
2024.01.24	10:30:00	17677.72	17694.99	17669.51	17692.14	4844	0	3
2024.01.24	10:31:00	17692.14	17699.22	17685.14	17686.07	836	0	1
2024.01.24	10:32:00	17686.07	17689.06	17682.8	17684.29	4584	0	3
2024.01.24	10:33:00	17684.29	17686.73	17673.21	17674.98	4819	0	1
2024.01.24	10:34:00	17674.98	17685.14	17670.55	17684.2	4050	0	1
2024.01.24	10:35:00	17684.2	17704.65	17682.42	17703.35	4753	0	4
2024.01.24	10:36:00	17703.35	17703.78	17687.12	17687.92	2392	0	4
2024.01.24	10:37:00	17687.92	17690.62	17681.3	17685.17	1952	0	3
2024.01.24	10:38:00	17685.17	17701.89	17680.8	17696.85	1102	0	4
2024.01.24	10:39:00	17696.85	17698.63	17679.09	17684.24	1380	0	3
2024.01.24	10:40:00	17684.24	17693.0	17677.48	17689.67	4399	0	1
2024.01.24	10:41:00	17689.67	17701.61	17689.15	17700.97	794	0	4
2024.01.24	10:42:00	17700.97	17709.68	17699.16	17702.03	1400	0	1
2024.01.24	10:43:00	17702.03	17713.58	17698.51	17707.31	2740	0	3
2024.01.24	10:44:00	17707.31	17724.72	17702.72	17723.47	2118	0	4
2024.01.24	10:45:00	17723.47	17747.04	17721.28	17741.32	4661	0	3
2024.01.24	10:46:00	17741.32	17742.0	17740.29	17741.11	633	0	1
2024.01.24	10:47:00	17741.11	17745.82	17727.58	17736.69	684	0	4
2024.01.24	10:48:00	17736.69	17737.45	17723.41	17728.78	1724	0	4
2024.01.24	10:49:00	17728.78	17738.43	17721.43	17737.91	3251	0	1
2024.01.24	10:50:00	17737.91	17743.87	17725.08	17725.95	2101	0	4
2024.01.24	10:51:00	17725.95	17727.43	17723.88	17724.03	4260	0	1
2024.01.24	10:52:00	17724.03	17728.99	17718.57	17725.31	931	0	1
2024.01.24	10:53:00	17725.31	17728.52	17712.08	17721.15	2208	0	3
2024.01.24	10:54:00	17721.15	17736.92	17719.25	17724.01	3420	0	3
2024.01.24	10:55:00	17724.01	17747.75	17718.79	17747.4	3253	0	1
2024.01.24	10:56:00	17747.4	17752.25	17742.53	17746.66	2829	0	1
2024.01.24	10:57:00	17746.66	17750.39	17740.73	17743.11	2497	0	3
2024.01.24	10:58:00	17743.11	17759.21	17737.03	17752.59	923	0	1
2024.01.24	10:59:00	17752.59	17756.78	17750.27	17755.09	794	0	4
2024.01.24	11:00:00	17755.09	17776.91	17752.55	17768.39	745	0	2
2024.01.24	11:01:00	17768.39	17776.57	17767.44	17770.23	2770	0	4
2024.01.24	11:02:00	17770.23	17775.11	17760.58	17768.35	4482	0	3
2024.01.24	11:03:00	17768.35	17771.78	17743.43	17752.67	900	0	2
2024.01.24	11:04:00	17752.67	17754.2	17737.85	17738.47	793	0	4
2024.01.24	11:05:00	17738.47	17739.85	17719.29	17722.34	3582	0	1
2024.01.24	11:06:00	17722.34	17726.6	17717.13	17726.1	2752	0	2
2024.01.24	11:07:00	17726.1	17726.74	17708.56	17714.23	1895	0	4
2024.01.24	11:08:00	17714.23	17727.22	17712.25	17725.85	580	0	4
2024.01.24	11:09:00	17725.85	17727.28	17722.68	17726.48	4111	0	4
2024.01.24	11:10:00	17726.48	17729.36	17722.17	17724.64	3466	0	1
2024.01.24	11:11:00	17724.64	17731.88	17712.99	17717.42	3141	0	2
2024.01.24	11:12:00	17717.42	17724.27	17711.95	17723.36	1553	0	1
2024.01.24	11:13:00	17723.36	17725.13	17716.27	17716.49	4707	0	4
2024.01.24	11:14:00	17716.49	17718.84	17707.11	17708.01	782	0	4
2024.01.24	11:15:00	17708.01	17725.62	17706.77	17719.02	3819	0	4
2024.01.24	11:16:00	17719.02	17725.66	17718.44	17722.56	3774	0	1
2024.01.24	11:17:00	17722.56	17731.08	17713.17	17720.81	3761	0	2
2024.01.24	11:18:00	17720.81	17735.64	17711.33	17726.92	3208	0	3
2024.01.24	11:19:00	17726.92	17731.08	17723.61	17727.35	1870	0	2
2024.01.24	11:20:00	17727.35	17732.18	17724.38	17731.15	2550	0	2
2024.01.24	11:21:00	17731.15	17731.3	17723.13	17724.17	2488	0	4
2024.01.24	11:22:00	17724.17	17745.43	17721.66	17743.11	4398	0	3
2024.01.24	11:23:00	17743.11	17743.9	17734.16	17738.26	3855	0	3
2024.01.24	11:24:00	17738.26	17758.88	17734.04	17752.6	2643	0	4
2024.01.24	11:25:00	17752.6	17756.07	17746.67	17751.26	3749	0	3
2024.01.24	11:26:00	17751.26	17759.22	17750.18	17758.87	4862	0	3
2024.01.24	11:27:00	17758.87	17770.98	17756.01	17765.83	3615	0	4
2024.01.24	11:28:00	17765.83	17783.92	17762.37	17776.5	2103	0	2
2024.01.24	11:29:00	17776.5	17776.89	17767.87	17769.29	535	0	4
2024.01.24	11:30:00	17769.29	17779.95	17765.68	17779.33	4452	0	1
2024.01.24	11:31:00	17779.33	17799.03	17779.27	17796.32	577	0	1
2024.01.24	11:32:00	17796.32	17804.04	17788.2	17794.34	2790	0	2
2024.01.24	11:33:00	17794.34	17796.18	17790.63	17795.01	803	0	2
2024.01.24	11:34:00	17795.01	17796.81	17786.34	17790.65	4457	0	2
2024.01.24	11:35:00	17790.65	17792.8	17783.66	17787.88	642	0	4
2024.01.24	11:36:00	17787.88	17809.01	17786.7	17803.66	3575	0	1
2024.01.24	11:37:00	17803.66	17807.1	17786.7	17794.97	3977	0	1
2024.01.24	11:38:00	17794.97	17795.24	17780.53	17786.84	3796	0	3
2024.01.24	11:39:00	17786.84	17804.75	17784.03	17801.71	2961	0	1
2024.01.24	11:40:00	17801.71	17808.6	17799.52	17807.69	3158	0	1
2024.01.24	11:41:00	17807.69	17827.84	17801.53	17827.18	2772	0	4
2024.01.24	11:42:00	17827.18	17830.77	17823.31	17823.47	3907	0	4
2024.01.24	11:43:00	17823.47	17825.17	17822.26	17824.97	885	0	4
2024.01.24	11:44:00	17824.97	17826.6	17811.14	17819.36	4505	0	2
2024.01.24	11:45:00	17819.36	17825.35	17815.49	17821.01	3985	0	1
2024.01.24	11:46:00	17821.01	17824.22	17803.05	17805.37	4858	0	2
2024.01.24	11:47:00	17805.37	17817.46	17797.85	17811.9	917	0	1
2024.01.24	11:48:00	17811.9	17825.67	17801.6	17815.17	1441	0	1
2024.01.24	11:49:00	17815.17	17818.34	17810.38	17815.01	1498	0	4
2024.01.24	11:50:00	17815.01	17817.09	17805.84	17811.84	2356	0	1
2024.01.24	11:51:00	17811.84	17814.15	17802.56	17804.13	4185	0	1
2024.01.24	11:52:00	17804.13	17813.16	17803.48	17811.05	4040	0	2
2024.01.24	11:53:00	17811.05	17813.82	17800.77	17800.85	3616	0	1
2024.01.24	11:54:00	17800.85	17812.56	17796.57	17805.82	2282	0	4
2024.01.24	11:55:00	17805.82	17832.49	17805.13	17824.89	916	0	4
2024.01.24	11:56:00	17824.89	17845.5	17818.48	17838.66	3624	0	1
2024.01.24	11:57:00	17838.66	17847.02	17825.03	17825.42	832	0	4
2024.01.24	11:58:00	17825.42	17827.99	17817.19	17820.94	1418	0	2
2024.01.24	11:59:00	17820.94	17827.77	17819.29	17825.1	2329	0	2
2024.01.24	12:00:00	17825.1	17826.19	17822.82	17824.82	3994	0	4
2024.01.24	12:01:00	17824.82	17824.85	17803.63	17812.55	3215	0	3
2024.01.24	12:02:00	17812.55	17819.53	17803.27	17816.38	966	0	4
2024.01.24	12:03:00	17816.38	17819.5	17814.9	17816.65	1610	0	2
2024.01.24	12:04:00	17816.65	17837.54	17811.92	17834.28	4321	0	3
2024.01.24	12:05:00	17834.28	17837.11	17831.28	17832.35	3133	0	2
2024.01.24	12:06:00	17832.35	17847.32	17822.67	17843.26	3458	0	3
2024.01.24	12:07:00	17843.26	17846.81	17825.65	17832.17	2117	0	4
2024.01.24	12:08:00	17832.17	17836.8	17820.18	17823.25	4167	0	1
2024.01.24	12:09:00	17823.25	17833.88	17822.62	17830.12	3148	0	3
2024.01.24	12:10:00	17830.12	17848.66	17828.02	17840.26	865	0	2
2024.01.24	12:11:00	17840.26	17840.38	17829.34	17831.97	3764	0	3
2024.01.24	12:12:00	17831.97	17839.32	17827.19	17832.55	1797	0	2
2024.01.24	12:13:00	17832.55	17836.69	17817.63	17820.43	4294	0	2
2024.01.24	12:14:00	17820.43	17820.57	17818.55	17819.15	3372	0	2
2024.01.24	12:15:00	17819.15	17829.96	17817.6	17827.06	1381	0	3
2024.01.24	12:16:00	17827.06	17833.29	17821.24	17823.49	631	0	1
2024.01.24	12:17:00	17823.49	17830.9	17820.99	17821.6	883	0	2
2024.01.24	12:18:00	17821.6	17822.05	17811.14	17811.77	1608	0	1
2024.01.24	12:19:00	17811.77	17817.05	17805.48	17806.27	1032	0	2
2024.01.24	12:20:00	17806.27	17829.94	17802.57	17822.49	3462	0	3
2024.01.24	12:21:00	17822.49	17823.65	17818.33	17823.51	1244	0	3
2024.01.24	12:22:00	17823.51	17824.09	17812.45	17814.82	2508	0	1
2024.01.24	12:23:00	17814.82	17818.13	17812.19	17812.33	1959	0	4
2024.01.24	12:24:00	17812.33	17816.13	17789.86	17798.29	3460	0	2
2024.01.24	12:25:00	17798.29	17798.78	17785.25	17789.51	628	0	4
2024.01.24	12:26:00	17789.51	17811.78	17789.42	17802.12	2310	0	4
2024.01.24	12:27:00	17802.12	17804.37	17796.39	17801.19	4246	0	1
2024.01.24	12:28:00	17801.19	17822.45	17793.91	17818.6	1608	0	1
2024.01.24	12:29:00	17818.6	17820.96	17817.91	17818.1	4320	0	3
2024.01.24	12:30:00	17818.1	17818.87	17812.07	17818.13	1273	0	4
2024.01.24	12:31:00	17818.13	17825.27	17811.04	17824.27	3709	0	2
2024.01.24	12:32:00	17824.27	17832.18	17794.41	17800.52	1769	0	3
2024.01.24	12:33:00	17800.52	17805.22	17796.42	17802.72	2104	0	3
2024.01.24	12:34:00	17802.72	17805.92	17801.18	17802.64	2849	0	4
2024.01.24	12:35:00	17802.64	17823.61	17800.57	17816.39	3680	0	4
2024.01.24	12:36:00	17816.39	17826.76	17807.87	17825.45	2869	0	3
2024.01.24	12:37:00	17825.45	17830.18	17814.12	17815.58	3085	0	4
2024.01.24	12:38:00	17815.58	17835.13	17811.77	17827.15	1801	0	3
2024.01.24	12:39:00	17827.15	17827.76	17822.17	17825.14	3480	0	2
2024.01.24	12:40:00	17825.14	17829.17	17817.18	17817.33	818	0	3
2024.01.24	12:41:00	17817.33	17822.9	17813.08	17819.46	895	0	3
2024.01.24	12:42:00	17819.46	17821.22	17812.87	17817.99	1217	0	4
2024.01.24	12:43:00	17817.99	17837.19	17809.79	17832.23	4436	0	1
2024.01.24	12:44:00	17832.23	17835.95	17828.75	17835.67	3258	0	2
2024.01.24	12:45:00	17835.67	17840.81	17832.68	17837.88	2069	0	1
2024.01.24	12:46:00	17837.88	17850.34	17835.28	17846.38	3313	0	1
2024.01.24	12:47:00	17846.38	17857.98	17843.45	17856.61	1711	0	1
2024.01.24	12:48:00	17856.61	17874.43	17855.74	17864.06	3796	0	4
2024.01.24	12:49:00	17864.06	17882.51	17863.01	17877.26	2258	0	2
2024.01.24	12:50:00	17877.26	17886.67	17876.67	17883.13	3284	0	4
2024.01.24	12:51:00	17883.13	17886.58	17879.42	17885.0	1612	0	3
2024.01.24	12:52:00	17885.0	17901.45	17884.25	17896.59	659	0	1
2024.01.24	12:53:00	17896.59	17899.07	17891.18	17896.12	4973	0	2
2024.01.24	12:54:00	17896.12	17900.76	17892.8	17896.78	3439	0	3
2024.01.24	12:55:00	17896.78	17916.02	17893.52	17912.75	3407	0	3
2024.01.24	12:56:00	17912.75	17928.35	17912.72	17927.82	3214	0	2
2024.01.24	12:57:00	17927.82	17929.58	17924.87	17928.11	4533	0	1
2024.01.24	12:58:00	17928.11	17928.52	17922.94	17924.35	583	0	4
2024.01.24	12:59:00	17924.35	17949.62	17920.32	17937.99	4779	0	3
2024.01.24	13:00:00	17937.99	17949.07	17937.84	17945.62	2566	0	4
2024.01.24	13:01:00	17945.62	17949.88	17944.93	17948.85	3115	0	2
2024.01.24	13:02:00	17948.85	17952.4	17934.33	17946.28	4720	0	1
2024.01.24	13:03:00	17946.28	17954.03	17940.71	17949.66	4102	0	2
2024.01.24	13:04:00	17949.66	17957.06	17937.54	17949.82	2075	0	1
2024.01.24	13:05:00	17949.82	17952.55	17941.24	17944.14	4573	0	3
2024.01.24	13:06:00	17944.14	17949.12	17936.35	17945.67	874	0	3
2024.01.24	13:07:00	17945.67	17950.0	17942.37	17948.44	1175	0	1
2024.01.24	13:08:00	17948.44	17949.49	17939.49	17945.39	1522	0	2
2024.01.24	13:09:00	17945.39	17958.1	17941.28	17953.96	1711	0	2
2024.01.24	13:10:00	17953.96	17969.71	17949.12	17966.04	3530	0	3
2024.01.24	13:11:00	17966.04	17975.63	17961.66	17975.23	2307	0	4
2024.01.24	13:12:00	17975.23	17982.12	17972.85	17973.08	4326	0	2
2024.01.24	13:13:00	17973.08	17981.77	17968.18	17980.31	3302	0	2
2024.01.24	13:14:00	17980.31	17982.43	17980.13	17981.38	3224	0	4
2024.01.24	13:15:00	17981.38	17985.01	17966.27	17970.5	3957	0	4
2024.01.24	13:16:00	17970.5	17982.19	17969.12	17976.98	2346	0	4
2024.01.24	13:17:00	17976.98	17979.54	17969.72	17978.67	2052	0	1
2024.01.24	13:18:00	17978.67	18008.48	17976.52	18002.65	986	0	3
2024.01.24	13:19:00	18002.65	18017.43	17999.1	18016.3	4292	0	4
2024.01.24	13:20:00	18016.3	18029.92	18013.48	18023.15	1548	0	4
2024.01.24	13:21:00	18023.15	18027.25	18023.03	18025.79	3444	0	1
2024.01.24	13:22:00	18025.79	18033.88	18024.86	18027.64	4057	0	2
2024.01.24	13:23:00	18027.64	18030.75	18018.41	18018.84	2174	0	4
2024.01.24	13:24:00	18018.84	18026.19	17999.92	18003.34	1235	0	3
2024.01.24	13:25:00	18003.34	18009.25	17986.1	17995.75	3563	0	1
2024.01.24	13:26:00	17995.75	17998.81	17994.08	17995.68	1963	0	1
2024.01.24	13:27:00	17995.68	18002.27	17973.75	17976.86	4334	0	4
2024.01.24	13:28:00	17976.86	17978.28	17971.13	17972.26	2504	0	4
2024.01.24	13:29:00	17972.26	17972.38	17965.25	17970.37	2011	0	1
2024.01.24	13:30:00	17970.37	17972.79	17958.0	17968.77	3771	0	3
2024.01.24	13:31:00	17968.77	17969.8	17955.37	17963.11	2241	0	3
2024.01.24	13:32:00	17963.11	17967.37	17959.51	17960.36	4086	0	2
2024.01.24	13:33:00	17960.36	17980.23	17953.48	17976.41	3613	0	2
2024.01.24	13:34:00	17976.41	17985.97	17972.79	17982.79	4479	0	3
2024.01.24	13:35:00	17982.79	17984.55	17974.44	17978.05	2434	0	1
2024.01.24	13:36:00	17978.05	17980.35	17966.4	17977.79	890	0	1
2024.01.24	13:37:00	17977.79	17981.03	17975.69	17977.89	1299	0	1
2024.01.24	13:38:00	17977.89	17980.37	17971.09	17971.26	522	0	4
2024.01.24	13:39:00	17971.26	17983.19	17962.57	17964.62	4343	0	1
2024.01.24	13:40:00	17964.62	17975.33	17959.57	17974.18	1594	0	4
2024.01.24	13:41:00	17974.18	17982.12	17969.91	17970.72	1406	0	2
2024.01.24	13:42:00	17970.72	17972.27	17960.31	17961.12	3227	0	1
2024.01.24	13:43:00	17961.12	17961.61	17956.6	17961.08	1608	0	3
2024.01.24	13:44:00	17961.08	17964.12	17959.69	17962.52	4906	0	2
2024.01.24	13:45:00	17962.52	17964.79	17942.93	17944.94	4405	0	2
2024.01.24	13:46:00	17944.94	17948.21	17943.62	17944.93	2528	0	4
2024.01.24	13:47:00	17944.93	17956.69	17940.95	17953.18	3388	0	3
2024.01.24	13:48:00	17953.18	17961.32	17949.45	17957.64	2240	0	1
2024.01.24	13:49:00	17957.64	17978.45	17943.68	17978.29	2442	0	1
2024.01.24	13:50:00	17978.29	17997.07	17977.21	17990.04	2662	0	4
2024.01.24	13:51:00	17990.04	18005.78	17988.99	18003.6	2218	0	3
2024.01.24	13:52:00	18003.6	18035.66	17998.33	18029.51	2464	0	2
2024.01.24	13:53:00	18029.51	18043.67	18022.63	18036.79	1324	0	4
2024.01.24	13:54:00	18036.79	18040.2	18034.17	18038.64	3433	0	1
2024.01.24	13:55:00	18038.64	18050.61	18038.12	18047.9	805	0	1
2024.01.24	13:56:00	18047.9	18057.06	18042.72	18043.15	4592	0	2
2024.01.24	13:57:00	18043.15	18046.95	18032.71	18044.5	4592	0	4
2024.01.24	13:58:00	18044.5	18046.69	18030.93	18038.94	1436	0	4
2024.01.24	13:59:00	18038.94	18047.64	18033.78	18042.94	701	0	2
2024.01.24	14:00:00	18042.94	18042.98	18036.48	18037.34	2657	0	3
2024.01.24	14:01:00	18037.34	18038.58	18031.42	18031.43	777	0	2
2024.01.24	14:02:00	18031.43	18039.61	18025.34	18035.57	2315	0	4
2024.01.24	14:03:00	18035.57	18040.08	18034.65	18034.67	3884	0	4
2024.01.24	14:04:00	18034.67	18035.91	18015.72	18017.44	1893	0	1
2024.01.24	14:05:00	18017.44	18021.32	18001.7	18004.52	4521	0	3
2024.01.24	14:06:00	18004.52	18006.02	17987.76	17994.42	565	0	1
2024.01.24	14:07:00	17994.42	17995.53	17982.78	17986.74	3693	0	3
2024.01.24	14:08:00	17986.74	17991.85	17977.76	17990.87	2766	0	2
2024.01.24	14:09:00	17990.87	17999.87	17989.28	17993.23	1589	0	2
2024.01.24	14:10:00	17993.23	18003.83	17989.63	18003.3	2435	0	2
2024.01.24	14:11:00	18003.3	18010.56	18002.4	18010.52	1717	0	3
2024.01.24	14:12:00	18010.52	18022.75	18009.1	18020.66	3290	0	4
2024.01.24	14:13:00	18020.66	18028.93	18017.76	18026.57	4826	0	3
2024.01.24	14:14:00	18026.57	18029.93	18020.43	18028.85	2755	0	4
2024.01.24	14:15:00	18028.85	18042.99	18027.15	18039.25	3650	0	4
2024.01.24	14:16:00	18039.25	18051.14	18035.64	18048.01	3251	0	1
2024.01.24	14:17:00	18048.01	18052.39	18046.21	18051.81	4225	0	4
2024.01.24	14:18:00	18051.81	18064.63	18046.89	18063.79	3031	0	1
2024.01.24	14:19:00	18063.79	18065.43	18029.74	18042.71	2508	0	1
2024.01.24	14:20:00	18042.71	18050.51	18039.0	18040.42	1037	0	1
2024.01.24	14:21:00	18040.42	18044.64	18035.53	18037.98	3994	0	2
2024.01.24	14:22:00	18037.98	18055.12	18034.56	18048.88	4540	0	1
2024.01.24	14:23:00	18048.88	18063.76	18048.17	18063.6	4913	0	3
2024.01.24	14:24:00	18063.6	18067.73	18048.41	18050.71	3784	0	3
2024.01.24	14:25:00	18050.71	18066.24	18045.08	18063.97	2105	0	3
2024.01.24	14:26:00	18063.97	18069.43	18049.77	18053.62	3665	0	4
2024.01.24	14:27:00	18053.62	18055.46	18042.19	18043.55	1942	0	1
2024.01.24	14:28:00	18043.55	18048.69	18041.07	18041.77	4544	0	4
2024.01.24	14:29:00	18041.77	18045.23	18038.75	18039.22	693	0	4
2024.01.24	14:30:00	18039.22	18041.41	18022.13	18025.36	4542	0	1
2024.01.24	14:31:00	18025.36	18032.33	18014.79	18031.65	3816	0	3
2024.01.24	14:32:00	18031.65	18039.59	18028.86	18038.21	4501	0	2
2024.01.24	14:33:00	18038.21	18057.52	18034.51	18048.21	1583	0	1
2024.01.24	14:34:00	18048.21	18050.3	18043.72	18044.61	2786	0	3
2024.01.24	14:35:00	18044.61	18048.08	18035.92	18044.6	1642	0	1
2024.01.24	14:36:00	18044.6	18045.82	18037.91	18044.69	3698	0	1
2024.01.24	14:37:00	18044.69	18063.31	18036.75	18060.48	3344	0	3
2024.01.24	14:38:00	18060.48	18061.96	18034.24	18034.94	3612	0	1
2024.01.24	14:39:00	18034.94	18040.71	18023.55	18026.56	3824	0	4
2024.01.24	14:40:00	18026.56	18029.57	18014.81	18026.97	702	0	1
2024.01.24	14:41:00	18026.97	18029.76	18017.41	18017.43	2333	0	2
2024.01.24	14:42:00	18017.43	18022.16	18014.61	18015.43	1636	0	2
2024.01.24	14:43:00	18015.43	18016.19	18011.25	18014.64	4750	0	1
2024.01.24	14:44:00	18014.64	18015.77	18007.05	18009.0	2882	0	3
2024.01.24	14:45:00	18009.0	18018.37	18000.76	18009.95	1227	0	1
2024.01.24	14:46:00	18009.95	18018.68	18005.03	18016.04	2265	0	1
2024.01.24	14:47:00	18016.04	18016.91	18010.57	18014.24	2873	0	2
2024.01.24	14:48:00	18014.24	18017.37	18007.1	18010.47	1961	0	2
2024.01.24	14:49:00	18010.47	18016.52	18007.61	18009.32	3277	0	3
2024.01.24	14:50:00	18009.32	18010.56	18006.49	18009.61	3961	0	1
2024.01.24	14:51:00	18009.61	18009.72	17993.45	17994.11	3278	0	1
2024.01.24	14:52:00	17994.11	18001.76	17989.29	17998.67	3104	0	1
2024.01.24	14:53:00	17998.67	18002.68	17985.59	17994.92	3455	0	4
2024.01.24	14:54:00	17994.92	18009.29	17992.31	18006.78	1794	0	3
2024.01.24	14:55:00	18006.78	18016.57	18003.2	18012.53	3352	0	1
2024.01.24	14:56:00	18012.53	18025.63	18006.25	18023.57	730	0	3
2024.01.24	14:57:00	18023.57	18026.1	18010.07	18014.71	4062	0	4
2024.01.24	14:58:00	18014.71	18018.04	18011.53	18011.68	2210	0	4
2024.01.24	14:59:00	18011.68	18019.93	17999.87	18000.71	4163	0	4
2024.01.24	15:00:00	18000.71	18006.33	17988.77	17994.64	1641	0	1
2024.01.24	15:01:00	17994.64	18007.83	17994.52	18006.42	4898	0	1
2024.01.24	15:02:00	18006.42	18026.44	18003.0	18020.34	2841	0	4
2024.01.24	15:03:00	18020.34	18020.79	18001.26	18010.23	4728	0	4
2024.01.24	15:04:00	18010.23	18012.84	18002.14	18006.41	1815	0	1
2024.01.24	15:05:00	18006.41	18007.03	17998.17	18006.08	2839	0	3
2024.01.24	15:06:00	18006.08	18013.34	18001.55	18011.78	3712	0	3
2024.01.24	15:07:00	18011.78	18016.14	17992.76	17996.09	3676	0	4
2024.01.24	15:08:00	17996.09	17996.23	17979.87	17981.85	1637	0	1
2024.01.24	15:09:00	17981.85	17993.02	17973.58	17986.67	2310	0	2
2024.01.24	15:10:00	17986.67	17992.65	17963.03	17969.29	1536	0	3
2024.01.24	15:11:00	17969.29	17973.17	17965.4	17965.58	3427	0	4
2024.01.24	15:12:00	17965.58	17971.33	17958.83	17967.42	2367	0	4
2024.01.24	15:13:00	17967.42	17971.91	17964.31	17971.56	533	0	2
2024.01.24	15:14:00	17971.56	17972.24	17969.81	17970.63	1816	0	2
2024.01.24	15:15:00	17970.63	17975.28	17956.79	17967.66	2154	0	1
2024.01.24	15:16:00	17967.66	17979.32	17967.22	17975.7	3022	0	2
2024.01.24	15:17:00	17975.7	17981.02	17973.9	17978.66	4615	0	4
2024.01.24	15:18:00	17978.66	17981.58	17965.62	17973.13	4925	0	1
2024.01.24	15:19:00	17973.13	17975.42	17968.67	17973.83	3537	0	4
2024.01.24	15:20:00	17973.83	17983.78	17967.82	17977.68	4569	0	2
2024.01.24	15:21:00	17977.68	18001.44	17973.58	17993.69	577	0	1
2024.01.24	15:22:00	17993.69	18006.66	17988.09	18001.21	4371	0	3
2024.01.24	15:23:00	18001.21	18018.88	18000.44	18012.65	2852	0	2
2024.01.24	15:24:00	18012.65	18019.04	18004.04	18007.44	2176	0	3
2024.01.24	15:25:00	18007.44	18010.24	18002.01	18003.02	2146	0	4
2024.01.24	15:26:00	18003.02	18004.51	18000.37	18001.24	2071	0	1
2024.01.24	15:27:00	18001.24	18008.59	17991.77	18000.29	4139	0	3
2024.01.24	15:28:00	18000.29	18001.48	17989.72	17991.46	2564	0	2
2024.01.24	15:29:00	17991.46	18007.31	17987.9	18003.36	1016	0	2
2024.01.24	15:30:00	18003.36	18012.93	17998.75	18011.77	4554	0	2
2024.01.24	15:31:00	18011.77	18012.26	18009.13	18009.35	3218	0	1
2024.01.24	15:32:00	18009.35	18022.7	18003.21	18015.56	2259	0	3
2024.01.24	15:33:00	18015.56	18019.45	18012.3	18017.95	3704	0	2
2024.01.24	15:34:00	18017.95	18025.55	18016.84	18024.88	2079	0	4
2024.01.24	15:35:00	18024.88	18029.41	18011.05	18012.98	3179	0	2
2024.01.24	15:36:00	18012.98	18015.96	18008.69	18012.01	535	0	3
2024.01.24	15:37:00	18012.01	18016.04	18008.47	18011.84	1734	0	3
2024.01.24	15:38:00	18011.84	18020.3	18000.57	18017.89	2039	0	1
2024.01.24	15:39:00	18017.89	18021.2	18004.83	18012.52	4069	0	2
2024.01.24	15:40:00	18012.52	18013.02	17990.01	17990.09	3895	0	3
2024.01.24	15:41:00	17990.09	17995.31	17977.92	17980.6	4071	0	3
2024.01.24	15:42:00	17980.6	17989.86	17974.77	17980.4	2654	0	1
2024.01.24	15:43:00	17980.4	17986.32	17971.48	17981.34	2124	0	1
2024.01.24	15:44:00	17981.34	18000.54	17977.57	17997.04	2877	0	4
2024.01.24	15:45:00	17997.04	18008.66	17996.77	18002.71	1700	0	4
2024.01.24	15:46:00	18002.71	18008.24	18001.65	18003.81	2878	0	2
2024.01.24	15:47:00	18003.81	18006.5	18002.6	18003.88	3487	0	1
2024.01.24	15:48:00	18003.88	18016.98	17998.16	18014.31	4861	0	2
2024.01.24	15:49:00	18014.31	18014.91	18004.59	18009.29	2155	0	3
2024.01.24	15:50:00	18009.29	18010.91	18004.49	18008.37	1009	0	3
2024.01.24	15:51:00	18008.37	18009.27	17989.79	17998.8	2054	0	4
2024.01.24	15:52:00	17998.8	18015.91	17997.76	18012.09	4219	0	3
2024.01.24	15:53:00	18012.09	18024.68	18010.56	18016.03	2527	0	4
2024.01.24	15:54:00	18016.03	18020.48	18008.47	18009.94	2374	0	1
2024.01.24	15:55:00	18009.94	18013.0	17999.69	18009.26	2561	0	1
2024.01.24	15:56:00	18009.26	18016.79	18000.19	18014.27	1637	0	2
2024.01.24	15:57:00	18014.27	18019.09	18010.62	18012.34	4233	0	4
2024.01.24	15:58:00	18012.34	18014.89	18006.81	18007.83	3521	0	4
2024.01.24	15:59:00	18007.83	18013.87	18000.67	18002.22	4787	0	1
2024.01.25	09:30:00	18002.22	18005.89	17999.43	18005.67	941	0	1
2024.01.25	09:31:00	18005.67	18010.27	17998.57	18002.77	3710	0	1
2024.01.25	09:32:00	18002.77	18006.75	17996.68	17998.99	863	0	4
2024.01.25	09:33:00	17998.99	18006.84	17978.24	17987.18	897	0	4
2024.01.25	09:34:00	17987.18	17992.28	17980.12	17988.24	4304	0	4
2024.01.25	09:35:00	17988.24	17988.42	17983.36	17986.95	2020	0	1
2024.01.25	09:36:00	17986.95	17991.92	17973.42	17984.38	1921	0	3
2024.01.25	09:37:00	17984.38	17987.08	17975.89	17986.55	1353	0	2
2024.01.25	09:38:00	17986.55	18001.69	17981.71	17993.73	988	0	4
2024.01.25	09:39:00	17993.73	18002.5	17986.35	18000.48	3484	0	4
2024.01.25	09:40:00	18000.48	18010.34	17997.96	18005.88	2855	0	4
2024.01.25	09:41:00	18005.88	18011.67	18002.65	18004.05	3191	0	1
2024.01.25	09:42:00	18004.05	18011.92	17993.07	17999.24	1194	0	2
2024.01.25	09:43:00	17999.24	18004.66	17986.65	17990.08	4921	0	4
2024.01.25	09:44:00	17990.08	17993.89	17979.86	17985.04	535	0	3
2024.01.25	09:45:00	17985.04	17987.1	17976.59	17985.58	2514	0	3
2024.01.25	09:46:00	17985.58	17988.22	17977.22	17978.78	2848	0	1
2024.01.25	09:47:00	17978.78	17980.75	17970.7	17980.01	974	0	2
2024.01.25	09:48:00	17980.01	17981.36	17969.19	17971.59	3104	0	4
2024.01.25	09:49:00	17971.59	17973.32	17952.52	17956.84	3192	0	2
2024.01.25	09:50:00	17956.84	17965.28	17956.67	17964.65	2887	0	4
2024.01.25	09:51:00	17964.65	17968.1	17960.21	17960.69	2151	0	2
2024.01.25	09:52:00	17960.69	17964.55	17947.06	17953.44	4684	0	4
2024.01.25	09:53:00	17953.44	17953.92	17940.81	17943.86	1300	0	4
2024.01.25	09:54:00	17943.86	17948.63	17940.37	17948.06	3848	0	3
2024.01.25	09:55:00	17948.06	17962.87	17945.89	17960.92	2169	0	4
2024.01.25	09:56:00	17960.92	17965.93	17957.51	17957.61	2242	0	1
2024.01.25	09:57:00	17957.61	17959.18	17948.69	17956.01	1571	0	2
2024.01.25	09:58:00	17956.01	17969.81	17952.69	17966.12	3535	0	1
2024.01.25	09:59:00	17966.12	17976.04	17949.27	17950.01	1387	0	3
2024.01.25	10:00:00	17950.01	17971.76	17946.13	17968.26	2177	0	2
2024.01.25	10:01:00	17968.26	17997.0	17958.62	17990.87	2676	0	3
2024.01.25	10:02:00	17990.87	17994.2	17962.69	17966.59	543	0	4
2024.01.25	10:03:00	17966.59	17967.69	17959.98	17966.06	4145	0	3
2024.01.25	10:04:00	17966.06	17966.45	17957.89	17959.88	1991	0	3
2024.01.25	10:05:00	17959.88	17968.33	17957.7	17957.84	4485	0	1
2024.01.25	10:06:00	17957.84	17960.03	17950.46	17954.39	3418	0	3
2024.01.25	10:07:00	17954.39	17970.81	17948.61	17962.13	1671	0	2
2024.01.25	10:08:00	17962.13	17965.38	17959.09	17961.47	3479	0	4
2024.01.25	10:09:00	17961.47	17966.4	17950.83	17953.54	2517	0	2
2024.01.25	10:10:00	17953.54	17955.17	17944.81	17952.34	2689	0	3
2024.01.25	10:11:00	17952.34	17962.26	17948.88	17957.38	4293	0	3
2024.01.25	10:12:00	17957.38	17959.42	17943.34	17946.97	3384	0	2
2024.01.25	10:13:00	17946.97	17947.03	17926.63	17932.38	4949	0	1
2024.01.25	10:14:00	17932.38	17953.7	17931.82	17950.84	4676	0	2
2024.01.25	10:15:00	17950.84	17955.39	17945.21	17945.36	4324	0	3
2024.01.25	10:16:00	17945.36	17947.26	17943.99	17944.47	2595	0	4
2024.01.25	10:17:00	17944.47	17949.04	17936.82	17941.22	2723	0	4
2024.01.25	10:18:00	17941.22	17953.52	17933.27	17946.56	4469	0	2
2024.01.25	10:19:00	17946.56	17968.14	17946.45	17963.03	4415	0	1
2024.01.25	10:20:00	17963.03	17969.74	17955.16	17968.67	2167	0	1
2024.01.25	10:21:00	17968.67	17973.18	17954.47	17955.22	3679	0	3
2024.01.25	10:22:00	17955.22	17956.26	17936.63	17943.0	3197	0	2
2024.01.25	10:23:00	17943.0	17945.72	17938.83	17939.73	1010	0	1
2024.01.25	10:24:00	17939.73	17942.34	17935.42	17937.65	1055	0	1
2024.01.25	10:25:00	17937.65	17940.65	17913.66	17922.38	878	0	3
2024.01.25	10:26:00	17922.38	17936.09	17919.71	17930.17	1652	0	2
2024.01.25	10:27:00	17930.17	17932.79	17917.7	17920.67	4713	0	1
2024.01.25	10:28:00	17920.67	17937.56	17914.97	17934.59	1927	0	2
2024.01.25	10:29:00	17934.59	17955.53	17928.83	17951.49	4659	0	4
2024.01.25	10:30:00	17951.49	17953.09	17942.76	17949.59	2481	0	4
2024.01.25	10:31:00	17949.59	17959.4	17947.89	17953.94	2562	0	2
2024.01.25	10:32:00	17953.94	17961.8	17938.63	17943.1	1651	0	4
2024.01.25	10:33:00	17943.1	17951.32	17943.07	17949.13	3478	0	4
2024.01.25	10:34:00	17949.13	17955.88	17943.58	17944.96	3151	0	2
2024.01.25	10:35:00	17944.96	17946.14	17930.76	17935.44	1871	0	1
2024.01.25	10:36:00	17935.44	17940.07	17930.95	17933.17	4031	0	1
2024.01.25	10:37:00	17933.17	17936.39	17927.01	17929.3	3656	0	4
2024.01.25	10:38:00	17929.3	17938.28	17923.96	17926.71	3700	0	1
2024.01.25	10:39:00	17926.71	17940.08	17925.39	17935.69	2507	0	2
2024.01.25	10:40:00	17935.69	17941.24	17920.86	17928.92	3412	0	4
2024.01.25	10:41:00	17928.92	17953.13	17921.3	17945.04	2068	0	1
2024.01.25	10:42:00	17945.04	17949.03	17931.58	17933.36	4997	0	2
2024.01.25	10:43:00	17933.36	17957.79	17929.41	17948.39	2482	0	4
2024.01.25	10:44:00	17948.39	17949.56	17938.66	17939.52	1733	0	4
2024.01.25	10:45:00	17939.52	17943.74	17937.69	17939.86	2549	0	2
2024.01.25	10:46:00	17939.86	17946.61	17930.63	17935.77	4736	0	1
2024.01.25	10:47:00	17935.77	17936.72	17929.56	17933.01	4742	0	3
2024.01.25	10:48:00	17933.01	17940.76	17929.66	17940.65	2100	0	2
2024.01.25	10:49:00	17940.65	17955.75	17940.53	17954.64	4482	0	3
2024.01.25	10:50:00	17954.64	17968.27	17948.61	17965.82	1875	0	3
2024.01.25	10:51:00	17965.82	17969.8	17960.53	17962.5	1374	0	2
2024.01.25	10:52:00	17962.5	17966.63	17958.4	17964.53	1497	0	2
2024.01.25	10:53:00	17964.53	17966.48	17957.38	17957.78	1753	0	1
2024.01.25	10:54:00	17957.78	17958.01	17948.76	17949.12	1817	0	3
2024.01.25	10:55:00	17949.12	17956.36	17937.47	17939.07	1847	0	4
2024.01.25	10:56:00	17939.07	17943.14	17935.38	17935.45	2224	0	4
2024.01.25	10:57:00	17935.45	17943.91	17931.98	17938.08	552	0	3
2024.01.25	10:58:00	17938.08	17940.89	17917.81	17921.08	2198	0	3
2024.01.25	10:59:00	17921.08	17924.51	17919.45	17921.02	2886	0	4
2024.01.25	11:00:00	17921.02	17940.32	17916.56	17935.14	2303	0	1
2024.01.25	11:01:00	17935.14	17948.45	17933.01	17945.69	2672	0	4
2024.01.25	11:02:00	17945.69	17955.33	17934.92	17940.73	1512	0	1
2024.01.25	11:03:00	17940.73	17941.09	17921.89	17928.4	1060	0	4
2024.01.25	11:04:00	17928.4	17938.48	17922.23	17932.94	4551	0	1
2024.01.25	11:05:00	17932.94	17936.57	17910.96	17912.26	4956	0	3
2024.01.25	11:06:00	17912.26	17926.2	17909.96	17922.69	2334	0	1
2024.01.25	11:07:00	17922.69	17931.41	17915.68	17921.11	3925	0	1
2024.01.25	11:08:00	17921.11	17940.46	17917.53	17938.1	1132	0	3
2024.01.25	11:09:00	17938.1	17942.26	17921.41	17922.78	1323	0	4
2024.01.25	11:10:00	17922.78	17932.93	17921.44	17931.47	2839	0	1
2024.01.25	11:11:00	17931.47	17935.16	17928.16	17930.92	3673	0	4
2024.01.25	11:12:00	17930.92	17934.13	17928.21	17928.27	3656	0	4
2024.01.25	11:13:00	17928.27	17929.1	17905.1	17916.2	2032	0	3
2024.01.25	11:14:00	17916.2	17933.71	17908.37	17921.96	4444	0	2
2024.01.25	11:15:00	17921.96	17930.19	17916.8	17928.46	3347	0	4
2024.01.25	11:16:00	17928.46	17946.35	17928.37	17945.03	1925	0	3
2024.01.25	11:17:00	17945.03	17960.99	17943.04	17954.55	2617	0	1
2024.01.25	11:18:00	17954.55	17956.35	17940.34	17949.51	1841	0	4
2024.01.25	11:19:00	17949.51	17952.95	17937.28	17940.75	1124	0	2
2024.01.25	11:20:00	17940.75	17943.98	17922.14	17928.68	525	0	2
2024.01.25	11:21:00	17928.68	17946.01	17924.92	17942.42	2570	0	1
2024.01.25	11:22:00	17942.42	17942.53	17927.8	17935.71	528	0	2
2024.01.25	11:23:00	17935.71	17951.15	17929.88	17949.52	4827	0	3
2024.01.25	11:24:00	17949.52	17960.73	17944.21	17954.65	4449	0	4
2024.01.25	11:25:00	17954.65	17958.7	17954.53	17958.01	3866	0	2
2024.01.25	11:26:00	17958.01	17963.57	17946.05	17955.57	3876	0	3
2024.01.25	11:27:00	17955.57	17965.71	17950.1	17961.94	3319	0	1
2024.01.25	11:28:00	17961.94	17966.55	17961.13	17962.16	3796	0	1
2024.01.25	11:29:00	17962.16	17962.92	17957.34	17959.16	4295	0	3
2024.01.25	11:30:00	17959.16	17966.86	17951.97	17965.85	2806	0	1
2024.01.25	11:31:00	17965.85	17970.67	17964.76	17964.9	4229	0	2
2024.01.25	11:32:00	17964.9	17969.06	17954.26	17958.0	1568	0	1
2024.01.25	11:33:00	17958.0	17973.98	17953.46	17963.81	4496	0	2
2024.01.25	11:34:00	17963.81	17967.69	17961.71	17963.59	3679	0	2
2024.01.25	11:35:00	17963.59	17969.5	17961.6	17968.4	989	0	2
2024.01.25	11:36:00	17968.4	17969.53	17959.75	17964.63	1318	0	2
2024.01.25	11:37:00	17964.63	17971.73	17950.12	17953.99	1082	0	1
2024.01.25	11:38:00	17953.99	17974.76	17949.94	17970.13	1591	0	4
2024.01.25	11:39:00	17970.13	17985.32	17969.62	17984.57	4095	0	2
2024.01.25	11:40:00	17984.57	17994.75	17984.14	17992.98	4219	0	4
2024.01.25	11:41:00	17992.98	17994.89	17988.57	17989.81	4979	0	1
2024.01.25	11:42:00	17989.81	17995.72	17983.95	17987.43	1079	0	1
2024.01.25	11:43:00	17987.43	18001.77	17982.37	18000.39	3031	0	2
2024.01.25	11:44:00	18000.39	18004.52	17990.55	17997.52	4197	0	1
2024.01.25	11:45:00	17997.52	18002.72	17989.82	17992.12	4839	0	2
2024.01.25	11:46:00	17992.12	18012.83	17991.95	18009.54	941	0	4
2024.01.25	11:47:00	18009.54	18011.88	18007.33	18009.47	3482	0	4
2024.01.25	11:48:00	18009.47	18033.89	18006.47	18025.96	859	0	2
2024.01.25	11:49:00	18025.96	18026.03	18006.77	18013.57	883	0	1
2024.01.25	11:50:00	18013.57	18023.02	18013.21	18018.65	4256	0	2
2024.01.25	11:51:00	18018.65	18043.78	18015.38	18037.92	4668	0	2
2024.01.25	11:52:00	18037.92	18043.72	18037.26	18038.55	1334	0	1
2024.01.25	11:53:00	18038.55	18042.89	18035.04	18036.5	4276	0	4
2024.01.25	11:54:00	18036.5	18036.71	18023.83	18026.2	4602	0	3
2024.01.25	11:55:00	18026.2	18037.58	18021.33	18036.44	2911	0	2
2024.01.25	11:56:00	18036.44	18040.56	18028.97	18029.77	1271	0	2
2024.01.25	11:57:00	18029.77	18037.42	18021.86	18029.27	3847	0	2
2024.01.25	11:58:00	18029.27	18039.35	18017.54	18018.36	2968	0	2
2024.01.25	11:59:00	18018.36	18033.11	18013.56	18032.93	2081	0	4
2024.01.25	12:00:00	18032.93	18055.41	18031.38	18043.84	4393	0	3
2024.01.25	12:01:00	18043.84	18044.64	18033.64	18043.91	3271	0	1
2024.01.25	12:02:00	18043.91	18046.62	18033.46	18033.73	1689	0	1
2024.01.25	12:03:00	18033.73	18053.77	18026.21	18048.12	2359	0	4
2024.01.25	12:04:00	18048.12	18050.97	18039.72	18045.14	1891	0	2
2024.01.25	12:05:00	18045.14	18045.88	18028.76	18035.41	2872	0	2
2024.01.25	12:06:00	18035.41	18038.38	18016.7	18019.68	1719	0	4
2024.01.25	12:07:00	18019.68	18025.04	18009.95	18014.15	3364	0	4
2024.01.25	12:08:00	18014.15	18018.32	17993.47	18001.24	2516	0	3
2024.01.25	12:09:00	18001.24	18002.49	17993.88	17995.93	742	0	4
2024.01.25	12:10:00	17995.93	18005.83	17990.07	18003.07	525	0	3
2024.01.25	12:11:00	18003.07	18003.72	17999.91	18000.01	932	0	4
2024.01.25	12:12:00	18000.01	18004.25	17991.85	18003.61	1222	0	2
2024.01.25	12:13:00	18003.61	18007.17	17995.96	17997.38	870	0	1
2024.01.25	12:14:00	17997.38	17999.98	17996.74	17998.33	3476	0	1
2024.01.25	12:15:00	17998.33	18017.24	17997.24	18016.21	3177	0	3
2024.01.25	12:16:00	18016.21	18019.04	18006.34	18013.39	594	0	4
2024.01.25	12:17:00	18013.39	18021.54	18008.84	18017.26	2358	0	2
2024.01.25	12:18:00	18017.26	18018.04	17999.45	18003.34	1821	0	3
2024.01.25	12:19:00	18003.34	18021.65	17994.25	18017.56	2750	0	3
2024.01.25	12:20:00	18017.56	18021.22	18007.5	18013.57	3133	0	4
2024.01.25	12:21:00	18013.57	18026.22	18009.15	18023.52	2751	0	4
2024.01.25	12:22:00	18023.52	18027.01	18019.34	18022.75	2294	0	3
2024.01.25	12:23:00	18022.75	18029.67	18019.32	18028.7	682	0	2
2024.01.25	12:24:00	18028.7	18038.7	18026.86	18035.18	4066	0	2
2024.01.25	12:25:00	18035.18	18042.51	18030.58	18031.41	4082	0	2
2024.01.25	12:26:00	18031.41	18044.47	18031.09	18041.75	4368	0	4
2024.01.25	12:27:00	18041.75	18041.97	18032.91	18035.17	3653	0	3
2024.01.25	12:28:00	18035.17	18045.02	18033.93	18042.64	1973	0	1
2024.01.25	12:29:00	18042.64	18043.32	18039.35	18039.44	3595	0	2
2024.01.25	12:30:00	18039.44	18047.14	18037.94	18042.99	4556	0	2
2024.01.25	12:31:00	18042.99	18047.47	18038.14	18039.13	654	0	3
2024.01.25	12:32:00	18039.13	18041.67	18038.17	18039.95	2782	0	4
2024.01.25	12:33:00	18039.95	18047.46	18028.53	18030.49	3432	0	1
2024.01.25	12:34:00	18030.49	18041.93	18021.91	18033.11	4932	0	3
2024.01.25	12:35:00	18033.11	18035.94	18031.09	18033.88	2752	0	3
2024.01.25	12:36:00	18033.88	18038.77	18023.07	18029.31	4458	0	1
2024.01.25	12:37:00	18029.31	18030.2	18026.04	18029.17	3922	0	1
2024.01.25	12:38:00	18029.17	18032.73	18025.47	18030.75	4054	0	1
2024.01.25	12:39:00	18030.75	18033.5	18017.34	18025.48	935	0	4
2024.01.25	12:40:00	18025.48	18026.65	18023.13	18024.67	2768	0	1
2024.01.25	12:41:00	18024.67	18030.63	18012.81	18015.85	3860	0	1
2024.01.25	12:42:00	18015.85	18040.31	18013.9	18037.63	1061	0	2
2024.01.25	12:43:00	18037.63	18047.66	18037.54	18047.66	4827	0	3
2024.01.25	12:44:00	18047.66	18053.9	18046.19	18050.52	3579	0	2
2024.01.25	12:45:00	18050.52	18072.72	18050.34	18061.6	4329	0	3
2024.01.25	12:46:00	18061.6	18064.81	18041.95	18043.87	3347	0	2
2024.01.25	12:47:00	18043.87	18048.49	18011.96	18020.87	4523	0	2
2024.01.25	12:48:00	18020.87	18021.3	18016.68	18017.59	4550	0	3
2024.01.25	12:49:00	18017.59	18018.42	18002.55	18005.38	841	0	3
2024.01.25	12:50:00	18005.38	18007.75	17999.79	18003.58	4717	0	3
2024.01.25	12:51:00	18003.58	18007.96	17999.72	18005.82	2883	0	4
2024.01.25	12:52:00	18005.82	18024.93	17999.38	18014.57	2699	0	2
2024.01.25	12:53:00	18014.57	18017.09	17995.76	18004.55	1609	0	1
2024.01.25	12:54:00	18004.55	18010.73	18002.97	18008.55	2319	0	1
2024.01.25	12:55:00	18008.55	18009.54	18007.24	18009.04	2952	0	3
2024.01.25	12:56:00	18009.04	18019.26	18000.37	18012.57	2897	0	2
2024.01.25	12:57:00	18012.57	18018.33	18003.92	18008.19	3679	0	2
2024.01.25	12:58:00	18008.19	18022.42	18007.24	18021.17	3556	0	3
2024.01.25	12:59:00	18021.17	18024.79	18015.2	18020.59	3860	0	3
2024.01.25	13:00:00	18020.59	18037.92	18013.36	18037.15	3103	0	4
2024.01.25	13:01:00	18037.15	18044.52	18029.99	18030.29	4962	0	4
2024.01.25	13:02:00	18030.29	18043.6	18026.74	18037.43	4453	0	3
2024.01.25	13:03:00	18037.43	18038.4	18036.12	18037.25	4809	0	3
2024.01.25	13:04:00	18037.25	18039.66	18030.52	18034.62	3758	0	4
2024.01.25	13:05:00	18034.62	18042.17	18031.8	18040.75	1612	0	1
2024.01.25	13:06:00	18040.75	18042.5	18033.13	18038.38	4840	0	4
2024.01.25	13:07:00	18038.38	18043.82	18004.53	18014.44	4620	0	2
2024.01.25	13:08:00	18014.44	18015.19	17974.98	17986.88	1835	0	1
2024.01.25	13:09:00	17986.88	18001.56	17983.55	17998.84	4478	0	3
2024.01.25	13:10:00	17998.84	18013.47	17996.74	18010.41	2849	0	4
2024.01.25	13:11:00	18010.41	18030.36	18010.13	18027.99	3755	0	1
2024.01.25	13:12:00	18027.99	18035.61	18020.81	18028.19	2039	0	1
2024.01.25	13:13:00	18028.19	18029.16	18012.68	18016.76	1659	0	3
2024.01.25	13:14:00	18016.76	18020.42	18006.69	18013.29	2309	0	3
2024.01.25	13:15:00	18013.29	18020.46	18012.52	18013.76	1347	0	3
2024.01.25	13:16:00	18013.76	18023.76	18003.9	18004.93	1135	0	4
2024.01.25	13:17:00	18004.93	18023.35	18001.25	18020.33	2460	0	4
2024.01.25	13:18:00	18020.33	18044.3	18014.29	18041.14	4764	0	4
2024.01.25	13:19:00	18041.14	18053.6	18039.86	18045.87	675	0	1
2024.01.25	13:20:00	18045.87	18052.33	18039.91	18046.13	1972	0	2
2024.01.25	13:21:00	18046.13	18052.3	18031.46	18034.66	1777	0	3
2024.01.25	13:22:00	18034.66	18052.59	18027.3	18049.15	1434	0	4
2024.01.25	13:23:00	18049.15	18050.81	18046.53	18050.21	830	0	2
2024.01.25	13:24:00	18050.21	18055.1	18043.04	18047.93	1291	0	3
2024.01.25	13:25:00	18047.93	18053.13	18046.77	18052.69	2860	0	1
2024.01.25	13:26:00	18052.69	18055.94	18044.59	18047.69	2421	0	4
2024.01.25	13:27:00	18047.69	18055.67	18046.83	18049.4	3274	0	3
2024.01.25	13:28:00	18049.4	18050.73	18035.89	18036.58	4353	0	1
2024.01.25	13:29:00	18036.58	18052.21	18029.26	18046.87	1000	0	3
2024.01.25	13:30:00	18046.87	18048.7	18045.84	18046.28	1986	0	2
2024.01.25	13:31:00	18046.28	18057.58	18044.13	18057.23	4432	0	2
2024.01.25	13:32:00	18057.23	18060.28	18050.57	18055.75	1561	0	2
2024.01.25	13:33:00	18055.75	18059.55	18049.05	18054.87	935	0	4
2024.01.25	13:34:00	18054.87	18060.25	18042.2	18044.15	1577	0	4
2024.01.25	13:35:00	18044.15	18052.56	18042.65	18051.45	2282	0	1
2024.01.25	13:36:00	18051.45	18051.57	18039.0	18043.81	1651	0	2
2024.01.25	13:37:00	18043.81	18048.95	18030.34	18039.73	2754	0	2
2024.01.25	13:38:00	18039.73	18042.76	18038.58	18040.1	1418	0	4
2024.01.25	13:39:00	18040.1	18043.84	18039.47	18041.57	3119	0	2
2024.01.25	13:40:00	18041.57	18047.24	18026.32	18026.35	4395	0	3
2024.01.25	13:41:00	18026.35	18028.34	18022.52	18024.6	1935	0	1
2024.01.25	13:42:00	18024.6	18034.16	18022.98	18032.22	2940	0	4
2024.01.25	13:43:00	18032.22	18036.16	18027.53	18029.13	3708	0	2
2024.01.25	13:44:00	18029.13	18032.63	18023.28	18027.44	798	0	2
2024.01.25	13:45:00	18027.44	18031.73	18027.03	18029.28	2036	0	3
2024.01.25	13:46:00	18029.28	18034.31	18022.29	18028.49	3354	0	3
2024.01.25	13:47:00	18028.49	18033.12	18018.91	18019.44	1637	0	3
2024.01.25	13:48:00	18019.44	18023.56	18017.77	18019.47	2353	0	4
2024.01.25	13:49:00	18019.47	18029.67	18013.64	18028.91	2539	0	2
2024.01.25	13:50:00	18028.91	18033.27	18019.58	18019.67	4714	0	3
2024.01.25	13:51:00	18019.67	18021.31	18016.04	18016.62	1010	0	2
2024.01.25	13:52:00	18016.62	18016.62	18004.22	18004.38	3353	0	1
2024.01.25	13:53:00	18004.38	18014.03	17997.69	18013.32	4847	0	2
2024.01.25	13:54:00	18013.32	18019.65	18011.44	18012.84	4574	0	3
2024.01.25	13:55:00	18012.84	18018.79	17999.75	18005.45	2975	0	1
2024.01.25	13:56:00	18005.45	18011.91	18004.38	18006.65	2246	0	3
2024.01.25	13:57:00	18006.65	18009.51	17991.07	17996.04	1148	0	3
2024.01.25	13:58:00	17996.04	18000.53	17985.9	17986.98	1677	0	3
2024.01.25	13:59:00	17986.98	17990.45	17970.03	17974.05	4082	0	4
2024.01.25	14:00:00	17974.05	17980.31	17960.3	17964.7	620	0	2
2024.01.25	14:01:00	17964.7	17982.7	17960.42	17977.41	3741	0	4
2024.01.25	14:02:00	17977.41	17977.47	17970.77	17971.1	4683	0	3
2024.01.25	14:03:00	17971.1	17979.01	17966.74	17975.7	2437	0	1
2024.01.25	14:04:00	17975.7	17979.09	17963.37	17968.45	4140	0	2
2024.01.25	14:05:00	17968.45	17976.4	17962.75	17975.72	4926	0	2
2024.01.25	14:06:00	17975.72	17976.6	17966.27	17966.74	3927	0	1
2024.01.25	14:07:00	17966.74	17967.9	17959.74	17967.46	2752	0	3
2024.01.25	14:08:00	17967.46	17971.88	17964.47	17968.3	3039	0	4
2024.01.25	14:09:00	17968.3	17992.98	17961.5	17989.85	1457	0	4
2024.01.25	14:10:00	17989.85	17999.15	17988.59	17995.95	1093	0	3
2024.01.25	14:11:00	17995.95	18003.24	17985.46	17990.91	4060	0	1
2024.01.25	14:12:00	17990.91	17998.16	17985.96	17997.51	2837	0	4
2024.01.25	14:13:00	17997.51	18017.56	17990.82	18017.37	4679	0	1
2024.01.25	14:14:00	18017.37	18020.85	17995.03	18002.87	3843	0	2
2024.01.25	14:15:00	18002.87	18008.62	17992.2	17995.55	1680	0	4
2024.01.25	14:16:00	17995.55	18001.58	17987.16	17993.75	4831	0	4
2024.01.25	14:17:00	17993.75	18000.21	17987.81	17990.31	530	0	1
2024.01.25	14:18:00	17990.31	17993.76	17986.15	17987.64	930	0	3
2024.01.25	14:19:00	17987.64	17994.16	17972.62	17976.12	3241	0	4
2024.01.25	14:20:00	17976.12	17993.51	17971.58	17989.27	3219	0	2
2024.01.25	14:21:00	17989.27	17995.56	17975.73	17976.67	3797	0	3
2024.01.25	14:22:00	17976.67	17983.76	17971.78	17975.21	3411	0	2
2024.01.25	14:23:00	17975.21	17987.3	17975.19	17985.09	1673	0	2
2024.01.25	14:24:00	17985.09	17994.27	17983.26	17985.18	1168	0	3
2024.01.25	14:25:00	17985.18	17986.84	17973.83	17976.62	4836	0	1
2024.01.25	14:26:00	17976.62	17979.15	17960.46	17964.71	2022	0	4
2024.01.25	14:27:00	17964.71	17970.4	17962.22	17962.97	1254	0	4
2024.01.25	14:28:00	17962.97	17969.47	17951.67	17956.45	811	0	1
2024.01.25	14:29:00	17956.45	17962.81	17954.33	17958.67	4105	0	1
2024.01.25	14:30:00	17958.67	17961.34	17943.31	17946.29	4301	0	3
2024.01.25	14:31:00	17946.29	17958.72	17945.47	17954.04	4443	0	2
2024.01.25	14:32:00	17954.04	17957.88	17952.73	17955.45	4337	0	3
2024.01.25	14:33:00	17955.45	17961.14	17944.2	17957.54	1268	0	1
2024.01.25	14:34:00	17957.54	17977.72	17951.66	17971.0	564	0	4
2024.01.25	14:35:00	17971.0	17978.76	17965.13	17967.38	2756	0	1
2024.01.25	14:36:00	17967.38	17969.96	17956.38	17961.14	2785	0	1
2024.01.25	14:37:00	17961.14	17962.59	17954.96	17956.51	626	0	3
2024.01.25	14:38:00	17956.51	17957.45	17954.36	17955.12	4443	0	2
2024.01.25	14:39:00	17955.12	17959.33	17952.83	17954.66	3388	0	1
2024.01.25	14:40:00	17954.66	17964.03	17947.46	17947.46	3567	0	4
2024.01.25	14:41:00	17947.46	17949.88	17925.36	17929.45	2959	0	3
2024.01.25	14:42:00	17929.45	17931.78	17923.81	17924.71	4970	0	2
2024.01.25	14:43:00	17924.71	17933.38	17910.6	17928.34	4002	0	3
2024.01.25	14:44:00	17928.34	17933.49	17926.28	17929.93	3102	0	1
2024.01.25	14:45:00	17929.93	17943.24	17923.68	17941.19	2755	0	2
2024.01.25	14:46:00	17941.19	17965.19	17938.71	17959.32	4256	0	1
2024.01.25	14:47:00	17959.32	17968.77	17958.83	17966.58	2092	0	3
2024.01.25	14:48:00	17966.58	17989.71	17959.89	17979.53	4374	0	2
2024.01.25	14:49:00	17979.53	17996.41	17972.24	17986.87	1115	0	1
2024.01.25	14:50:00	17986.87	18003.45	17984.93	18002.81	662	0	2
2024.01.25	14:51:00	18002.81	18032.8	17999.54	18020.05	729	0	4
2024.01.25	14:52:00	18020.05	18032.37	18018.06	18029.09	2149	0	4
2024.01.25	14:53:00	18029.09	18039.9	18026.89	18035.9	2879	0	1
2024.01.25	14:54:00	18035.9	18038.9	18029.99	18034.39	4533	0	1
2024.01.25	14:55:00	18034.39	18036.05	18026.83	18034.37	4634	0	3
2024.01.25	14:56:00	18034.37	18037.4	18029.87	18031.65	640	0	3
2024.01.25	14:57:00	18031.65	18041.41	18031.35	18037.68	3947	0	4
2024.01.25	14:58:00	18037.68	18042.97	18030.09	18031.46	1405	0	4
2024.01.25	14:59:00	18031.46	18035.22	18026.61	18030.08	2269	0	4
2024.01.25	15:00:00	18030.08	18035.56	18006.89	18008.95	4362	0	1
2024.01.25	15:01:00	18008.95	18026.19	18007.73	18025.03	4926	0	1
2024.01.25	15:02:00	18025.03	18025.11	18009.46	18023.38	4072	0	1
2024.01.25	15:03:00	18023.38	18033.04	18018.73	18027.9	1328	0	2
2024.01.25	15:04:00	18027.9	18041.9	18016.74	18041.57	670	0	3
2024.01.25	15:05:00	18041.57	18045.73	18039.68	18044.68	4989	0	4
2024.01.25	15:06:00	18044.68	18059.24	18043.54	18058.24	1559	0	3
2024.01.25	15:07:00	18058.24	18060.05	18041.59	18047.25	1535	0	4
2024.01.25	15:08:00	18047.25	18070.95	18045.74	18069.53	2847	0	2
2024.01.25	15:09:00	18069.53	18084.67	18066.86	18079.84	1256	0	3
2024.01.25	15:10:00	18079.84	18087.58	18066.13	18082.12	3496	0	1
2024.01.25	15:11:00	18082.12	18096.49	18078.95	18095.54	4362	0	1
2024.01.25	15:12:00	18095.54	18103.21	18084.12	18085.19	2057	0	4
2024.01.25	15:13:00	18085.19	18087.12	18076.26	18082.91	2609	0	2
2024.01.25	15:14:00	18082.91	18105.53	18080.47	18096.5	4549	0	3
2024.01.25	15:15:00	18096.5	18101.89	18075.64	18079.76	4513	0	4
2024.01.25	15:16:00	18079.76	18086.3	18075.56	18085.26	920	0	3
2024.01.25	15:17:00	18085.26	18093.81	18077.07	18090.49	3866	0	1
2024.01.25	15:18:00	18090.49	18112.12	18089.94	18108.9	589	0	3
2024.01.25	15:19:00	18108.9	18111.35	18086.3	18094.76	1205	0	4
2024.01.25	15:20:00	18094.76	18110.53	18092.51	18109.87	3322	0	2
2024.01.25	15:21:00	18109.87	18112.57	18103.79	18105.1	1048	0	2
2024.01.25	15:22:00	18105.1	18108.92	18098.62	18101.37	1328	0	3
2024.01.25	15:23:00	18101.37	18101.55	18088.24	18090.53	2510	0	3
2024.01.25	15:24:00	18090.53	18094.38	18076.49	18080.93	2370	0	1
2024.01.25	15:25:00	18080.93	18089.46	18070.98	18084.99	3026	0	1
2024.01.25	15:26:00	18084.99	18089.57	18073.61	18075.17	4641	0	3
2024.01.25	15:27:00	18075.17	18084.6	18071.23	18082.31	2404	0	1
2024.01.25	15:28:00	18082.31	18087.79	18076.3	18076.6	1878	0	2
2024.01.25	15:29:00	18076.6	18081.07	18064.24	18065.86	1453	0	2
2024.01.25	15:30:00	18065.86	18066.25	18057.33	18061.39	4446	0	2
2024.01.25	15:31:00	18061.39	18065.59	18060.08	18064.83	1478	0	4
2024.01.25	15:32:00	18064.83	18072.99	18055.44	18062.66	518	0	4
2024.01.25	15:33:00	18062.66	18064.66	18057.64	18063.33	2794	0	3
2024.01.25	15:34:00	18063.33	18073.49	18058.91	18070.06	3792	0	2
2024.01.25	15:35:00	18070.06	18082.08	18063.22	18080.33	564	0	3
2024.01.25	15:36:00	18080.33	18088.85	18075.49	18077.85	3364	0	1
2024.01.25	15:37:00	18077.85	18083.47	18067.28	18068.66	2475	0	4
2024.01.25	15:38:00	18068.66	18071.57	18063.24	18069.72	3994	0	4
2024.01.25	15:39:00	18069.72	18077.59	18069.48	18074.39	649	0	2
2024.01.25	15:40:00	18074.39	18076.26	18059.57	18061.38	4537	0	1
2024.01.25	15:41:00	18061.38	18066.62	18050.69	18053.6	4429	0	4
2024.01.25	15:42:00	18053.6	18055.39	18045.82	18047.39	3589	0	1
2024.01.25	15:43:00	18047.39	18050.93	18045.08	18045.85	3290	0	1
2024.01.25	15:44:00	18045.85	18048.56	18037.2	18039.26	3668	0	1
2024.01.25	15:45:00	18039.26	18046.85	18032.87	18046.08	1220	0	1
2024.01.25	15:46:00	18046.08	18048.71	18030.71	18031.78	4535	0	4
2024.01.25	15:47:00	18031.78	18033.93	18017.11	18017.72	3958	0	2
2024.01.25	15:48:00	18017.72	18018.08	18008.34	18015.03	3898	0	1
2024.01.25	15:49:00	18015.03	18017.79	18011.42	18013.79	2716	0	4
2024.01.25	15:50:00	18013.79	18014.6	17998.71	18000.89	1134	0	2
2024.01.25	15:51:00	18000.89	18007.33	17991.36	17995.72	2798	0	3
2024.01.25	15:52:00	17995.72	18002.01	17986.45	17992.42	2952	0	3
2024.01.25	15:53:00	17992.42	17993.28	17987.24	17989.2	1652	0	1
2024.01.25	15:54:00	17989.2	17991.2	17979.26	17990.94	4658	0	3
2024.01.25	15:55:00	17990.94	17997.47	17982.47	17985.28	2271	0	4
2024.01.25	15:56:00	17985.28	18006.94	17984.48	17999.1	4793	0	4
2024.01.25	15:57:00	17999.1	18008.64	17997.28	18003.91	4451	0	4
2024.01.25	15:58:00	18003.91	18007.34	17994.18	17996.91	836	0	3
2024.01.25	15:59:00	17996.91	18008.5	17992.59	17998.14	1162	0	3
2024.01.26	09:30:00	17998.14	17999.81	17996.16	17999.63	2266	0	4
2024.01.26	09:31:00	17999.63	18011.64	17998.75	18011.06	3306	0	3
2024.01.26	09:32:00	18011.06	18014.17	18003.32	18005.95	1010	0	4
2024.01.26	09:33:00	18005.95	18015.36	18004.56	18013.3	1476	0	2
2024.01.26	09:34:00	18013.3	18015.1	18009.03	18014.05	4353	0	2
2024.01.26	09:35:00	18014.05	18030.85	18005.67	18028.02	2501	0	1
2024.01.26	09:36:00	18028.02	18043.7	18026.5	18040.17	3001	0	2
2024.01.26	09:37:00	18040.17	18044.95	18037.32	18042.33	2898	0	3
2024.01.26	09:38:00	18042.33	18043.21	18038.35	18040.29	4860	0	2
2024.01.26	09:39:00	18040.29	18051.4	18039.12	18045.28	1048	0	1
2024.01.26	09:40:00	18045.28	18048.98	18043.19	18043.99	2845	0	2
2024.01.26	09:41:00	18043.99	18064.63	18042.66	18059.71	853	0	3
2024.01.26	09:42:00	18059.71	18061.08	18055.21	18060.79	709	0	1
2024.01.26	09:43:00	18060.79	18067.63	18049.55	18057.44	2678	0	3
2024.01.26	09:44:00	18057.44	18065.41	18044.3	18053.6	4565	0	2
2024.01.26	09:45:00	18053.6	18062.85	18037.26	18042.88	2342	0	3
2024.01.26	09:46:00	18042.88	18058.16	18042.79	18048.33	3726	0	1
2024.01.26	09:47:00	18048.33	18050.41	18040.11	18041.19	4644	0	4
2024.01.26	09:48:00	18041.19	18055.39	18035.02	18051.59	527	0	2
2024.01.26	09:49:00	18051.59	18051.76	18028.01	18040.14	3640	0	2
2024.01.26	09:50:00	18040.14	18042.62	18036.41	18041.66	4543	0	1
2024.01.26	09:51:00	18041.66	18055.32	18035.8	18052.53	4535	0	2
2024.01.26	09:52:00	18052.53	18052.75	18030.08	18033.23	3811	0	2
2024.01.26	09:53:00	18033.23	18054.57	18026.86	18052.03	4677	0	1
2024.01.26	09:54:00	18052.03	18053.95	18041.01	18048.5	3208	0	3
2024.01.26	09:55:00	18048.5	18059.23	18040.48	18050.15	585	0	2
2024.01.26	09:56:00	18050.15	18056.2	18048.24	18055.74	4919	0	2
2024.01.26	09:57:00	18055.74	18069.55	18051.06	18062.74	4459	0	1
2024.01.26	09:58:00	18062.74	18073.13	18060.93	18065.61	1355	0	3
2024.01.26	09:59:00	18065.61	18080.68	18063.02	18075.09	4813	0	1
2024.01.26	10:00:00	18075.09	18082.77	18073.88	18080.21	3432	0	3
2024.01.26	10:01:00	18080.21	18097.94	18078.09	18096.7	2536	0	2
2024.01.26	10:02:00	18096.7	18103.76	18093.45	18101.85	4183	0	3
2024.01.26	10:03:00	18101.85	18126.86	18099.19	18120.23	3361	0	2
2024.01.26	10:04:00	18120.23	18132.28	18120.06	18128.86	4050	0	3
2024.01.26	10:05:00	18128.86	18135.65	18105.59	18112.65	2056	0	4
2024.01.26	10:06:00	18112.65	18139.83	18110.0	18136.98	2254	0	2
2024.01.26	10:07:00	18136.98	18142.41	18120.68	18132.07	943	0	1
2024.01.26	10:08:00	18132.07	18151.78	18130.4	18146.17	4501	0	3
2024.01.26	10:09:00	18146.17	18151.35	18144.07	18146.78	1681	0	1
2024.01.26	10:10:00	18146.78	18161.17	18143.12	18156.89	1118	0	1
2024.01.26	10:11:00	18156.89	18159.92	18145.25	18150.93	862	0	4
2024.01.26	10:12:00	18150.93	18166.15	18149.05	18157.04	2237	0	3
2024.01.26	10:13:00	18157.04	18161.97	18152.14	18155.08	2690	0	1
2024.01.26	10:14:00	18155.08	18172.7	18153.49	18169.96	4255	0	3
2024.01.26	10:15:00	18169.96	18181.46	18164.85	18174.36	3441	0	3
2024.01.26	10:16:00	18174.36	18183.89	18173.88	18183.34	4127	0	2
2024.01.26	10:17:00	18183.34	18187.98	18162.58	18163.79	523	0	3
2024.01.26	10:18:00	18163.79	18164.47	18162.36	18163.37	631	0	3
2024.01.26	10:19:00	18163.37	18173.46	18158.83	18167.5	1529	0	3
2024.01.26	10:20:00	18167.5	18172.29	18166.79	18169.93	2235	0	2
2024.01.26	10:21:00	18169.93	18183.63	18165.7	18179.13	831	0	2
2024.01.26	10:22:00	18179.13	18182.97	18173.66	18176.13	4404	0	3
2024.01.26	10:23:00	18176.13	18178.67	18174.24	18176.94	4845	0	1
2024.01.26	10:24:00	18176.94	18196.24	18169.38	18188.18	2682	0	2
2024.01.26	10:25:00	18188.18	18198.3	18166.8	18167.57	4114	0	4
2024.01.26	10:26:00	18167.57	18178.14	18163.7	18173.36	1358	0	3
2024.01.26	10:27:00	18173.36	18176.1	18166.79	18170.65	639	0	4
2024.01.26	10:28:00	18170.65	18173.02	18161.81	18162.62	4543	0	2
2024.01.26	10:29:00	18162.62	18171.45	18156.01	18166.08	4162	0	3
2024.01.26	10:30:00	18166.08	18187.7	18164.65	18177.74	3909	0	3
2024.01.26	10:31:00	18177.74	18188.07	18175.6	18187.67	4222	0	1
2024.01.26	10:32:00	18187.67	18189.91	18181.39	18186.79	3696	0	1
2024.01.26	10:33:00	18186.79	18204.08	18179.68	18195.22	4123	0	2
2024.01.26	10:34:00	18195.22	18209.74	18194.76	18203.58	4852	0	3
2024.01.26	10:35:00	18203.58	18206.2	18202.83	18203.14	4452	0	3
2024.01.26	10:36:00	18203.14	18203.41	18196.94	18197.12	4505	0	4
2024.01.26	10:37:00	18197.12	18201.76	18190.98	18191.63	2607	0	1
2024.01.26	10:38:00	18191.63	18201.34	18191.48	18199.71	4183	0	3
2024.01.26	10:39:00	18199.71	18204.08	18193.27	18199.69	1577	0	4
2024.01.26	10:40:00	18199.69	18199.81	18184.68	18190.41	1913	0	1
2024.01.26	10:41:00	18190.41	18193.66	18165.4	18175.26	4417	0	4
2024.01.26	10:42:00	18175.26	18184.13	18175.21	18183.28	2135	0	4
2024.01.26	10:43:00	18183.28	18186.49	18176.72	18178.61	4255	0	1
2024.01.26	10:44:00	18178.61	18186.77	18174.16	18182.02	2729	0	1
2024.01.26	10:45:00	18182.02	18194.48	18179.63	18193.8	1736	0	1
2024.01.26	10:46:00	18193.8	18198.08	18178.82	18182.11	2352	0	1
2024.01.26	10:47:00	18182.11	18183.65	18178.06	18182.06	3113	0	2
2024.01.26	10:48:00	18182.06	18184.26	18177.74	18180.85	785	0	2
2024.01.26	10:49:00	18180.85	18190.38	18177.79	18184.71	3006	0	2
2024.01.26	10:50:00	18184.71	18199.61	18181.67	18196.49	972	0	4
2024.01.26	10:51:00	18196.49	18199.56	18175.6	18184.6	2693	0	2
2024.01.26	10:52:00	18184.6	18193.7	18180.77	18190.22	1954	0	1
2024.01.26	10:53:00	18190.22	18201.96	18183.69	18200.08	3238	0	3
2024.01.26	10:54:00	18200.08	18202.16	18196.87	18198.73	4276	0	3
2024.01.26	10:55:00	18198.73	18204.51	18194.45	18197.83	877	0	2
2024.01.26	10:56:00	18197.83	18208.37	18192.37	18202.05	882	0	3
2024.01.26	10:57:00	18202.05	18215.07	18198.87	18205.59	2545	0	1
2024.01.26	10:58:00	18205.59	18214.15	18203.67	18211.32	3892	0	4
2024.01.26	10:59:00	18211.32	18220.86	18207.13	18216.87	1759	0	2
2024.01.26	11:00:00	18216.87	18217.37	18201.01	18208.17	4021	0	1
2024.01.26	11:01:00	18208.17	18218.92	18207.22	18217.67	510	0	2
2024.01.26	11:02:00	18217.67	18230.01	18214.44	18228.8	1827	0	1
2024.01.26	11:03:00	18228.8	18234.84	18225.94	18230.88	2836	0	3
2024.01.26	11:04:00	18230.88	18232.49	18209.98	18217.46	3317	0	2
2024.01.26	11:05:00	18217.46	18220.1	18214.75	18216.77	2141	0	4
2024.01.26	11:06:00	18216.77	18227.29	18216.28	18218.92	4469	0	2
2024.01.26	11:07:00	18218.92	18219.06	18202.27	18208.73	2440	0	1
2024.01.26	11:08:00	18208.73	18211.85	18205.3	18205.78	3360	0	3
2024.01.26	11:09:00	18205.78	18212.64	18187.9	18193.15	1001	0	4
2024.01.26	11:10:00	18193.15	18207.71	18192.14	18199.11	4681	0	2
2024.01.26	11:11:00	18199.11	18203.55	18188.45	18201.0	2775	0	2
2024.01.26	11:12:00	18201.0	18210.51	18183.81	18186.21	2615	0	1
2024.01.26	11:13:00	18186.21	18191.64	18183.72	18189.81	1715	0	3
2024.01.26	11:14:00	18189.81	18190.46	18187.55	18189.65	3234	0	1
2024.01.26	11:15:00	18189.65	18195.55	18182.91	18194.77	502	0	2
2024.01.26	11:16:00	18194.77	18204.98	18187.85	18191.53	2533	0	1
2024.01.26	11:17:00	18191.53	18201.62	18178.91	18184.51	4010	0	2
2024.01.26	11:18:00	18184.51	18185.5	18177.7	18177.78	3999	0	4
2024.01.26	11:19:00	18177.78	18179.0	18172.91	18173.19	3325	0	2
2024.01.26	11:20:00	18173.19	18174.7	18167.64	18173.72	2185	0	1
2024.01.26	11:21:00	18173.72	18176.14	18173.27	18175.45	2875	0	4
2024.01.26	11:22:00	18175.45	18176.67	18169.44	18174.06	1260	0	2
2024.01.26	11:23:00	18174.06	18174.92	18163.35	18170.53	3299	0	1
2024.01.26	11:24:00	18170.53	18170.63	18154.11	18167.66	1473	0	1
2024.01.26	11:25:00	18167.66	18197.15	18167.48	18191.1	1956	0	2
2024.01.26	11:26:00	18191.1	18192.86	18183.37	18184.37	3803	0	1
2024.01.26	11:27:00	18184.37	18187.67	18179.55	18179.6	1053	0	3
2024.01.26	11:28:00	18179.6	18212.81	18177.29	18210.31	1985	0	2
2024.01.26	11:29:00	18210.31	18223.17	18209.8	18214.55	2106	0	3
2024.01.26	11:30:00	18214.55	18220.71	18199.89	18202.2	4758	0	2
2024.01.26	11:31:00	18202.2	18214.22	18199.42	18210.33	4049	0	1
2024.01.26	11:32:00	18210.33	18214.16	18195.58	18202.3	2176	0	1
2024.01.26	11:33:00	18202.3	18211.19	18202.09	18211.05	3237	0	1
2024.01.26	11:34:00	18211.05	18216.31	18204.73	18209.47	1579	0	2
2024.01.26	11:35:00	18209.47	18216.71	18202.42	18205.78	4060	0	3
2024.01.26	11:36:00	18205.78	18224.71	18200.42	18220.98	2051	0	3
2024.01.26	11:37:00	18220.98	18229.2	18213.79	18226.57	4560	0	2
2024.01.26	11:38:00	18226.57	18236.1	18221.3	18235.92	4508	0	1
2024.01.26	11:39:00	18235.92	18242.95	18231.5	18240.3	1623	0	1
2024.01.26	11:40:00	18240.3	18244.17	18236.28	18236.56	2341	0	1
2024.01.26	11:41:00	18236.56	18242.93	18231.87	18242.57	4614	0	2
2024.01.26	11:42:00	18242.57	18256.73	18240.93	18254.11	932	0	2
2024.01.26	11:43:00	18254.11	18263.04	18245.11	18255.72	3481	0	3
2024.01.26	11:44:00	18255.72	18277.71	18251.48	18272.75	2823	0	4
2024.01.26	11:45:00	18272.75	18285.34	18269.64	18280.99	3023	0	4
2024.01.26	11:46:00	18280.99	18289.46	18275.13	18283.31	3075	0	2
2024.01.26	11:47:00	18283.31	18290.38	18280.17	18286.01	2764	0	3
2024.01.26	11:48:00	18286.01	18293.42	18278.05	18287.64	2042	0	1
2024.01.26	11:49:00	18287.64	18293.57	18270.81	18276.43	2609	0	4
2024.01.26	11:50:00	18276.43	18276.77	18270.02	18275.96	4902	0	4
2024.01.26	11:51:00	18275.96	18280.67	18274.79	18278.37	832	0	3
2024.01.26	11:52:00	18278.37	18278.42	18273.25	18274.89	1222	0	3
2024.01.26	11:53:00	18274.89	18283.89	18263.55	18278.38	745	0	2
2024.01.26	11:54:00	18278.38	18289.2	18277.95	18278.94	3315	0	4
2024.01.26	11:55:00	18278.94	18292.83	18275.36	18286.47	1989	0	4
2024.01.26	11:56:00	18286.47	18294.62	18285.72	18292.97	702	0	3
2024.01.26	11:57:00	18292.97	18298.85	18289.78	18294.89	1415	0	1
2024.01.26	11:58:00	18294.89	18295.93	18281.93	18282.59	1670	0	4
2024.01.26	11:59:00	18282.59	18302.75	18277.5	18299.54	889	0	4
2024.01.26	12:00:00	18299.54	18300.0	18293.72	18298.6	3951	0	2
2024.01.26	12:01:00	18298.6	18300.03	18286.87	18298.21	609	0	2
2024.01.26	12:02:00	18298.21	18299.79	18293.47	18295.4	4472	0	4
2024.01.26	12:03:00	18295.4	18302.14	18282.89	18291.25	4902	0	3
2024.01.26	12:04:00	18291.25	18315.8	18285.17	18305.92	4627	0	4
2024.01.26	12:05:00	18305.92	18320.24	18303.38	18319.14	1454	0	4
2024.01.26	12:06:00	18319.14	18325.75	18314.32	18323.63	1527	0	2
2024.01.26	12:07:00	18323.63	18325.59	18310.47	18323.0	4931	0	4
2024.01.26	12:08:00	18323.0	18336.36	18322.91	18329.11	3303	0	2
2024.01.26	12:09:00	18329.11	18330.55	18328.13	18330.16	2950	0	4
2024.01.26	12:10:00	18330.16	18331.66	18325.29	18328.76	4391	0	1
2024.01.26	12:11:00	18328.76	18335.56	18324.98	18332.27	1363	0	4
2024.01.26	12:12:00	18332.27	18336.47	18323.25	18328.54	2327	0	3
2024.01.26	12:13:00	18328.54	18334.8	18322.35	18331.25	1153	0	2
2024.01.26	12:14:00	18331.25	18338.1	18328.76	18333.51	4095	0	4
2024.01.26	12:15:00	18333.51	18347.85	18332.15	18339.47	1403	0	2
2024.01.26	12:16:00	18339.47	18341.28	18329.82	18334.09	1092	0	3
2024.01.26	12:17:00	18334.09	18346.16	18333.87	18341.05	2137	0	3
2024.01.26	12:18:00	18341.05	18343.35	18324.6	18333.0	3039	0	1
2024.01.26	12:19:00	18333.0	18341.82	18323.77	18328.06	1422	0	2
2024.01.26	12:20:00	18328.06	18328.77	18322.17	18323.51	4550	0	4
2024.01.26	12:21:00	18323.51	18327.54	18311.72	18313.94	4226	0	2
2024.01.26	12:22:00	18313.94	18324.8	18313.3	18323.72	4639	0	4
2024.01.26	12:23:00	18323.72	18327.39	18314.32	18315.1	2151	0	1
2024.01.26	12:24:00	18315.1	18317.91	18303.7	18308.99	2248	0	4
2024.01.26	12:25:00	18308.99	18325.55	18303.91	18321.0	2871	0	4
2024.01.26	12:26:00	18321.0	18326.58	18314.3	18316.07	4593	0	4
2024.01.26	12:27:00	18316.07	18323.58	18313.69	18314.69	2755	0	3
2024.01.26	12:28:00	18314.69	18322.46	18300.74	18305.67	2248	0	2
2024.01.26	12:29:00	18305.67	18319.32	18304.93	18313.76	3467	0	1
2024.01.26	12:30:00	18313.76	18335.56	18310.41	18321.98	1096	0	1
2024.01.26	12:31:00	18321.98	18333.89	18315.47	18329.21	4988	0	3
2024.01.26	12:32:00	18329.21	18335.6	18326.76	18334.56	3599	0	4
2024.01.26	12:33:00	18334.56	18335.76	18327.38	18335.61	2496	0	4
2024.01.26	12:34:00	18335.61	18335.88	18330.89	18331.11	906	0	3
2024.01.26	12:35:00	18331.11	18340.09	18323.43	18323.91	1951	0	4
2024.01.26	12:36:00	18323.91	18339.84	18323.34	18336.25	3078	0	2
2024.01.26	12:37:00	18336.25	18344.24	18333.86	18343.72	4883	0	2
2024.01.26	12:38:00	18343.72	18347.05	18332.22	18337.65	2692	0	1
2024.01.26	12:39:00	18337.65	18341.1	18337.21	18338.39	4989	0	3
2024.01.26	12:40:00	18338.39	18350.27	18325.85	18335.97	2830	0	1
2024.01.26	12:41:00	18335.97	18337.14	18320.3	18325.86	4014	0	2
2024.01.26	12:42:00	18325.86	18329.17	18321.44	18327.88	941	0	1
2024.01.26	12:43:00	18327.88	18329.0	18321.6	18324.39	4089	0	4
2024.01.26	12:44:00	18324.39	18327.12	18303.14	18315.92	1589	0	1
2024.01.26	12:45:00	18315.92	18318.13	18302.56	18302.57	2332	0	4
2024.01.26	12:46:00	18302.57	18308.35	18284.31	18288.45	1955	0	1
2024.01.26	12:47:00	18288.45	18290.5	18283.62	18285.38	2925	0	1
2024.01.26	12:48:00	18285.38	18291.33	18284.0	18284.95	3265	0	4
2024.01.26	12:49:00	18284.95	18285.45	18273.07	18277.22	2083	0	2
2024.01.26	12:50:00	18277.22	18284.4	18276.57	18283.61	758	0	3
2024.01.26	12:51:00	18283.61	18284.62	18277.79	18283.36	3284	0	1
2024.01.26	12:52:00	18283.36	18291.43	18282.62	18289.07	2390	0	1
2024.01.26	12:53:00	18289.07	18292.01	18287.36	18287.74	4215	0	2
2024.01.26	12:54:00	18287.74	18290.14	18276.69	18280.82	3628	0	4
2024.01.26	12:55:00	18280.82	18283.81	18278.98	18282.24	2183	0	1
2024.01.26	12:56:00	18282.24	18282.64	18265.85	18270.92	733	0	3
2024.01.26	12:57:00	18270.92	18286.23	18270.91	18276.28	2908	0	4
2024.01.26	12:58:00	18276.28	18279.88	18265.24	18267.97	4077	0	1
2024.01.26	12:59:00	18267.97	18279.1	18263.69	18276.84	3987	0	2
2024.01.26	13:00:00	18276.84	18281.39	18269.76	18274.07	2006	0	4
2024.01.26	13:01:00	18274.07	18285.57	18273.75	18284.27	1439	0	3
2024.01.26	13:02:00	18284.27	18287.27	18273.45	18274.24	830	0	4
2024.01.26	13:03:00	18274.24	18279.66	18265.6	18268.34	3246	0	3
2024.01.26	13:04:00	18268.34	18274.59	18267.18	18272.23	1681	0	2
2024.01.26	13:05:00	18272.23	18284.92	18264.64	18283.43	3990	0	3
2024.01.26	13:06:00	18283.43	18303.62	18283.32	18299.23	3186	0	4
2024.01.26	13:07:00	18299.23	18301.4	18286.03	18299.98	734	0	2
2024.01.26	13:08:00	18299.98	18319.29	18293.01	18317.38	3610	0	1
2024.01.26	13:09:00	18317.38	18320.26	18314.34	18315.06	1641	0	4
2024.01.26	13:10:00	18315.06	18330.77	18313.31	18325.62	4424	0	2
2024.01.26	13:11:00	18325.62	18333.09	18314.9	18317.25	613	0	3
2024.01.26	13:12:00	18317.25	18325.3	18312.77	18321.51	2149	0	1
2024.01.26	13:13:00	18321.51	18321.59	18297.78	18300.17	528	0	1
2024.01.26	13:14:00	18300.17	18304.64	18287.67	18290.14	3348	0	4
2024.01.26	13:15:00	18290.14	18298.45	18283.53	18294.83	2649	0	1
2024.01.26	13:16:00	18294.83	18295.25	18278.63	18283.04	2898	0	2
2024.01.26	13:17:00	18283.04	18287.64	18279.96	18287.36	3653	0	4
2024.01.26	13:18:00	18287.36	18298.13	18282.89	18296.12	4531	0	2
2024.01.26	13:19:00	18296.12	18300.97	18289.33	18291.84	2223	0	1
2024.01.26	13:20:00	18291.84	18294.79	18280.55	18283.24	3066	0	3
2024.01.26	13:21:00	18283.24	18291.78	18271.61	18279.21	3294	0	1
2024.01.26	13:22:00	18279.21	18282.3	18267.11	18270.64	4466	0	3
2024.01.26	13:23:00	18270.64	18277.87	18266.37	18270.07	1361	0	2
2024.01.26	13:24:00	18270.07	18275.21	18268.53	18271.38	2856	0	3
2024.01.26	13:25:00	18271.38	18273.23	18268.78	18268.91	4263	0	4
2024.01.26	13:26:00	18268.91	18286.89	18268.38	18284.78	1766	0	4
2024.01.26	13:27:00	18284.78	18291.6	18277.35	18278.48	2131	0	3
2024.01.26	13:28:00	18278.48	18293.19	18272.25	18291.73	2520	0	2
2024.01.26	13:29:00	18291.73	18294.55	18280.19	18282.45	3682	0	4
2024.01.26	13:30:00	18282.45	18283.8	18277.01	18283.49	3517	0	1
2024.01.26	13:31:00	18283.49	18295.22	18280.34	18294.82	1084	0	2
2024.01.26	13:32:00	18294.82	18311.72	18289.88	18305.67	1426	0	2
2024.01.26	13:33:00	18305.67	18315.32	18296.11	18302.14	4181	0	4
2024.01.26	13:34:00	18302.14	18309.65	18302.01	18307.65	3531	0	2
2024.01.26	13:35:00	18307.65	18315.79	18307.41	18311.92	2831	0	2
2024.01.26	13:36:00	18311.92	18313.4	18306.8	18307.28	2391	0	4
2024.01.26	13:37:00	18307.28	18314.89	18303.14	18313.36	4866	0	4
2024.01.26	13:38:00	18313.36	18332.15	18312.42	18331.0	4471	0	1
2024.01.26	13:39:00	18331.0	18337.3	18329.62	18335.75	2324	0	3
2024.01.26	13:40:00	18335.75	18358.02	18330.34	18341.38	2081	0	3
2024.01.26	13:41:00	18341.38	18355.12	18340.52	18347.99	4428	0	3
2024.01.26	13:42:00	18347.99	18351.21	18332.0	18334.78	2056	0	4
2024.01.26	13:43:00	18334.78	18340.55	18328.53	18339.42	2354	0	4
2024.01.26	13:44:00	18339.42	18340.45	18323.25	18330.35	4626	0	2
2024.01.26	13:45:00	18330.35	18333.99	18323.74	18325.24	985	0	4
2024.01.26	13:46:00	18325.24	18346.8	18321.56	18345.68	3665	0	2
2024.01.26	13:47:00	18345.68	18345.89	18339.56	18343.7	3594	0	1
2024.01.26	13:48:00	18343.7	18347.02	18336.0	18337.19	2206	0	2
2024.01.26	13:49:00	18337.19	18348.95	18336.38	18348.26	1323	0	1
2024.01.26	13:50:00	18348.26	18348.41	18336.49	18339.83	4374	0	4
2024.01.26	13:51:00	18339.83	18344.13	18332.02	18336.04	4099	0	3
2024.01.26	13:52:00	18336.04	18354.23	18325.52	18348.01	4362	0	2
2024.01.26	13:53:00	18348.01	18352.51	18343.21	18348.77	2006	0	1
2024.01.26	13:54:00	18348.77	18352.14	18333.46	18334.63	4833	0	2
2024.01.26	13:55:00	18334.63	18343.02	18332.17	18340.05	3903	0	2
2024.01.26	13:56:00	18340.05	18344.25	18334.4	18336.74	1579	0	2
2024.01.26	13:57:00	18336.74	18354.15	18336.59	18351.41	2666	0	1
2024.01.26	13:58:00	18351.41	18351.88	18343.8	18346.14	1924	0	3
2024.01.26	13:59:00	18346.14	18356.73	18341.79	18356.28	2916	0	3
2024.01.26	14:00:00	18356.28	18374.13	18352.99	18373.16	1347	0	3
2024.01.26	14:01:00	18373.16	18377.94	18360.77	18365.61	3805	0	3
2024.01.26	14:02:00	18365.61	18369.2	18357.92	18364.18	2567	0	3
2024.01.26	14:03:00	18364.18	18374.33	18363.92	18368.16	3492	0	1
2024.01.26	14:04:00	18368.16	18377.05	18350.08	18360.56	3387	0	1
2024.01.26	14:05:00	18360.56	18370.66	18358.83	18363.44	3488	0	3
2024.01.26	14:06:00	18363.44	18368.1	18358.97	18361.71	3919	0	4
2024.01.26	14:07:00	18361.71	18369.01	18354.87	18359.8	3465	0	2
2024.01.26	14:08:00	18359.8	18370.52	18358.79	18360.62	2820	0	3
2024.01.26	14:09:00	18360.62	18365.44	18360.29	18361.65	3133	0	4
2024.01.26	14:10:00	18361.65	18371.16	18358.69	18363.54	3339	0	1
2024.01.26	14:11:00	18363.54	18367.55	18356.18	18358.34	4132	0	1
2024.01.26	14:12:00	18358.34	18365.69	18351.6	18353.55	2641	0	3
2024.01.26	14:13:00	18353.55	18354.38	18350.77	18352.82	1850	0	4
2024.01.26	14:14:00	18352.82	18354.28	18346.55	18352.77	1636	0	3
2024.01.26	14:15:00	18352.77	18356.11	18347.74	18349.06	1317	0	4
2024.01.26	14:16:00	18349.06	18357.08	18346.49	18352.43	3212	0	1
2024.01.26	14:17:00	18352.43	18356.31	18333.2	18335.94	3808	0	3
2024.01.26	14:18:00	18335.94	18343.95	18326.32	18329.53	1926	0	3
2024.01.26	14:19:00	18329.53	18336.21	18325.25	18327.3	2929	0	3
2024.01.26	14:20:00	18327.3	18327.34	18307.78	18319.72	2174	0	1
2024.01.26	14:21:00	18319.72	18349.64	18319.71	18335.21	4552	0	1
2024.01.26	14:22:00	18335.21	18342.02	18327.62	18335.75	4577	0	4
2024.01.26	14:23:00	18335.75	18340.27	18323.69	18337.76	4842	0	2
2024.01.26	14:24:00	18337.76	18342.39	18329.82	18333.64	4374	0	1
2024.01.26	14:25:00	18333.64	18340.96	18331.11	18333.86	4402	0	1
2024.01.26	14:26:00	18333.86	18340.56	18316.27	18322.94	3007	0	1
2024.01.26	14:27:00	18322.94	18327.28	18319.32	18321.73	2964	0	3
2024.01.26	14:28:00	18321.73	18328.12	18308.77	18313.41	1857	0	3
2024.01.26	14:29:00	18313.41	18315.67	18305.75	18311.2	3893	0	4
2024.01.26	14:30:00	18311.2	18314.05	18284.57	18287.85	1940	0	2
2024.01.26	14:31:00	18287.85	18288.48	18277.65	18277.77	2004	0	1
2024.01.26	14:32:00	18277.77	18292.89	18273.25	18291.69	4755	0	3
2024.01.26	14:33:00	18291.69	18303.46	18289.19	18299.75	566	0	2
2024.01.26	14:34:00	18299.75	18316.42	18299.56	18312.34	1031	0	2
2024.01.26	14:35:00	18312.34	18327.21	18309.26	18325.58	4012	0	3
2024.01.26	14:36:00	18325.58	18333.59	18325.47	18332.2	3583	0	4
2024.01.26	14:37:00	18332.2	18336.14	18323.5	18328.36	4016	0	2
2024.01.26	14:38:00	18328.36	18335.73	18318.61	18319.1	2600	0	3
2024.01.26	14:39:00	18319.1	18331.48	18317.44	18330.11	536	0	3
2024.01.26	14:40:00	18330.11	18335.68	18329.96	18331.07	1838	0	3
2024.01.26	14:41:00	18331.07	18358.57	18327.36	18354.61	4386	0	2
2024.01.26	14:42:00	18354.61	18354.86	18346.96	18351.58	3497	0	2
2024.01.26	14:43:00	18351.58	18372.19	18345.99	18370.29	4466	0	3
2024.01.26	14:44:00	18370.29	18375.8	18361.58	18369.2	542	0	2
2024.01.26	14:45:00	18369.2	18385.78	18360.87	18382.0	1942	0	1
2024.01.26	14:46:00	18382.0	18408.29	18379.29	18398.17	3591	0	3
2024.01.26	14:47:00	18398.17	18404.05	18385.01	18389.01	577	0	3
2024.01.26	14:48:00	18389.01	18390.66	18379.22	18384.86	2523	0	3
2024.01.26	14:49:00	18384.86	18388.51	18373.42	18375.61	4442	0	3
2024.01.26	14:50:00	18375.61	18388.12	18361.86	18364.54	1227	0	4
2024.01.26	14:51:00	18364.54	18376.88	18355.7	18371.11	817	0	1
2024.01.26	14:52:00	18371.11	18372.42	18361.96	18369.65	3366	0	1
2024.01.26	14:53:00	18369.65	18376.21	18365.36	18370.5	1544	0	3
2024.01.26	14:54:00	18370.5	18380.63	18363.72	18376.05	1327	0	4
2024.01.26	14:55:00	18376.05	18379.52	18355.54	18359.14	2941	0	2
2024.01.26	14:56:00	18359.14	18377.81	18356.61	18371.47	3227	0	2
2024.01.26	14:57:00	18371.47	18377.66	18362.81	18368.59	4174	0	3
2024.01.26	14:58:00	18368.59	18373.95	18363.67	18373.91	967	0	2
2024.01.26	14:59:00	18373.91	18380.68	18370.55	18380.06	4018	0	3
2024.01.26	15:00:00	18380.06	18394.96	18376.65	18393.19	3515	0	4
2024.01.26	15:01:00	18393.19	18395.23	18389.67	18392.58	3565	0	2
2024.01.26	15:02:00	18392.58	18396.86	18373.0	18373.18	1573	0	2
2024.01.26	15:03:00	18373.18	18378.08	18364.34	18374.08	4229	0	4
2024.01.26	15:04:00	18374.08	18379.23	18371.99	18376.31	1054	0	3
2024.01.26	15:05:00	18376.31	18377.31	18365.6	18367.06	3584	0	2
2024.01.26	15:06:00	18367.06	18371.59	18366.41	18368.8	1105	0	3
2024.01.26	15:07:00	18368.8	18374.29	18365.34	18365.81	3369	0	2
2024.01.26	15:08:00	18365.81	18367.92	18348.32	18353.69	2532	0	2
2024.01.26	15:09:00	18353.69	18363.37	18344.74	18360.3	1254	0	2
2024.01.26	15:10:00	18360.3	18368.15	18347.99	18355.42	1374	0	1
2024.01.26	15:11:00	18355.42	18364.81	18351.2	18352.01	2479	0	2
2024.01.26	15:12:00	18352.01	18352.83	18344.83	18348.08	2147	0	2
2024.01.26	15:13:00	18348.08	18360.43	18338.55	18359.93	2531	0	4
2024.01.26	15:14:00	18359.93	18364.98	18354.17	18359.92	2449	0	3
2024.01.26	15:15:00	18359.92	18365.07	18358.49	18361.02	583	0	3
2024.01.26	15:16:00	18361.02	18368.1	18356.88	18357.29	2432	0	2
2024.01.26	15:17:00	18357.29	18366.04	18349.31	18361.96	2324	0	1
2024.01.26	15:18:00	18361.96	18380.75	18358.36	18374.88	2260	0	2
2024.01.26	15:19:00	18374.88	18383.34	18369.1	18381.28	1521	0	2
2024.01.26	15:20:00	18381.28	18389.93	18375.46	18388.04	1365	0	2
2024.01.26	15:21:00	18388.04	18396.97	18384.78	18394.05	903	0	1
2024.01.26	15:22:00	18394.05	18397.82	18379.93	18381.57	3312	0	1
2024.01.26	15:23:00	18381.57	18383.14	18369.14	18373.78	2958	0	3
2024.01.26	15:24:00	18373.78	18378.86	18370.76	18372.24	4153	0	4
2024.01.26	15:25:00	18372.24	18377.74	18362.92	18365.86	1566	0	4
2024.01.26	15:26:00	18365.86	18369.28	18353.89	18356.33	2335	0	3
2024.01.26	15:27:00	18356.33	18358.47	18335.76	18339.3	1356	0	3
2024.01.26	15:28:00	18339.3	18339.33	18324.76	18327.17	4731	0	3
2024.01.26	15:29:00	18327.17	18331.85	18319.02	18325.16	4040	0	2
2024.01.26	15:30:00	18325.16	18326.53	18323.13	18324.88	1169	0	2
2024.01.26	15:31:00	18324.88	18330.74	18316.36	18317.89	4145	0	1
2024.01.26	15:32:00	18317.89	18324.38	18313.65	18318.99	4655	0	1
2024.01.26	15:33:00	18318.99	18326.19	18307.12	18315.33	3473	0	2
2024.01.26	15:34:00	18315.33	18327.72	18314.83	18325.81	4958	0	2
2024.01.26	15:35:00	18325.81	18328.82	18322.26	18324.68	1353	0	3
2024.01.26	15:36:00	18324.68	18336.4	18317.67	18331.51	1799	0	4
2024.01.26	15:37:00	18331.51	18339.41	18328.4	18333.76	3347	0	4
2024.01.26	15:38:00	18333.76	18338.93	18311.83	18321.11	2922	0	1
2024.01.26	15:39:00	18321.11	18321.8	18317.32	18320.64	3709	0	3
2024.01.26	15:40:00	18320.64	18320.91	18306.07	18309.55	4844	0	3
2024.01.26	15:41:00	18309.55	18313.12	18307.06	18308.91	1549	0	4
2024.01.26	15:42:00	18308.91	18310.7	18295.7	18302.37	4425	0	2
2024.01.26	15:43:00	18302.37	18309.52	18293.76	18306.28	1098	0	2
2024.01.26	15:44:00	18306.28	18308.78	18291.47	18294.2	2567	0	4
2024.01.26	15:45:00	18294.2	18295.17	18289.42	18294.71	2450	0	1
2024.01.26	15:46:00	18294.71	18307.27	18293.03	18300.37	4128	0	1
2024.01.26	15:47:00	18300.37	18318.69	18298.43	18309.15	2409	0	3
2024.01.26	15:48:00	18309.15	18313.41	18295.32	18302.44	4236	0	2
2024.01.26	15:49:00	18302.44	18306.4	18297.64	18302.97	1189	0	1
2024.01.26	15:50:00	18302.97	18314.93	18299.53	18305.04	4970	0	4
2024.01.26	15:51:00	18305.04	18328.9	18298.61	18319.75	1362	0	1
2024.01.26	15:52:00	18319.75	18322.1	18302.58	18306.38	3162	0	1
2024.01.26	15:53:00	18306.38	18317.22	18296.28	18298.3	2748	0	1
2024.01.26	15:54:00	18298.3	18329.02	18297.55	18324.67	907	0	4
2024.01.26	15:55:00	18324.67	18327.67	18313.93	18322.51	2873	0	3
2024.01.26	15:56:00	18322.51	18334.48	18304.2	18305.34	4430	0	1
2024.01.26	15:57:00	18305.34	18308.53	18295.91	18300.3	2920	0	1
2024.01.26	15:58:00	18300.3	18300.45	18274.29	18275.03	3662	0	2
2024.01.26	15:59:00	18275.03	18279.62	18266.51	18277.62	4919	0	4
2024.01.29	09:30:00	18277.62	18286.55	18276.38	18285.49	1863	0	3
2024.01.29	09:31:00	18285.49	18290.78	18276.69	18277.41	678	0	4
2024.01.29	09:32:00	18277.41	18279.39	18272.76	18273.42	3601	0	2
2024.01.29	09:33:00	18273.42	18285.61	18270.37	18282.34	4038	0	3
2024.01.29	09:34:00	18282.34	18283.98	18263.61	18266.51	1141	0	1
2024.01.29	09:35:00	18266.51	18268.17	18251.24	18254.65	2083	0	2
2024.01.29	09:36:00	18254.65	18261.67	18251.49	18252.91	2112	0	2
2024.01.29	09:37:00	18252.91	18253.33	18244.87	18246.32	3888	0	1
2024.01.29	09:38:00	18246.32	18251.46	18239.12	18243.97	4441	0	2
2024.01.29	09:39:00	18243.97	18248.21	18231.49	18232.66	3809	0	3
2024.01.29	09:40:00	18232.66	18238.4	18226.3	18235.01	1834	0	3
2024.01.29	09:41:00	18235.01	18236.37	18227.63	18233.99	3289	0	1
2024.01.29	09:42:00	18233.99	18249.42	18231.23	18239.43	1710	0	2
2024.01.29	09:43:00	18239.43	18243.06	18230.23	18241.65	3340	0	2
2024.01.29	09:44:00	18241.65	18245.95	18239.97	18243.92	4842	0	2
2024.01.29	09:45:00	18243.92	18246.62	18226.24	18230.93	3486	0	1
2024.01.29	09:46:00	18230.93	18244.08	18224.64	18235.84	4033	0	1
2024.01.29	09:47:00	18235.84	18241.62	18228.18	18233.15	3864	0	3
2024.01.29	09:48:00	18233.15	18237.74	18230.44	18231.98	2644	0	2
2024.01.29	09:49:00	18231.98	18244.44	18230.79	18242.02	1092	0	3
2024.01.29	09:50:00	18242.02	18257.62	18232.82	18235.74	4890	0	3
2024.01.29	09:51:00	18235.74	18249.79	18231.83	18248.59	2123	0	3
2024.01.29	09:52:00	18248.59	18268.19	18243.57	18262.31	4489	0	3
2024.01.29	09:53:00	18262.31	18274.83	18258.19	18269.63	4289	0	3
2024.01.29	09:54:00	18269.63	18274.5	18256.24	18260.93	3577	0	1
2024.01.29	09:55:00	18260.93	18262.72	18232.76	18241.09	2965	0	1
2024.01.29	09:56:00	18241.09	18256.98	18232.48	18251.42	1732	0	3
2024.01.29	09:57:00	18251.42	18259.72	18248.25	18252.82	1116	0	1
2024.01.29	09:58:00	18252.82	18254.03	18244.02	18246.3	4427	0	4
2024.01.29	09:59:00	18246.3	18265.85	18243.21	18257.51	4827	0	2
2024.01.29	10:00:00	18257.51	18258.73	18246.41	18249.91	3528	0	1
2024.01.29	10:01:00	18249.91	18252.25	18245.22	18246.35	4945	0	3
2024.01.29	10:02:00	18246.35	18253.7	18244.45	18251.57	1474	0	2
2024.01.29	10:03:00	18251.57	18258.07	18232.73	18241.65	2807	0	1
2024.01.29	10:04:00	18241.65	18244.46	18240.0	18241.0	1285	0	1
2024.01.29	10:05:00	18241.0	18258.09	18230.48	18251.43	2899	0	4
2024.01.29	10:06:00	18251.43	18254.56	18246.22	18253.74	4510	0	2
2024.01.29	10:07:00	18253.74	18265.86	18251.68	18265.64	1814	0	2
2024.01.29	10:08:00	18265.64	18279.25	18264.19	18276.5	2394	0	3
2024.01.29	10:09:00	18276.5	18283.61	18271.94	18276.93	2822	0	1
2024.01.29	10:10:00	18276.93	18281.64	18251.98	18255.68	2587	0	2
2024.01.29	10:11:00	18255.68	18256.32	18238.76	18245.83	4859	0	3
2024.01.29	10:12:00	18245.83	18261.83	18235.65	18253.25	2418	0	4
2024.01.29	10:13:00	18253.25	18256.99	18237.39	18239.29	1645	0	2
2024.01.29	10:14:00	18239.29	18245.93	18227.86	18236.64	1973	0	4
2024.01.29	10:15:00	18236.64	18240.29	18234.44	18240.13	1870	0	2
2024.01.29	10:16:00	18240.13	18254.61	18236.7	18254.07	1917	0	4
2024.01.29	10:17:00	18254.07	18260.62	18248.04	18249.12	4538	0	1
2024.01.29	10:18:00	18249.12	18250.84	18242.55	18243.54	2807	0	1
2024.01.29	10:19:00	18243.54	18253.49	18241.19	18243.42	2229	0	2
2024.01.29	10:20:00	18243.42	18248.47	18242.81	18247.03	1136	0	4
2024.01.29	10:21:00	18247.03	18250.57	18241.27	18245.97	4876	0	2
2024.01.29	10:22:00	18245.97	18266.92	18239.55	18256.03	1189	0	1
2024.01.29	10:23:00	18256.03	18260.02	18243.14	18249.01	2073	0	1
2024.01.29	10:24:00	18249.01	18253.47	18246.65	18250.49	3647	0	2
2024.01.29	10:25:00	18250.49	18256.06	18243.15	18254.97	520	0	2
2024.01.29	10:26:00	18254.97	18257.19	18243.14	18251.63	1923	0	3
2024.01.29	10:27:00	18251.63	18266.39	18247.61	18259.76	4791	0	4
2024.01.29	10:28:00	18259.76	18267.12	18250.51	18261.5	608	0	1
2024.01.29	10:29:00	18261.5	18281.98	18261.2	18269.16	1566	0	4
2024.01.29	10:30:00	18269.16	18275.29	18267.85	18271.32	887	0	4
2024.01.29	10:31:00	18271.32	18275.5	18267.83	18275.17	3623	0	2
2024.01.29	10:32:00	18275.17	18279.87	18264.89	18269.69	552	0	1
2024.01.29	10:33:00	18269.69	18286.8	18259.53	18264.22	713	0	4
2024.01.29	10:34:00	18264.22	18279.27	18262.97	18275.91	2626	0	4
2024.01.29	10:35:00	18275.91	18282.18	18272.94	18282.16	3867	0	1
2024.01.29	10:36:00	18282.16	18284.59	18270.13	18273.06	4570	0	4
2024.01.29	10:37:00	18273.06	18279.71	18272.85	18275.1	1490	0	4
2024.01.29	10:38:00	18275.1	18275.29	18251.39	18253.51	3073	0	2
2024.01.29	10:39:00	18253.51	18255.09	18248.54	18248.57	4101	0	4
2024.01.29	10:40:00	18248.57	18259.98	18245.99	18257.82	3782	0	1
2024.01.29	10:41:00	18257.82	18264.16	18249.93	18257.02	4849	0	3
2024.01.29	10:42:00	18257.02	18258.75	18253.52	18258.48	840	0	3
2024.01.29	10:43:00	18258.48	18262.51	18230.82	18230.98	703	0	1
2024.01.29	10:44:00	18230.98	18236.17	18220.5	18227.72	3587	0	4
2024.01.29	10:45:00	18227.72	18232.19	18223.82	18231.21	2155	0	4
2024.01.29	10:46:00	18231.21	18241.01	18231.19	18235.87	3823	0	2
2024.01.29	10:47:00	18235.87	18248.93	18234.01	18245.12	3721	0	2
2024.01.29	10:48:00	18245.12	18247.87	18243.08	18243.54	2491	0	2
2024.01.29	10:49:00	18243.54	18243.98	18237.4	18242.38	4983	0	1
2024.01.29	10:50:00	18242.38	18251.58	18228.44	18230.44	4467	0	4
2024.01.29	10:51:00	18230.44	18232.24	18223.02	18228.92	2133	0	4
2024.01.29	10:52:00	18228.92	18232.14	18211.39	18217.64	523	0	3
2024.01.29	10:53:00	18217.64	18221.04	18197.25	18200.97	4977	0	2
2024.01.29	10:54:00	18200.97	18204.52	18190.07	18191.33	4857	0	3
2024.01.29	10:55:00	18191.33	18207.43	18189.06	18205.6	4546	0	2
2024.01.29	10:56:00	18205.6	18210.96	18192.41	18203.47	751	0	4
2024.01.29	10:57:00	18203.47	18208.33	18195.14	18205.86	3736	0	3
2024.01.29	10:58:00	18205.86	18206.15	18201.34	18201.49	4822	0	1
2024.01.29	10:59:00	18201.49	18208.48	18185.0	18185.36	2218	0	4
2024.01.29	11:00:00	18185.36	18195.52	18184.26	18194.35	3895	0	2
2024.01.29	11:01:00	18194.35	18197.28	18166.73	18174.71	2916	0	3
2024.01.29	11:02:00	18174.71	18181.68	18165.93	18169.97	2584	0	3
2024.01.29	11:03:00	18169.97	18171.59	18162.45	18169.83	3741	0	4
2024.01.29	11:04:00	18169.83	18178.21	18162.77	18172.31	3111	0	2
2024.01.29	11:05:00	18172.31	18177.87	18159.06	18165.99	3585	0	1
2024.01.29	11:06:00	18165.99	18170.34	18148.25	18149.45	1506	0	1
2024.01.29	11:07:00	18149.45	18150.69	18135.03	18142.46	1797	0	3
2024.01.29	11:08:00	18142.46	18145.19	18135.25	18135.94	3379	0	2
2024.01.29	11:09:00	18135.94	18136.39	18127.05	18129.21	3007	0	3
2024.01.29	11:10:00	18129.21	18143.55	18124.63	18138.48	2224	0	4
2024.01.29	11:11:00	18138.48	18142.63	18119.57	18127.7	4257	0	2
2024.01.29	11:12:00	18127.7	18133.61	18124.17	18130.82	2036	0	3
2024.01.29	11:13:00	18130.82	18139.07	18125.78	18132.64	2637	0	1
2024.01.29	11:14:00	18132.64	18146.77	18125.74	18141.82	1922	0	3
2024.01.29	11:15:00	18141.82	18146.78	18138.98	18140.96	3048	0	1
2024.01.29	11:16:00	18140.96	18148.84	18135.69	18148.59	3030	0	1
2024.01.29	11:17:00	18148.59	18150.44	18145.28	18147.37	1973	0	2
2024.01.29	11:18:00	18147.37	18152.44	18142.95	18151.73	3981	0	1
2024.01.29	11:19:00	18151.73	18154.19	18137.62	18138.28	1220	0	3
2024.01.29	11:20:00	18138.28	18144.74	18112.23	18114.43	3965	0	2
2024.01.29	11:21:00	18114.43	18118.34	18108.82	18118.25	796	0	2
2024.01.29	11:22:00	18118.25	18123.56	18114.94	18122.57	1627	0	2
2024.01.29	11:23:00	18122.57	18128.33	18116.83	18127.3	2327	0	3
2024.01.29	11:24:00	18127.3	18132.02	18119.54	18122.84	2405	0	3
2024.01.29	11:25:00	18122.84	18137.38	18120.83	18136.88	3342	0	4
2024.01.29	11:26:00	18136.88	18141.76	18131.32	18133.02	4723	0	3
2024.01.29	11:27:00	18133.02	18144.01	18128.65	18137.25	3920	0	3
2024.01.29	11:28:00	18137.25	18148.35	18134.94	18143.08	2949	0	4
2024.01.29	11:29:00	18143.08	18166.22	18141.39	18159.24	878	0	4
2024.01.29	11:30:00	18159.24	18159.52	18153.22	18156.68	4964	0	4
2024.01.29	11:31:00	18156.68	18161.78	18146.02	18151.04	1933	0	3
2024.01.29	11:32:00	18151.04	18152.69	18132.36	18137.64	3290	0	4
2024.01.29	11:33:00	18137.64	18155.39	18130.75	18152.27	4135	0	4
2024.01.29	11:34:00	18152.27	18162.76	18147.78	18156.5	3647	0	1
2024.01.29	11:35:00	18156.5	18163.66	18151.61	18161.03	1005	0	4
2024.01.29	11:36:00	18161.03	18200.2	18153.83	18190.08	1668	0	1
2024.01.29	11:37:00	18190.08	18194.1	18183.91	18193.44	4969	0	2
2024.01.29	11:38:00	18193.44	18203.41	18177.22	18181.81	3955	0	4
2024.01.29	11:39:00	18181.81	18187.94	18172.5	18180.37	3347	0	3
2024.01.29	11:40:00	18180.37	18187.53	18165.87	18171.76	2507	0	3
2024.01.29	11:41:00	18171.76	18172.41	18160.99	18168.48	4730	0	3
2024.01.29	11:42:00	18168.48	18175.44	18160.4	18165.14	3771	0	1
2024.01.29	11:43:00	18165.14	18166.87	18152.48	18160.11	3786	0	4
2024.01.29	11:44:00	18160.11	18168.65	18147.26	18147.66	4623	0	1
2024.01.29	11:45:00	18147.66	18164.85	18147.58	18162.66	4837	0	2
2024.01.29	11:46:00	18162.66	18171.23	18162.59	18165.78	4367	0	1
2024.01.29	11:47:00	18165.78	18168.01	18154.75	18164.07	3493	0	3
2024.01.29	11:48:00	18164.07	18175.41	18157.5	18171.4	1529	0	4
2024.01.29	11:49:00	18171.4	18176.42	18170.2	18176.1	1706	0	4
2024.01.29	11:50:00	18176.1	18187.87	18173.23	18179.0	1193	0	1
2024.01.29	11:51:00	18179.0	18196.09	18169.7	18185.67	4101	0	4
2024.01.29	11:52:00	18185.67	18187.91	18179.77	18187.27	2005	0	1
2024.01.29	11:53:00	18187.27	18197.8	18182.56	18193.8	1517	0	2
2024.01.29	11:54:00	18193.8	18203.23	18188.16	18201.11	3766	0	2
2024.01.29	11:55:00	18201.11	18210.08	18201.04	18202.97	3042	0	2
2024.01.29	11:56:00	18202.97	18209.54	18195.22	18201.3	1606	0	1
2024.01.29	11:57:00	18201.3	18220.96	18197.47	18215.78	2178	0	2
2024.01.29	11:58:00	18215.78	18217.39	18202.44	18211.74	2664	0	2
2024.01.29	11:59:00	18211.74	18217.75	18210.33	18215.71	4095	0	3
2024.01.29	12:00:00	18215.71	18220.23	18211.37	18219.89	530	0	4
2024.01.29	12:01:00	18219.89	18223.51	18211.82	18214.63	3917	0	1
2024.01.29	12:02:00	18214.63	18215.32	18205.41	18207.55	854	0	2
2024.01.29	12:03:00	18207.55	18211.93	18201.43	18204.65	4387	0	4
2024.01.29	12:04:00	18204.65	18208.38	18199.4	18200.48	1030	0	4
2024.01.29	12:05:00	18200.48	18203.11	18181.47	18187.41	1611	0	3
2024.01.29	12:06:00	18187.41	18187.51	18181.31	18181.77	2161	0	4
2024.01.29	12:07:00	18181.77	18187.2	18181.39	18184.59	4989	0	2
2024.01.29	12:08:00	18184.59	18206.32	18182.66	18196.61	2291	0	4
2024.01.29	12:09:00	18196.61	18208.09	18192.0	18202.08	4124	0	1
2024.01.29	12:10:00	18202.08	18209.2	18173.58	18178.5	1653	0	3
2024.01.29	12:11:00	18178.5	18185.15	18170.66	18184.77	2240	0	3
2024.01.29	12:12:00	18184.77	18185.96	18177.58	18180.0	2827	0	1
2024.01.29	12:13:00	18180.0	18189.59	18179.43	18184.53	1074	0	3
2024.01.29	12:14:00	18184.53	18187.74	18184.04	18184.77	635	0	4
2024.01.29	12:15:00	18184.77	18184.9	18182.66	18183.35	2072	0	3
2024.01.29	12:16:00	18183.35	18185.66	18177.59	18182.78	4038	0	1
2024.01.29	12:17:00	18182.78	18185.15	18178.25	18182.93	977	0	3
2024.01.29	12:18:00	18182.93	18205.37	18180.69	18195.68	4182	0	3
2024.01.29	12:19:00	18195.68	18197.03	18193.07	18195.86	3269	0	3
2024.01.29	12:20:00	18195.86	18209.37	18190.8	18206.23	1733	0	1
2024.01.29	12:21:00	18206.23	18216.18	18205.02	18215.26	1008	0	2
2024.01.29	12:22:00	18215.26	18233.86	18212.81	18221.78	2977	0	2
2024.01.29	12:23:00	18221.78	18221.93	18200.62	18205.67	2437	0	1
2024.01.29	12:24:00	18205.67	18221.37	18203.61	18216.33	989	0	2
2024.01.29	12:25:00	18216.33	18219.11	18206.21	18212.47	3504	0	2
2024.01.29	12:26:00	18212.47	18220.81	18197.52	18219.44	4267	0	1
2024.01.29	12:27:00	18219.44	18222.43	18204.72	18210.83	2538	0	2
2024.01.29	12:28:00	18210.83	18215.92	18197.53	18200.27	2531	0	1
2024.01.29	12:29:00	18200.27	18225.43	18196.16	18218.86	4467	0	4
2024.01.29	12:30:00	18218.86	18220.92	18202.74	18210.4	2243	0	1
2024.01.29	12:31:00	18210.4	18222.79	18207.36	18221.33	1584	0	1
2024.01.29	12:32:00	18221.33	18233.46	18218.47	18222.79	4312	0	2
2024.01.29	12:33:00	18222.79	18227.3	18212.84	18219.28	2857	0	3
2024.01.29	12:34:00	18219.28	18221.65	18214.84	18219.23	4719	0	2
2024.01.29	12:35:00	18219.23	18219.93	18201.36	18207.59	4609	0	1
2024.01.29	12:36:00	18207.59	18211.0	18205.34	18207.83	4149	0	2
2024.01.29	12:37:00	18207.83	18212.28	18196.12	18198.21	2089	0	1
2024.01.29	12:38:00	18198.21	18199.4	18193.38	18194.93	3729	0	2
2024.01.29	12:39:00	18194.93	18203.98	18191.16	18203.83	2627	0	2
2024.01.29	12:40:00	18203.83	18206.79	18197.68	18206.53	3939	0	4
2024.01.29	12:41:00	18206.53	18208.61	18192.6	18193.24	4697	0	2
2024.01.29	12:42:00	18193.24	18206.74	18190.75	18201.45	3796	0	3
2024.01.29	12:43:00	18201.45	18204.34	18194.96	18201.75	2746	0	1
2024.01.29	12:44:00	18201.75	18205.07	18194.91	18197.11	4966	0	2
2024.01.29	12:45:00	18197.11	18207.52	18192.66	18204.36	4389	0	4
2024.01.29	12:46:00	18204.36	18208.44	18202.27	18203.18	1601	0	1
2024.01.29	12:47:00	18203.18	18207.77	18188.26	18192.8	4732	0	2
2024.01.29	12:48:00	18192.8	18214.27	18189.11	18210.2	2658	0	2
2024.01.29	12:49:00	18210.2	18210.87	18206.85	18210.4	1652	0	2
2024.01.29	12:50:00	18210.4	18218.0	18209.58	18210.02	1826	0	2
2024.01.29	12:51:00	18210.02	18216.31	18201.18	18206.65	4036	0	4
2024.01.29	12:52:00	18206.65	18219.32	18205.94	18217.89	2233	0	1
2024.01.29	12:53:00	18217.89	18219.71	18207.32	18213.42	3441	0	2
2024.01.29	12:54:00	18213.42	18218.06	18194.84	18199.54	2501	0	2
2024.01.29	12:55:00	18199.54	18206.44	18186.81	18193.65	4940	0	3
2024.01.29	12:56:00	18193.65	18207.16	18191.81	18206.24	1114	0	1
2024.01.29	12:57:00	18206.24	18217.12	18198.5	18214.28	3135	0	3
2024.01.29	12:58:00	18214.28	18215.99	18205.08	18212.29	2100	0	3
2024.01.29	12:59:00	18212.29	18226.9	18205.19	18225.32	4067	0	2
2024.01.29	13:00:00	18225.32	18239.9	18220.53	18232.59	4743	0	2
2024.01.29	13:01:00	18232.59	18233.58	18230.44	18230.49	2055	0	1
2024.01.29	13:02:00	18230.49	18236.86	18221.64	18229.33	4584	0	3
2024.01.29	13:03:00	18229.33	18235.42	18223.12	18232.73	3228	0	4
2024.01.29	13:04:00	18232.73	18237.66	18222.96	18225.42	747	0	4
2024.01.29	13:05:00	18225.42	18230.89	18218.78	18225.82	4003	0	2
2024.01.29	13:06:00	18225.82	18230.46	18221.62	18229.03	2981	0	2
2024.01.29	13:07:00	18229.03	18238.69	18212.93	18213.83	4851	0	2
2024.01.29	13:08:00	18213.83	18218.53	18204.18	18212.45	2565	0	1
2024.01.29	13:09:00	18212.45	18216.81	18209.35	18210.02	1633	0	2
2024.01.29	13:10:00	18210.02	18228.08	18208.66	18219.87	1277	0	1
2024.01.29	13:11:00	18219.87	18225.16	18201.14	18203.22	855	0	1
2024.01.29	13:12:00	18203.22	18204.27	18199.31	18200.07	3674	0	2
2024.01.29	13:13:00	18200.07	18202.19	18193.33	18196.0	4893	0	4
2024.01.29	13:14:00	18196.0	18216.38	18195.8	18205.21	3411	0	4
2024.01.29	13:15:00	18205.21	18209.82	18199.25	18205.17	3211	0	4
2024.01.29	13:16:00	18205.17	18223.2	18200.28	18222.1	627	0	4
2024.01.29	13:17:00	18222.1	18241.91	18218.12	18228.58	577	0	4
2024.01.29	13:18:00	18228.58	18229.12	18224.16	18225.15	2746	0	3
2024.01.29	13:19:00	18225.15	18230.42	18223.43	18227.73	2839	0	1
2024.01.29	13:20:00	18227.73	18232.05	18224.69	18224.83	2415	0	4
2024.01.29	13:21:00	18224.83	18240.86	18221.52	18233.12	4712	0	4
2024.01.29	13:22:00	18233.12	18234.45	18219.14	18221.19	1985	0	2
2024.01.29	13:23:00	18221.19	18221.37	18211.57	18213.96	4929	0	3
2024.01.29	13:24:00	18213.96	18220.05	18210.27	18218.53	1685	0	2
2024.01.29	13:25:00	18218.53	18236.76	18212.35	18230.2	1965	0	3
2024.01.29	13:26:00	18230.2	18233.25	18209.86	18210.25	1846	0	1
2024.01.29	13:27:00	18210.25	18227.13	18206.77	18223.29	4018	0	3
2024.01.29	13:28:00	18223.29	18226.1	18217.73	18222.37	1989	0	3
2024.01.29	13:29:00	18222.37	18226.68	18199.81	18205.36	2564	0	4
2024.01.29	13:30:00	18205.36	18207.18	18176.36	18178.07	1001	0	2
2024.01.29	13:31:00	18178.07	18182.5	18163.15	18164.36	2291	0	2
2024.01.29	13:32:00	18164.36	18171.64	18164.35	18164.54	1399	0	1
2024.01.29	13:33:00	18164.54	18168.56	18158.58	18164.3	3911	0	3
2024.01.29	13:34:00	18164.3	18171.19	18161.16	18170.49	4157	0	4
2024.01.29	13:35:00	18170.49	18177.24	18165.55	18165.79	1714	0	3
2024.01.29	13:36:00	18165.79	18166.18	18154.74	18155.97	4946	0	4
2024.01.29	13:37:00	18155.97	18158.82	18152.11	18152.53	2418	0	1
2024.01.29	13:38:00	18152.53	18157.81	18146.22	18153.21	4256	0	3
2024.01.29	13:39:00	18153.21	18156.19	18147.91	18155.69	1609	0	1
2024.01.29	13:40:00	18155.69	18159.24	18145.24	18148.8	4365	0	2
2024.01.29	13:41:00	18148.8	18163.84	18144.97	18157.45	1141	0	2
2024.01.29	13:42:00	18157.45	18157.56	18148.99	18152.1	2127	0	2
2024.01.29	13:43:00	18152.1	18157.68	18144.03	18144.47	2206	0	3
2024.01.29	13:44:00	18144.47	18145.45	18135.57	18139.85	1338	0	4
2024.01.29	13:45:00	18139.85	18153.68	18134.77	18150.09	4816	0	3
2024.01.29	13:46:00	18150.09	18156.09	18143.46	18149.23	1822	0	1
2024.01.29	13:47:00	18149.23	18151.56	18143.21	18143.21	2384	0	4
2024.01.29	13:48:00	18143.21	18157.92	18139.77	18152.09	575	0	2
2024.01.29	13:49:00	18152.09	18181.4	18151.37	18172.16	3574	0	3
2024.01.29	13:50:00	18172.16	18176.47	18169.87	18174.45	1307	0	4
2024.01.29	13:51:00	18174.45	18186.61	18174.34	18186.17	1782	0	2
2024.01.29	13:52:00	18186.17	18204.01	18180.55	18196.08	4626	0	3
2024.01.29	13:53:00	18196.08	18202.08	18187.7	18190.86	4394	0	3
2024.01.29	13:54:00	18190.86	18192.1	18187.66	18191.47	1016	0	3
2024.01.29	13:55:00	18191.47	18200.68	18178.57	18180.03	3312	0	2
2024.01.29	13:56:00	18180.03	18180.69	18171.72	18178.5	3863	0	3
2024.01.29	13:57:00	18178.5	18189.76	18172.69	18173.1	4777	0	4
2024.01.29	13:58:00	18173.1	18176.72	18164.08	18169.76	1583	0	4
2024.01.29	13:59:00	18169.76	18175.77	18162.41	18163.22	1966	0	2
2024.01.29	14:00:00	18163.22	18169.36	18155.48	18160.95	1566	0	1
2024.01.29	14:01:00	18160.95	18166.21	18159.07	18166.21	2921	0	4
2024.01.29	14:02:00	18166.21	18168.45	18162.92	18165.47	3214	0	3
2024.01.29	14:03:00	18165.47	18166.0	18142.09	18148.69	1359	0	1
2024.01.29	14:04:00	18148.69	18153.23	18134.92	18142.2	602	0	4
2024.01.29	14:05:00	18142.2	18142.5	18123.7	18128.61	1111	0	3
2024.01.29	14:06:00	18128.61	18131.23	18123.75	18131.21	1439	0	4
2024.01.29	14:07:00	18131.21	18143.95	18120.1	18136.2	3134	0	2
2024.01.29	14:08:00	18136.2	18141.64	18129.37	18138.91	1401	0	2
2024.01.29	14:09:00	18138.91	18149.76	18129.82	18132.05	4115	0	1
2024.01.29	14:10:00	18132.05	18144.59	18127.35	18134.68	3389	0	2
2024.01.29	14:11:00	18134.68	18140.26	18127.32	18130.72	1399	0	3
2024.01.29	14:12:00	18130.72	18132.35	18118.33	18120.64	4957	0	4
2024.01.29	14:13:00	18120.64	18134.66	18118.88	18127.81	3663	0	1
2024.01.29	14:14:00	18127.81	18136.19	18124.76	18135.68	4415	0	1
2024.01.29	14:15:00	18135.68	18151.5	18135.53	18144.76	3521	0	2
2024.01.29	14:16:00	18144.76	18145.89	18135.71	18139.54	3471	0	1
2024.01.29	14:17:00	18139.54	18156.24	18134.35	18150.73	2671	0	2
2024.01.29	14:18:00	18150.73	18157.14	18143.38	18146.56	3452	0	3
2024.01.29	14:19:00	18146.56	18162.12	18144.49	18152.93	3951	0	2
2024.01.29	14:20:00	18152.93	18154.55	18147.95	18148.6	4938	0	2
2024.01.29	14:21:00	18148.6	18149.39	18144.29	18146.9	3172	0	2
2024.01.29	14:22:00	18146.9	18147.33	18122.56	18125.03	3891	0	4
2024.01.29	14:23:00	18125.03	18126.18	18117.8	18122.62	4759	0	2
2024.01.29	14:24:00	18122.62	18127.68	18122.08	18123.82	3246	0	3
2024.01.29	14:25:00	18123.82	18125.25	18115.48	18120.42	3936	0	1
2024.01.29	14:26:00	18120.42	18138.45	18120.23	18136.9	1349	0	1
2024.01.29	14:27:00	18136.9	18143.42	18121.76	18126.59	4489	0	2
2024.01.29	14:28:00	18126.59	18130.94	18119.95	18121.78	4905	0	3
2024.01.29	14:29:00	18121.78	18127.38	18110.74	18113.84	2126	0	2
2024.01.29	14:30:00	18113.84	18118.38	18105.38	18109.04	4493	0	2
2024.01.29	14:31:00	18109.04	18121.04	18108.64	18118.86	4149	0	3
2024.01.29	14:32:00	18118.86	18135.66	18107.74	18132.79	1548	0	2
2024.01.29	14:33:00	18132.79	18133.62	18118.44	18126.72	4964	0	2
2024.01.29	14:34:00	18126.72	18129.34	18116.76	18120.44	3130	0	1
2024.01.29	14:35:00	18120.44	18120.66	18109.52	18110.19	1235	0	1
2024.01.29	14:36:00	18110.19	18124.74	18106.87	18122.54	986	0	4
2024.01.29	14:37:00	18122.54	18137.15	18118.07	18133.19	2800	0	3
2024.01.29	14:38:00	18133.19	18142.34	18129.65	18132.58	2842	0	2
2024.01.29	14:39:00	18132.58	18141.44	18117.47	18120.13	4380	0	1
2024.01.29	14:40:00	18120.13	18122.78	18104.91	18108.5	2797	0	4
2024.01.29	14:41:00	18108.5	18112.11	18099.76	18110.43	2284	0	2
2024.01.29	14:42:00	18110.43	18118.78	18109.35	18115.83	1925	0	2
2024.01.29	14:43:00	18115.83	18119.08	18096.35	18097.25	2787	0	3
2024.01.29	14:44:00	18097.25	18102.61	18092.53	18094.67	1697	0	1
2024.01.29	14:45:00	18094.67	18110.36	18086.18	18109.86	3864	0	3
2024.01.29	14:46:00	18109.86	18115.3	18105.51	18108.23	1110	0	4
2024.01.29	14:47:00	18108.23	18127.28	18106.15	18122.26	4211	0	1
2024.01.29	14:48:00	18122.26	18129.15	18122.24	18128.58	1472	0	4
2024.01.29	14:49:00	18128.58	18135.91	18108.87	18118.99	1397	0	2
2024.01.29	14:50:00	18118.99	18127.25	18114.21	18116.67	4883	0	1
2024.01.29	14:51:00	18116.67	18121.48	18111.52	18115.85	2259	0	2
2024.01.29	14:52:00	18115.85	18124.23	18103.78	18107.48	3560	0	1
2024.01.29	14:53:00	18107.48	18115.37	18098.29	18098.95	2275	0	2
2024.01.29	14:54:00	18098.95	18114.74	18097.46	18113.12	4918	0	1
2024.01.29	14:55:00	18113.12	18117.11	18103.19	18104.52	1187	0	3
2024.01.29	14:56:00	18104.52	18127.06	18095.48	18114.78	2595	0	2
2024.01.29	14:57:00	18114.78	18116.64	18109.53	18111.13	910	0	3
2024.01.29	14:58:00	18111.13	18119.36	18109.17	18111.26	3070	0	1
2024.01.29	14:59:00	18111.26	18120.57	18108.58	18116.78	3851	0	1
2024.01.29	15:00:00	18116.78	18117.74	18111.36	18111.65	2608	0	2
2024.01.29	15:01:00	18111.65	18119.76	18107.2	18117.22	4333	0	3
2024.01.29	15:02:00	18117.22	18118.94	18094.85	18098.82	3957	0	4
2024.01.29	15:03:00	18098.82	18109.11	18092.09	18103.21	4783	0	4
2024.01.29	15:04:00	18103.21	18110.27	18076.44	18080.96	4980	0	1
2024.01.29	15:05:00	18080.96	18087.13	18078.75	18079.24	4803	0	4
2024.01.29	15:06:00	18079.24	18094.23	18076.13	18087.43	2449	0	2
2024.01.29	15:07:00	18087.43	18096.85	18085.07	18093.49	4976	0	1
2024.01.29	15:08:00	18093.49	18094.68	18078.53	18081.96	3474	0	1
2024.01.29	15:09:00	18081.96	18089.77	18070.04	18071.61	873	0	4
2024.01.29	15:10:00	18071.61	18077.86	18065.13	18065.67	870	0	3
2024.01.29	15:11:00	18065.67	18072.0	18064.85	18067.74	2285	0	1
2024.01.29	15:12:00	18067.74	18068.05	18046.88	18049.52	3004	0	4
2024.01.29	15:13:00	18049.52	18052.53	18039.23	18049.76	869	0	2
2024.01.29	15:14:00	18049.76	18063.88	18045.92	18052.97	3094	0	1
2024.01.29	15:15:00	18052.97	18054.16	18040.29	18050.74	3550	0	2
2024.01.29	15:16:00	18050.74	18059.27	18047.07	18055.9	3620	0	4
2024.01.29	15:17:00	18055.9	18058.6	18055.3	18058.31	4875	0	2
2024.01.29	15:18:00	18058.31	18064.05	18052.0	18053.72	2138	0	1
2024.01.29	15:19:00	18053.72	18059.3	18031.74	18036.39	665	0	2
2024.01.29	15:20:00	18036.39	18042.35	18031.9	18037.97	4810	0	4
2024.01.29	15:21:00	18037.97	18041.73	18028.17	18029.63	2868	0	1
2024.01.29	15:22:00	18029.63	18034.16	18017.03	18024.71	3336	0	2
2024.01.29	15:23:00	18024.71	18029.69	18018.85	18029.44	2899	0	3
2024.01.29	15:24:00	18029.44	18045.74	18029.29	18042.75	2690	0	1
2024.01.29	15:25:00	18042.75	18046.57	18035.6	18042.76	1234	0	3
2024.01.29	15:26:00	18042.76	18051.78	18041.08	18048.18	3038	0	4
2024.01.29	15:27:00	18048.18	18050.49	18028.86	18035.35	4250	0	3
2024.01.29	15:28:00	18035.35	18040.6	18033.78	18037.95	1009	0	1
2024.01.29	15:29:00	18037.95	18041.18	18037.56	18037.76	2276	0	3
2024.01.29	15:30:00	18037.76	18053.18	18033.01	18049.36	4708	0	4
2024.01.29	15:31:00	18049.36	18053.41	18043.95	18044.78	2392	0	1
2024.01.29	15:32:00	18044.78	18049.53	18041.75	18042.93	1227	0	1
2024.01.29	15:33:00	18042.93	18053.46	18041.84	18052.97	4828	0	3
2024.01.29	15:34:00	18052.97	18059.61	18049.16	18052.49	1116	0	2
2024.01.29	15:35:00	18052.49	18056.4	18038.61	18042.72	1613	0	3
2024.01.29	15:36:00	18042.72	18068.26	18042.13	18066.4	2592	0	3
2024.01.29	15:37:00	18066.4	18072.82	18054.56	18056.9	2234	0	1
2024.01.29	15:38:00	18056.9	18068.36	18054.33	18056.67	2373	0	3
2024.01.29	15:39:00	18056.67	18064.33	18051.49	18060.2	3965	0	4
2024.01.29	15:40:00	18060.2	18066.94	18056.15	18063.01	3005	0	1
2024.01.29	15:41:00	18063.01	18068.7	18060.69	18061.64	2659	0	3
2024.01.29	15:42:00	18061.64	18064.56	18054.65	18060.31	3665	0	2
2024.01.29	15:43:00	18060.31	18063.99	18056.32	18058.52	3215	0	3
2024.01.29	15:44:00	18058.52	18062.12	18042.55	18048.68	3329	0	3
2024.01.29	15:45:00	18048.68	18072.88	18046.8	18068.7	2650	0	3
2024.01.29	15:46:00	18068.7	18078.1	18060.69	18067.05	2994	0	1
2024.01.29	15:47:00	18067.05	18079.04	18056.67	18072.88	1774	0	3
2024.01.29	15:48:00	18072.88	18078.33	18069.71	18070.17	2361	0	3
2024.01.29	15:49:00	18070.17	18071.61	18064.39	18067.29	1232	0	3
2024.01.29	15:50:00	18067.29	18069.32	18062.72	18063.49	869	0	1
2024.01.29	15:51:00	18063.49	18063.74	18048.08	18049.68	4325	0	4
2024.01.29	15:52:00	18049.68	18051.69	18044.18	18048.57	4131	0	1
2024.01.29	15:53:00	18048.57	18054.31	18044.96	18045.21	1738	0	1
2024.01.29	15:54:00	18045.21	18059.8	18040.59	18056.28	2574	0	2
2024.01.29	15:55:00	18056.28	18062.81	18039.83	18045.7	4988	0	1
2024.01.29	15:56:00	18045.7	18046.78	18040.65	18040.79	2889	0	2
2024.01.29	15:57:00	18040.79	18041.17	18031.3	18032.94	545	0	1
2024.01.29	15:58:00	18032.94	18049.46	18031.22	18046.48	3098	0	1
2024.01.29	15:59:00	18046.48	18050.23	18036.3	18038.9	4468	0	4
2024.01.30	09:30:00	18038.9	18049.17	18033.63	18044.4	1538	0	3
2024.01.30	09:31:00	18044.4	18056.78	18043.32	18053.63	4763	0	2
2024.01.30	09:32:00	18053.63	18057.19	18051.49	18052.65	3934	0	2
2024.01.30	09:33:00	18052.65	18056.9	18038.51	18040.43	764	0	2
2024.01.30	09:34:00	18040.43	18044.06	18025.18	18028.33	4944	0	3
2024.01.30	09:35:00	18028.33	18037.6	18025.48	18036.54	3324	0	1
2024.01.30	09:36:00	18036.54	18040.1	18019.67	18025.4	1471	0	1
2024.01.30	09:37:00	18025.4	18030.24	18023.73	18029.33	4022	0	2
2024.01.30	09:38:00	18029.33	18031.4	18024.11	18030.74	4196	0	1
2024.01.30	09:39:00	18030.74	18037.1	18030.14	18034.54	3269	0	4
2024.01.30	09:40:00	18034.54	18040.66	18029.37	18039.21	4838	0	2
2024.01.30	09:41:00	18039.21	18040.46	18030.17	18031.05	4460	0	3
2024.01.30	09:42:00	18031.05	18035.97	18017.08	18022.5	1902	0	2
2024.01.30	09:43:00	18022.5	18031.16	18019.73	18029.39	1096	0	1
2024.01.30	09:44:00	18029.39	18031.9	18023.06	18024.0	4133	0	2
2024.01.30	09:45:00	18024.0	18027.15	17995.38	17999.28	4769	0	4
2024.01.30	09:46:00	17999.28	18008.83	17992.75	18005.55	1824	0	1
2024.01.30	09:47:00	18005.55	18009.73	17988.56	17996.47	2977	0	4
2024.01.30	09:48:00	17996.47	18007.09	17994.37	18001.09	2796	0	1
2024.01.30	09:49:00	18001.09	18016.11	17995.57	18014.15	2049	0	3
2024.01.30	09:50:00	18014.15	18015.92	18004.3	18014.66	2921	0	3
2024.01.30	09:51:00	18014.66	18029.87	18012.65	18024.11	2863	0	3
2024.01.30	09:52:00	18024.11	18027.2	18018.11	18025.87	4933	0	1
2024.01.30	09:53:00	18025.87	18041.74	18015.65	18040.73	2026	0	3
2024.01.30	09:54:00	18040.73	18049.07	18028.07	18031.39	1170	0	1
2024.01.30	09:55:00	18031.39	18033.48	18023.98	18031.67	2549	0	3
2024.01.30	09:56:00	18031.67	18046.17	18026.38	18038.18	1137	0	4
2024.01.30	09:57:00	18038.18	18047.51	18036.15	18036.8	1204	0	4
2024.01.30	09:58:00	18036.8	18048.66	18036.59	18047.69	3357	0	2
2024.01.30	09:59:00	18047.69	18048.27	18040.28	18044.1	4300	0	3
2024.01.30	10:00:00	18044.1	18064.44	18041.89	18063.38	1020	0	1
2024.01.30	10:01:00	18063.38	18085.93	18063.14	18083.17	2253	0	3
2024.01.30	10:02:00	18083.17	18090.59	18077.1	18086.11	1324	0	3
2024.01.30	10:03:00	18086.11	18098.7	18084.58	18091.53	2601	0	1
2024.01.30	10:04:00	18091.53	18108.82	18088.95	18102.82	3158	0	4
2024.01.30	10:05:00	18102.82	18108.53	18091.25	18092.3	4593	0	2
2024.01.30	10:06:00	18092.3	18092.6	18077.12	18080.64	4524	0	4
2024.01.30	10:07:00	18080.64	18093.06	18072.95	18092.51	4581	0	1
2024.01.30	10:08:00	18092.51	18109.6	18087.45	18095.39	2400	0	1
2024.01.30	10:09:00	18095.39	18101.09	18088.57	18093.67	4046	0	3
2024.01.30	10:10:00	18093.67	18096.51	18092.24	18094.14	1807	0	1
2024.01.30	10:11:00	18094.14	18099.64	18065.22	18072.65	635	0	4
2024.01.30	10:12:00	18072.65	18075.98	18062.93	18071.27	4684	0	4
2024.01.30	10:13:00	18071.27	18071.61	18058.64	18064.74	4578	0	1
2024.01.30	10:14:00	18064.74	18082.31	18058.09	18073.5	1314	0	4
2024.01.30	10:15:00	18073.5	18087.57	18070.9	18082.97	1349	0	2
2024.01.30	10:16:00	18082.97	18090.42	18082.0	18088.61	4581	0	4
2024.01.30	10:17:00	18088.61	18102.59	18080.45	18092.6	2472	0	3
2024.01.30	10:18:00	18092.6	18097.62	18075.76	18079.25	4054	0	2
2024.01.30	10:19:00	18079.25	18091.76	18079.12	18085.02	4563	0	1
2024.01.30	10:20:00	18085.02	18093.07	18077.91	18091.14	2954	0	2
2024.01.30	10:21:00	18091.14	18106.39	18090.2	18102.92	927	0	2
2024.01.30	10:22:00	18102.92	18124.38	18096.55	18122.71	3200	0	3
2024.01.30	10:23:00	18122.71	18126.37	18104.99	18107.54	1098	0	4
2024.01.30	10:24:00	18107.54	18107.7	18099.38	18104.34	3595	0	4
2024.01.30	10:25:00	18104.34	18104.38	18096.36	18097.9	3092	0	2
2024.01.30	10:26:00	18097.9	18100.11	18094.91	18099.84	2467	0	1
2024.01.30	10:27:00	18099.84	18110.93	18089.0	18100.33	2604	0	3
2024.01.30	10:28:00	18100.33	18107.27	18093.98	18098.55	4829	0	3
2024.01.30	10:29:00	18098.55	18110.09	18093.73	18108.33	2253	0	3
2024.01.30	10:30:00	18108.33	18112.19	18096.2	18098.59	4320	0	3
2024.01.30	10:31:00	18098.59	18099.65	18088.16	18089.42	4143	0	3
2024.01.30	10:32:00	18089.42	18095.85	18078.39	18080.4	4982	0	2
2024.01.30	10:33:00	18080.4	18080.74	18075.31	18077.46	4526	0	1
2024.01.30	10:34:00	18077.46	18083.51	18058.69	18066.58	3295	0	4
2024.01.30	10:35:00	18066.58	18070.21	18064.59	18066.5	4961	0	1
2024.01.30	10:36:00	18066.5	18074.32	18063.71	18065.34	3651	0	1
2024.01.30	10:37:00	18065.34	18072.35	18056.55	18058.51	1053	0	1
2024.01.30	10:38:00	18058.51	18069.59	18056.55	18066.86	933	0	2
2024.01.30	10:39:00	18066.86	18074.01	18061.81	18066.68	3543	0	2
2024.01.30	10:40:00	18066.68	18078.17	18061.1	18076.77	2883	0	3
2024.01.30	10:41:00	18076.77	18078.52	18072.9	18075.34	4421	0	1
2024.01.30	10:42:00	18075.34	18075.6	18066.82	18075.48	2921	0	2
2024.01.30	10:43:00	18075.48	18078.09	18067.57	18070.69	1582	0	3
2024.01.30	10:44:00	18070.69	18072.65	18067.23	18070.99	4357	0	2
2024.01.30	10:45:00	18070.99	18080.8	18063.84	18077.87	2660	0	3
2024.01.30	10:46:00	18077.87	18083.11	18071.02	18074.47	4793	0	2
2024.01.30	10:47:00	18074.47	18085.83	18062.29	18079.57	532	0	4
2024.01.30	10:48:00	18079.57	18083.61	18070.98	18072.5	582	0	2
2024.01.30	10:49:00	18072.5	18081.11	18067.54	18079.81	1105	0	4
2024.01.30	10:50:00	18079.81	18081.42	18067.99	18074.86	4806	0	2
2024.01.30	10:51:00	18074.86	18084.8	18070.7	18083.02	1065	0	2
2024.01.30	10:52:00	18083.02	18094.66	18081.8	18083.94	3707	0	4
2024.01.30	10:53:00	18083.94	18102.23	18074.51	18098.23	3684	0	2
2024.01.30	10:54:00	18098.23	18102.06	18085.92	18088.02	4459	0	3
2024.01.30	10:55:00	18088.02	18088.2	18064.04	18074.87	3300	0	1
2024.01.30	10:56:00	18074.87	18076.86	18066.68	18069.59	594	0	4
2024.01.30	10:57:00	18069.59	18075.92	18049.07	18057.29	674	0	4
2024.01.30	10:58:00	18057.29	18060.27	18044.93	18045.01	563	0	3
2024.01.30	10:59:00	18045.01	18054.84	18043.51	18051.05	3180	0	2
2024.01.30	11:00:00	18051.05	18053.45	18048.12	18051.37	2436	0	2
2024.01.30	11:01:00	18051.37	18055.2	18046.84	18047.35	806	0	2
2024.01.30	11:02:00	18047.35	18056.93	18043.79	18044.17	593	0	2
2024.01.30	11:03:00	18044.17	18048.39	18036.86	18039.08	1409	0	3
2024.01.30	11:04:00	18039.08	18056.18	18030.82	18054.52	2659	0	1
2024.01.30	11:05:00	18054.52	18063.32	18044.51	18048.16	4556	0	2
2024.01.30	11:06:00	18048.16	18056.23	18033.14	18036.44	4222	0	2
2024.01.30	11:07:00	18036.44	18045.31	18031.91	18044.07	2512	0	2
2024.01.30	11:08:00	18044.07	18046.32	18040.83	18042.46	1790	0	2
2024.01.30	11:09:00	18042.46	18063.92	18041.2	18061.46	4016	0	2
2024.01.30	11:10:00	18061.46	18068.7	18055.17	18057.01	4717	0	4
2024.01.30	11:11:00	18057.01	18065.48	18052.63	18065.11	1914	0	2
2024.01.30	11:12:00	18065.11	18077.08	18058.58	18075.37	2740	0	1
2024.01.30	11:13:00	18075.37	18081.35	18068.63	18070.96	998	0	4
2024.01.30	11:14:00	18070.96	18072.72	18064.19	18064.53	1083	0	2
2024.01.30	11:15:00	18064.53	18074.91	18063.63	18071.67	4496	0	3
2024.01.30	11:16:00	18071.67	18080.74	18062.02	18077.29	1517	0	4
2024.01.30	11:17:00	18077.29	18078.51	18059.0	18064.75	1237	0	3
2024.01.30	11:18:00	18064.75	18067.25	18054.71	18054.79	1935	0	3
2024.01.30	11:19:00	18054.79	18060.62	18027.35	18031.98	2073	0	3
2024.01.30	11:20:00	18031.98	18038.12	18030.06	18037.77	1417	0	1
2024.01.30	11:21:00	18037.77	18044.02	18032.7	18035.74	3655	0	1
2024.01.30	11:22:00	18035.74	18039.06	18032.21	18034.62	3082	0	1
2024.01.30	11:23:00	18034.62	18034.96	18018.05	18019.54	3163	0	2
2024.01.30	11:24:00	18019.54	18021.74	18005.87	18009.89	4934	0	4
2024.01.30	11:25:00	18009.89	18013.5	18004.88	18005.89	4675	0	3
2024.01.30	11:26:00	18005.89	18010.51	17995.04	18000.12	1770	0	4
2024.01.30	11:27:00	18000.12	18003.02	17993.65	18001.55	4944	0	2
2024.01.30	11:28:00	18001.55	18015.71	17995.91	18007.23	3553	0	4
2024.01.30	11:29:00	18007.23	18031.01	18002.88	18028.3	1159	0	3
2024.01.30	11:30:00	18028.3	18034.17	18026.49	18028.48	1936	0	1
2024.01.30	11:31:00	18028.48	18043.18	18026.99	18039.02	1519	0	3
2024.01.30	11:32:00	18039.02	18042.74	18028.98	18031.81	4096	0	3
2024.01.30	11:33:00	18031.81	18035.64	18012.88	18016.88	3376	0	2
2024.01.30	11:34:00	18016.88	18020.07	18010.05	18014.03	4005	0	4
2024.01.30	11:35:00	18014.03	18016.83	17994.37	17999.82	1160	0	2
2024.01.30	11:36:00	17999.82	18003.4	17995.5	18000.31	2820	0	3
2024.01.30	11:37:00	18000.31	18003.3	17993.25	17993.56	2939	0	3
2024.01.30	11:38:00	17993.56	17994.47	17970.59	17976.12	3564	0	1
2024.01.30	11:39:00	17976.12	17992.61	17971.56	17992.29	2177	0	1
2024.01.30	11:40:00	17992.29	17993.82	17984.71	17987.75	783	0	4
2024.01.30	11:41:00	17987.75	17994.89	17970.19	17973.2	4496	0	4
2024.01.30	11:42:00	17973.2	17987.36	17972.47	17981.74	2418	0	4
2024.01.30	11:43:00	17981.74	17982.78	17968.3	17975.46	4631	0	1
2024.01.30	11:44:00	17975.46	17989.87	17974.01	17985.75	2364	0	3
2024.01.30	11:45:00	17985.75	17985.79	17971.48	17979.43	1664	0	1
2024.01.30	11:46:00	17979.43	17992.02	17965.48	17974.87	2588	0	2
2024.01.30	11:47:00	17974.87	17982.55	17971.97	17978.37	930	0	4
2024.01.30	11:48:00	17978.37	17986.15	17974.21	17984.13	3014	0	2
2024.01.30	11:49:00	17984.13	17997.37	17982.04	17991.49	4959	0	2
2024.01.30	11:50:00	17991.49	17996.34	17982.82	17991.03	1652	0	2
2024.01.30	11:51:00	17991.03	17999.19	17987.19	17996.2	1174	0	2
2024.01.30	11:52:00	17996.2	18008.24	17989.53	18003.36	1115	0	1
2024.01.30	11:53:00	18003.36	18005.8	17998.81	18005.55	1280	0	2
2024.01.30	11:54:00	18005.55	18013.13	17998.59	18004.61	2267	0	4
2024.01.30	11:55:00	18004.61	18010.46	17987.47	17991.8	1634	0	1
2024.01.30	11:56:00	17991.8	18001.5	17988.63	17997.62	3713	0	2
2024.01.30	11:57:00	17997.62	17999.83	17995.24	17998.36	2033	0	3
2024.01.30	11:58:00	17998.36	18005.41	17991.86	17994.95	2134	0	2
2024.01.30	11:59:00	17994.95	18013.9	17992.39	18006.96	1165	0	3
2024.01.30	12:00:00	18006.96	18007.98	17991.39	17994.3	3079	0	2
2024.01.30	12:01:00	17994.3	18015.8	17993.68	18009.65	1950	0	1
2024.01.30	12:02:00	18009.65	18010.31	18004.09	18009.81	3675	0	4
2024.01.30	12:03:00	18009.81	18021.53	18008.66	18013.06	599	0	4
2024.01.30	12:04:00	18013.06	18025.09	18006.74	18009.82	3392	0	2
2024.01.30	12:05:00	18009.82	18010.42	17994.12	17994.98	4104	0	1
2024.01.30	12:06:00	17994.98	17999.54	17987.19	17994.07	3703	0	2
2024.01.30	12:07:00	17994.07	18002.7	17983.54	17997.48	1685	0	4
2024.01.30	12:08:00	17997.48	18013.29	17994.55	18004.01	3635	0	3
2024.01.30	12:09:00	18004.01	18004.93	17997.92	18002.56	4180	0	3
2024.01.30	12:10:00	18002.56	18003.01	17982.62	17982.94	2870	0	3
2024.01.30	12:11:00	17982.94	17984.03	17967.49	17969.27	3411	0	4
2024.01.30	12:12:00	17969.27	17993.37	17963.17	17988.31	4171	0	1
2024.01.30	12:13:00	17988.31	17991.46	17973.41	17978.72	2662	0	4
2024.01.30	12:14:00	17978.72	18000.2	17976.48	17992.08	1170	0	4
2024.01.30	12:15:00	17992.08	17992.68	17982.6	17983.93	4875	0	4
2024.01.30	12:16:00	17983.93	17987.74	17982.61	17982.63	1969	0	2
2024.01.30	12:17:00	17982.63	17990.74	17980.49	17988.68	2240	0	4
2024.01.30	12:18:00	17988.68	17993.57	17976.5	17981.57	3258	0	4
2024.01.30	12:19:00	17981.57	18005.44	17980.42	17996.44	1302	0	4
2024.01.30	12:20:00	17996.44	17998.65	17993.98	17997.49	2058	0	2
2024.01.30	12:21:00	17997.49	18013.27	17995.55	18002.05	3098	0	4
2024.01.30	12:22:00	18002.05	18011.3	17992.14	17999.97	3800	0	4
2024.01.30	12:23:00	17999.97	18008.94	17999.75	18006.33	1130	0	1
2024.01.30	12:24:00	18006.33	18027.1	17995.15	18021.09	4226	0	2
2024.01.30	12:25:00	18021.09	18027.06	18017.81	18020.26	1745	0	4
2024.01.30	12:26:00	18020.26	18036.98	18015.69	18036.41	4610	0	4
2024.01.30	12:27:00	18036.41	18040.63	18030.55	18031.18	4584	0	3
2024.01.30	12:28:00	18031.18	18046.69	18024.68	18038.52	3700	0	3
2024.01.30	12:29:00	18038.52	18049.12	18036.54	18043.35	4514	0	4
2024.01.30	12:30:00	18043.35	18045.98	18032.6	18033.95	1219	0	2
2024.01.30	12:31:00	18033.95	18037.91	18031.78	18036.26	2595	0	3
2024.01.30	12:32:00	18036.26	18037.16	18035.58	18036.69	1134	0	4
2024.01.30	12:33:00	18036.69	18036.76	18028.91	18029.26	2652	0	2
2024.01.30	12:34:00	18029.26	18033.95	18028.65	18032.89	3120	0	1
2024.01.30	12:35:00	18032.89	18036.03	18031.87	18034.59	3050	0	1
2024.01.30	12:36:00	18034.59	18039.69	18034.19	18034.28	841	0	3
2024.01.30	12:37:00	18034.28	18036.46	18032.45	18034.02	878	0	2
2024.01.30	12:38:00	18034.02	18034.83	18032.56	18033.56	4991	0	3
2024.01.30	12:39:00	18033.56	18037.39	18025.42	18030.56	1639	0	2
2024.01.30	12:40:00	18030.56	18034.36	18028.07	18032.2	2725	0	4
2024.01.30	12:41:00	18032.2	18033.39	18025.59	18026.68	3109	0	3
2024.01.30	12:42:00	18026.68	18054.54	18015.52	18051.31	1216	0	3
2024.01.30	12:43:00	18051.31	18055.63	18038.61	18038.79	1945	0	1
2024.01.30	12:44:00	18038.79	18040.76	18033.8	18033.81	3206	0	2
2024.01.30	12:45:00	18033.81	18039.03	18023.79	18029.56	1460	0	1
2024.01.30	12:46:00	18029.56	18051.47	18026.3	18048.56	4066	0	1
2024.01.30	12:47:00	18048.56	18052.35	18036.37	18036.86	3413	0	2
2024.01.30	12:48:00	18036.86	18046.3	18034.42	18041.11	4949	0	4
2024.01.30	12:49:00	18041.11	18044.33	18038.14	18043.74	3048	0	4
2024.01.30	12:50:00	18043.74	18048.07	18042.25	18047.15	4101	0	1
2024.01.30	12:51:00	18047.15	18062.0	18043.47	18058.81	1971	0	2
2024.01.30	12:52:00	18058.81	18073.32	18054.24	18070.29	3623	0	3
2024.01.30	12:53:00	18070.29	18076.04	18064.29	18066.53	4718	0	1
2024.01.30	12:54:00	18066.53	18075.0	18066.47	18068.66	4200	0	3
2024.01.30	12:55:00	18068.66	18070.54	18051.41	18051.98	3999	0	3
2024.01.30	12:56:00	18051.98	18061.01	18050.32	18053.24	2527	0	3
2024.01.30	12:57:00	18053.24	18059.34	18041.99	18046.35	3182	0	1
2024.01.30	12:58:00	18046.35	18047.8	18039.45	18045.01	3167	0	4
2024.01.30	12:59:00	18045.01	18045.85	18028.51	18029.97	1442	0	3
2024.01.30	13:00:00	18029.97	18043.05	18027.7	18034.03	1683	0	1
2024.01.30	13:01:00	18034.03	18037.04	18018.31	18018.91	3416	0	4
2024.01.30	13:02:00	18018.91	18029.4	18018.84	18020.62	3365	0	1
2024.01.30	13:03:00	18020.62	18021.95	18006.51	18009.79	3594	0	1
2024.01.30	13:04:00	18009.79	18014.83	18000.11	18002.4	3216	0	4
2024.01.30	13:05:00	18002.4	18015.71	18002.13	18013.29	3115	0	4
2024.01.30	13:06:00	18013.29	18023.14	18011.63	18019.02	2839	0	1
2024.01.30	13:07:00	18019.02	18033.52	18015.07	18029.87	3370	0	3
2024.01.30	13:08:00	18029.87	18045.61	18026.92	18044.47	2130	0	4
2024.01.30	13:09:00	18044.47	18046.32	18030.76	18037.77	1230	0	1
2024.01.30	13:10:00	18037.77	18057.66	18037.55	18051.83	3546	0	1
2024.01.30	13:11:00	18051.83	18057.17	18034.42	18038.8	2007	0	1
2024.01.30	13:12:00	18038.8	18048.08	18038.16	18045.98	3910	0	1
2024.01.30	13:13:00	18045.98	18049.94	18027.43	18041.83	4508	0	1
2024.01.30	13:14:00	18041.83	18047.46	18032.79	18033.69	2260	0	4
2024.01.30	13:15:00	18033.69	18047.78	18030.44	18039.67	1117	0	1
2024.01.30	13:16:00	18039.67	18049.65	18039.16	18048.66	504	0	3
2024.01.30	13:17:00	18048.66	18061.39	18043.34	18057.39	3153	0	2
2024.01.30	13:18:00	18057.39	18063.71	18048.45	18059.72	4470	0	2
2024.01.30	13:19:00	18059.72	18061.98	18054.43	18061.28	4539	0	4
2024.01.30	13:20:00	18061.28	18068.66	18058.86	18066.46	4544	0	2
2024.01.30	13:21:00	18066.46	18069.8	18065.27	18069.61	563	0	1
2024.01.30	13:22:00	18069.61	18078.18	18060.54	18074.92	744	0	1
2024.01.30	13:23:00	18074.92	18081.66	18072.75	18077.15	4852	0	4
2024.01.30	13:24:00	18077.15	18090.74	18070.88	18085.23	3533	0	4
2024.01.30	13:25:00	18085.23	18092.02	18067.64	18070.69	4475	0	3
2024.01.30	13:26:00	18070.69	18074.06	18065.16	18069.85	4910	0	3
2024.01.30	13:27:00	18069.85	18071.47	18057.24	18057.56	3717	0	3
2024.01.30	13:28:00	18057.56	18061.37	18052.69	18060.45	2305	0	3
2024.01.30	13:29:00	18060.45	18076.55	18054.74	18075.83	3691	0	3
2024.01.30	13:30:00	18075.83	18082.38	18071.85	18071.85	3319	0	1
2024.01.30	13:31:00	18071.85	18073.77	18071.43	18073.38	4404	0	4
2024.01.30	13:32:00	18073.38	18082.3	18069.12	18080.67	4375	0	4
2024.01.30	13:33:00	18080.67	18081.9	18061.22	18062.11	1269	0	4
2024.01.30	13:34:00	18062.11	18064.41	18056.77	18057.69	4462	0	2
2024.01.30	13:35:00	18057.69	18064.45	18051.62	18061.39	3649	0	1
2024.01.30	13:36:00	18061.39	18063.67	18029.15	18035.27	3807	0	2
2024.01.30	13:37:00	18035.27	18042.87	18018.69	18026.72	2045	0	2
2024.01.30	13:38:00	18026.72	18040.38	18022.07	18037.13	2687	0	3
2024.01.30	13:39:00	18037.13	18048.23	18033.16	18046.65	4440	0	1
2024.01.30	13:40:00	18046.65	18054.92	18038.59	18050.43	1123	0	1
2024.01.30	13:41:00	18050.43	18066.12	18045.65	18058.86	2899	0	1
2024.01.30	13:42:00	18058.86	18067.48	18054.02	18061.19	4851	0	3
2024.01.30	13:43:00	18061.19	18072.55	18059.29	18066.63	3946	0	1
2024.01.30	13:44:00	18066.63	18076.86	18062.74	18064.1	1169	0	3
2024.01.30	13:45:00	18064.1	18070.15	18062.77	18065.52	1251	0	3
2024.01.30	13:46:00	18065.52	18067.52	18055.44	18060.1	2767	0	3
2024.01.30	13:47:00	18060.1	18077.93	18060.08	18072.02	1589	0	1
2024.01.30	13:48:00	18072.02	18089.18	18071.59	18086.31	4466	0	1
2024.01.30	13:49:00	18086.31	18101.13	18082.46	18099.32	4271	0	4
2024.01.30	13:50:00	18099.32	18099.61	18095.73	18095.94	4792	0	3
2024.01.30	13:51:00	18095.94	18102.21	18078.84	18087.56	2278	0	4
2024.01.30	13:52:00	18087.56	18103.55	18085.8	18099.62	1785	0	4
2024.01.30	13:53:00	18099.62	18109.38	18092.38	18104.97	2875	0	2
2024.01.30	13:54:00	18104.97	18109.43	18104.84	18108.35	1017	0	4
2024.01.30	13:55:00	18108.35	18111.64	18098.38	18102.9	3764	0	2
2024.01.30	13:56:00	18102.9	18110.39	18100.58	18107.16	4413	0	4
2024.01.30	13:57:00	18107.16	18110.24	18094.99	18097.58	1263	0	3
2024.01.30	13:58:00	18097.58	18110.02	18094.17	18103.75	1390	0	1
2024.01.30	13:59:00	18103.75	18122.27	18102.62	18116.76	1861	0	1
2024.01.30	14:00:00	18116.76	18133.71	18115.66	18132.09	4104	0	4
2024.01.30	14:01:00	18132.09	18139.38	18129.9	18138.96	1965	0	2
2024.01.30	14:02:00	18138.96	18146.93	18122.85	18126.63	3781	0	4
2024.01.30	14:03:00	18126.63	18128.88	18119.91	18128.81	4625	0	1
2024.01.30	14:04:00	18128.81	18153.14	18126.65	18148.82	2472	0	2
2024.01.30	14:05:00	18148.82	18157.82	18139.22	18141.2	1119	0	1
2024.01.30	14:06:00	18141.2	18145.04	18140.51	18141.02	4621	0	1
2024.01.30	14:07:00	18141.02	18158.96	18136.74	18154.38	2170	0	3
2024.01.30	14:08:00	18154.38	18166.11	18153.45	18160.41	3195	0	2
2024.01.30	14:09:00	18160.41	18184.97	18159.12	18183.6	4816	0	1
2024.01.30	14:10:00	18183.6	18186.87	18175.61	18177.22	4538	0	2
2024.01.30	14:11:00	18177.22	18179.26	18167.28	18168.47	4256	0	2
2024.01.30	14:12:00	18168.47	18190.26	18166.91	18180.1	2090	0	1
2024.01.30	14:13:00	18180.1	18182.1	18159.03	18169.46	3517	0	3
2024.01.30	14:14:00	18169.46	18170.96	18164.6	18168.01	2003	0	2
2024.01.30	14:15:00	18168.01	18173.22	18165.25	18167.77	2970	0	3
2024.01.30	14:16:00	18167.77	18183.1	18164.21	18177.67	2018	0	3
2024.01.30	14:17:00	18177.67	18183.71	18166.86	18183.69	4274	0	2
2024.01.30	14:18:00	18183.69	18195.19	18182.22	18188.26	3880	0	1
2024.01.30	14:19:00	18188.26	18188.36	18180.72	18184.92	4758	0	1
2024.01.30	14:20:00	18184.92	18201.06	18184.53	18196.47	1698	0	3
2024.01.30	14:21:00	18196.47	18235.93	18196.27	18233.97	4658	0	1
2024.01.30	14:22:00	18233.97	18240.75	18229.63	18240.72	1613	0	1
2024.01.30	14:23:00	18240.72	18246.18	18238.72	18242.0	3376	0	2
2024.01.30	14:24:00	18242.0	18244.26	18226.54	18230.38	1282	0	2
2024.01.30	14:25:00	18230.38	18233.82	18220.25	18224.86	3775	0	2
2024.01.30	14:26:00	18224.86	18228.17	18216.33	18223.26	3987	0	3
2024.01.30	14:27:00	18223.26	18227.91	18209.76	18218.69	3988	0	4
2024.01.30	14:28:00	18218.69	18221.13	18214.77	18218.9	1747	0	2
2024.01.30	14:29:00	18218.9	18239.81	18215.82	18235.68	4142	0	1
2024.01.30	14:30:00	18235.68	18250.27	18232.22	18247.56	1215	0	1
2024.01.30	14:31:00	18247.56	18248.49	18241.76	18246.46	3798	0	4
2024.01.30	14:32:00	18246.46	18251.98	18231.04	18235.67	2615	0	1
2024.01.30	14:33:00	18235.67	18257.1	18233.29	18248.38	1309	0	1
2024.01.30	14:34:00	18248.38	18251.51	18244.26	18248.3	4884	0	4
2024.01.30	14:35:00	18248.3	18250.37	18229.4	18232.71	3918	0	2
2024.01.30	14:36:00	18232.71	18243.08	18227.85	18239.66	1158	0	1
2024.01.30	14:37:00	18239.66	18251.65	18233.34	18249.5	2256	0	4
2024.01.30	14:38:00	18249.5	18249.73	18226.14	18227.46	3821	0	3
2024.01.30	14:39:00	18227.46	18227.59	18214.54	18220.21	1399	0	4
2024.01.30	14:40:00	18220.21	18224.93	18213.28	18219.56	2628	0	3
2024.01.30	14:41:00	18219.56	18230.57	18216.98	18226.7	961	0	3
2024.01.30	14:42:00	18226.7	18226.85	18221.43	18222.31	601	0	3
2024.01.30	14:43:00	18222.31	18228.99	18213.96	18214.99	1581	0	1
2024.01.30	14:44:00	18214.99	18226.29	18208.4	18222.07	3701	0	1
2024.01.30	14:45:00	18222.07	18224.95	18213.5	18218.11	2784	0	3
2024.01.30	14:46:00	18218.11	18229.23	18215.63	18223.48	1889	0	2
2024.01.30	14:47:00	18223.48	18235.29	18213.19	18213.59	1610	0	4
2024.01.30	14:48:00	18213.59	18222.49	18199.09	18201.48	4116	0	4
2024.01.30	14:49:00	18201.48	18214.98	18196.68	18208.81	3496	0	2
2024.01.30	14:50:00	18208.81	18213.78	18206.61	18211.5	4385	0	2
2024.01.30	14:51:00	18211.5	18222.35	18210.37	18220.37	4839	0	1
2024.01.30	14:52:00	18220.37	18225.56	18209.15	18215.83	3347	0	4
2024.01.30	14:53:00	18215.83	18217.34	18204.15	18208.86	698	0	2
2024.01.30	14:54:00	18208.86	18231.67	18205.1	18221.77	4720	0	2
2024.01.30	14:55:00	18221.77	18223.28	18202.23	18208.09	1087	0	3
2024.01.30	14:56:00	18208.09	18221.01	18205.73	18220.0	3690	0	2
2024.01.30	14:57:00	18220.0	18242.01	18218.8	18232.55	1612	0	3
2024.01.30	14:58:00	18232.55	18241.07	18229.89	18240.86	3950	0	4
2024.01.30	14:59:00	18240.86	18245.82	18232.97	18234.87	4119	0	1
2024.01.30	15:00:00	18234.87	18237.86	18227.32	18227.69	4068	0	3
2024.01.30	15:01:00	18227.69	18228.83	18222.99	18226.12	1720	0	4
2024.01.30	15:02:00	18226.12	18235.17	18211.48	18214.54	3387	0	4
2024.01.30	15:03:00	18214.54	18215.72	18204.31	18206.03	1361	0	4
2024.01.30	15:04:00	18206.03	18214.33	18205.9	18212.34	4492	0	1
2024.01.30	15:05:00	18212.34	18219.68	18211.53	18218.7	1187	0	3
2024.01.30	15:06:00	18218.7	18226.18	18205.43	18209.38	4286	0	3
2024.01.30	15:07:00	18209.38	18216.92	18200.49	18215.98	1174	0	1
2024.01.30	15:08:00	18215.98	18224.01	18212.58	18220.53	1798	0	3
2024.01.30	15:09:00	18220.53	18237.61	18220.29	18234.84	3739	0	1
2024.01.30	15:10:00	18234.84	18241.81	18227.98	18240.46	4813	0	3
2024.01.30	15:11:00	18240.46	18257.33	18233.61	18250.6	3686	0	3
2024.01.30	15:12:00	18250.6	18258.35	18250.4	18255.38	2043	0	3
2024.01.30	15:13:00	18255.38	18266.74	18253.99	18264.8	1900	0	4
2024.01.30	15:14:00	18264.8	18268.7	18253.03	18253.27	3337	0	3
2024.01.30	15:15:00	18253.27	18254.53	18252.03	18252.51	2522	0	2
2024.01.30	15:16:00	18252.51	18260.3	18249.12	18252.51	1431	0	4
2024.01.30	15:17:00	18252.51	18254.98	18245.13	18250.62	3326	0	2
2024.01.30	15:18:00	18250.62	18255.13	18247.64	18255.09	2454	0	2
2024.01.30	15:19:00	18255.09	18267.76	18251.47	18261.32	4887	0	4
2024.01.30	15:20:00	18261.32	18265.45	18258.18	18265.31	632	0	4
2024.01.30	15:21:00	18265.31	18265.52	18260.65	18264.04	3844	0	2
2024.01.30	15:22:00	18264.04	18265.97	18257.08	18257.61	4091	0	4
2024.01.30	15:23:00	18257.61	18270.88	18253.91	18268.12	4113	0	4
2024.01.30	15:24:00	18268.12	18274.7	18265.8	18271.72	3650	0	4
2024.01.30	15:25:00	18271.72	18272.17	18259.07	18262.66	4899	0	3
2024.01.30	15:26:00	18262.66	18266.92	18258.15	18261.24	1891	0	4
2024.01.30	15:27:00	18261.24	18262.29	18241.0	18245.49	2214	0	3
2024.01.30	15:28:00	18245.49	18255.14	18242.43	18246.18	4704	0	1
2024.01.30	15:29:00	18246.18	18251.0	18243.98	18244.71	810	0	1
2024.01.30	15:30:00	18244.71	18246.13	18234.36	18239.77	4219	0	4
2024.01.30	15:31:00	18239.77	18261.95	18235.32	18254.78	3861	0	2
2024.01.30	15:32:00	18254.78	18258.59	18237.29	18244.46	3149	0	1
2024.01.30	15:33:00	18244.46	18262.86	18238.15	18251.35	1044	0	4
2024.01.30	15:34:00	18251.35	18274.07	18240.77	18271.93	3250	0	2
2024.01.30	15:35:00	18271.93	18291.55	18269.85	18282.27	2473	0	3
2024.01.30	15:36:00	18282.27	18291.6	18279.29	18282.34	894	0	4
2024.01.30	15:37:00	18282.34	18290.46	18271.5	18272.21	3822	0	2
2024.01.30	15:38:00	18272.21	18279.0	18258.36	18259.98	4155	0	3
2024.01.30	15:39:00	18259.98	18261.29	18252.51	18256.54	3012	0	3
2024.01.30	15:40:00	18256.54	18259.17	18244.26	18250.56	1233	0	2
2024.01.30	15:41:00	18250.56	18252.98	18240.64	18244.27	2152	0	1
2024.01.30	15:42:00	18244.27	18248.93	18237.74	18241.62	2933	0	1
2024.01.30	15:43:00	18241.62	18243.94	18239.23	18241.04	2814	0	4
2024.01.30	15:44:00	18241.04	18250.24	18237.49	18245.89	3161	0	4
2024.01.30	15:45:00	18245.89	18246.71	18233.32	18234.82	1603	0	1
2024.01.30	15:46:00	18234.82	18240.99	18221.34	18228.89	4083	0	2
2024.01.30	15:47:00	18228.89	18230.67	18222.24	18227.78	833	0	2
2024.01.30	15:48:00	18227.78	18229.44	18216.33	18226.34	4938	0	1
2024.01.30	15:49:00	18226.34	18246.16	18223.8	18243.66	2356	0	2
2024.01.30	15:50:00	18243.66	18252.67	18241.51	18246.17	4230	0	4
2024.01.30	15:51:00	18246.17	18250.05	18231.32	18231.63	762	0	3
2024.01.30	15:52:00	18231.63	18237.85	18228.47	18235.86	3511	0	4
2024.01.30	15:53:00	18235.86	18244.9	18233.34	18241.26	4908	0	2
2024.01.30	15:54:00	18241.26	18243.14	18240.13	18240.47	4822	0	4
2024.01.30	15:55:00	18240.47	18242.94	18228.12	18229.63	2514	0	4
2024.01.30	15:56:00	18229.63	18246.36	18225.33	18246.23	2183	0	3
2024.01.30	15:57:00	18246.23	18249.88	18235.69	18236.72	4470	0	4
2024.01.30	15:58:00	18236.72	18250.06	18230.65	18243.18	3369	0	1
2024.01.30	15:59:00	18243.18	18248.62	18237.31	18245.4	4783	0	4
2024.01.31	09:30:00	18245.4	18253.25	18239.48	18251.31	1554	0	4
2024.01.31	09:31:00	18251.31	18267.98	18243.59	18267.46	2522	0	3
2024.01.31	09:32:00	18267.46	18275.63	18265.59	18273.02	1907	0	1
2024.01.31	09:33:00	18273.02	18275.82	18265.46	18268.22	2391	0	2
2024.01.31	09:34:00	18268.22	18283.69	18268.17	18278.82	4427	0	2
2024.01.31	09:35:00	18278.82	18285.2	18271.0	18273.34	4520	0	4
2024.01.31	09:36:00	18273.34	18279.81	18267.9	18275.22	3178	0	1
2024.01.31	09:37:00	18275.22	18275.95	18261.74	18263.63	656	0	1
2024.01.31	09:38:00	18263.63	18265.64	18246.86	18254.44	2487	0	4
2024.01.31	09:39:00	18254.44	18268.32	18254.27	18255.28	2692	0	4
2024.01.31	09:40:00	18255.28	18263.63	18252.51	18259.05	3711	0	2
2024.01.31	09:41:00	18259.05	18263.12	18240.43	18243.68	1708	0	1
2024.01.31	09:42:00	18243.68	18250.17	18239.37	18248.64	3103	0	4
2024.01.31	09:43:00	18248.64	18248.93	18241.23	18241.43	3887	0	4
2024.01.31	09:44:00	18241.43	18254.48	18232.93	18253.62	3063	0	3
2024.01.31	09:45:00	18253.62	18255.98	18250.13	18250.73	4265	0	4
2024.01.31	09:46:00	18250.73	18252.71	18239.43	18240.72	1636	0	4
2024.01.31	09:47:00	18240.72	18243.24	18239.15	18241.78	3290	0	3
2024.01.31	09:48:00	18241.78	18254.15	18231.8	18233.68	2550	0	1
2024.01.31	09:49:00	18233.68	18250.72	18231.32	18245.77	2331	0	4
2024.01.31	09:50:00	18245.77	18248.52	18241.68	18246.14	2409	0	1
2024.01.31	09:51:00	18246.14	18248.8	18236.51	18245.1	2997	0	1
2024.01.31	09:52:00	18245.1	18259.44	18242.48	18250.94	2808	0	2
2024.01.31	09:53:00	18250.94	18255.42	18238.31	18242.02	3083	0	2
2024.01.31	09:54:00	18242.02	18242.86	18227.49	18230.48	4820	0	3
2024.01.31	09:55:00	18230.48	18243.42	18225.88	18234.61	3358	0	2
2024.01.31	09:56:00	18234.61	18237.19	18223.12	18224.82	2960	0	4
2024.01.31	09:57:00	18224.82	18228.74	18210.4	18215.04	4649	0	4
2024.01.31	09:58:00	18215.04	18227.72	18204.72	18223.12	1570	0	4
2024.01.31	09:59:00	18223.12	18234.96	18220.17	18228.33	1621	0	2
2024.01.31	10:00:00	18228.33	18231.65	18211.38	18217.13	1023	0	3
2024.01.31	10:01:00	18217.13	18218.71	18210.82	18211.78	1407	0	1
2024.01.31	10:02:00	18211.78	18212.33	18202.8	18203.82	851	0	4
2024.01.31	10:03:00	18203.82	18227.91	18203.79	18220.56	1356	0	2
2024.01.31	10:04:00	18220.56	18233.25	18215.05	18229.29	3450	0	1
2024.01.31	10:05:00	18229.29	18230.63	18225.52	18225.77	3637	0	4
2024.01.31	10:06:00	18225.77	18235.03	18221.93	18231.45	3414	0	4
2024.01.31	10:07:00	18231.45	18234.07	18217.69	18219.3	4571	0	4
2024.01.31	10:08:00	18219.3	18222.09	18211.67	18213.46	4358	0	1
2024.01.31	10:09:00	18213.46	18218.3	18211.26	18214.79	1970	0	4
2024.01.31	10:10:00	18214.79	18221.88	18213.45	18219.33	1354	0	2
2024.01.31	10:11:00	18219.33	18227.11	18215.01	18218.79	2393	0	1
2024.01.31	10:12:00	18218.79	18221.96	18214.69	18221.44	4673	0	1
2024.01.31	10:13:00	18221.44	18223.66	18218.45	18222.53	4856	0	3
2024.01.31	10:14:00	18222.53	18228.75	18215.6	18221.39	1421	0	4
2024.01.31	10:15:00	18221.39	18224.29	18215.22	18219.02	1153	0	2
2024.01.31	10:16:00	18219.02	18220.5	18214.85	18215.45	3819	0	3
2024.01.31	10:17:00	18215.45	18221.29	18212.5	18217.95	4457	0	3
2024.01.31	10:18:00	18217.95	18233.73	18214.24	18222.11	4775	0	2
2024.01.31	10:19:00	18222.11	18234.96	18219.29	18224.3	4816	0	4
2024.01.31	10:20:00	18224.3	18224.81	18213.31	18213.79	1772	0	2
2024.01.31	10:21:00	18213.79	18216.19	18198.57	18204.95	4097	0	2
2024.01.31	10:22:00	18204.95	18209.01	18204.14	18208.99	3532	0	2
2024.01.31	10:23:00	18208.99	18224.54	18203.48	18222.93	2013	0	3
2024.01.31	10:24:00	18222.93	18225.25	18214.2	18224.7	571	0	2
2024.01.31	10:25:00	18224.7	18224.89	18212.01	18221.27	3441	0	2
2024.01.31	10:26:00	18221.27	18230.72	18218.45	18223.7	2126	0	2
2024.01.31	10:27:00	18223.7	18224.91	18205.97	18213.58	1811	0	2
2024.01.31	10:28:00	18213.58	18226.21	18212.94	18226.02	543	0	3
2024.01.31	10:29:00	18226.02	18229.54	18222.18	18228.1	1043	0	2
2024.01.31	10:30:00	18228.1	18228.46	18221.0	18222.29	1355	0	3
2024.01.31	10:31:00	18222.29	18223.95	18219.68	18221.12	983	0	2
2024.01.31	10:32:00	18221.12	18225.15	18206.84	18216.62	4774	0	1
2024.01.31	10:33:00	18216.62	18231.55	18215.67	18229.09	542	0	2
2024.01.31	10:34:00	18229.09	18235.53	18213.82	18227.58	2249	0	4
2024.01.31	10:35:00	18227.58	18231.67	18221.75	18229.38	4902	0	2
2024.01.31	10:36:00	18229.38	18235.96	18229.14	18235.04	1028	0	3
2024.01.31	10:37:00	18235.04	18237.89	18227.22	18228.57	3447	0	3
2024.01.31	10:38:00	18228.57	18239.86	18227.1	18230.72	1625	0	3
2024.01.31	10:39:00	18230.72	18243.33	18229.57	18233.62	1945	0	3
2024.01.31	10:40:00	18233.62	18234.89	18217.05	18219.64	2498	0	4
2024.01.31	10:41:00	18219.64	18232.42	18217.78	18222.34	3105	0	4
2024.01.31	10:42:00	18222.34	18226.35	18215.91	18222.28	3923	0	2
2024.01.31	10:43:00	18222.28	18229.0	18216.18	18223.84	3285	0	2
2024.01.31	10:44:00	18223.84	18226.22	18219.35	18224.54	592	0	2
2024.01.31	10:45:00	18224.54	18228.97	18218.0	18227.29	1323	0	3
2024.01.31	10:46:00	18227.29	18241.57	18226.5	18240.01	3323	0	2
2024.01.31	10:47:00	18240.01	18240.86	18224.74	18229.48	1799	0	4
2024.01.31	10:48:00	18229.48	18232.38	18222.42	18226.69	769	0	3
2024.01.31	10:49:00	18226.69	18240.06	18223.48	18233.2	2962	0	2
2024.01.31	10:50:00	18233.2	18239.32	18228.67	18238.01	1926	0	2
2024.01.31	10:51:00	18238.01	18248.54	18237.94	18242.62	4279	0	4
2024.01.31	10:52:00	18242.62	18274.81	18240.82	18268.44	4503	0	4
2024.01.31	10:53:00	18268.44	18276.25	18264.18	18274.48	1083	0	4
2024.01.31	10:54:00	18274.48	18287.31	18254.79	18285.32	3997	0	3
2024.01.31	10:55:00	18285.32	18294.52	18279.24	18282.84	4362	0	4
2024.01.31	10:56:00	18282.84	18287.37	18271.53	18274.02	3382	0	4
2024.01.31	10:57:00	18274.02	18280.65	18270.52	18271.47	3240	0	1
2024.01.31	10:58:00	18271.47	18281.45	18268.47	18278.43	2587	0	1
2024.01.31	10:59:00	18278.43	18284.26	18273.31	18282.56	2703	0	1
2024.01.31	11:00:00	18282.56	18298.26	18281.03	18286.66	855	0	1
2024.01.31	11:01:00	18286.66	18292.78	18283.05	18285.04	1147	0	2
2024.01.31	11:02:00	18285.04	18286.95	18271.82	18281.94	3578	0	1
2024.01.31	11:03:00	18281.94	18283.5	18273.48	18280.64	2974	0	3
2024.01.31	11:04:00	18280.64	18291.86	18274.44	18287.72	1282	0	3
2024.01.31	11:05:00	18287.72	18300.41	18285.14	18295.87	2091	0	3
2024.01.31	11:06:00	18295.87	18299.41	18285.43	18286.92	3408	0	4
2024.01.31	11:07:00	18286.92	18297.03	18284.44	18294.34	1350	0	1
2024.01.31	11:08:00	18294.34	18298.11	18285.68	18288.68	1448	0	2
2024.01.31	11:09:00	18288.68	18297.07	18285.08	18293.39	4459	0	2
2024.01.31	11:10:00	18293.39	18300.52	18287.7	18291.98	2561	0	2
2024.01.31	11:11:00	18291.98	18307.08	18291.55	18306.85	2572	0	2
2024.01.31	11:12:00	18306.85	18309.31	18298.75	18303.34	830	0	2
2024.01.31	11:13:00	18303.34	18308.78	18293.18	18305.37	858	0	3
2024.01.31	11:14:00	18305.37	18315.83	18302.9	18311.36	3422	0	1
2024.01.31	11:15:00	18311.36	18319.54	18301.38	18303.62	1859	0	2
2024.01.31	11:16:00	18303.62	18307.38	18302.01	18303.31	1758	0	2
2024.01.31	11:17:00	18303.31	18306.28	18294.94	18301.21	1316	0	1
2024.01.31	11:18:00	18301.21	18303.67	18295.01	18296.81	3890	0	4
2024.01.31	11:19:00	18296.81	18302.25	18290.83	18293.1	4726	0	3
2024.01.31	11:20:00	18293.1	18311.46	18288.39	18303.77	1672	0	4
2024.01.31	11:21:00	18303.77	18307.9	18298.43	18298.59	1593	0	1
2024.01.31	11:22:00	18298.59	18304.48	18291.22	18304.21	4008	0	3
2024.01.31	11:23:00	18304.21	18310.27	18303.94	18307.49	2778	0	3
2024.01.31	11:24:00	18307.49	18308.65	18293.12	18294.91	4073	0	4
2024.01.31	11:25:00	18294.91	18304.89	18289.79	18300.09	3854	0	2
2024.01.31	11:26:00	18300.09	18303.47	18283.57	18287.36	4079	0	3
2024.01.31	11:27:00	18287.36	18294.13	18284.91	18293.54	1213	0	3
2024.01.31	11:28:00	18293.54	18298.82	18286.23	18289.21	2908	0	4
2024.01.31	11:29:00	18289.21	18294.6	18288.03	18289.65	2468	0	4
2024.01.31	11:30:00	18289.65	18293.14	18273.57	18278.04	4400	0	4
2024.01.31	11:31:00	18278.04	18285.45	18268.05	18279.53	3439	0	1
2024.01.31	11:32:00	18279.53	18289.03	18274.71	18288.48	3852	0	3
2024.01.31	11:33:00	18288.48	18300.9	18281.15	18281.38	4468	0	1
2024.01.31	11:34:00	18281.38	18283.5	18275.44	18276.12	3607	0	2
2024.01.31	11:35:00	18276.12	18284.13	18273.57	18280.69	3443	0	4
2024.01.31	11:36:00	18280.69	18290.41	18276.8	18285.5	2884	0	1
2024.01.31	11:37:00	18285.5	18291.18	18261.26	18263.34	860	0	3
2024.01.31	11:38:00	18263.34	18286.04	18256.01	18282.35	3743	0	2
2024.01.31	11:39:00	18282.35	18288.92	18280.49	18287.61	1947	0	2
2024.01.31	11:40:00	18287.61	18299.87	18287.57	18294.43	1054	0	1
2024.01.31	11:41:00	18294.43	18295.1	18292.27	18293.47	2079	0	3
2024.01.31	11:42:00	18293.47	18309.94	18271.01	18276.66	2061	0	4
2024.01.31	11:43:00	18276.66	18285.46	18274.57	18283.27	2247	0	2
2024.01.31	11:44:00	18283.27	18285.07	18277.83	18278.4	1760	0	1
2024.01.31	11:45:00	18278.4	18287.48	18277.64	18283.8	4737	0	3
2024.01.31	11:46:00	18283.8	18289.04	18278.21	18282.14	4476	0	4
2024.01.31	11:47:00	18282.14	18287.22	18278.95	18284.71	660	0	4
2024.01.31	11:48:00	18284.71	18288.7	18273.83	18277.9	2735	0	4
2024.01.31	11:49:00	18277.9	18287.28	18276.82	18286.27	1859	0	1
2024.01.31	11:50:00	18286.27	18293.09	18270.19	18275.64	4319	0	4
2024.01.31	11:51:00	18275.64	18303.06	18275.43	18296.8	2716	0	3
2024.01.31	11:52:00	18296.8	18324.0	18296.35	18317.91	3354	0	3
2024.01.31	11:53:00	18317.91	18335.12	18317.59	18333.43	888	0	2
2024.01.31	11:54:00	18333.43	18354.56	18331.75	18345.64	3709	0	4
2024.01.31	11:55:00	18345.64	18345.95	18337.54	18345.22	2675	0	3
2024.01.31	11:56:00	18345.22	18357.74	18340.85	18356.43	4438	0	1
2024.01.31	11:57:00	18356.43	18361.66	18355.45	18355.9	982	0	2
2024.01.31	11:58:00	18355.9	18361.63	18341.4	18341.83	1863	0	1
2024.01.31	11:59:00	18341.83	18360.07	18335.44	18356.17	4270	0	4
2024.01.31	12:00:00	18356.17	18368.07	18353.45	18367.03	1553	0	4
2024.01.31	12:01:00	18367.03	18373.17	18362.54	18367.1	1715	0	3
2024.01.31	12:02:00	18367.1	18372.31	18355.03	18356.08	1859	0	4
2024.01.31	12:03:00	18356.08	18359.89	18349.08	18351.0	2853	0	4
2024.01.31	12:04:00	18351.0	18351.18	18332.18	18334.45	745	0	2
2024.01.31	12:05:00	18334.45	18349.3	18330.61	18343.59	3282	0	2
2024.01.31	12:06:00	18343.59	18343.84	18325.67	18329.07	4143	0	4
2024.01.31	12:07:00	18329.07	18335.25	18322.54	18332.1	1875	0	2
2024.01.31	12:08:00	18332.1	18336.8	18321.93	18324.64	1270	0	1
2024.01.31	12:09:00	18324.64	18332.98	18309.07	18311.77	2080	0	4
2024.01.31	12:10:00	18311.77	18314.55	18307.5	18314.35	3404	0	1
2024.01.31	12:11:00	18314.35	18315.57	18302.65	18311.62	2797	0	1
2024.01.31	12:12:00	18311.62	18326.23	18310.95	18319.76	3216	0	3
2024.01.31	12:13:00	18319.76	18326.59	18305.74	18308.37	4124	0	4
2024.01.31	12:14:00	18308.37	18310.43	18293.71	18301.72	4765	0	1
2024.01.31	12:15:00	18301.72	18306.37	18279.62	18279.97	2537	0	3
2024.01.31	12:16:00	18279.97	18286.07	18258.34	18260.13	3922	0	2
2024.01.31	12:17:00	18260.13	18284.26	18252.38	18277.13	2709	0	4
2024.01.31	12:18:00	18277.13	18304.16	18276.71	18296.79	1122	0	4
2024.01.31	12:19:00	18296.79	18298.79	18294.07	18298.01	3181	0	1
2024.01.31	12:20:00	18298.01	18298.48	18290.66	18290.74	4788	0	1
2024.01.31	12:21:00	18290.74	18295.65	18285.58	18288.35	2413	0	2
2024.01.31	12:22:00	18288.35	18297.83	18286.09	18296.8	2931	0	1
2024.01.31	12:23:00	18296.8	18298.04	18287.4	18292.4	3767	0	2
2024.01.31	12:24:00	18292.4	18297.2	18288.94	18294.97	4234	0	1
2024.01.31	12:25:00	18294.97	18304.64	18288.08	18295.22	522	0	4
2024.01.31	12:26:00	18295.22	18297.21	18284.53	18290.32	756	0	3
2024.01.31	12:27:00	18290.32	18295.54	18280.29	18285.81	2673	0	1
2024.01.31	12:28:00	18285.81	18295.63	18280.9	18288.89	1003	0	3
2024.01.31	12:29:00	18288.89	18295.67	18272.2	18280.21	4653	0	3
2024.01.31	12:30:00	18280.21	18286.89	18276.57	18284.76	3670	0	4
2024.01.31	12:31:00	18284.76	18293.35	18278.92	18280.76	3271	0	3
2024.01.31	12:32:00	18280.76	18286.98	18280.08	18282.3	3126	0	3
2024.01.31	12:33:00	18282.3	18296.15	18280.12	18295.49	2688	0	4
2024.01.31	12:34:00	18295.49	18301.21	18288.79	18294.29	723	0	2
2024.01.31	12:35:00	18294.29	18306.51	18293.77	18303.18	3974	0	4
2024.01.31	12:36:00	18303.18	18304.08	18280.26	18286.95	2651	0	1
2024.01.31	12:37:00	18286.95	18289.23	18277.35	18282.96	2268	0	4
2024.01.31	12:38:00	18282.96	18289.62	18275.35	18283.58	2464	0	4
2024.01.31	12:39:00	18283.58	18307.92	18278.02	18301.76	2602	0	2
2024.01.31	12:40:00	18301.76	18310.5	18277.38	18283.97	4737	0	3
2024.01.31	12:41:00	18283.97	18286.18	18278.42	18283.45	1378	0	4
2024.01.31	12:42:00	18283.45	18300.07	18282.79	18297.31	1296	0	2
2024.01.31	12:43:00	18297.31	18300.05	18283.79	18290.4	1058	0	3
2024.01.31	12:44:00	18290.4	18294.61	18283.91	18288.79	3293	0	4
2024.01.31	12:45:00	18288.79	18296.89	18284.21	18292.23	614	0	3
2024.01.31	12:46:00	18292.23	18297.58	18292.02	18294.31	4063	0	4
2024.01.31	12:47:00	18294.31	18309.22	18287.88	18309.18	3791	0	2
2024.01.31	12:48:00	18309.18	18314.44	18302.77	18313.71	3690	0	3
2024.01.31	12:49:00	18313.71	18329.4	18311.44	18326.39	2606	0	4
2024.01.31	12:50:00	18326.39	18327.28	18313.04	18323.42	2346	0	1
2024.01.31	12:51:00	18323.42	18330.92	18311.5	18316.91	4727	0	2
2024.01.31	12:52:00	18316.91	18322.19	18309.68	18315.19	4237	0	3
2024.01.31	12:53:00	18315.19	18316.38	18303.73	18304.81	1295	0	4
2024.01.31	12:54:00	18304.81	18312.15	18303.16	18309.66	1664	0	4
2024.01.31	12:55:00	18309.66	18314.76	18304.47	18306.44	1597	0	2
2024.01.31	12:56:00	18306.44	18309.83	18297.1	18300.58	2627	0	4
2024.01.31	12:57:00	18300.58	18309.42	18295.01	18305.57	3374	0	3
2024.01.31	12:58:00	18305.57	18308.77	18285.74	18295.34	1494	0	3
2024.01.31	12:59:00	18295.34	18316.6	18287.38	18302.84	745	0	1
2024.01.31	13:00:00	18302.84	18305.49	18294.97	18298.78	2233	0	1
2024.01.31	13:01:00	18298.78	18323.44	18290.65	18309.89	2765	0	1
2024.01.31	13:02:00	18309.89	18312.16	18305.83	18306.61	3525	0	1
2024.01.31	13:03:00	18306.61	18316.31	18305.93	18312.84	1056	0	4
2024.01.31	13:04:00	18312.84	18318.56	18309.92	18314.87	3601	0	2
2024.01.31	13:05:00	18314.87	18333.11	18310.91	18322.14	1226	0	3
2024.01.31	13:06:00	18322.14	18325.81	18316.71	18323.52	1819	0	3
2024.01.31	13:07:00	18323.52	18326.15	18302.53	18308.46	2804	0	1
2024.01.31	13:08:00	18308.46	18319.13	18306.82	18318.18	972	0	4
2024.01.31	13:09:00	18318.18	18320.18	18314.92	18317.74	3060	0	3
2024.01.31	13:10:00	18317.74	18325.47	18316.52	18325.43	673	0	4
2024.01.31	13:11:00	18325.43	18333.8	18321.15	18332.2	1454	0	4
2024.01.31	13:12:00	18332.2	18340.43	18314.43	18325.39	3046	0	4
2024.01.31	13:13:00	18325.39	18330.62	18313.84	18317.27	1720	0	3
2024.01.31	13:14:00	18317.27	18326.7	18313.41	18323.71	2446	0	1
2024.01.31	13:15:00	18323.71	18324.05	18320.93	18321.27	1778	0	2
2024.01.31	13:16:00	18321.27	18332.64	18315.49	18330.32	2751	0	3
2024.01.31	13:17:00	18330.32	18335.3	18325.31	18329.04	1138	0	4
2024.01.31	13:18:00	18329.04	18345.69	18324.58	18338.9	1200	0	3
2024.01.31	13:19:00	18338.9	18354.19	18337.18	18343.2	4845	0	1
2024.01.31	13:20:00	18343.2	18347.29	18341.18	18346.24	1994	0	4
2024.01.31	13:21:00	18346.24	18346.89	18338.26	18343.14	3614	0	3
2024.01.31	13:22:00	18343.14	18351.95	18342.64	18345.66	538	0	3
2024.01.31	13:23:00	18345.66	18365.06	18344.93	18357.11	998	0	2
2024.01.31	13:24:00	18357.11	18366.09	18354.83	18356.98	4044	0	2
2024.01.31	13:25:00	18356.98	18364.44	18353.17	18362.28	2107	0	3
2024.01.31	13:26:00	18362.28	18363.17	18357.89	18363.08	1850	0	3
2024.01.31	13:27:00	18363.08	18374.81	18362.53	18364.61	1276	0	2
2024.01.31	13:28:00	18364.61	18385.76	18363.47	18381.01	1698	0	2
2024.01.31	13:29:00	18381.01	18400.8	18379.96	18392.56	1554	0	1
2024.01.31	13:30:00	18392.56	18399.17	18389.27	18393.67	4088	0	2
2024.01.31	13:31:00	18393.67	18401.71	18392.14	18396.04	4727	0	4
2024.01.31	13:32:00	18396.04	18398.91	18385.48	18389.87	657	0	2
2024.01.31	13:33:00	18389.87	18391.8	18388.06	18388.63	1115	0	4
2024.01.31	13:34:00	18388.63	18397.69	18387.2	18391.87	3323	0	2
2024.01.31	13:35:00	18391.87	18407.76	18391.72	18400.17	4459	0	4
2024.01.31	13:36:00	18400.17	18410.8	18394.64	18407.52	1925	0	3
2024.01.31	13:37:00	18407.52	18412.13	18391.42	18397.55	4288	0	4
2024.01.31	13:38:00	18397.55	18411.38	18386.41	18407.02	520	0	2
2024.01.31	13:39:00	18407.02	18408.92	18403.79	18406.56	3846	0	1
2024.01.31	13:40:00	18406.56	18408.98	18392.37	18397.73	4744	0	2
2024.01.31	13:41:00	18397.73	18414.17	18383.7	18410.55	2735	0	3
2024.01.31	13:42:00	18410.55	18425.94	18402.41	18424.57	3129	0	1
2024.01.31	13:43:00	18424.57	18432.26	18421.96	18427.4	1662	0	2
2024.01.31	13:44:00	18427.4	18437.92	18424.29	18434.38	4033	0	1
2024.01.31	13:45:00	18434.38	18443.04	18433.05	18441.92	4239	0	2
2024.01.31	13:46:00	18441.92	18457.62	18439.95	18455.32	4249	0	1
2024.01.31	13:47:00	18455.32	18466.05	18453.35	18462.5	4253	0	1
2024.01.31	13:48:00	18462.5	18468.57	18446.66	18450.46	847	0	2
2024.01.31	13:49:00	18450.46	18478.79	18449.58	18469.62	2863	0	1
2024.01.31	13:50:00	18469.62	18482.3	18469.44	18479.95	2791	0	1
2024.01.31	13:51:00	18479.95	18481.5	18475.37	18475.56	714	0	1
2024.01.31	13:52:00	18475.56	18483.78	18459.44	18466.3	4104	0	3
2024.01.31	13:53:00	18466.3	18477.74	18465.51	18471.39	1368	0	1
2024.01.31	13:54:00	18471.39	18472.17	18464.34	18469.15	2411	0	1
2024.01.31	13:55:00	18469.15	18474.68	18467.58	18472.61	752	0	3
2024.01.31	13:56:00	18472.61	18481.97	18470.32	18479.93	4051	0	2
2024.01.31	13:57:00	18479.93	18484.0	18474.33	18475.0	1309	0	4
2024.01.31	13:58:00	18475.0	18488.82	18464.69	18464.93	2824	0	2
2024.01.31	13:59:00	18464.93	18472.76	18459.95	18468.91	2787	0	2
2024.01.31	14:00:00	18468.91	18469.47	18463.84	18464.29	931	0	1
2024.01.31	14:01:00	18464.29	18466.64	18458.62	18466.03	4343	0	1
2024.01.31	14:02:00	18466.03	18477.74	18452.67	18453.84	529	0	4
2024.01.31	14:03:00	18453.84	18455.42	18448.73	18451.85	3439	0	1
2024.01.31	14:04:00	18451.85	18463.53	18447.26	18458.9	1274	0	1
2024.01.31	14:05:00	18458.9	18473.41	18451.66	18464.94	3204	0	3
2024.01.31	14:06:00	18464.94	18468.07	18452.59	18457.94	1516	0	4
2024.01.31	14:07:00	18457.94	18461.09	18447.37	18447.39	3865	0	2
2024.01.31	14:08:00	18447.39	18453.91	18445.94	18447.91	3037	0	2
2024.01.31	14:09:00	18447.91	18457.0	18445.74	18453.52	3379	0	3
2024.01.31	14:10:00	18453.52	18465.36	18453.07	18457.67	4941	0	1
2024.01.31	14:11:00	18457.67	18460.22	18451.45	18453.25	2495	0	1
2024.01.31	14:12:00	18453.25	18462.17	18452.82	18456.41	3915	0	4
2024.01.31	14:13:00	18456.41	18482.94	18455.4	18470.82	4169	0	4
2024.01.31	14:14:00	18470.82	18477.03	18463.39	18473.11	1960	0	1
2024.01.31	14:15:00	18473.11	18478.26	18454.5	18458.21	1895	0	3
2024.01.31	14:16:00	18458.21	18460.72	18457.01	18460.48	3676	0	4
2024.01.31	14:17:00	18460.48	18486.38	18458.1	18479.96	4676	0	1
2024.01.31	14:18:00	18479.96	18481.13	18466.24	18468.29	567	0	1
2024.01.31	14:19:00	18468.29	18475.98	18466.9	18468.94	1022	0	4
2024.01.31	14:20:00	18468.94	18469.25	18460.79	18467.19	1260	0	4
2024.01.31	14:21:00	18467.19	18470.02	18457.42	18468.46	3369	0	3
2024.01.31	14:22:00	18468.46	18472.28	18463.34	18470.64	2392	0	2
2024.01.31	14:23:00	18470.64	18482.42	18467.54	18481.68	2752	0	1
2024.01.31	14:24:00	18481.68	18483.83	18477.56	18482.84	1926	0	1
2024.01.31	14:25:00	18482.84	18502.7	18478.45	18495.17	2415	0	3
2024.01.31	14:26:00	18495.17	18497.24	18492.25	18494.44	3986	0	1
2024.01.31	14:27:00	18494.44	18500.21	18487.85	18491.53	2433	0	2
2024.01.31	14:28:00	18491.53	18493.43	18482.65	18485.63	2267	0	4
2024.01.31	14:29:00	18485.63	18489.35	18464.77	18469.0	689	0	4
2024.01.31	14:30:00	18469.0	18476.68	18468.59	18471.95	2202	0	2
2024.01.31	14:31:00	18471.95	18496.33	18467.02	18491.54	3881	0	2
2024.01.31	14:32:00	18491.54	18498.83	18485.05	18496.2	1117	0	4
2024.01.31	14:33:00	18496.2	18508.94	18495.85	18503.01	2085	0	4
2024.01.31	14:34:00	18503.01	18503.47	18493.19	18499.51	1783	0	3
2024.01.31	14:35:00	18499.51	18505.82	18493.01	18497.59	2644	0	3
2024.01.31	14:36:00	18497.59	18507.87	18490.86	18507.18	4196	0	2
2024.01.31	14:37:00	18507.18	18529.42	18504.42	18526.39	4314	0	3
2024.01.31	14:38:00	18526.39	18545.38	18522.09	18540.72	2226	0	3
2024.01.31	14:39:00	18540.72	18550.88	18538.72	18548.65	3096	0	1
2024.01.31	14:40:00	18548.65	18555.27	18545.86	18549.36	4179	0	1
2024.01.31	14:41:00	18549.36	18552.92	18543.2	18551.7	4331	0	1
2024.01.31	14:42:00	18551.7	18552.79	18541.26	18544.99	3211	0	4
2024.01.31	14:43:00	18544.99	18549.09	18523.06	18531.77	1116	0	4
2024.01.31	14:44:00	18531.77	18536.02	18512.9	18521.57	2195	0	3
2024.01.31	14:45:00	18521.57	18524.86	18519.28	18522.4	1768	0	3
2024.01.31	14:46:00	18522.4	18524.18	18519.53	18520.04	3560	0	4
2024.01.31	14:47:00	18520.04	18521.42	18505.87	18506.63	1525	0	4
2024.01.31	14:48:00	18506.63	18516.06	18496.81	18506.65	654	0	3
2024.01.31	14:49:00	18506.65	18508.71	18503.06	18504.04	4488	0	3
2024.01.31	14:50:00	18504.04	18510.1	18490.94	18493.42	997	0	2
2024.01.31	14:51:00	18493.42	18494.96	18490.08	18490.32	4017	0	3
2024.01.31	14:52:00	18490.32	18497.51	18487.55	18487.69	4797	0	3
2024.01.31	14:53:00	18487.69	18491.06	18466.48	18482.29	4253	0	4
2024.01.31	14:54:00	18482.29	18493.36	18479.99	18491.33	2699	0	3
2024.01.31	14:55:00	18491.33	18496.96	18473.01	18473.89	3059	0	3
2024.01.31	14:56:00	18473.89	18476.39	18454.18	18455.69	3730	0	1
2024.01.31	14:57:00	18455.69	18461.12	18454.84	18456.09	1493	0	2
2024.01.31	14:58:00	18456.09	18459.06	18455.87	18457.36	2403	0	2
2024.01.31	14:59:00	18457.36	18462.52	18456.55	18461.51	2196	0	4
2024.01.31	15:00:00	18461.51	18465.2	18455.56	18456.84	1728	0	2
2024.01.31	15:01:00	18456.84	18461.57	18446.41	18448.63	2976	0	2
2024.01.31	15:02:00	18448.63	18449.92	18447.31	18448.93	2390	0	3
2024.01.31	15:03:00	18448.93	18460.47	18436.54	18445.18	585	0	3
2024.01.31	15:04:00	18445.18	18461.16	18441.79	18460.04	909	0	2
2024.01.31	15:05:00	18460.04	18460.91	18455.63	18457.38	3378	0	1
2024.01.31	15:06:00	18457.38	18465.14	18449.34	18457.25	2982	0	4
2024.01.31	15:07:00	18457.25	18484.76	18456.53	18480.77	4346	0	4
2024.01.31	15:08:00	18480.77	18482.92	18474.96	18479.32	830	0	1
2024.01.31	15:09:00	18479.32	18486.44	18478.68	18484.89	1965	0	4
2024.01.31	15:10:00	18484.89	18494.19	18483.83	18491.31	2243	0	4
2024.01.31	15:11:00	18491.31	18500.52	18486.69	18498.53	3559	0	4
2024.01.31	15:12:00	18498.53	18507.79	18496.1	18501.61	2465	0	2
2024.01.31	15:13:00	18501.61	18508.56	18494.43	18503.8	2676	0	2
2024.01.31	15:14:00	18503.8	18510.93	18502.99	18505.11	4642	0	3
2024.01.31	15:15:00	18505.11	18508.69	18495.42	18500.08	517	0	3
2024.01.31	15:16:00	18500.08	18504.58	18494.13	18503.5	4519	0	4
2024.01.31	15:17:00	18503.5	18530.24	18495.29	18522.89	1777	0	2
2024.01.31	15:18:00	18522.89	18539.33	18514.1	18534.62	681	0	4
2024.01.31	15:19:00	18534.62	18538.54	18532.94	18537.84	2875	0	2
2024.01.31	15:20:00	18537.84	18546.98	18535.68	18546.25	1454	0	3
2024.01.31	15:21:00	18546.25	18549.34	18536.95	18538.46	3762	0	4
2024.01.31	15:22:00	18538.46	18544.02	18531.98	18536.39	3917	0	3
2024.01.31	15:23:00	18536.39	18547.55	18525.38	18545.66	2309	0	1
2024.01.31	15:24:00	18545.66	18564.75	18540.05	18560.0	4012	0	4
2024.01.31	15:25:00	18560.0	18566.25	18551.7	18553.13	1338	0	1
2024.01.31	15:26:00	18553.13	18561.51	18544.27	18548.95	2012	0	3
2024.01.31	15:27:00	18548.95	18572.19	18546.64	18569.83	774	0	3
2024.01.31	15:28:00	18569.83	18571.84	18564.62	18571.1	3387	0	2
2024.01.31	15:29:00	18571.1	18590.86	18560.7	18588.63	3716	0	4
2024.01.31	15:30:00	18588.63	18597.82	18588.24	18590.95	3932	0	3
2024.01.31	15:31:00	18590.95	18594.95	18589.97	18593.64	2142	0	2
2024.01.31	15:32:00	18593.64	18594.17	18588.69	18591.13	4270	0	1
2024.01.31	15:33:00	18591.13	18600.9	18591.07	18600.38	3411	0	3
2024.01.31	15:34:00	18600.38	18616.36	18598.15	18613.55	3088	0	1
2024.01.31	15:35:00	18613.55	18620.4	18600.34	18604.16	1497	0	4
2024.01.31	15:36:00	18604.16	18605.02	18594.34	18601.22	4287	0	1
2024.01.31	15:37:00	18601.22	18619.61	18597.12	18610.21	3896	0	1
2024.01.31	15:38:00	18610.21	18614.9	18607.45	18609.36	4440	0	1
2024.01.31	15:39:00	18609.36	18612.26	18602.65	18605.09	2049	0	4
2024.01.31	15:40:00	18605.09	18616.81	18600.27	18614.97	2981	0	4
2024.01.31	15:41:00	18614.97	18627.47	18610.12	18625.75	735	0	3
2024.01.31	15:42:00	18625.75	18634.02	18621.27	18621.88	3195	0	4
2024.01.31	15:43:00	18621.88	18626.41	18621.04	18624.25	2796	0	2
2024.01.31	15:44:00	18624.25	18635.8	18609.03	18613.23	4184	0	4
2024.01.31	15:45:00	18613.23	18614.77	18598.1	18605.17	3791	0	1
2024.01.31	15:46:00	18605.17	18606.73	18600.68	18606.71	4957	0	3
2024.01.31	15:47:00	18606.71	18609.48	18605.39	18607.38	4696	0	2
2024.01.31	15:48:00	18607.38	18617.61	18592.37	18598.64	1255	0	2
2024.01.31	15:49:00	18598.64	18607.23	18590.99	18592.27	4868	0	4
2024.01.31	15:50:00	18592.27	18597.13	18581.08	18582.62	635	0	4
2024.01.31	15:51:00	18582.62	18591.63	18582.21	18587.27	2553	0	3
2024.01.31	15:52:00	18587.27	18596.32	18568.87	18569.13	4697	0	4
2024.01.31	15:53:00	18569.13	18572.04	18554.97	18560.0	3253	0	1
2024.01.31	15:54:00	18560.0	18564.42	18540.18	18542.87	4963	0	1
2024.01.31	15:55:00	18542.87	18547.33	18542.53	18547.17	3007	0	1
2024.01.31	15:56:00	18547.17	18551.67	18529.06	18530.62	3567	0	1
2024.01.31	15:57:00	18530.62	18534.1	18530.4	18531.29	2900	0	4
2024.01.31	15:58:00	18531.29	18547.71	18531.15	18547.05	4672	0	3
2024.01.31	15:59:00	18547.05	18564.63	18535.22	18563.15	1015	0	2
2024.02.01	09:30:00	18563.15	18568.32	18539.7	18546.55	2252	0	2
2024.02.01	09:31:00	18546.55	18550.99	18542.2	18549.72	3518	0	1
2024.02.01	09:32:00	18549.72	18554.54	18535.77	18540.81	2719	0	3
2024.02.01	09:33:00	18540.81	18544.88	18528.71	18529.98	4843	0	4
2024.02.01	09:34:00	18529.98	18534.24	18528.21	18529.28	3120	0	1
2024.02.01	09:35:00	18529.28	18542.55	18526.6	18541.18	1070	0	2
2024.02.01	09:36:00	18541.18	18553.71	18536.98	18547.19	3260	0	4
2024.02.01	09:37:00	18547.19	18552.51	18539.11	18540.84	1903	0	4
2024.02.01	09:38:00	18540.84	18553.38	18536.44	18547.83	2614	0	2
2024.02.01	09:39:00	18547.83	18549.19	18521.5	18527.14	846	0	1
2024.02.01	09:40:00	18527.14	18527.99	18510.46	18520.45	4411	0	3
2024.02.01	09:41:00	18520.45	18522.16	18509.88	18513.09	2312	0	2
2024.02.01	09:42:00	18513.09	18522.51	18507.05	18514.2	4128	0	4
2024.02.01	09:43:00	18514.2	18514.99	18511.5	18512.67	2667	0	2
2024.02.01	09:44:00	18512.67	18516.19	18511.37	18511.71	4767	0	4
2024.02.01	09:45:00	18511.71	18514.22	18510.3	18510.44	2111	0	4
2024.02.01	09:46:00	18510.44	18512.28	18504.8	18511.02	978	0	1
2024.02.01	09:47:00	18511.02	18516.84	18506.2	18516.46	2644	0	3
2024.02.01	09:48:00	18516.46	18521.72	18510.41	18518.23	654	0	3
2024.02.01	09:49:00	18518.23	18526.32	18512.41	18515.93	4113	0	2
2024.02.01	09:50:00	18515.93	18526.09	18509.22	18520.07	4634	0	4
2024.02.01	09:51:00	18520.07	18530.07	18519.99	18528.19	1462	0	4
2024.02.01	09:52:00	18528.19	18528.7	18514.88	18523.34	737	0	2
2024.02.01	09:53:00	18523.34	18524.52	18512.08	18523.16	3910	0	4
2024.02.01	09:54:00	18523.16	18538.02	18515.57	18534.43	3600	0	3
2024.02.01	09:55:00	18534.43	18542.93	18521.15	18524.45	4069	0	3
2024.02.01	09:56:00	18524.45	18545.01	18522.0	18541.76	3062	0	4
2024.02.01	09:57:00	18541.76	18546.26	18518.98	18529.56	3115	0	3
2024.02.01	09:58:00	18529.56	18537.44	18526.37	18526.69	1721	0	2
2024.02.01	09:59:00	18526.69	18537.32	18513.11	18518.15	1918	0	3
2024.02.01	10:00:00	18518.15	18539.29	18516.75	18539.05	3340	0	2
2024.02.01	10:01:00	18539.05	18545.64	18529.07	18534.7	4714	0	1
2024.02.01	10:02:00	18534.7	18538.16	18521.64	18530.37	1892	0	3
2024.02.01	10:03:00	18530.37	18534.97	18524.38	18527.26	2137	0	4
2024.02.01	10:04:00	18527.26	18531.1	18516.39	18528.53	3150	0	4
2024.02.01	10:05:00	18528.53	18531.48	18524.61	18525.82	724	0	3
2024.02.01	10:06:00	18525.82	18528.16	18519.99	18524.94	3438	0	2
2024.02.01	10:07:00	18524.94	18526.6	18485.59	18492.23	1112	0	4
2024.02.01	10:08:00	18492.23	18499.29	18490.71	18493.14	3574	0	4
2024.02.01	10:09:00	18493.14	18496.96	18489.49	18493.67	4512	0	4
2024.02.01	10:10:00	18493.67	18508.55	18488.57	18503.77	4623	0	4
2024.02.01	10:11:00	18503.77	18516.57	18503.47	18516.41	1174	0	4
2024.02.01	10:12:00	18516.41	18517.0	18510.9	18515.02	3187	0	2
2024.02.01	10:13:00	18515.02	18533.52	18511.15	18523.05	2513	0	4
2024.02.01	10:14:00	18523.05	18527.49	18511.22	18513.09	2706	0	2
2024.02.01	10:15:00	18513.09	18523.87	18509.89	18520.65	3613	0	4
2024.02.01	10:16:00	18520.65	18525.92	18511.57	18515.66	4958	0	4
2024.02.01	10:17:00	18515.66	18516.38	18503.86	18504.92	3081	0	3
2024.02.01	10:18:00	18504.92	18507.56	18498.85	18503.55	2994	0	3
2024.02.01	10:19:00	18503.55	18524.92	18500.79	18517.05	3440	0	4
2024.02.01	10:20:00	18517.05	18529.32	18514.12	18519.12	2773	0	3
2024.02.01	10:21:00	18519.12	18537.3	18509.88	18533.53	2069	0	4
2024.02.01	10:22:00	18533.53	18537.58	18523.37	18526.87	4204	0	3
2024.02.01	10:23:00	18526.87	18545.61	18516.01	18537.08	3480	0	2
2024.02.01	10:24:00	18537.08	18538.13	18528.46	18531.33	3043	0	1
2024.02.01	10:25:00	18531.33	18540.16	18528.46	18533.81	540	0	3
2024.02.01	10:26:00	18533.81	18538.46	18529.95	18536.22	1739	0	1
2024.02.01	10:27:00	18536.22	18546.26	18531.08	18542.8	1684	0	3
2024.02.01	10:28:00	18542.8	18548.48	18541.56	18545.52	3423	0	3
2024.02.01	10:29:00	18545.52	18547.89	18538.64	18538.95	1056	0	1
2024.02.01	10:30:00	18538.95	18548.04	18529.97	18547.59	2218	0	2
2024.02.01	10:31:00	18547.59	18570.19	18542.8	18564.23	2548	0	3
2024.02.01	10:32:00	18564.23	18565.78	18558.6	18559.12	3832	0	3
2024.02.01	10:33:00	18559.12	18560.58	18541.94	18542.25	1156	0	1
2024.02.01	10:34:00	18542.25	18556.64	18538.69	18547.31	3226	0	3
2024.02.01	10:35:00	18547.31	18549.46	18538.38	18544.57	2963	0	1
2024.02.01	10:36:00	18544.57	18546.19	18534.69	18543.71	3826	0	2
2024.02.01	10:37:00	18543.71	18553.31	18540.22	18549.3	1312	0	2
2024.02.01	10:38:00	18549.3	18550.64	18545.05	18545.39	3198	0	1
2024.02.01	10:39:00	18545.39	18552.18	18537.07	18543.23	2364	0	2
2024.02.01	10:40:00	18543.23	18545.67	18532.83	18542.66	1666	0	2
2024.02.01	10:41:00	18542.66	18559.44	18538.47	18556.84	833	0	4
2024.02.01	10:42:00	18556.84	18557.77	18554.39	18557.49	2213	0	2
2024.02.01	10:43:00	18557.49	18559.13	18544.38	18546.26	2479	0	3
2024.02.01	10:44:00	18546.26	18548.55	18534.16	18535.4	729	0	2
2024.02.01	10:45:00	18535.4	18537.36	18535.24	18537.08	4135	0	2
2024.02.01	10:46:00	18537.08	18540.03	18524.07	18526.85	3609	0	1
2024.02.01	10:47:00	18526.85	18526.89	18512.21	18512.57	1926	0	1
2024.02.01	10:48:00	18512.57	18521.06	18509.86	18518.9	711	0	2
2024.02.01	10:49:00	18518.9	18530.41	18517.6	18525.69	3678	0	2
2024.02.01	10:50:00	18525.69	18527.18	18521.04	18522.61	607	0	4
2024.02.01	10:51:00	18522.61	18533.14	18519.76	18525.73	2416	0	3
2024.02.01	10:52:00	18525.73	18533.05	18522.57	18527.87	1431	0	1
2024.02.01	10:53:00	18527.87	18536.36	18522.53	18533.89	1553	0	4
2024.02.01	10:54:00	18533.89	18547.58	18533.75	18539.94	3898	0	2
2024.02.01	10:55:00	18539.94	18545.18	18513.4	18515.86	1865	0	3
2024.02.01	10:56:00	18515.86	18521.17	18513.91	18513.98	1605	0	1
2024.02.01	10:57:00	18513.98	18523.59	18507.25	18519.2	1861	0	1
2024.02.01	10:58:00	18519.2	18520.06	18514.04	18515.72	1169	0	1
2024.02.01	10:59:00	18515.72	18518.2	18505.58	18516.43	3840	0	2
2024.02.01	11:00:00	18516.43	18528.93	18515.4	18523.84	2729	0	4
2024.02.01	11:01:00	18523.84	18531.29	18523.06	18524.97	1404	0	4
2024.02.01	11:02:00	18524.97	18543.02	18524.88	18539.49	1886	0	4
2024.02.01	11:03:00	18539.49	18556.35	18538.82	18550.45	4899	0	4
2024.02.01	11:04:00	18550.45	18557.94	18548.19	18549.71	3101	0	4
2024.02.01	11:05:00	18549.71	18556.76	18543.56	18548.22	3593	0	3
2024.02.01	11:06:00	18548.22	18548.92	18520.74	18521.84	4354	0	2
2024.02.01	11:07:00	18521.84	18523.88	18515.75	18519.14	2305	0	2
2024.02.01	11:08:00	18519.14	18520.82	18502.0	18506.83	2066	0	3
2024.02.01	11:09:00	18506.83	18511.36	18497.8	18509.27	4991	0	1
2024.02.01	11:10:00	18509.27	18515.51	18508.54	18511.07	3048	0	1
2024.02.01	11:11:00	18511.07	18520.06	18503.96	18517.97	1472	0	2
2024.02.01	11:12:00	18517.97	18531.85	18515.94	18531.44	4362	0	3
2024.02.01	11:13:00	18531.44	18532.94	18529.57	18531.56	3933	0	2
2024.02.01	11:14:00	18531.56	18559.47	18523.04	18553.35	2303	0	4
2024.02.01	11:15:00	18553.35	18565.77	18548.92	18555.9	1719	0	3
2024.02.01	11:16:00	18555.9	18561.51	18532.15	18543.97	3455	0	2
2024.02.01	11:17:00	18543.97	18553.5	18538.91	18539.06	2946	0	1
2024.02.01	11:18:00	18539.06	18541.73	18532.69	18535.93	1564	0	2
2024.02.01	11:19:00	18535.93	18546.89	18529.47	18541.86	744	0	4
2024.02.01	11:20:00	18541.86	18551.05	18525.78	18533.34	4186	0	1
2024.02.01	11:21:00	18533.34	18536.8	18528.49	18530.91	4309	0	3
2024.02.01	11:22:00	18530.91	18537.46	18524.69	18529.77	4579	0	3
2024.02.01	11:23:00	18529.77	18537.56	18520.54	18525.94	2147	0	4
2024.02.01	11:24:00	18525.94	18540.8	18519.93	18533.92	3668	0	4
2024.02.01	11:25:00	18533.92	18544.45	18521.9	18540.31	3130	0	4
2024.02.01	11:26:00	18540.31	18557.66	18537.93	18551.64	1698	0	2
2024.02.01	11:27:00	18551.64	18551.68	18547.15	18548.9	4672	0	2
2024.02.01	11:28:00	18548.9	18561.98	18547.28	18560.57	2012	0	2
2024.02.01	11:29:00	18560.57	18561.04	18538.85	18548.13	636	0	3
2024.02.01	11:30:00	18548.13	18548.31	18535.04	18535.46	1245	0	1
2024.02.01	11:31:00	18535.46	18542.82	18515.09	18524.44	4856	0	4
2024.02.01	11:32:00	18524.44	18528.45	18522.0	18524.9	809	0	3
2024.02.01	11:33:00	18524.9	18540.3	18518.02	18536.55	2863	0	1
2024.02.01	11:34:00	18536.55	18538.04	18529.21	18531.27	2683	0	1
2024.02.01	11:35:00	18531.27	18535.3	18523.52	18527.17	4013	0	1
2024.02.01	11:36:00	18527.17	18532.22	18517.14	18525.52	4194	0	2
2024.02.01	11:37:00	18525.52	18539.24	18521.46	18531.26	2628	0	2
2024.02.01	11:38:00	18531.26	18533.54	18524.32	18527.15	3342	0	1
2024.02.01	11:39:00	18527.15	18527.45	18520.49	18522.52	4171	0	2
2024.02.01	11:40:00	18522.52	18526.39	18505.69	18510.27	4143	0	1
2024.02.01	11:41:00	18510.27	18519.07	18499.9	18505.28	4462	0	3
2024.02.01	11:42:00	18505.28	18518.72	18504.02	18516.69	3682	0	2
2024.02.01	11:43:00	18516.69	18518.73	18513.82	18517.91	2217	0	2
2024.02.01	11:44:00	18517.91	18521.26	18502.38	18511.35	3015	0	2
2024.02.01	11:45:00	18511.35	18527.83	18499.58	18523.31	3751	0	2
2024.02.01	11:46:00	18523.31	18524.43	18508.91	18518.19	1833	0	4
2024.02.01	11:47:00	18518.19	18534.09	18511.43	18531.88	4993	0	3
2024.02.01	11:48:00	18531.88	18546.98	18528.58	18545.43	2497	0	1
2024.02.01	11:49:00	18545.43	18551.91	18543.08	18546.33	3907	0	4
2024.02.01	11:50:00	18546.33	18546.6	18530.75	18532.63	2777	0	2
2024.02.01	11:51:00	18532.63	18559.41	18528.43	18554.5	4805	0	1
2024.02.01	11:52:00	18554.5	18558.7	18549.85	18558.51	3504	0	3
2024.02.01	11:53:00	18558.51	18558.83	18548.98	18555.84	3814	0	4
2024.02.01	11:54:00	18555.84	18566.72	18555.58	18565.19	3985	0	1
2024.02.01	11:55:00	18565.19	18576.35	18559.93	18572.17	1984	0	4
2024.02.01	11:56:00	18572.17	18589.22	18567.69	18584.87	2070	0	3
2024.02.01	11:57:00	18584.87	18592.69	18576.31	18579.01	4222	0	2
2024.02.01	11:58:00	18579.01	18587.94	18569.7	18582.38	2579	0	4
2024.02.01	11:59:00	18582.38	18584.56	18566.26	18571.6	3498	0	3
2024.02.01	12:00:00	18571.6	18578.62	18569.17	18578.24	2830	0	4
2024.02.01	12:01:00	18578.24	18579.78	18577.2	18578.39	648	0	1
2024.02.01	12:02:00	18578.39	18583.0	18577.58	18581.41	2620	0	3
2024.02.01	12:03:00	18581.41	18584.86	18574.63	18580.4	1275	0	3
2024.02.01	12:04:00	18580.4	18581.93	18577.3	18578.41	890	0	1
2024.02.01	12:05:00	18578.41	18580.64	18568.43	18570.62	1675	0	4
2024.02.01	12:06:00	18570.62	18590.24	18564.76	18578.42	1817	0	2
2024.02.01	12:07:00	18578.42	18597.62	18573.82	18592.81	3846	0	1
2024.02.01	12:08:00	18592.81	18593.6	18586.94	18587.95	1634	0	2
2024.02.01	12:09:00	18587.95	18599.96	18586.57	18593.53	4087	0	4
2024.02.01	12:10:00	18593.53	18603.81	18591.29	18597.97	1445	0	4
2024.02.01	12:11:00	18597.97	18604.92	18592.5	18598.42	4220	0	1
2024.02.01	12:12:00	18598.42	18599.47	18574.08	18584.42	2867	0	2
2024.02.01	12:13:00	18584.42	18584.49	18570.0	18572.54	802	0	4
2024.02.01	12:14:00	18572.54	18575.42	18564.19	18565.57	997	0	1
2024.02.01	12:15:00	18565.57	18566.63	18538.73	18545.85	824	0	3
2024.02.01	12:16:00	18545.85	18559.91	18542.39	18559.44	2346	0	3
2024.02.01	12:17:00	18559.44	18565.44	18553.78	18563.27	1847	0	2
2024.02.01	12:18:00	18563.27	18568.29	18555.39	18563.36	708	0	2
2024.02.01	12:19:00	18563.36	18570.15	18534.72	18543.16	3565	0	4
2024.02.01	12:20:00	18543.16	18545.16	18523.76	18526.41	4338	0	2
2024.02.01	12:21:00	18526.41	18535.41	18525.87	18526.76	4289	0	3
2024.02.01	12:22:00	18526.76	18550.46	18525.88	18545.62	1178	0	4
2024.02.01	12:23:00	18545.62	18547.11	18539.21	18539.43	4412	0	1
2024.02.01	12:24:00	18539.43	18549.49	18537.51	18547.92	2415	0	4
2024.02.01	12:25:00	18547.92	18549.39	18543.36	18543.78	1433	0	4
2024.02.01	12:26:00	18543.78	18549.95	18539.17	18544.67	1100	0	1
2024.02.01	12:27:00	18544.67	18562.81	18540.36	18556.45	3953	0	1
2024.02.01	12:28:00	18556.45	18556.78	18546.39	18553.57	1653	0	3
2024.02.01	12:29:00	18553.57	18554.75	18545.48	18547.46	3383	0	4
2024.02.01	12:30:00	18547.46	18563.28	18543.96	18561.15	2994	0	4
2024.02.01	12:31:00	18561.15	18564.9	18559.45	18561.95	4670	0	1
2024.02.01	12:32:00	18561.95	18578.2	18559.95	18572.58	3721	0	3
2024.02.01	12:33:00	18572.58	18581.03	18558.35	18566.51	3977	0	2
2024.02.01	12:34:00	18566.51	18585.48	18564.25	18580.11	2716	0	3
2024.02.01	12:35:00	18580.11	18588.7	18569.9	18583.06	2878	0	3
2024.02.01	12:36:00	18583.06	18591.24	18579.88	18587.52	1172	0	3
2024.02.01	12:37:00	18587.52	18591.12	18584.55	18589.13	4024	0	3
2024.02.01	12:38:00	18589.13	18590.73	18583.35	18584.75	3884	0	1
2024.02.01	12:39:00	18584.75	18587.67	18581.04	18585.1	1887	0	3
2024.02.01	12:40:00	18585.1	18586.8	18578.72	18581.31	1129	0	1
2024.02.01	12:41:00	18581.31	18597.89	18575.18	18590.71	4037	0	2
2024.02.01	12:42:00	18590.71	18590.75	18579.46	18589.17	3969	0	3
2024.02.01	12:43:00	18589.17	18600.57	18571.13	18575.46	4015	0	3
2024.02.01	12:44:00	18575.46	18578.3	18555.26	18560.05	634	0	4
2024.02.01	12:45:00	18560.05	18566.39	18542.37	18544.2	4348	0	1
2024.02.01	12:46:00	18544.2	18560.17	18536.03	18550.37	2119	0	3
2024.02.01	12:47:00	18550.37	18555.53	18536.21	18539.93	1590	0	4
2024.02.01	12:48:00	18539.93	18544.9	18525.71	18543.12	2868	0	2
2024.02.01	12:49:00	18543.12	18547.81	18541.6	18544.77	4320	0	1
2024.02.01	12:50:00	18544.77	18550.35	18539.48	18544.53	4167	0	4
2024.02.01	12:51:00	18544.53	18557.49	18543.9	18549.02	1260	0	4
2024.02.01	12:52:00	18549.02	18551.07	18536.95	18550.88	4893	0	3
2024.02.01	12:53:00	18550.88	18557.35	18518.34	18525.81	3973	0	3
2024.02.01	12:54:00	18525.81	18527.67	18519.55	18523.15	4698	0	2
2024.02.01	12:55:00	18523.15	18535.52	18518.42	18527.51	4684	0	4
2024.02.01	12:56:00	18527.51	18549.47	18521.44	18543.27	2864	0	4
2024.02.01	12:57:00	18543.27	18559.58	18538.55	18559.48	661	0	2
2024.02.01	12:58:00	18559.48	18565.05	18542.4	18547.05	825	0	2
2024.02.01	12:59:00	18547.05	18554.2	18531.29	18544.14	3317	0	4
2024.02.01	13:00:00	18544.14	18544.51	18526.64	18529.81	909	0	1
2024.02.01	13:01:00	18529.81	18545.45	18524.25	18544.44	3468	0	3
2024.02.01	13:02:00	18544.44	18554.99	18539.43	18554.33	964	0	1
2024.02.01	13:03:00	18554.33	18569.33	18551.71	18557.99	4168	0	4
2024.02.01	13:04:00	18557.99	18561.24	18556.63	18559.93	1702	0	1
2024.02.01	13:05:00	18559.93	18576.66	18555.43	18573.28	962	0	1
2024.02.01	13:06:00	18573.28	18585.72	18567.21	18585.04	2030	0	2
2024.02.01	13:07:00	18585.04	18597.94	18579.94	18596.32	4592	0	4
2024.02.01	13:08:00	18596.32	18601.2	18593.02	18600.99	2983	0	1
2024.02.01	13:09:00	18600.99	18610.4	18592.74	18598.07	4972	0	3
2024.02.01	13:10:00	18598.07	18613.5	18595.76	18605.67	1662	0	2
2024.02.01	13:11:00	18605.67	18615.47	18602.28	18613.73	3524	0	4
2024.02.01	13:12:00	18613.73	18616.65	18611.51	18612.31	1340	0	2
2024.02.01	13:13:00	18612.31	18618.71	18605.17	18609.37	2434	0	2
2024.02.01	13:14:00	18609.37	18625.04	18608.63	18620.43	2194	0	1
2024.02.01	13:15:00	18620.43	18637.78	18616.1	18636.5	3357	0	2
2024.02.01	13:16:00	18636.5	18640.13	18625.81	18629.8	3529	0	1
2024.02.01	13:17:00	18629.8	18635.25	18625.11	18627.69	746	0	4
2024.02.01	13:18:00	18627.69	18631.75	18624.77	18631.37	3629	0	2
2024.02.01	13:19:00	18631.37	18642.44	18629.98	18636.33	3888	0	2
2024.02.01	13:20:00	18636.33	18639.53	18624.01	18631.78	2217	0	1
2024.02.01	13:21:00	18631.78	18654.64	18626.25	18649.93	814	0	3
2024.02.01	13:22:00	18649.93	18654.66	18647.81	18654.29	2400	0	3
2024.02.01	13:23:00	18654.29	18660.16	18644.55	18659.68	1951	0	2
2024.02.01	13:24:00	18659.68	18679.74	18659.06	18676.68	4065	0	2
2024.02.01	13:25:00	18676.68	18683.2	18672.17	18672.81	1127	0	4
2024.02.01	13:26:00	18672.81	18684.86	18670.31	18672.35	1835	0	1
2024.02.01	13:27:00	18672.35	18676.7	18659.72	18660.87	3767	0	3
2024.02.01	13:28:00	18660.87	18665.99	18643.19	18659.62	4732	0	4
2024.02.01	13:29:00	18659.62	18662.5	18644.28	18645.93	3174	0	2
2024.02.01	13:30:00	18645.93	18663.67	18639.9	18653.36	510	0	1
2024.02.01	13:31:00	18653.36	18662.54	18652.93	18657.7	3646	0	4
2024.02.01	13:32:00	18657.7	18659.36	18649.92	18655.46	640	0	4
2024.02.01	13:33:00	18655.46	18656.92	18645.76	18654.88	790	0	1
2024.02.01	13:34:00	18654.88	18663.89	18645.7	18662.45	3504	0	2
2024.02.01	13:35:00	18662.45	18672.19	18650.48	18652.09	2166	0	1
2024.02.01	13:36:00	18652.09	18659.05	18650.83	18654.4	621	0	4
2024.02.01	13:37:00	18654.4	18663.51	18650.13	18661.38	2327	0	4
2024.02.01	13:38:00	18661.38	18664.92	18644.24	18644.92	2207	0	4
2024.02.01	13:39:00	18644.92	18653.04	18639.5	18651.76	3210	0	2
2024.02.01	13:40:00	18651.76	18652.92	18624.89	18636.33	4747	0	3
2024.02.01	13:41:00	18636.33	18641.07	18626.97	18635.59	960	0	1
2024.02.01	13:42:00	18635.59	18642.57	18623.94	18624.99	3495	0	1
2024.02.01	13:43:00	18624.99	18638.9	18622.1	18638.86	3412	0	3
2024.02.01	13:44:00	18638.86	18642.22	18625.79	18628.32	4895	0	4
2024.02.01	13:45:00	18628.32	18632.67	18606.23	18613.13	2276	0	2
2024.02.01	13:46:00	18613.13	18615.67	18610.82	18614.76	1228	0	2
2024.02.01	13:47:00	18614.76	18616.96	18608.2	18611.23	4576	0	4
2024.02.01	13:48:00	18611.23	18611.28	18595.85	18597.43	725	0	2
2024.02.01	13:49:00	18597.43	18605.93	18591.52	18602.75	2524	0	4
2024.02.01	13:50:00	18602.75	18603.2	18580.13	18584.38	3441	0	3
2024.02.01	13:51:00	18584.38	18585.84	18569.81	18575.0	959	0	4
2024.02.01	13:52:00	18575.0	18580.51	18566.77	18569.96	1835	0	2
2024.02.01	13:53:00	18569.96	18579.04	18569.78	18577.88	965	0	4
2024.02.01	13:54:00	18577.88	18590.91	18577.42	18590.44	4305	0	4
2024.02.01	13:55:00	18590.44	18605.87	18588.34	18601.19	1644	0	4
2024.02.01	13:56:00	18601.19	18603.94	18590.84	18600.12	3215	0	4
2024.02.01	13:57:00	18600.12	18606.09	18576.12	18577.65	1579	0	2
2024.02.01	13:58:00	18577.65	18584.8	18576.09	18581.7	3622	0	4
2024.02.01	13:59:00	18581.7	18599.34	18580.87	18595.91	4085	0	3
2024.02.01	14:00:00	18595.91	18611.5	18591.47	18607.9	680	0	1
2024.02.01	14:01:00	18607.9	18620.55	18599.79	18612.64	3750	0	4
2024.02.01	14:02:00	18612.64	18622.08	18601.17	18601.8	3473	0	3
2024.02.01	14:03:00	18601.8	18603.92	18594.74	18597.23	845	0	3
2024.02.01	14:04:00	18597.23	18619.87	18597.22	18615.82	1689	0	1
2024.02.01	14:05:00	18615.82	18621.13	18602.55	18602.84	4331	0	4
2024.02.01	14:06:00	18602.84	18604.67	18588.17	18592.4	2495	0	4
2024.02.01	14:07:00	18592.4	18604.93	18591.22	18601.65	932	0	4
2024.02.01	14:08:00	18601.65	18608.42	18597.16	18597.96	3388	0	2
2024.02.01	14:09:00	18597.96	18603.84	18584.97	18587.21	4035	0	1
2024.02.01	14:10:00	18587.21	18609.21	18585.69	18601.97	2449	0	3
2024.02.01	14:11:00	18601.97	18609.28	18600.11	18606.68	1002	0	3
2024.02.01	14:12:00	18606.68	18607.19	18597.25	18603.46	1086	0	2
2024.02.01	14:13:00	18603.46	18604.51	18590.35	18593.04	2193	0	2
2024.02.01	14:14:00	18593.04	18615.34	18590.78	18612.7	2679	0	3
2024.02.01	14:15:00	18612.7	18613.48	18604.49	18612.84	3879	0	4
2024.02.01	14:16:00	18612.84	18626.61	18607.88	18626.39	3565	0	3
2024.02.01	14:17:00	18626.39	18641.82	18624.98	18635.19	1641	0	4
2024.02.01	14:18:00	18635.19	18643.06	18630.27	18630.65	3604	0	3
2024.02.01	14:19:00	18630.65	18633.95	18620.18	18626.18	1009	0	3
2024.02.01	14:20:00	18626.18	18645.32	18616.33	18640.2	1328	0	2
2024.02.01	14:21:00	18640.2	18655.66	18628.52	18654.38	4042	0	1
2024.02.01	14:22:00	18654.38	18662.88	18630.01	18637.04	4554	0	2
2024.02.01	14:23:00	18637.04	18644.71	18635.03	18642.6	3609	0	2
2024.02.01	14:24:00	18642.6	18643.41	18632.83	18641.83	2553	0	3
2024.02.01	14:25:00	18641.83	18642.01	18622.84	18632.45	4510	0	1
2024.02.01	14:26:00	18632.45	18637.17	18630.02	18635.29	2090	0	3
2024.02.01	14:27:00	18635.29	18636.83	18611.81	18622.93	3386	0	3
2024.02.01	14:28:00	18622.93	18626.08	18616.91	18618.91	3585	0	3
2024.02.01	14:29:00	18618.91	18624.77	18609.23	18611.75	832	0	4
2024.02.01	14:30:00	18611.75	18613.26	18599.34	18607.41	4815	0	1
2024.02.01	14:31:00	18607.41	18614.1	18605.18	18607.11	3373	0	2
2024.02.01	14:32:00	18607.11	18608.64	18585.45	18597.92	1583	0	2
2024.02.01	14:33:00	18597.92	18613.19	18591.05	18613.11	4201	0	3
2024.02.01	14:34:00	18613.11	18618.79	18610.76	18618.13	2214	0	3
2024.02.01	14:35:00	18618.13	18636.52	18607.61	18635.43	876	0	4
2024.02.01	14:36:00	18635.43	18637.41	18632.68	18634.29	3540	0	3
2024.02.01	14:37:00	18634.29	18634.75	18627.37	18629.49	1110	0	4
2024.02.01	14:38:00	18629.49	18653.69	18627.96	18646.46	3186	0	1
2024.02.01	14:39:00	18646.46	18651.41	18637.47	18641.37	3549	0	1
2024.02.01	14:40:00	18641.37	18646.36	18637.19	18640.06	1206	0	3
2024.02.01	14:41:00	18640.06	18653.57	18638.53	18647.23	4060	0	1
2024.02.01	14:42:00	18647.23	18652.81	18634.25	18635.92	2557	0	2
2024.02.01	14:43:00	18635.92	18644.04	18632.2	18643.01	2089	0	1
2024.02.01	14:44:00	18643.01	18652.53	18632.87	18648.89	957	0	1
2024.02.01	14:45:00	18648.89	18663.71	18647.68	18661.25	3808	0	2
2024.02.01	14:46:00	18661.25	18673.34	18658.95	18670.04	1239	0	4
2024.02.01	14:47:00	18670.04	18689.3	18669.24	18682.71	1253	0	1
2024.02.01	14:48:00	18682.71	18685.95	18680.12	18682.04	1695	0	4
2024.02.01	14:49:00	18682.04	18687.04	18667.54	18674.25	2498	0	3
2024.02.01	14:50:00	18674.25	18696.68	18667.89	18694.59	4455	0	4
2024.02.01	14:51:00	18694.59	18697.05	18678.78	18680.51	3865	0	3
2024.02.01	14:52:00	18680.51	18685.0	18667.01	18667.4	3820	0	1
2024.02.01	14:53:00	18667.4	18674.36	18663.75	18673.12	1395	0	2
2024.02.01	14:54:00	18673.12	18691.75	18667.05	18688.86	3416	0	4
2024.02.01	14:55:00	18688.86	18695.35	18685.0	18691.03	2070	0	3
2024.02.01	14:56:00	18691.03	18703.28	18686.08	18700.86	2632	0	2
2024.02.01	14:57:00	18700.86	18705.01	18681.05	18682.35	3330	0	3
2024.02.01	14:58:00	18682.35	18689.49	18672.68	18677.99	1249	0	2
2024.02.01	14:59:00	18677.99	18680.97	18651.46	18660.65	2056	0	1
2024.02.01	15:00:00	18660.65	18671.75	18656.78	18668.4	2278	0	4
2024.02.01	15:01:00	18668.4	18669.4	18652.18	18654.15	4433	0	1
2024.02.01	15:02:00	18654.15	18654.84	18635.13	18642.46	4852	0	4
2024.02.01	15:03:00	18642.46	18648.73	18639.12	18647.69	4805	0	1
2024.02.01	15:04:00	18647.69	18659.45	18647.1	18658.09	2874	0	3
2024.02.01	15:05:00	18658.09	18660.19	18656.23	18656.96	3390	0	2
2024.02.01	15:06:00	18656.96	18665.42	18653.9	18662.72	3722	0	4
2024.02.01	15:07:00	18662.72	18674.42	18659.29	18668.18	4020	0	3
2024.02.01	15:08:00	18668.18	18668.3	18664.93	18666.51	3544	0	3
2024.02.01	15:09:00	18666.51	18667.11	18650.89	18656.54	4580	0	2
2024.02.01	15:10:00	18656.54	18665.3	18652.92	18662.25	2223	0	4
2024.02.01	15:11:00	18662.25	18670.35	18661.3	18668.42	3658	0	1
2024.02.01	15:12:00	18668.42	18680.28	18666.9	18677.25	3248	0	3
2024.02.01	15:13:00	18677.25	18684.19	18670.08	18680.57	3979	0	2
2024.02.01	15:14:00	18680.57	18684.14	18669.28	18669.9	4682	0	2
2024.02.01	15:15:00	18669.9	18687.42	18663.8	18676.8	860	0	1
2024.02.01	15:16:00	18676.8	18677.43	18673.56	18677.16	4337	0	3
2024.02.01	15:17:00	18677.16	18678.48	18669.24	18672.97	4206	0	3
2024.02.01	15:18:00	18672.97	18675.74	18670.21	18670.55	4415	0	3
2024.02.01	15:19:00	18670.55	18674.86	18656.52	18664.4	1735	0	3
2024.02.01	15:20:00	18664.4	18686.1	18664.06	18673.18	3105	0	1
2024.02.01	15:21:00	18673.18	18680.63	18655.57	18660.15	818	0	3
2024.02.01	15:22:00	18660.15	18665.13	18647.38	18651.14	773	0	2
2024.02.01	15:23:00	18651.14	18654.1	18648.34	18648.4	3152	0	3
2024.02.01	15:24:00	18648.4	18666.15	18642.19	18664.02	4869	0	3
2024.02.01	15:25:00	18664.02	18676.75	18663.53	18674.36	1520	0	2
2024.02.01	15:26:00	18674.36	18676.87	18656.71	18659.23	4056	0	1
2024.02.01	15:27:00	18659.23	18675.37	18656.53	18672.37	859	0	1
2024.02.01	15:28:00	18672.37	18693.16	18671.64	18685.51	790	0	2
2024.02.01	15:29:00	18685.51	18695.51	18667.92	18674.78	3243	0	3
2024.02.01	15:30:00	18674.78	18679.3	18647.2	18651.32	1755	0	1
2024.02.01	15:31:00	18651.32	18652.06	18646.23	18651.01	943	0	3
2024.02.01	15:32:00	18651.01	18662.82	18649.81	18661.99	4617	0	1
2024.02.01	15:33:00	18661.99	18680.34	18658.36	18677.41	4492	0	4
2024.02.01	15:34:00	18677.41	18680.91	18666.23	18669.55	564	0	3
2024.02.01	15:35:00	18669.55	18696.36	18668.91	18686.49	4861	0	3
2024.02.01	15:36:00	18686.49	18688.15	18663.69	18665.79	582	0	1
2024.02.01	15:37:00	18665.79	18667.94	18662.67	18662.69	3821	0	3
2024.02.01	15:38:00	18662.69	18663.45	18653.85	18659.12	4027	0	3
2024.02.01	15:39:00	18659.12	18674.03	18655.21	18670.38	1794	0	4
2024.02.01	15:40:00	18670.38	18691.5	18660.74	18683.04	1111	0	3
2024.02.01	15:41:00	18683.04	18698.82	18679.74	18692.44	3031	0	4
2024.02.01	15:42:00	18692.44	18695.67	18670.07	18680.03	4486	0	2
2024.02.01	15:43:00	18680.03	18689.3	18678.42	18688.57	641	0	4
2024.02.01	15:44:00	18688.57	18697.7	18685.22	18693.76	4330	0	3
2024.02.01	15:45:00	18693.76	18701.48	18677.17	18678.32	3296	0	1
2024.02.01	15:46:00	18678.32	18679.68	18658.73	18659.15	4940	0	4
2024.02.01	15:47:00	18659.15	18673.26	18656.56	18669.34	1687	0	1
2024.02.01	15:48:00	18669.34	18672.69	18667.54	18668.01	3401	0	1
2024.02.01	15:49:00	18668.01	18670.57	18655.17	18656.24	2547	0	3
2024.02.01	15:50:00	18656.24	18656.35	18649.22	18654.64	3355	0	2
2024.02.01	15:51:00	18654.64	18660.34	18644.17	18658.46	1304	0	2
2024.02.01	15:52:00	18658.46	18663.49	18651.78	18658.05	2740	0	2
2024.02.01	15:53:00	18658.05	18663.39	18639.87	18643.76	4939	0	2
2024.02.01	15:54:00	18643.76	18663.58	18635.77	18661.94	4298	0	4
2024.02.01	15:55:00	18661.94	18672.07	18659.68	18671.81	1433	0	3
2024.02.01	15:56:00	18671.81	18673.77	18666.28	18669.01	765	0	4
2024.02.01	15:57:00	18669.01	18672.15	18661.99	18666.6	2376	0	3
2024.02.01	15:58:00	18666.6	18671.32	18666.18	18670.37	1529	0	3
2024.02.01	15:59:00	18670.37	18674.68	18659.06	18660.06	1645	0	3
2024.02.02	09:30:00	18660.06	18664.75	18658.27	18663.49	1320	0	4
2024.02.02	09:31:00	18663.49	18667.37	18646.32	18651.29	2937	0	1
2024.02.02	09:32:00	18651.29	18656.12	18646.79	18651.0	921	0	4
2024.02.02	09:33:00	18651.0	18651.98	18634.62	18640.33	4574	0	2
2024.02.02	09:34:00	18640.33	18640.6	18624.44	18630.16	637	0	2
2024.02.02	09:35:00	18630.16	18649.65	18622.52	18646.06	1235	0	3
2024.02.02	09:36:00	18646.06	18648.38	18642.89	18646.99	3028	0	4
2024.02.02	09:37:00	18646.99	18656.75	18643.44	18649.33	1133	0	2
2024.02.02	09:38:00	18649.33	18649.84	18628.48	18630.71	2767	0	2
2024.02.02	09:39:00	18630.71	18637.15	18622.8	18625.45	833	0	1
2024.02.02	09:40:00	18625.45	18635.24	18625.12	18630.18	4414	0	4
2024.02.02	09:41:00	18630.18	18632.82	18628.54	18632.38	3152	0	3
2024.02.02	09:42:00	18632.38	18635.08	18606.92	18612.44	1866	0	2
2024.02.02	09:43:00	18612.44	18620.24	18609.5	18614.77	3209	0	4
2024.02.02	09:44:00	18614.77	18623.46	18614.44	18618.59	2933	0	1
2024.02.02	09:45:00	18618.59	18634.6	18610.61	18631.07	4196	0	1
2024.02.02	09:46:00	18631.07	18639.7	18618.96	18625.27	3769	0	2
2024.02.02	09:47:00	18625.27	18631.44	18602.34	18604.5	4261	0	2
2024.02.02	09:48:00	18604.5	18613.33	18590.66	18595.49	4386	0	2
2024.02.02	09:49:00	18595.49	18603.37	18583.05	18585.53	958	0	1
2024.02.02	09:50:00	18585.53	18596.68	18581.33	18592.84	3961	0	4
2024.02.02	09:51:00	18592.84	18593.17	18561.43	18567.65	4597	0	2
2024.02.02	09:52:00	18567.65	18570.07	18562.3	18563.81	1392	0	4
2024.02.02	09:53:00	18563.81	18577.73	18562.47	18577.59	4232	0	3
2024.02.02	09:54:00	18577.59	18578.58	18566.9	18578.03	3246	0	4
2024.02.02	09:55:00	18578.03	18588.75	18574.22	18586.83	3412	0	2
2024.02.02	09:56:00	18586.83	18591.35	18571.65	18571.76	3709	0	3
2024.02.02	09:57:00	18571.76	18572.66	18555.73	18557.07	2061	0	2
2024.02.02	09:58:00	18557.07	18576.2	18556.81	18570.95	4540	0	2
2024.02.02	09:59:00	18570.95	18574.21	18567.66	18572.27	3855	0	4
2024.02.02	10:00:00	18572.27	18581.78	18568.25	18573.62	2473	0	4
2024.02.02	10:01:00	18573.62	18575.52	18557.06	18563.47	3293	0	2
2024.02.02	10:02:00	18563.47	18567.48	18557.25	18564.79	4793	0	1
2024.02.02	10:03:00	18564.79	18569.23	18553.43	18554.39	2088	0	3
2024.02.02	10:04:00	18554.39	18566.2	18550.52	18565.92	4519	0	4
2024.02.02	10:05:00	18565.92	18592.53	18565.72	18591.95	559	0	4
2024.02.02	10:06:00	18591.95	18596.99	18587.3	18596.88	4071	0	2
2024.02.02	10:07:00	18596.88	18606.91	18583.22	18591.28	3166	0	3
2024.02.02	10:08:00	18591.28	18600.68	18567.01	18567.81	3695	0	4
2024.02.02	10:09:00	18567.81	18569.31	18545.59	18552.35	3094	0	1
2024.02.02	10:10:00	18552.35	18568.64	18551.04	18567.34	2654	0	2
2024.02.02	10:11:00	18567.34	18568.44	18551.26	18558.03	1195	0	1
2024.02.02	10:12:00	18558.03	18562.09	18554.16	18554.92	1592	0	3
2024.02.02	10:13:00	18554.92	18562.58	18552.92	18561.45	4578	0	4
2024.02.02	10:14:00	18561.45	18577.3	18557.94	18575.76	2329	0	2
2024.02.02	10:15:00	18575.76	18579.42	18568.47	18574.25	1216	0	4
2024.02.02	10:16:00	18574.25	18577.65	18570.77	18570.82	1079	0	3
2024.02.02	10:17:00	18570.82	18574.46	18566.62	18571.86	1791	0	2
2024.02.02	10:18:00	18571.86	18572.1	18559.83	18566.33	3792	0	4
2024.02.02	10:19:00	18566.33	18567.63	18556.98	18561.31	2173	0	3
2024.02.02	10:20:00	18561.31	18567.55	18554.57	18565.55	2436	0	3
2024.02.02	10:21:00	18565.55	18575.43	18565.38	18567.67	3573	0	1
2024.02.02	10:22:00	18567.67	18588.22	18563.07	18588.09	3223	0	3
2024.02.02	10:23:00	18588.09	18598.09	18586.69	18592.59	867	0	1
2024.02.02	10:24:00	18592.59	18609.27	18592.25	18603.81	2261	0	2
2024.02.02	10:25:00	18603.81	18606.81	18587.46	18594.09	3660	0	4
2024.02.02	10:26:00	18594.09	18609.46	18588.91	18599.41	3691	0	4
2024.02.02	10:27:00	18599.41	18600.12	18585.26	18592.97	2365	0	2
2024.02.02	10:28:00	18592.97	18600.11	18591.66	18597.07	1465	0	2
2024.02.02	10:29:00	18597.07	18615.96	18590.09	18603.92	1323	0	1
2024.02.02	10:30:00	18603.92	18605.65	18601.96	18604.76	905	0	1
2024.02.02	10:31:00	18604.76	18630.68	18600.99	18627.83	1004	0	3
2024.02.02	10:32:00	18627.83	18644.26	18619.89	18641.68	4864	0	4
2024.02.02	10:33:00	18641.68	18658.81	18637.11	18653.17	2355	0	4
2024.02.02	10:34:00	18653.17	18664.41	18651.23	18660.76	1942	0	2
2024.02.02	10:35:00	18660.76	18677.85	18658.83	18677.8	2506	0	4
2024.02.02	10:36:00	18677.8	18680.6	18660.84	18664.59	2828	0	2
2024.02.02	10:37:00	18664.59	18678.51	18659.27	18677.92	1117	0	3
2024.02.02	10:38:00	18677.92	18679.72	18668.08	18668.92	4569	0	2
2024.02.02	10:39:00	18668.92	18674.16	18663.17	18663.96	2671	0	4
2024.02.02	10:40:00	18663.96	18670.6	18661.12	18669.64	3030	0	2
2024.02.02	10:41:00	18669.64	18683.02	18667.71	18681.67	2760	0	4
2024.02.02	10:42:00	18681.67	18687.59	18668.54	18671.14	4718	0	1
2024.02.02	10:43:00	18671.14	18671.77	18659.97	18666.67	4914	0	4
2024.02.02	10:44:00	18666.67	18673.28	18666.29	18667.96	1066	0	2
2024.02.02	10:45:00	18667.96	18671.16	18662.06	18666.57	3709	0	3
2024.02.02	10:46:00	18666.57	18681.81	18666.17	18675.02	1234	0	3
2024.02.02	10:47:00	18675.02	18714.02	18670.04	18707.92	554	0	3
2024.02.02	10:48:00	18707.92	18715.65	18701.57	18712.26	2984	0	2
2024.02.02	10:49:00	18712.26	18723.37	18701.39	18705.67	2645	0	4
2024.02.02	10:50:00	18705.67	18708.68	18691.23	18693.77	2714	0	1
2024.02.02	10:51:00	18693.77	18696.54	18690.9	18691.06	597	0	2
2024.02.02	10:52:00	18691.06	18691.28	18680.91	18682.54	3396	0	2
2024.02.02	10:53:00	18682.54	18695.33	18680.32	18687.34	2800	0	2
2024.02.02	10:54:00	18687.34	18697.1	18684.96	18691.99	761	0	1
2024.02.02	10:55:00	18691.99	18702.6	18685.32	18687.98	2020	0	4
2024.02.02	10:56:00	18687.98	18708.96	18675.95	18707.15	1107	0	3
2024.02.02	10:57:00	18707.15	18710.78	18699.27	18700.56	4565	0	4
2024.02.02	10:58:00	18700.56	18704.56	18694.74	18699.8	3839	0	2
2024.02.02	10:59:00	18699.8	18710.6	18695.68	18706.23	2719	0	2
2024.02.02	11:00:00	18706.23	18718.13	18698.17	18715.05	891	0	3
2024.02.02	11:01:00	18715.05	18731.19	18713.26	18727.54	4324	0	3
2024.02.02	11:02:00	18727.54	18734.36	18727.29	18731.98	2096	0	1
2024.02.02	11:03:00	18731.98	18747.23	18723.28	18742.32	3127	0	4
2024.02.02	11:04:00	18742.32	18746.11	18731.09	18736.39	3740	0	4
2024.02.02	11:05:00	18736.39	18745.92	18730.06	18745.47	2284	0	3
2024.02.02	11:06:00	18745.47	18758.33	18739.84	18754.44	4874	0	2
2024.02.02	11:07:00	18754.44	18774.19	18748.86	18769.19	1533	0	2
2024.02.02	11:08:00	18769.19	18771.93	18747.36	18753.71	2045	0	1
2024.02.02	11:09:00	18753.71	18754.76	18742.47	18745.47	1324	0	1
2024.02.02	11:10:00	18745.47	18757.84	18744.11	18753.66	2045	0	2
2024.02.02	11:11:00	18753.66	18758.59	18722.54	18728.88	4075	0	1
2024.02.02	11:12:00	18728.88	18737.08	18727.7	18733.92	2621	0	2
2024.02.02	11:13:00	18733.92	18749.77	18729.5	18744.35	4473	0	2
2024.02.02	11:14:00	18744.35	18749.42	18733.38	18739.25	4507	0	1
2024.02.02	11:15:00	18739.25	18741.37	18734.17	18735.55	1958	0	2
2024.02.02	11:16:00	18735.55	18735.69	18725.6	18725.73	4078	0	1
2024.02.02	11:17:00	18725.73	18727.98	18715.9	18721.16	2725	0	4
2024.02.02	11:18:00	18721.16	18723.75	18715.45	18716.87	2405	0	3
2024.02.02	11:19:00	18716.87	18717.79	18701.64	18710.77	1793	0	1
2024.02.02	11:20:00	18710.77	18712.75	18700.58	18704.16	799	0	1
2024.02.02	11:21:00	18704.16	18704.38	18697.02	18701.97	2548	0	1
2024.02.02	11:22:00	18701.97	18709.46	18691.94	18699.66	3507	0	1
2024.02.02	11:23:00	18699.66	18718.15	18697.82	18717.79	4412	0	3
2024.02.02	11:24:00	18717.79	18720.87	18710.49	18714.43	2353	0	1
2024.02.02	11:25:00	18714.43	18718.72	18712.1	18718.06	1120	0	1
2024.02.02	11:26:00	18718.06	18722.57	18710.98	18712.97	2609	0	3
2024.02.02	11:27:00	18712.97	18714.76	18698.3	18707.76	1811	0	4
2024.02.02	11:28:00	18707.76	18709.93	18686.75	18691.99	4635	0	2
2024.02.02	11:29:00	18691.99	18697.28	18666.84	18677.5	3628	0	2
2024.02.02	11:30:00	18677.5	18679.42	18661.66	18666.46	4575	0	4
2024.02.02	11:31:00	18666.46	18677.86	18665.99	18668.57	1897	0	4
2024.02.02	11:32:00	18668.57	18680.42	18664.62	18679.12	2504	0	4
2024.02.02	11:33:00	18679.12	18681.89	18661.85	18662.6	865	0	2
2024.02.02	11:34:00	18662.6	18667.36	18652.86	18657.79	1107	0	1
2024.02.02	11:35:00	18657.79	18665.34	18645.17	18645.25	2184	0	4
2024.02.02	11:36:00	18645.25	18649.17	18641.8	18643.13	2286	0	4
2024.02.02	11:37:00	18643.13	18657.25	18641.22	18653.66	3543	0	3
2024.02.02	11:38:00	18653.66	18655.68	18640.94	18649.81	1469	0	4
2024.02.02	11:39:00	18649.81	18654.34	18646.9	18649.74	4928	0	4
2024.02.02	11:40:00	18649.74	18667.87	18643.52	18663.86	4011	0	1
2024.02.02	11:41:00	18663.86	18671.63	18661.19	18668.56	4514	0	2
2024.02.02	11:42:00	18668.56	18668.94	18658.92	18661.75	1879	0	4
2024.02.02	11:43:00	18661.75	18666.59	18655.8	18663.62	3028	0	3
2024.02.02	11:44:00	18663.62	18665.08	18652.77	18656.18	2829	0	1
2024.02.02	11:45:00	18656.18	18670.94	18645.6	18660.52	3997	0	1
2024.02.02	11:46:00	18660.52	18671.53	18659.69	18665.77	4316	0	2
2024.02.02	11:47:00	18665.77	18672.71	18651.24	18653.22	3071	0	2
2024.02.02	11:48:00	18653.22	18663.53	18647.3	18655.25	4885	0	1
2024.02.02	11:49:00	18655.25	18655.96	18649.24	18654.51	2722	0	2
2024.02.02	11:50:00	18654.51	18663.08	18652.41	18660.03	1734	0	3
2024.02.02	11:51:00	18660.03	18670.83	18656.51	18668.26	1267	0	4
2024.02.02	11:52:00	18668.26	18678.16	18666.76	18673.15	2197	0	3
2024.02.02	11:53:00	18673.15	18674.69	18664.12	18670.66	1814	0	3
2024.02.02	11:54:00	18670.66	18683.98	18668.45	18679.86	1401	0	3
2024.02.02	11:55:00	18679.86	18682.98	18667.77	18671.97	2534	0	3
2024.02.02	11:56:00	18671.97	18674.91	18657.36	18659.86	1676	0	1
2024.02.02	11:57:00	18659.86	18663.27	18623.42	18630.07	4935	0	2
2024.02.02	11:58:00	18630.07	18630.73	18628.67	18629.78	1871	0	1
2024.02.02	11:59:00	18629.78	18630.39	18619.76	18622.4	3238	0	1
2024.02.02	12:00:00	18622.4	18626.76	18618.61	18626.53	3885	0	4
2024.02.02	12:01:00	18626.53	18627.8	18592.21	18608.32	4751	0	3
2024.02.02	12:02:00	18608.32	18611.69	18596.64	18602.59	3591	0	3
2024.02.02	12:03:00	18602.59	18610.36	18598.58	18607.39	1664	0	2
2024.02.02	12:04:00	18607.39	18607.51	18596.37	18598.07	3002	0	1
2024.02.02	12:05:00	18598.07	18602.52	18590.82	18602.29	810	0	2
2024.02.02	12:06:00	18602.29	18602.7	18590.6	18597.42	1716	0	1
2024.02.02	12:07:00	18597.42	18601.16	18595.1	18597.48	4902	0	4
2024.02.02	12:08:00	18597.48	18607.19	18594.05	18603.46	522	0	2
2024.02.02	12:09:00	18603.46	18615.37	18598.85	18612.81	1983	0	1
2024.02.02	12:10:00	18612.81	18617.41	18606.07	18614.05	740	0	2
2024.02.02	12:11:00	18614.05	18617.89	18599.42	18606.75	2908	0	3
2024.02.02	12:12:00	18606.75	18607.0	18602.3	18602.81	3880	0	2
2024.02.02	12:13:00	18602.81	18613.05	18599.34	18609.18	820	0	1
2024.02.02	12:14:00	18609.18	18612.18	18598.73	18599.93	1079	0	2
2024.02.02	12:15:00	18599.93	18603.9	18598.03	18598.63	4371	0	3
2024.02.02	12:16:00	18598.63	18600.87	18595.12	18595.37	1755	0	3
2024.02.02	12:17:00	18595.37	18597.29	18590.0	18594.77	503	0	3
2024.02.02	12:18:00	18594.77	18598.24	18583.58	18585.64	941	0	3
2024.02.02	12:19:00	18585.64	18592.94	18561.22	18568.59	4577	0	3
2024.02.02	12:20:00	18568.59	18581.86	18568.19	18573.86	4655	0	2
2024.02.02	12:21:00	18573.86	18593.96	18573.15	18583.3	1244	0	4
2024.02.02	12:22:00	18583.3	18587.76	18566.27	18566.81	1761	0	4
2024.02.02	12:23:00	18566.81	18574.44	18562.81	18570.65	1325	0	1
2024.02.02	12:24:00	18570.65	18583.98	18567.27	18581.21	2713	0	3
2024.02.02	12:25:00	18581.21	18588.71	18570.76	18587.19	4216	0	2
2024.02.02	12:26:00	18587.19	18587.71	18581.21	18583.64	3917	0	1
2024.02.02	12:27:00	18583.64	18588.18	18573.82	18575.14	2238	0	2
2024.02.02	12:28:00	18575.14	18580.85	18574.13	18576.27	3629	0	4
2024.02.02	12:29:00	18576.27	18583.96	18575.48	18578.97	1652	0	3
2024.02.02	12:30:00	18578.97	18582.12	18573.02	18580.25	4591	0	2
2024.02.02	12:31:00	18580.25	18583.33	18573.36	18578.92	3183	0	2
2024.02.02	12:32:00	18578.92	18583.0	18569.08	18569.11	4627	0	3
2024.02.02	12:33:00	18569.11	18574.52	18561.7	18573.46	1644	0	3
2024.02.02	12:34:00	18573.46	18578.76	18571.89	18578.26	4775	0	2
2024.02.02	12:35:00	18578.26	18585.28	18575.21	18580.52	1789	0	2
2024.02.02	12:36:00	18580.52	18593.41	18579.12	18581.94	3579	0	3
2024.02.02	12:37:00	18581.94	18602.95	18576.61	18598.12	704	0	3
2024.02.02	12:38:00	18598.12	18599.34	18587.53	18592.61	1537	0	1
2024.02.02	12:39:00	18592.61	18607.34	18588.51	18605.05	2927	0	2
2024.02.02	12:40:00	18605.05	18607.38	18595.82	18598.51	2770	0	1
2024.02.02	12:41:00	18598.51	18612.2	18596.4	18609.33	1082	0	4
2024.02.02	12:42:00	18609.33	18624.28	18607.13	18621.32	544	0	2
2024.02.02	12:43:00	18621.32	18625.29	18617.64	18618.93	4267	0	4
2024.02.02	12:44:00	18618.93	18636.74	18614.73	18634.97	1600	0	1
2024.02.02	12:45:00	18634.97	18640.77	18633.23	18639.77	3879	0	2
2024.02.02	12:46:00	18639.77	18644.05	18623.48	18631.87	1279	0	2
2024.02.02	12:47:00	18631.87	18633.66	18626.91	18628.71	1784	0	4
2024.02.02	12:48:00	18628.71	18645.83	18614.08	18639.77	575	0	1
2024.02.02	12:49:00	18639.77	18651.06	18635.58	18648.86	2902	0	4
2024.02.02	12:50:00	18648.86	18653.9	18636.34	18639.24	2826	0	3
2024.02.02	12:51:00	18639.24	18648.84	18630.74	18638.3	3098	0	1
2024.02.02	12:52:00	18638.3	18640.85	18628.0	18640.59	3868	0	4
2024.02.02	12:53:00	18640.59	18642.95	18631.76	18636.18	3499	0	3
2024.02.02	12:54:00	18636.18	18663.21	18633.22	18658.81	1410	0	3
2024.02.02	12:55:00	18658.81	18665.62	18648.55	18661.39	2385	0	2
2024.02.02	12:56:00	18661.39	18666.73	18655.54	18661.18	843	0	2
2024.02.02	12:57:00	18661.18	18675.15	18652.19	18672.81	3436	0	4
2024.02.02	12:58:00	18672.81	18675.58	18660.98	18669.73	2283	0	4
2024.02.02	12:59:00	18669.73	18680.96	18666.89	18679.63	1262	0	4
2024.02.02	13:00:00	18679.63	18681.48	18655.37	18664.24	4450	0	2
2024.02.02	13:01:00	18664.24	18668.08	18653.92	18660.32	2619	0	3
2024.02.02	13:02:00	18660.32	18673.07	18657.72	18670.61	736	0	4
2024.02.02	13:03:00	18670.61	18686.49	18666.5	18685.84	923	0	3
2024.02.02	13:04:00	18685.84	18689.78	18675.46	18678.9	1812	0	1
2024.02.02	13:05:00	18678.9	18684.15	18661.56	18670.85	4734	0	3
2024.02.02	13:06:00	18670.85	18679.21	18660.7	18676.59	942	0	3
2024.02.02	13:07:00	18676.59	18676.6	18670.38	18671.08	2306	0	2
2024.02.02	13:08:00	18671.08	18679.44	18668.2	18668.91	2288	0	1
2024.02.02	13:09:00	18668.91	18680.33	18664.64	18677.57	3278	0	2
2024.02.02	13:10:00	18677.57	18683.35	18670.14	18672.8	3195	0	4
2024.02.02	13:11:00	18672.8	18674.02	18644.06	18654.6	2704	0	3
2024.02.02	13:12:00	18654.6	18655.23	18629.65	18642.68	4130	0	2
2024.02.02	13:13:00	18642.68	18644.19	18642.34	18643.15	620	0	4
2024.02.02	13:14:00	18643.15	18644.96	18621.78	18625.94	2270	0	2
2024.02.02	13:15:00	18625.94	18627.04	18623.43	18623.51	782	0	3
2024.02.02	13:16:00	18623.51	18627.21	18606.94	18610.76	1854	0	1
2024.02.02	13:17:00	18610.76	18627.7	18606.47	18626.59	1690	0	1
2024.02.02	13:18:00	18626.59	18651.67	18620.06	18647.4	4476	0	1
2024.02.02	13:19:00	18647.4	18650.18	18636.9	18637.78	3537	0	1
2024.02.02	13:20:00	18637.78	18641.71	18636.48	18640.58	1579	0	2
2024.02.02	13:21:00	18640.58	18642.61	18631.71	18631.89	3386	0	2
2024.02.02	13:22:00	18631.89	18632.06	18628.12	18629.34	4245	0	1
2024.02.02	13:23:00	18629.34	18647.78	18621.93	18646.74	1345	0	3
2024.02.02	13:24:00	18646.74	18652.14	18637.17	18642.7	3040	0	2
2024.02.02	13:25:00	18642.7	18644.78	18638.56	18640.38	2698	0	2
2024.02.02	13:26:00	18640.38	18643.37	18629.77	18631.85	4613	0	1
2024.02.02	13:27:00	18631.85	18646.37	18629.3	18643.04	2151	0	2
2024.02.02	13:28:00	18643.04	18646.89	18606.32	18612.63	3553	0	1
2024.02.02	13:29:00	18612.63	18617.52	18608.43	18608.83	3058	0	4
2024.02.02	13:30:00	18608.83	18613.94	18606.34	18608.77	1953	0	3
2024.02.02	13:31:00	18608.77	18615.7	18599.6	18602.92	2006	0	4
2024.02.02	13:32:00	18602.92	18612.8	18598.03	18611.43	4378	0	4
2024.02.02	13:33:00	18611.43	18628.97	18609.69	18623.13	4532	0	2
2024.02.02	13:34:00	18623.13	18630.79	18602.97	18610.19	1671	0	2
2024.02.02	13:35:00	18610.19	18635.6	18603.72	18630.3	2625	0	3
2024.02.02	13:36:00	18630.3	18633.15	18616.32	18617.25	1142	0	2
2024.02.02	13:37:00	18617.25	18636.83	18613.18	18629.78	2419	0	2
2024.02.02	13:38:00	18629.78	18636.57	18625.59	18631.56	4404	0	2
2024.02.02	13:39:00	18631.56	18638.68	18622.72	18627.19	3664	0	3
2024.02.02	13:40:00	18627.19	18635.58	18621.24	18623.7	2686	0	1
2024.02.02	13:41:00	18623.7	18628.93	18618.82	18623.75	4013	0	2
2024.02.02	13:42:00	18623.75	18634.29	18615.1	18626.09	2987	0	3
2024.02.02	13:43:00	18626.09	18627.37	18617.49	18617.79	2468	0	2
2024.02.02	13:44:00	18617.79	18622.9	18613.0	18615.95	576	0	3
2024.02.02	13:45:00	18615.95	18623.92	18601.14	18609.06	990	0	3
2024.02.02	13:46:00	18609.06	18609.26	18595.04	18597.99	2924	0	2
2024.02.02	13:47:00	18597.99	18598.07	18589.12	18590.67	882	0	2
2024.02.02	13:48:00	18590.67	18599.47	18578.2	18580.21	552	0	1
2024.02.02	13:49:00	18580.21	18583.57	18575.37	18576.63	1970	0	4
2024.02.02	13:50:00	18576.63	18581.42	18572.19	18581.07	3002	0	2
2024.02.02	13:51:00	18581.07	18584.26	18579.31	18582.58	3796	0	2
2024.02.02	13:52:00	18582.58	18603.09	18579.63	18601.54	4845	0	3
2024.02.02	13:53:00	18601.54	18607.09	18577.99	18581.1	3441	0	1
2024.02.02	13:54:00	18581.1	18595.99	18580.33	18585.89	4888	0	2
2024.02.02	13:55:00	18585.89	18587.8	18581.75	18586.32	1794	0	4
2024.02.02	13:56:00	18586.32	18600.6	18582.44	18594.37	3459	0	2
2024.02.02	13:57:00	18594.37	18602.6	18593.39	18601.49	519	0	2
2024.02.02	13:58:00	18601.49	18602.41	18597.37	18600.31	1111	0	2
2024.02.02	13:59:00	18600.31	18602.56	18596.27	18602.31	3392	0	2
2024.02.02	14:00:00	18602.31	18605.18	18588.87	18595.67	1921	0	1
2024.02.02	14:01:00	18595.67	18612.24	18594.18	18601.82	3039	0	2
2024.02.02	14:02:00	18601.82	18609.89	18580.68	18584.51	4742	0	3
2024.02.02	14:03:00	18584.51	18594.58	18580.23	18592.19	3976	0	1
2024.02.02	14:04:00	18592.19	18599.6	18583.43	18592.34	2083	0	1
2024.02.02	14:05:00	18592.34	18594.8	18575.84	18588.13	3587	0	3
2024.02.02	14:06:00	18588.13	18591.85	18583.23	18586.31	4655	0	3
2024.02.02	14:07:00	18586.31	18589.28	18583.95	18585.19	1611	0	2
2024.02.02	14:08:00	18585.19	18603.6	18585.17	18597.77	2997	0	4
2024.02.02	14:09:00	18597.77	18637.65	18593.35	18628.62	3798	0	4
2024.02.02	14:10:00	18628.62	18642.08	18628.25	18640.5	3465	0	4
2024.02.02	14:11:00	18640.5	18648.74	18633.04	18635.54	2688	0	2
2024.02.02	14:12:00	18635.54	18645.16	18630.73	18641.86	2448	0	4
2024.02.02	14:13:00	18641.86	18658.91	18636.25	18648.59	3086	0	2
2024.02.02	14:14:00	18648.59	18655.27	18636.72	18640.23	2734	0	1
2024.02.02	14:15:00	18640.23	18642.57	18626.04	18628.7	2106	0	3
2024.02.02	14:16:00	18628.7	18640.56	18626.67	18628.48	4435	0	4
2024.02.02	14:17:00	18628.48	18642.85	18627.74	18636.47	4057	0	1
2024.02.02	14:18:00	18636.47	18640.66	18618.57	18621.64	3385	0	1
2024.02.02	14:19:00	18621.64	18621.81	18610.46	18615.22	1382	0	1
2024.02.02	14:20:00	18615.22	18622.76	18611.9	18620.99	2813	0	4
2024.02.02	14:21:00	18620.99	18625.59	18618.33	18621.75	1420	0	1
2024.02.02	14:22:00	18621.75	18644.9	18618.23	18635.48	1232	0	2
2024.02.02	14:23:00	18635.48	18638.76	18619.37	18622.54	1568	0	1
2024.02.02	14:24:00	18622.54	18646.45	18616.09	18645.11	1208	0	4
2024.02.02	14:25:00	18645.11	18652.29	18625.42	18630.97	4052	0	4
2024.02.02	14:26:00	18630.97	18631.11	18606.93	18612.21	2813	0	3
2024.02.02	14:27:00	18612.21	18614.95	18608.76	18612.02	3776	0	4
2024.02.02	14:28:00	18612.02	18612.97	18600.86	18601.71	4894	0	1
2024.02.02	14:29:00	18601.71	18602.26	18594.52	18601.71	1713	0	2
2024.02.02	14:30:00	18601.71	18601.89	18600.59	18601.39	1377	0	4
2024.02.02	14:31:00	18601.39	18604.72	18598.03	18599.92	1147	0	3
2024.02.02	14:32:00	18599.92	18600.18	18591.78	18592.36	583	0	2
2024.02.02	14:33:00	18592.36	18600.27	18592.13	18596.8	626	0	3
2024.02.02	14:34:00	18596.8	18601.68	18592.03	18594.19	3178	0	4
2024.02.02	14:35:00	18594.19	18608.68	18593.97	18604.96	3577	0	1
2024.02.02	14:36:00	18604.96	18608.14	18601.43	18603.63	1816	0	4
2024.02.02	14:37:00	18603.63	18606.62	18591.76	18594.91	2924	0	2
2024.02.02	14:38:00	18594.91	18597.11	18576.4	18579.4	1430	0	1
2024.02.02	14:39:00	18579.4	18582.74	18574.98	18578.15	3660	0	4
2024.02.02	14:40:00	18578.15	18580.34	18564.87	18566.59	3699	0	3
2024.02.02	14:41:00	18566.59	18569.78	18549.51	18554.27	3687	0	1
2024.02.02	14:42:00	18554.27	18566.07	18552.1	18559.6	2803	0	1
2024.02.02	14:43:00	18559.6	18568.11	18540.21	18543.27	4301	0	1
2024.02.02	14:44:00	18543.27	18564.61	18542.03	18556.91	875	0	3
2024.02.02	14:45:00	18556.91	18564.25	18554.83	18558.78	2371	0	2
2024.02.02	14:46:00	18558.78	18559.72	18552.59	18558.74	784	0	2
2024.02.02	14:47:00	18558.74	18559.87	18545.93	18549.39	4222	0	3
2024.02.02	14:48:00	18549.39	18558.78	18549.38	18556.94	831	0	4
2024.02.02	14:49:00	18556.94	18560.29	18556.56	18557.28	2460	0	4
2024.02.02	14:50:00	18557.28	18558.12	18550.77	18551.21	1336	0	1
2024.02.02	14:51:00	18551.21	18560.39	18544.03	18553.46	3685	0	2
2024.02.02	14:52:00	18553.46	18561.64	18534.15	18538.03	2310	0	1
2024.02.02	14:53:00	18538.03	18548.97	18520.88	18523.05	2980	0	2
2024.02.02	14:54:00	18523.05	18523.35	18505.5	18512.92	4830	0	4
2024.02.02	14:55:00	18512.92	18517.52	18509.41	18516.57	4646	0	2
2024.02.02	14:56:00	18516.57	18517.05	18514.73	18516.91	2428	0	3
2024.02.02	14:57:00	18516.91	18531.0	18503.29	18527.11	2165	0	4
2024.02.02	14:58:00	18527.11	18528.55	18515.7	18518.86	1846	0	2
2024.02.02	14:59:00	18518.86	18525.04	18513.71	18524.62	3604	0	2
2024.02.02	15:00:00	18524.62	18525.54	18520.14	18523.92	4976	0	4
2024.02.02	15:01:00	18523.92	18527.45	18513.75	18515.44	3191	0	2
2024.02.02	15:02:00	18515.44	18521.68	18507.19	18519.43	3043	0	3
2024.02.02	15:03:00	18519.43	18520.31	18517.63	18519.18	4994	0	1
2024.02.02	15:04:00	18519.18	18521.02	18511.28	18513.65	1355	0	4
2024.02.02	15:05:00	18513.65	18517.72	18507.01	18514.41	847	0	1
2024.02.02	15:06:00	18514.41	18515.21	18511.73	18513.57	926	0	3
2024.02.02	15:07:00	18513.57	18514.36	18510.27	18512.5	3191	0	4
2024.02.02	15:08:00	18512.5	18519.45	18506.18	18509.0	4533	0	1
2024.02.02	15:09:00	18509.0	18513.43	18493.24	18497.15	1545	0	2
2024.02.02	15:10:00	18497.15	18506.99	18493.8	18498.22	3758	0	4
2024.02.02	15:11:00	18498.22	18500.82	18489.45	18491.07	4478	0	1
2024.02.02	15:12:00	18491.07	18494.02	18480.41	18481.89	4624	0	2
2024.02.02	15:13:00	18481.89	18486.93	18477.62	18480.0	4075	0	4
2024.02.02	15:14:00	18480.0	18491.39	18477.5	18487.24	2152	0	1
2024.02.02	15:15:00	18487.24	18490.03	18479.75	18489.35	3478	0	4
2024.02.02	15:16:00	18489.35	18495.27	18477.29	18484.75	2996	0	3
2024.02.02	15:17:00	18484.75	18493.81	18478.67	18479.77	2661	0	1
2024.02.02	15:18:00	18479.77	18493.63	18478.16	18486.09	3686	0	1
2024.02.02	15:19:00	18486.09	18486.5	18461.55	18464.04	3565	0	2
2024.02.02	15:20:00	18464.04	18480.7	18462.56	18471.87	4137	0	3
2024.02.02	15:21:00	18471.87	18473.13	18452.42	18454.71	2994	0	4
2024.02.02	15:22:00	18454.71	18457.71	18440.92	18441.86	3463	0	4
2024.02.02	15:23:00	18441.86	18445.69	18435.59	18437.43	1792	0	1
2024.02.02	15:24:00	18437.43	18458.15	18435.78	18458.07	2629	0	3
2024.02.02	15:25:00	18458.07	18480.44	18457.75	18474.12	4187	0	2
2024.02.02	15:26:00	18474.12	18483.11	18471.45	18481.1	3972	0	3
2024.02.02	15:27:00	18481.1	18492.32	18480.57	18484.81	2806	0	2
2024.02.02	15:28:00	18484.81	18485.92	18464.93	18467.76	3051	0	3
2024.02.02	15:29:00	18467.76	18470.77	18464.24	18469.59	1657	0	4
2024.02.02	15:30:00	18469.59	18478.1	18464.8	18464.83	2222	0	1
2024.02.02	15:31:00	18464.83	18469.76	18454.87	18457.56	3489	0	2
2024.02.02	15:32:00	18457.56	18462.82	18454.13	18459.38	1020	0	1
2024.02.02	15:33:00	18459.38	18466.65	18450.46	18455.34	583	0	2
2024.02.02	15:34:00	18455.34	18467.14	18453.51	18463.84	3199	0	4
2024.02.02	15:35:00	18463.84	18465.46	18437.51	18446.11	3740	0	3
2024.02.02	15:36:00	18446.11	18449.38	18443.19	18447.18	4913	0	3
2024.02.02	15:37:00	18447.18	18456.71	18435.51	18439.34	2616	0	4
2024.02.02	15:38:00	18439.34	18441.98	18430.47	18435.89	1054	0	3
2024.02.02	15:39:00	18435.89	18440.97	18432.54	18439.1	3354	0	1
2024.02.02	15:40:00	18439.1	18439.87	18419.83	18429.04	1885	0	3
2024.02.02	15:41:00	18429.04	18433.46	18427.98	18430.94	1207	0	1
2024.02.02	15:42:00	18430.94	18431.12	18426.8	18429.33	3295	0	1
2024.02.02	15:43:00	18429.33	18430.91	18423.39	18423.53	3732	0	3
2024.02.02	15:44:00	18423.53	18423.58	18418.27	18419.51	747	0	4
2024.02.02	15:45:00	18419.51	18423.53	18417.37	18418.44	3754	0	2
2024.02.02	15:46:00	18418.44	18419.92	18407.33	18411.65	3084	0	2
2024.02.02	15:47:00	18411.65	18414.46	18410.06	18412.08	3837	0	3
2024.02.02	15:48:00	18412.08	18420.07	18405.08	18409.86	3334	0	2
2024.02.02	15:49:00	18409.86	18413.71	18398.98	18404.53	2602	0	1
2024.02.02	15:50:00	18404.53	18427.84	18397.35	18419.72	2003	0	1
2024.02.02	15:51:00	18419.72	18427.09	18416.91	18423.96	3382	0	4
2024.02.02	15:52:00	18423.96	18431.39	18418.72	18420.76	1397	0	3
2024.02.02	15:53:00	18420.76	18423.14	18418.64	18422.49	2971	0	2
2024.02.02	15:54:00	18422.49	18423.54	18404.59	18413.28	3888	0	4
2024.02.02	15:55:00	18413.28	18420.08	18405.2	18409.57	1548	0	2
2024.02.02	15:56:00	18409.57	18414.84	18401.65	18406.96	884	0	3
2024.02.02	15:57:00	18406.96	18407.33	18394.54	18395.71	603	0	1
2024.02.02	15:58:00	18395.71	18401.57	18393.12	18399.69	2997	0	4
2024.02.02	15:59:00	18399.69	18400.15	18393.72	18395.34	2361	0	1
2024.02.05	09:30:00	18395.34	18396.14	18391.59	18392.4	3443	0	2
2024.02.05	09:31:00	18392.4	18394.07	18386.96	18387.47	4167	0	3
2024.02.05	09:32:00	18387.47	18420.44	18382.31	18415.41	4905	0	3
2024.02.05	09:33:00	18415.41	18422.57	18402.15	18409.6	1950	0	3
2024.02.05	09:34:00	18409.6	18409.76	18389.53	18390.7	1005	0	4
2024.02.05	09:35:00	18390.7	18394.5	18370.06	18376.17	3870	0	4
2024.02.05	09:36:00	18376.17	18390.75	18368.52	18383.61	586	0	2
2024.02.05	09:37:00	18383.61	18401.44	18375.9	18396.42	3378	0	3
2024.02.05	09:38:00	18396.42	18404.76	18388.57	18390.44	1738	0	3
2024.02.05	09:39:00	18390.44	18408.98	18382.09	18402.72	2089	0	2
2024.02.05	09:40:00	18402.72	18416.94	18401.19	18410.0	1057	0	3
2024.02.05	09:41:00	18410.0	18413.19	18404.36	18408.6	502	0	4
2024.02.05	09:42:00	18408.6	18418.45	18400.43	18406.54	1372	0	3
2024.02.05	09:43:00	18406.54	18413.44	18400.38	18408.6	2439	0	1
2024.02.05	09:44:00	18408.6	18418.58	18408.57	18417.14	1822	0	1
2024.02.05	09:45:00	18417.14	18424.37	18414.97	18421.22	2267	0	3
2024.02.05	09:46:00	18421.22	18422.69	18412.58	18415.27	1003	0	3
2024.02.05	09:47:00	18415.27	18418.13	18413.52	18414.02	1124	0	3
2024.02.05	09:48:00	18414.02	18433.66	18410.02	18432.87	3863	0	4
2024.02.05	09:49:00	18432.87	18441.27	18430.32	18435.58	4184	0	1
2024.02.05	09:50:00	18435.58	18448.21	18432.25	18444.07	3829	0	2
2024.02.05	09:51:00	18444.07	18451.89	18441.82	18449.48	4799	0	3
2024.02.05	09:52:00	18449.48	18453.57	18445.18	18452.41	3791	0	4
2024.02.05	09:53:00	18452.41	18457.11	18452.08	18453.79	1045	0	4
2024.02.05	09:54:00	18453.79	18462.99	18452.48	18462.55	3816	0	4
2024.02.05	09:55:00	18462.55	18475.86	18455.29	18469.64	1539	0	2
2024.02.05	09:56:00	18469.64	18473.18	18456.34	18472.47	3997	0	1
2024.02.05	09:57:00	18472.47	18478.67	18463.36	18466.35	3346	0	3
2024.02.05	09:58:00	18466.35	18479.09	18463.82	18470.33	4310	0	1
2024.02.05	09:59:00	18470.33	18472.48	18464.53	18470.07	4778	0	2
2024.02.05	10:00:00	18470.07	18471.93	18465.84	18467.56	3598	0	2
2024.02.05	10:01:00	18467.56	18497.02	18467.27	18493.0	4702	0	2
2024.02.05	10:02:00	18493.0	18498.42	18474.78	18478.96	2931	0	4
2024.02.05	10:03:00	18478.96	18492.46	18477.13	18488.3	4691	0	2
2024.02.05	10:04:00	18488.3	18497.69	18479.66	18480.6	900	0	4
2024.02.05	10:05:00	18480.6	18485.54	18477.76	18482.19	2480	0	1
2024.02.05	10:06:00	18482.19	18509.4	18473.31	18506.62	3932	0	2
2024.02.05	10:07:00	18506.62	18510.01	18490.65	18497.97	4936	0	1
2024.02.05	10:08:00	18497.97	18501.88	18485.63	18491.56	4411	0	3
2024.02.05	10:09:00	18491.56	18499.21	18488.16	18491.77	2140	0	4
2024.02.05	10:10:00	18491.77	18493.35	18482.19	18484.21	3325	0	1
2024.02.05	10:11:00	18484.21	18493.68	18480.81	18492.85	890	0	2
2024.02.05	10:12:00	18492.85	18496.58	18484.6	18488.22	1021	0	4
2024.02.05	10:13:00	18488.22	18495.97	18487.25	18494.71	3669	0	3
2024.02.05	10:14:00	18494.71	18499.67	18474.31	18482.64	1908	0	1
2024.02.05	10:15:00	18482.64	18483.75	18463.59	18466.1	3002	0	1
2024.02.05	10:16:00	18466.1	18467.29	18463.27	18464.33	1428	0	2
2024.02.05	10:17:00	18464.33	18468.7	18448.38	18450.04	4097	0	1
2024.02.05	10:18:00	18450.04	18472.03	18449.6	18464.6	887	0	2
2024.02.05	10:19:00	18464.6	18467.52	18440.6	18450.67	3294	0	3
2024.02.05	10:20:00	18450.67	18452.76	18435.44	18441.35	3547	0	2
2024.02.05	10:21:00	18441.35	18448.18	18438.47	18445.58	4192	0	3
2024.02.05	10:22:00	18445.58	18448.98	18436.17	18440.47	1649	0	1
2024.02.05	10:23:00	18440.47	18441.27	18426.17	18426.67	2047	0	3
2024.02.05	10:24:00	18426.67	18452.5	18420.94	18446.08	3001	0	1
2024.02.05	10:25:00	18446.08	18450.69	18433.74	18437.1	1795	0	3
2024.02.05	10:26:00	18437.1	18437.25	18435.61	18435.63	3814	0	3
2024.02.05	10:27:00	18435.63	18436.86	18429.74	18434.05	3907	0	3
2024.02.05	10:28:00	18434.05	18448.65	18428.8	18441.05	3900	0	2
2024.02.05	10:29:00	18441.05	18450.68	18437.62	18445.74	2739	0	1
2024.02.05	10:30:00	18445.74	18447.44	18436.95	18438.38	3325	0	3
2024.02.05	10:31:00	18438.38	18442.86	18429.06	18435.71	1307	0	1
2024.02.05	10:32:00	18435.71	18439.51	18433.7	18433.96	1389	0	2
2024.02.05	10:33:00	18433.96	18441.98	18429.51	18441.32	2187	0	2
2024.02.05	10:34:00	18441.32	18442.47	18430.47	18430.78	1430	0	2
2024.02.05	10:35:00	18430.78	18451.16	18424.64	18450.0	4102	0	2
2024.02.05	10:36:00	18450.0	18451.25	18439.37	18443.28	1659	0	2
2024.02.05	10:37:00	18443.28	18449.84	18442.15	18443.56	4657	0	1
2024.02.05	10:38:00	18443.56	18446.62	18431.94	18433.1	2349	0	1
2024.02.05	10:39:00	18433.1	18439.79	18418.86	18421.36	3921	0	2
2024.02.05	10:40:00	18421.36	18428.37	18406.77	18413.57	842	0	2
2024.02.05	10:41:00	18413.57	18417.5	18398.86	18404.89	3731	0	1
2024.02.05	10:42:00	18404.89	18410.02	18396.76	18401.4	2550	0	4
2024.02.05	10:43:00	18401.4	18409.91	18385.6	18392.65	4152	0	2
2024.02.05	10:44:00	18392.65	18403.91	18387.61	18399.49	1314	0	1
2024.02.05	10:45:00	18399.49	18400.94	18392.25	18392.57	1402	0	2
2024.02.05	10:46:00	18392.57	18403.82	18377.28	18384.61	4382	0	1
2024.02.05	10:47:00	18384.61	18386.07	18376.78	18381.32	3108	0	4
2024.02.05	10:48:00	18381.32	18394.4	18380.11	18390.93	3029	0	2
2024.02.05	10:49:00	18390.93	18395.06	18388.52	18393.3	3173	0	4
2024.02.05	10:50:00	18393.3	18394.96	18383.82	18392.74	2110	0	2
2024.02.05	10:51:00	18392.74	18392.85	18371.77	18379.77	4756	0	4
2024.02.05	10:52:00	18379.77	18385.35	18369.27	18369.5	2994	0	4
2024.02.05	10:53:00	18369.5	18382.07	18352.85	18357.98	568	0	3
2024.02.05	10:54:00	18357.98	18376.46	18357.39	18370.5	1788	0	2
2024.02.05	10:55:00	18370.5	18378.67	18370.13	18375.81	4867	0	4
2024.02.05	10:56:00	18375.81	18384.49	18366.2	18368.16	2687	0	3
2024.02.05	10:57:00	18368.16	18370.19	18361.7	18363.28	3767	0	1
2024.02.05	10:58:00	18363.28	18365.22	18354.51	18355.97	583	0	1
2024.02.05	10:59:00	18355.97	18359.54	18343.72	18348.11	600	0	3
2024.02.05	11:00:00	18348.11	18357.93	18341.98	18352.75	1420	0	1
2024.02.05	11:01:00	18352.75	18357.02	18347.22	18350.45	2834	0	3
2024.02.05	11:02:00	18350.45	18374.23	18346.55	18370.16	3242	0	3
2024.02.05	11:03:00	18370.16	18383.65	18367.6	18382.16	814	0	2
2024.02.05	11:04:00	18382.16	18398.55	18381.78	18394.72	4625	0	2
2024.02.05	11:05:00	18394.72	18411.14	18392.53	18401.35	3215	0	1
2024.02.05	11:06:00	18401.35	18401.94	18395.88	18397.78	2081	0	1
2024.02.05	11:07:00	18397.78	18408.06	18395.48	18403.72	2532	0	3
2024.02.05	11:08:00	18403.72	18407.87	18394.97	18400.83	2776	0	4
2024.02.05	11:09:00	18400.83	18419.7	18398.69	18416.4	3975	0	4
2024.02.05	11:10:00	18416.4	18425.49	18411.44	18420.54	917	0	3
2024.02.05	11:11:00	18420.54	18436.17	18419.71	18423.35	3107	0	3
2024.02.05	11:12:00	18423.35	18432.43	18418.92	18424.91	2853	0	3
2024.02.05	11:13:00	18424.91	18443.06	18422.62	18441.52	4038	0	1
2024.02.05	11:14:00	18441.52	18447.75	18425.94	18428.5	2120	0	4
2024.02.05	11:15:00	18428.5	18451.52	18426.59	18446.03	2159	0	1
2024.02.05	11:16:00	18446.03	18454.23	18442.67	18444.66	4133	0	4
2024.02.05	11:17:00	18444.66	18453.01	18431.38	18431.9	4355	0	1
2024.02.05	11:18:00	18431.9	18436.23	18422.1	18425.25	4205	0	4
2024.02.05	11:19:00	18425.25	18426.7	18404.23	18410.23	4398	0	4
2024.02.05	11:20:00	18410.23	18419.15	18408.81	18416.69	960	0	2
2024.02.05	11:21:00	18416.69	18420.29	18402.88	18407.38	3449	0	2
2024.02.05	11:22:00	18407.38	18414.34	18402.89	18409.32	3596	0	2
2024.02.05	11:23:00	18409.32	18421.3	18405.42	18420.26	1686	0	1
2024.02.05	11:24:00	18420.26	18425.18	18409.6	18414.36	2540	0	2
2024.02.05	11:25:00	18414.36	18417.66	18410.5	18412.23	4961	0	4
2024.02.05	11:26:00	18412.23	18415.6	18392.51	18400.45	1126	0	2
2024.02.05	11:27:00	18400.45	18408.91	18396.0	18397.2	4179	0	2
2024.02.05	11:28:00	18397.2	18428.18	18394.24	18421.57	1930	0	3
2024.02.05	11:29:00	18421.57	18440.8	18417.84	18429.19	4332	0	4
2024.02.05	11:30:00	18429.19	18434.02	18424.63	18427.09	2905	0	2
2024.02.05	11:31:00	18427.09	18430.05	18417.24	18421.75	551	0	4
2024.02.05	11:32:00	18421.75	18425.04	18417.67	18421.72	990	0	1
2024.02.05	11:33:00	18421.72	18425.68	18419.19	18423.3	4217	0	3
2024.02.05	11:34:00	18423.3	18423.48	18410.92	18419.76	4062	0	1
2024.02.05	11:35:00	18419.76	18427.18	18417.31	18425.08	1479	0	4
2024.02.05	11:36:00	18425.08	18425.48	18416.33	18416.55	3386	0	1
2024.02.05	11:37:00	18416.55	18419.88	18407.53	18407.98	2787	0	4
2024.02.05	11:38:00	18407.98	18421.99	18406.44	18411.8	742	0	4
2024.02.05	11:39:00	18411.8	18418.06	18398.07	18401.28	3669	0	1
2024.02.05	11:40:00	18401.28	18423.3	18398.61	18408.44	1217	0	4
2024.02.05	11:41:00	18408.44	18410.61	18405.85	18408.68	2346	0	2
2024.02.05	11:42:00	18408.68	18410.93	18388.73	18392.01	536	0	4
2024.02.05	11:43:00	18392.01	18395.16	18392.01	18393.4	1596	0	4
2024.02.05	11:44:00	18393.4	18397.72	18363.34	18378.08	4712	0	4
2024.02.05	11:45:00	18378.08	18388.96	18376.53	18384.9	2750	0	3
2024.02.05	11:46:00	18384.9	18391.33	18380.92	18382.95	3756	0	4
2024.02.05	11:47:00	18382.95	18402.66	18381.51	18400.56	1848	0	2
2024.02.05	11:48:00	18400.56	18413.89	18399.0	18410.91	694	0	1
2024.02.05	11:49:00	18410.91	18412.39	18394.12	18401.4	3268	0	4
2024.02.05	11:50:00	18401.4	18403.67	18378.3	18382.94	1581	0	1
2024.02.05	11:51:00	18382.94	18387.36	18368.12	18376.28	993	0	3
2024.02.05	11:52:00	18376.28	18376.53	18360.54	18365.29	2724	0	3
2024.02.05	11:53:00	18365.29	18384.26	18364.66	18382.64	2337	0	2
2024.02.05	11:54:00	18382.64	18385.18	18380.24	18382.92	1022	0	3
2024.02.05	11:55:00	18382.92	18394.77	18375.9	18391.98	3162	0	2
2024.02.05	11:56:00	18391.98	18396.12	18389.15	18389.69	2506	0	4
2024.02.05	11:57:00	18389.69	18397.66	18379.64	18388.38	4957	0	4
2024.02.05	11:58:00	18388.38	18389.3	18387.79	18388.45	900	0	4
2024.02.05	11:59:00	18388.45	18404.08	18385.05	18399.12	2729	0	4
2024.02.05	12:00:00	18399.12	18405.01	18395.06	18402.39	4070	0	4
2024.02.05	12:01:00	18402.39	18405.78	18392.24	18392.91	2416	0	4
2024.02.05	12:02:00	18392.91	18409.68	18385.88	18408.4	1439	0	4
2024.02.05	12:03:00	18408.4	18411.8	18404.49	18406.04	4951	0	4
2024.02.05	12:04:00	18406.04	18408.82	18398.22	18402.16	1963	0	4
2024.02.05	12:05:00	18402.16	18402.78	18372.75	18376.18	4664	0	1
2024.02.05	12:06:00	18376.18	18389.09	18369.1	18382.45	4283	0	1
2024.02.05	12:07:00	18382.45	18392.01	18382.44	18383.76	3528	0	2
2024.02.05	12:08:00	18383.76	18389.71	18376.42	18385.06	3979	0	2
2024.02.05	12:09:00	18385.06	18386.14	18375.35	18381.67	2951	0	2
2024.02.05	12:10:00	18381.67	18390.17	18375.49	18376.69	3509	0	2
2024.02.05	12:11:00	18376.69	18377.81	18371.73	18373.62	1719	0	2
2024.02.05	12:12:00	18373.62	18380.52	18372.78	18378.29	751	0	3
2024.02.05	12:13:00	18378.29	18387.75	18374.48	18384.61	3307	0	4
2024.02.05	12:14:00	18384.61	18387.89	18380.06	18382.83	4114	0	4
2024.02.05	12:15:00	18382.83	18392.06	18380.3	18392.03	4252	0	1
2024.02.05	12:16:00	18392.03	18394.19	18384.13	18391.66	3929	0	3
2024.02.05	12:17:00	18391.66	18398.25	18386.95	18387.34	4917	0	2
2024.02.05	12:18:00	18387.34	18391.64	18383.3	18389.55	3175	0	4
2024.02.05	12:19:00	18389.55	18390.54	18370.44	18377.26	1269	0	4
2024.02.05	12:20:00	18377.26	18382.79	18373.89	18379.8	1423	0	2
2024.02.05	12:21:00	18379.8	18379.92	18358.76	18365.82	1733	0	4
2024.02.05	12:22:00	18365.82	18366.95	18351.73	18356.63	4889	0	3
2024.02.05	12:23:00	18356.63	18362.39	18336.64	18338.24	4479	0	2
2024.02.05	12:24:00	18338.24	18342.48	18330.49	18336.98	3765	0	3
2024.02.05	12:25:00	18336.98	18352.58	18334.16	18352.3	4374	0	1
2024.02.05	12:26:00	18352.3	18354.67	18346.66	18351.58	2038	0	1
2024.02.05	12:27:00	18351.58	18359.0	18348.69	18357.93	3724	0	2
2024.02.05	12:28:00	18357.93	18384.13	18355.45	18380.18	1250	0	4
2024.02.05	12:29:00	18380.18	18385.41	18375.8	18384.31	966	0	3
2024.02.05	12:30:00	18384.31	18391.34	18376.65	18377.55	3389	0	3
2024.02.05	12:31:00	18377.55	18380.08	18366.82	18372.08	3678	0	4
2024.02.05	12:32:00	18372.08	18373.21	18365.37	18372.45	3178	0	2
2024.02.05	12:33:00	18372.45	18377.22	18363.7	18366.93	2610	0	3
2024.02.05	12:34:00	18366.93	18370.25	18354.92	18362.11	3227	0	2
2024.02.05	12:35:00	18362.11	18371.67	18354.55	18371.64	2170	0	2
2024.02.05	12:36:00	18371.64	18382.84	18371.24	18381.56	1822	0	4
2024.02.05	12:37:00	18381.56	18384.19	18364.47	18366.6	1628	0	3
2024.02.05	12:38:00	18366.6	18368.41	18356.35	18359.36	2139	0	1
2024.02.05	12:39:00	18359.36	18361.08	18354.32	18355.42	1930	0	2
2024.02.05	12:40:00	18355.42	18363.73	18350.0	18361.35	1213	0	4
2024.02.05	12:41:00	18361.35	18381.87	18359.56	18372.35	2911	0	4
2024.02.05	12:42:00	18372.35	18400.46	18367.58	18397.87	2350	0	3
2024.02.05	12:43:00	18397.87	18403.89	18389.47	18393.9	1228	0	1
2024.02.05	12:44:00	18393.9	18401.53	18383.4	18390.4	4580	0	2
2024.02.05	12:45:00	18390.4	18397.89	18386.57	18396.25	2791	0	2
2024.02.05	12:46:00	18396.25	18400.63	18385.01	18390.26	1141	0	1
2024.02.05	12:47:00	18390.26	18392.94	18383.54	18389.32	716	0	2
2024.02.05	12:48:00	18389.32	18396.2	18383.9	18385.82	884	0	2
2024.02.05	12:49:00	18385.82	18385.85	18360.57	18361.8	2347	0	3
2024.02.05	12:50:00	18361.8	18368.47	18361.14	18363.31	1590	0	2
2024.02.05	12:51:00	18363.31	18366.83	18359.53	18361.98	4820	0	2
2024.02.05	12:52:00	18361.98	18377.63	18354.14	18374.17	2614	0	4
2024.02.05	12:53:00	18374.17	18375.01	18371.52	18374.59	3825	0	2
2024.02.05	12:54:00	18374.59	18376.84	18357.68	18363.29	1600	0	1
2024.02.05	12:55:00	18363.29	18364.12	18358.57	18361.25	808	0	3
2024.02.05	12:56:00	18361.25	18362.61	18333.4	18342.19	2006	0	2
2024.02.05	12:57:00	18342.19	18344.92	18328.28	18331.31	3595	0	1
2024.02.05	12:58:00	18331.31	18344.18	18323.47	18337.58	3938	0	4
2024.02.05	12:59:00	18337.58	18339.16	18330.08	18335.65	1382	0	1
2024.02.05	13:00:00	18335.65	18346.99	18330.42	18344.58	1834	0	1
2024.02.05	13:01:00	18344.58	18346.77	18326.09	18326.69	2633	0	1
2024.02.05	13:02:00	18326.69	18328.58	18324.07	18324.81	2060	0	3
2024.02.05	13:03:00	18324.81	18327.15	18316.99	18320.76	1823	0	2
2024.02.05	13:04:00	18320.76	18339.3	18320.28	18330.0	4926	0	2
2024.02.05	13:05:00	18330.0	18337.71	18325.51	18336.61	4703	0	3
2024.02.05	13:06:00	18336.61	18347.88	18334.85	18342.94	2102	0	2
2024.02.05	13:07:00	18342.94	18359.94	18338.55	18357.63	744	0	1
2024.02.05	13:08:00	18357.63	18361.37	18351.47	18354.58	2115	0	1
2024.02.05	13:09:00	18354.58	18377.47	18347.56	18367.36	4464	0	1
2024.02.05	13:10:00	18367.36	18370.96	18352.31	18358.01	4547	0	4
2024.02.05	13:11:00	18358.01	18359.66	18344.51	18348.34	3656	0	4
2024.02.05	13:12:00	18348.34	18362.25	18343.9	18355.7	3540	0	3
2024.02.05	13:13:00	18355.7	18359.33	18339.92	18342.08	2132	0	2
2024.02.05	13:14:00	18342.08	18352.65	18340.53	18347.77	2483	0	4
2024.02.05	13:15:00	18347.77	18349.83	18347.54	18349.08	4458	0	4
2024.02.05	13:16:00	18349.08	18363.01	18341.19	18359.41	1472	0	2
2024.02.05	13:17:00	18359.41	18370.15	18357.06	18359.22	2328	0	3
2024.02.05	13:18:00	18359.22	18363.89	18358.11	18360.11	4447	0	1
2024.02.05	13:19:00	18360.11	18374.52	18352.17	18365.21	3642	0	1
2024.02.05	13:20:00	18365.21	18373.56	18352.77	18359.42	992	0	4
2024.02.05	13:21:00	18359.42	18360.33	18344.79	18353.22	4045	0	3
2024.02.05	13:22:00	18353.22	18363.08	18350.36	18358.0	805	0	4
2024.02.05	13:23:00	18358.0	18361.99	18357.01	18358.09	1788	0	3
2024.02.05	13:24:00	18358.09	18358.68	18354.31	18354.68	4639	0	1
2024.02.05	13:25:00	18354.68	18356.9	18347.96	18354.27	825	0	1
2024.02.05	13:26:00	18354.27	18370.87	18352.28	18369.47	1344	0	3
2024.02.05	13:27:00	18369.47	18369.9	18358.93	18365.71	4406	0	1
2024.02.05	13:28:00	18365.71	18370.5	18360.32	18361.69	3513	0	4
2024.02.05	13:29:00	18361.69	18366.65	18343.03	18346.19	1540	0	2
2024.02.05	13:30:00	18346.19	18348.62	18344.06	18346.16	2048	0	3
2024.02.05	13:31:00	18346.16	18356.92	18338.78	18352.63	4693	0	2
2024.02.05	13:32:00	18352.63	18372.39	18351.26	18360.77	3224	0	4
2024.02.05	13:33:00	18360.77	18363.76	18349.25	18362.15	1917	0	2
2024.02.05	13:34:00	18362.15	18376.49	18353.08	18371.4	1149	0	3
2024.02.05	13:35:00	18371.4	18380.53	18367.49	18378.57	2367	0	2
2024.02.05	13:36:00	18378.57	18390.87	18377.82	18389.3	1926	0	4
2024.02.05	13:37:00	18389.3	18399.9	18388.83	18398.84	2436	0	3
2024.02.05	13:38:00	18398.84	18417.63	18397.72	18413.84	719	0	3
2024.02.05	13:39:00	18413.84	18415.69	18412.4	18412.63	2605	0	2
2024.02.05	13:40:00	18412.63	18413.17	18400.32	18400.63	1609	0	1
2024.02.05	13:41:00	18400.63	18415.04	18394.47	18407.18	4832	0	4
2024.02.05	13:42:00	18407.18	18418.27	18395.12	18414.82	1745	0	1
2024.02.05	13:43:00	18414.82	18431.78	18411.79	18429.84	1602	0	1
2024.02.05	13:44:00	18429.84	18443.9	18429.6	18442.17	1859	0	3
2024.02.05	13:45:00	18442.17	18464.4	18433.57	18460.71	3237	0	3
2024.02.05	13:46:00	18460.71	18467.83	18455.7	18466.88	3790	0	2
2024.02.05	13:47:00	18466.88	18474.63	18462.82	18469.39	1823	0	4
2024.02.05	13:48:00	18469.39	18473.57	18454.21	18456.81	3623	0	1
2024.02.05	13:49:00	18456.81	18465.93	18454.93	18460.06	1089	0	2
2024.02.05	13:50:00	18460.06	18465.58	18453.28	18455.26	1362	0	4
2024.02.05	13:51:00	18455.26	18464.82	18444.35	18457.61	1799	0	2
2024.02.05	13:52:00	18457.61	18468.16	18450.92	18458.49	3647	0	4
2024.02.05	13:53:00	18458.49	18471.35	18451.07	18463.27	2985	0	2
2024.02.05	13:54:00	18463.27	18464.86	18461.55	18462.73	2576	0	1
2024.02.05	13:55:00	18462.73	18472.81	18453.37	18471.84	3231	0	2
2024.02.05	13:56:00	18471.84	18480.4	18440.63	18446.75	1382	0	2
2024.02.05	13:57:00	18446.75	18448.95	18445.72	18448.9	1686	0	1
2024.02.05	13:58:00	18448.9	18462.93	18447.46	18460.5	3676	0	4
2024.02.05	13:59:00	18460.5	18478.57	18452.8	18478.36	4942	0	3
2024.02.05	14:00:00	18478.36	18494.42	18468.52	18485.58	500	0	4
2024.02.05	14:01:00	18485.58	18503.07	18484.24	18501.73	2132	0	3
2024.02.05	14:02:00	18501.73	18506.71	18494.53	18503.68	4475	0	4
2024.02.05	14:03:00	18503.68	18508.89	18498.86	18504.08	4244	0	2
2024.02.05	14:04:00	18504.08	18510.19	18498.45	18509.41	1677	0	1
2024.02.05	14:05:00	18509.41	18511.77	18508.94	18509.75	657	0	4
2024.02.05	14:06:00	18509.75	18514.99	18499.64	18502.79	3054	0	4
2024.02.05	14:07:00	18502.79	18510.81	18493.4	18498.33	3628	0	4
2024.02.05	14:08:00	18498.33	18500.1	18482.18	18488.29	1644	0	4
2024.02.05	14:09:00	18488.29	18494.47	18479.34	18493.61	1865	0	2
2024.02.05	14:10:00	18493.61	18495.09	18493.55	18494.08	3532	0	3
2024.02.05	14:11:00	18494.08	18497.12	18485.72	18491.08	2916	0	3
2024.02.05	14:12:00	18491.08	18493.59	18481.45	18486.14	1770	0	4
2024.02.05	14:13:00	18486.14	18497.91	18483.9	18491.24	4264	0	1
2024.02.05	14:14:00	18491.24	18509.84	18488.19	18498.92	4565	0	4
2024.02.05	14:15:00	18498.92	18500.88	18479.02	18488.7	3761	0	4
2024.02.05	14:16:00	18488.7	18490.98	18470.8	18477.02	4757	0	2
2024.02.05	14:17:00	18477.02	18487.42	18475.92	18486.32	2118	0	3
2024.02.05	14:18:00	18486.32	18496.92	18471.06	18473.83	998	0	2
2024.02.05	14:19:00	18473.83	18479.6	18470.31	18479.32	3796	0	2
2024.02.05	14:20:00	18479.32	18498.15	18472.47	18494.82	3020	0	1
2024.02.05	14:21:00	18494.82	18518.23	18494.54	18510.36	2362	0	2
2024.02.05	14:22:00	18510.36	18519.41	18506.27	18517.65	1672	0	2
2024.02.05	14:23:00	18517.65	18528.4	18514.88	18524.67	785	0	3
2024.02.05	14:24:00	18524.67	18555.81	18524.45	18546.18	1272	0	2
2024.02.05	14:25:00	18546.18	18548.95	18523.17	18524.64	3495	0	2
2024.02.05	14:26:00	18524.64	18527.9	18516.58	18520.65	1526	0	2
2024.02.05	14:27:00	18520.65	18529.99	18513.94	18528.98	4715	0	3
2024.02.05	14:28:00	18528.98	18531.81	18522.74	18526.19	2630	0	4
2024.02.05	14:29:00	18526.19	18539.83	18522.99	18538.19	876	0	4
2024.02.05	14:30:00	18538.19	18543.2	18531.81	18538.19	3443	0	2
2024.02.05	14:31:00	18538.19	18544.46	18529.33	18539.8	3594	0	2
2024.02.05	14:32:00	18539.8	18547.5	18532.26	18537.59	1307	0	3
2024.02.05	14:33:00	18537.59	18544.14	18528.79	18533.06	4278	0	1
2024.02.05	14:34:00	18533.06	18542.59	18523.39	18528.3	3819	0	3
2024.02.05	14:35:00	18528.3	18535.59	18527.73	18531.21	3184	0	3
2024.02.05	14:36:00	18531.21	18537.14	18520.54	18524.32	1044	0	1
2024.02.05	14:37:00	18524.32	18541.0	18519.5	18533.63	2684	0	3
2024.02.05	14:38:00	18533.63	18541.11	18533.3	18540.13	4868	0	1
2024.02.05	14:39:00	18540.13	18556.19	18538.45	18550.83	1567	0	3
2024.02.05	14:40:00	18550.83	18552.32	18536.01	18540.6	4711	0	2
2024.02.05	14:41:00	18540.6	18540.82	18523.02	18525.02	1372	0	1
2024.02.05	14:42:00	18525.02	18525.77	18522.4	18525.35	3228	0	3
2024.02.05	14:43:00	18525.35	18558.23	18523.44	18552.93	2283	0	3
2024.02.05	14:44:00	18552.93	18573.83	18551.58	18565.2	806	0	2
2024.02.05	14:45:00	18565.2	18567.46	18559.34	18560.36	3385	0	1
2024.02.05	14:46:00	18560.36	18570.04	18556.65	18564.73	2629	0	4
2024.02.05	14:47:00	18564.73	18573.77	18558.27	18571.94	1916	0	2
2024.02.05	14:48:00	18571.94	18579.61	18554.25	18559.45	1546	0	4
2024.02.05	14:49:00	18559.45	18574.59	18554.34	18572.69	2697	0	2
2024.02.05	14:50:00	18572.69	18576.69	18570.79	18571.49	976	0	3
2024.02.05	14:51:00	18571.49	18575.43	18569.53	18571.01	3199	0	4
2024.02.05	14:52:00	18571.01	18571.7	18565.98	18571.6	918	0	3
2024.02.05	14:53:00	18571.6	18588.21	18567.33	18582.74	1444	0	4
2024.02.05	14:54:00	18582.74	18582.79	18569.13	18576.01	2791	0	1
2024.02.05	14:55:00	18576.01	18576.56	18558.39	18560.33	3836	0	4
2024.02.05	14:56:00	18560.33	18566.6	18555.05	18563.74	2288	0	3
2024.02.05	14:57:00	18563.74	18572.09	18540.61	18544.91	3328	0	4
2024.02.05	14:58:00	18544.91	18546.73	18538.27	18542.45	4692	0	3
2024.02.05	14:59:00	18542.45	18563.36	18540.03	18553.97	3163	0	1
2024.02.05	15:00:00	18553.97	18560.73	18553.79	18559.78	3875	0	3
2024.02.05	15:01:00	18559.78	18571.36	18555.58	18569.95	2651	0	3
2024.02.05	15:02:00	18569.95	18577.11	18563.25	18576.16	1669	0	4
2024.02.05	15:03:00	18576.16	18599.96	18574.75	18599.22	2141	0	3
2024.02.05	15:04:00	18599.22	18606.22	18590.74	18594.05	2082	0	4
2024.02.05	15:05:00	18594.05	18598.81	18590.87	18598.17	2969	0	4
2024.02.05	15:06:00	18598.17	18598.66	18586.51	18594.42	1180	0	1
2024.02.05	15:07:00	18594.42	18607.46	18593.68	18603.8	3945	0	4
2024.02.05	15:08:00	18603.8	18612.03	18598.79	18603.59	1186	0	3
2024.02.05	15:09:00	18603.59	18621.71	18600.85	18620.16	3677	0	1
2024.02.05	15:10:00	18620.16	18621.32	18614.74	18615.53	2624	0	1
2024.02.05	15:11:00	18615.53	18634.17	18612.9	18629.17	3819	0	2
2024.02.05	15:12:00	18629.17	18635.35	18619.76	18635.14	1288	0	3
2024.02.05	15:13:00	18635.14	18635.89	18633.07	18635.21	1442	0	4
2024.02.05	15:14:00	18635.21	18643.65	18634.25	18640.7	1635	0	4
2024.02.05	15:15:00	18640.7	18647.28	18637.91	18643.54	4008	0	1
2024.02.05	15:16:00	18643.54	18649.18	18636.86	18647.27	1694	0	4
2024.02.05	15:17:00	18647.27	18648.34	18635.43	18645.69	2009	0	1
2024.02.05	15:18:00	18645.69	18648.48	18634.74	18639.44	1128	0	3
2024.02.05	15:19:00	18639.44	18643.51	18632.09	18636.65	1548	0	4
2024.02.05	15:20:00	18636.65	18637.27	18613.06	18621.15	4352	0	2
2024.02.05	15:21:00	18621.15	18633.82	18616.8	18629.46	1046	0	4
2024.02.05	15:22:00	18629.46	18630.44	18612.45	18618.18	4605	0	3
2024.02.05	15:23:00	18618.18	18619.3	18609.27	18616.51	4236	0	2
2024.02.05	15:24:00	18616.51	18624.44	18613.84	18622.99	4766	0	4
2024.02.05	15:25:00	18622.99	18637.71	18621.23	18631.28	3304	0	1
2024.02.05	15:26:00	18631.28	18633.59	18608.04	18614.92	3578	0	4
2024.02.05	15:27:00	18614.92	18616.14	18608.32	18614.42	4285	0	2
2024.02.05	15:28:00	18614.42	18622.14	18610.02	18619.13	3692	0	3
2024.02.05	15:29:00	18619.13	18620.74	18611.06	18619.99	3026	0	1
2024.02.05	15:30:00	18619.99	18633.91	18614.06	18633.04	2394	0	4
2024.02.05	15:31:00	18633.04	18635.35	18620.38	18625.66	4371	0	1
2024.02.05	15:32:00	18625.66	18632.97	18605.22	18606.72	1922	0	3
2024.02.05	15:33:00	18606.72	18616.34	18603.05	18614.73	3004	0	1
2024.02.05	15:34:00	18614.73	18616.36	18608.41	18610.04	771	0	4
2024.02.05	15:35:00	18610.04	18611.39	18588.61	18593.84	3406	0	4
2024.02.05	15:36:00	18593.84	18598.72	18585.53	18592.72	1093	0	4
2024.02.05	15:37:00	18592.72	18608.08	18592.7	18604.68	753	0	2
2024.02.05	15:38:00	18604.68	18613.03	18589.93	18593.16	1834	0	1
2024.02.05	15:39:00	18593.16	18618.82	18591.86	18615.54	3513	0	1
2024.02.05	15:40:00	18615.54	18622.8	18601.69	18608.01	4207	0	1
2024.02.05	15:41:00	18608.01	18610.8	18601.78	18609.21	3189	0	3
2024.02.05	15:42:00	18609.21	18612.75	18597.18	18598.09	3443	0	2
2024.02.05	15:43:00	18598.09	18603.49	18595.6	18598.86	1589	0	1
2024.02.05	15:44:00	18598.86	18603.4	18592.87	18597.97	980	0	4
2024.02.05	15:45:00	18597.97	18602.32	18576.68	18584.32	1007	0	4
2024.02.05	15:46:00	18584.32	18615.11	18577.48	18611.3	837	0	2
2024.02.05	15:47:00	18611.3	18613.82	18605.91	18607.01	2062	0	1
2024.02.05	15:48:00	18607.01	18611.62	18597.28	18602.72	3865	0	2
2024.02.05	15:49:00	18602.72	18621.71	18602.37	18612.22	770	0	1
2024.02.05	15:50:00	18612.22	18631.03	18609.92	18629.7	2059	0	1
2024.02.05	15:51:00	18629.7	18651.08	18628.83	18640.71	3203	0	2
2024.02.05	15:52:00	18640.71	18643.29	18627.99	18629.74	768	0	1
2024.02.05	15:53:00	18629.74	18637.29	18624.43	18632.13	2956	0	1
2024.02.05	15:54:00	18632.13	18646.33	18614.34	18614.76	2289	0	4
2024.02.05	15:55:00	18614.76	18624.76	18613.03	18623.64	4630	0	1
2024.02.05	15:56:00	18623.64	18629.52	18606.28	18608.6	2733	0	4
2024.02.05	15:57:00	18608.6	18611.02	18597.73	18601.4	2829	0	4
2024.02.05	15:58:00	18601.4	18602.05	18598.87	18601.74	4326	0	2
2024.02.05	15:59:00	18601.74	18609.46	18597.17	18606.31	3783	0	4
2024.02.06	09:30:00	18606.31	18610.66	18600.21	18604.22	2965	0	3
2024.02.06	09:31:00	18604.22	18620.92	18599.59	18618.91	3487	0	4
2024.02.06	09:32:00	18618.91	18627.97	18618.02	18626.1	2316	0	4
2024.02.06	09:33:00	18626.1	18633.36	18624.34	18632.56	3648	0	3
2024.02.06	09:34:00	18632.56	18636.72	18618.0	18621.33	1889	0	3
2024.02.06	09:35:00	18621.33	18640.9	18614.87	18637.74	1911	0	1
2024.02.06	09:36:00	18637.74	18639.69	18629.92	18630.53	4228	0	2
2024.02.06	09:37:00	18630.53	18652.02	18627.37	18647.3	2369	0	4
2024.02.06	09:38:00	18647.3	18670.12	18643.69	18666.78	2890	0	4
2024.02.06	09:39:00	18666.78	18675.04	18665.18	18672.0	1038	0	3
2024.02.06	09:40:00	18672.0	18683.22	18668.09	18682.14	2046	0	2
2024.02.06	09:41:00	18682.14	18690.43	18647.37	18653.37	3427	0	2
2024.02.06	09:42:00	18653.37	18658.21	18651.11	18651.9	2886	0	2
2024.02.06	09:43:00	18651.9	18664.65	18650.82	18662.68	1860	0	3
2024.02.06	09:44:00	18662.68	18678.33	18662.06	18671.8	634	0	2
2024.02.06	09:45:00	18671.8	18673.52	18659.85	18660.64	2969	0	3
2024.02.06	09:46:00	18660.64	18664.38	18654.59	18658.24	2070	0	3
2024.02.06	09:47:00	18658.24	18661.44	18627.76	18634.66	4646	0	3
2024.02.06	09:48:00	18634.66	18640.69	18634.56	18638.93	696	0	1
2024.02.06	09:49:00	18638.93	18639.28	18619.02	18621.54	3573	0	4
2024.02.06	09:50:00	18621.54	18633.47	18619.54	18632.57	2223	0	2
2024.02.06	09:51:00	18632.57	18651.1	18630.67	18644.11	1704	0	4
2024.02.06	09:52:00	18644.11	18650.74	18635.27	18640.0	3712	0	2
2024.02.06	09:53:00	18640.0	18648.42	18639.97	18645.3	2815	0	4
2024.02.06	09:54:00	18645.3	18648.83	18632.86	18643.62	835	0	1
2024.02.06	09:55:00	18643.62	18647.18	18636.13	18646.28	3209	0	4
2024.02.06	09:56:00	18646.28	18650.88	18635.08	18635.82	1303	0	1
2024.02.06	09:57:00	18635.82	18642.33	18634.09	18642.07	4325	0	3
2024.02.06	09:58:00	18642.07	18649.42	18616.5	18626.96	1585	0	3
2024.02.06	09:59:00	18626.96	18640.72	18607.73	18610.08	4071	0	2
2024.02.06	10:00:00	18610.08	18610.67	18608.93	18609.3	1981	0	4
2024.02.06	10:01:00	18609.3	18612.04	18606.19	18607.68	1918	0	3
2024.02.06	10:02:00	18607.68	18615.28	18606.51	18610.62	509	0	4
2024.02.06	10:03:00	18610.62	18621.05	18601.94	18604.87	4638	0	3
2024.02.06	10:04:00	18604.87	18628.9	18600.16	18623.02	2984	0	3
2024.02.06	10:05:00	18623.02	18626.57	18621.73	18624.9	1163	0	1
2024.02.06	10:06:00	18624.9	18631.6	18624.38	18627.47	654	0	1
2024.02.06	10:07:00	18627.47	18634.78	18623.31	18629.71	1742	0	3
2024.02.06	10:08:00	18629.71	18644.64	18621.81	18639.54	2717	0	2
2024.02.06	10:09:00	18639.54	18649.75	18636.01	18645.35	652	0	2
2024.02.06	10:10:00	18645.35	18658.14	18641.64	18649.9	2124	0	3
2024.02.06	10:11:00	18649.9	18657.56	18647.46	18657.22	1900	0	2
2024.02.06	10:12:00	18657.22	18660.34	18633.81	18640.37	4428	0	4
2024.02.06	10:13:00	18640.37	18645.3	18620.75	18623.88	2363	0	3
2024.02.06	10:14:00	18623.88	18624.55	18617.28	18623.54	970	0	3
2024.02.06	10:15:00	18623.54	18630.65	18620.39	18622.05	1585	0	4
2024.02.06	10:16:00	18622.05	18631.12	18620.77	18627.89	4218	0	1
2024.02.06	10:17:00	18627.89	18629.3	18623.23	18628.45	556	0	1
2024.02.06	10:18:00	18628.45	18641.8	18625.56	18634.31	1099	0	4
2024.02.06	10:19:00	18634.31	18640.89	18621.68	18622.93	547	0	4
2024.02.06	10:20:00	18622.93	18624.78	18618.52	18623.2	721	0	3
2024.02.06	10:21:00	18623.2	18636.29	18602.98	18610.93	4657	0	1
2024.02.06	10:22:00	18610.93	18616.12	18607.79	18614.95	4958	0	2
2024.02.06	10:23:00	18614.95	18620.13	18597.17	18597.63	3806	0	3
2024.02.06	10:24:00	18597.63	18603.13	18595.05	18601.28	913	0	1
2024.02.06	10:25:00	18601.28	18605.53	18586.29	18587.82	3642	0	4
2024.02.06	10:26:00	18587.82	18588.99	18576.19	18584.58	3976	0	2
2024.02.06	10:27:00	18584.58	18595.55	18575.53	18593.38	4035	0	4
2024.02.06	10:28:00	18593.38	18607.14	18593.06	18595.89	3861	0	3
2024.02.06	10:29:00	18595.89	18600.37	18578.53	18580.77	3623	0	2
2024.02.06	10:30:00	18580.77	18583.02	18570.54	18574.82	2490	0	1
2024.02.06	10:31:00	18574.82	18578.46	18556.01	18561.07	776	0	4
2024.02.06	10:32:00	18561.07	18561.96	18544.9	18545.52	4207	0	3
2024.02.06	10:33:00	18545.52	18551.73	18539.41	18547.0	4665	0	4
2024.02.06	10:34:00	18547.0	18556.8	18546.37	18552.63	2750	0	1
2024.02.06	10:35:00	18552.63	18561.19	18546.45	18557.14	2429	0	1
2024.02.06	10:36:00	18557.14	18564.02	18555.39	18563.18	4629	0	1
2024.02.06	10:37:00	18563.18	18571.26	18561.09	18563.44	2540	0	2
2024.02.06	10:38:00	18563.44	18570.6	18554.89	18561.24	2168	0	2
2024.02.06	10:39:00	18561.24	18561.94	18550.79	18551.53	4489	0	4
2024.02.06	10:40:00	18551.53	18554.18	18547.64	18547.77	4670	0	4
2024.02.06	10:41:00	18547.77	18550.53	18533.97	18535.73	1420	0	1
2024.02.06	10:42:00	18535.73	18537.01	18525.39	18528.17	1739	0	3
2024.02.06	10:43:00	18528.17	18534.43	18523.94	18529.37	1907	0	3
2024.02.06	10:44:00	18529.37	18531.62	18526.99	18528.64	1218	0	1
2024.02.06	10:45:00	18528.64	18558.28	18527.56	18557.79	4347	0	2
2024.02.06	10:46:00	18557.79	18565.59	18538.47	18545.52	4882	0	3
2024.02.06	10:47:00	18545.52	18548.22	18544.48	18544.71	2838	0	3
2024.02.06	10:48:00	18544.71	18549.51	18530.82	18531.72	3700	0	1
2024.02.06	10:49:00	18531.72	18531.76	18527.34	18528.45	2390	0	2
2024.02.06	10:50:00	18528.45	18541.1	18525.02	18525.56	4980	0	2
2024.02.06	10:51:00	18525.56	18535.05	18518.19	18533.86	4795	0	1
2024.02.06	10:52:00	18533.86	18540.4	18526.75	18530.01	3872	0	1
2024.02.06	10:53:00	18530.01	18532.87	18521.2	18528.59	4499	0	2
2024.02.06	10:54:00	18528.59	18535.4	18519.56	18524.92	1106	0	4
2024.02.06	10:55:00	18524.92	18536.34	18509.19	18512.15	4493	0	4
2024.02.06	10:56:00	18512.15	18515.98	18501.34	18506.41	2419	0	1
2024.02.06	10:57:00	18506.41	18510.3	18497.13	18503.2	1454	0	3
2024.02.06	10:58:00	18503.2	18507.55	18497.75	18504.27	4690	0	3
2024.02.06	10:59:00	18504.27	18513.52	18502.33	18509.87	4297	0	2
2024.02.06	11:00:00	18509.87	18519.4	18504.07	18508.05	1107	0	1
2024.02.06	11:01:00	18508.05	18509.82	18498.79	18506.05	3455	0	3
2024.02.06	11:02:00	18506.05	18510.43	18482.01	18490.3	4469	0	1
2024.02.06	11:03:00	18490.3	18498.04	18486.62	18495.73	3611	0	1
2024.02.06	11:04:00	18495.73	18496.49	18486.5	18489.58	2669	0	2
2024.02.06	11:05:00	18489.58	18502.87	18488.91	18496.95	715	0	1
2024.02.06	11:06:00	18496.95	18518.58	18493.44	18509.65	2731	0	4
2024.02.06	11:07:00	18509.65	18517.54	18504.8	18508.26	3000	0	3
2024.02.06	11:08:00	18508.26	18508.43	18498.46	18499.04	4292	0	4
2024.02.06	11:09:00	18499.04	18499.46	18498.54	18499.26	1483	0	1
2024.02.06	11:10:00	18499.26	18504.9	18491.7	18502.89	1429	0	1
2024.02.06	11:11:00	18502.89	18507.49	18496.7	18500.31	4672	0	1
2024.02.06	11:12:00	18500.31	18501.51	18486.23	18495.39	4270	0	1
2024.02.06	11:13:00	18495.39	18510.06	18493.82	18501.04	3027	0	3
2024.02.06	11:14:00	18501.04	18511.23	18496.56	18506.08	2506	0	1
2024.02.06	11:15:00	18506.08	18512.47	18501.41	18503.2	3278	0	4
2024.02.06	11:16:00	18503.2	18508.82	18487.52	18488.08	1184	0	3
2024.02.06	11:17:00	18488.08	18496.5	18483.94	18492.72	1594	0	2
2024.02.06	11:18:00	18492.72	18496.11	18483.0	18485.91	2937	0	2
2024.02.06	11:19:00	18485.91	18494.48	18482.74	18488.28	2396	0	2
2024.02.06	11:20:00	18488.28	18494.6	18482.33	18490.07	1301	0	3
2024.02.06	11:21:00	18490.07	18494.46	18468.95	18472.76	2882	0	3
2024.02.06	11:22:00	18472.76	18479.13	18470.68	18473.89	3438	0	2
2024.02.06	11:23:00	18473.89	18491.95	18473.29	18479.07	4154	0	4
2024.02.06	11:24:00	18479.07	18486.07	18476.26	18485.4	3334	0	4
2024.02.06	11:25:00	18485.4	18489.35	18480.38	18486.87	3252	0	2
2024.02.06	11:26:00	18486.87	18492.21	18461.64	18468.74	3004	0	2
2024.02.06	11:27:00	18468.74	18485.55	18468.41	18481.06	1008	0	4
2024.02.06	11:28:00	18481.06	18493.58	18480.91	18485.28	2229	0	3
2024.02.06	11:29:00	18485.28	18489.86	18471.72	18474.39	2528	0	4
2024.02.06	11:30:00	18474.39	18477.81	18464.69	18467.39	2857	0	1
2024.02.06	11:31:00	18467.39	18470.94	18462.46	18469.92	1829	0	1
2024.02.06	11:32:00	18469.92	18480.36	18467.42	18476.65	3848	0	3
2024.02.06	11:33:00	18476.65	18483.78	18462.6	18472.45	2925	0	1
2024.02.06	11:34:00	18472.45	18482.9	18469.79	18480.55	1875	0	3
2024.02.06	11:35:00	18480.55	18483.77	18463.5	18464.15	2614	0	3
2024.02.06	11:36:00	18464.15	18468.81	18453.32	18454.77	3694	0	2
2024.02.06	11:37:00	18454.77	18456.61	18431.68	18435.86	600	0	1
2024.02.06	11:38:00	18435.86	18438.61	18421.51	18427.85	2035	0	2
2024.02.06	11:39:00	18427.85	18446.48	18427.41	18442.3	1433	0	2
2024.02.06	11:40:00	18442.3	18473.36	18437.19	18461.89	1946	0	2
2024.02.06	11:41:00	18461.89	18467.89	18458.57	18464.46	3470	0	4
2024.02.06	11:42:00	18464.46	18467.79	18458.19	18458.86	1460	0	3
2024.02.06	11:43:00	18458.86	18462.2	18451.91	18457.15	2949	0	3
2024.02.06	11:44:00	18457.15	18471.1	18450.4	18461.95	2197	0	1
2024.02.06	11:45:00	18461.95	18464.43	18442.25	18447.71	739	0	3
2024.02.06	11:46:00	18447.71	18452.18	18439.2	18442.73	4484	0	3
2024.02.06	11:47:00	18442.73	18457.81	18436.69	18456.51	3189	0	3
2024.02.06	11:48:00	18456.51	18458.3	18441.85	18447.11	1837	0	2
2024.02.06	11:49:00	18447.11	18448.28	18435.17	18440.48	2764	0	3
2024.02.06	11:50:00	18440.48	18442.38	18439.45	18440.97	4941	0	2
2024.02.06	11:51:00	18440.97	18451.12	18439.58	18443.98	1175	0	4
2024.02.06	11:52:00	18443.98	18448.33	18432.13	18438.52	4332	0	2
2024.02.06	11:53:00	18438.52	18441.94	18433.55	18439.6	508	0	4
2024.02.06	11:54:00	18439.6	18450.53	18433.7	18445.65	4388	0	4
2024.02.06	11:55:00	18445.65	18467.08	18438.04	18464.35	2009	0	4
2024.02.06	11:56:00	18464.35	18468.94	18462.45	18463.54	1832	0	3
2024.02.06	11:57:00	18463.54	18469.05	18460.34	18463.52	4008	0	2
2024.02.06	11:58:00	18463.52	18480.77	18462.07	18478.18	1236	0	3
2024.02.06	11:59:00	18478.18	18485.74	18472.91	18473.41	1098	0	4
2024.02.06	12:00:00	18473.41	18476.93	18458.1	18461.39	2600	0	4
2024.02.06	12:01:00	18461.39	18470.2	18459.91	18464.1	4749	0	4
2024.02.06	12:02:00	18464.1	18475.35	18460.22	18474.54	1991	0	3
2024.02.06	12:03:00	18474.54	18487.55	18473.62	18478.28	2941	0	2
2024.02.06	12:04:00	18478.28	18484.46	18472.78	18477.75	2290	0	2
2024.02.06	12:05:00	18477.75	18480.95	18461.47	18464.57	3912	0	2
2024.02.06	12:06:00	18464.57	18469.34	18459.49	18464.39	4546	0	4
2024.02.06	12:07:00	18464.39	18481.25	18463.72	18476.29	4895	0	2
2024.02.06	12:08:00	18476.29	18479.16	18463.03	18465.12	1711	0	2
2024.02.06	12:09:00	18465.12	18473.54	18459.68	18463.2	1681	0	2
2024.02.06	12:10:00	18463.2	18465.54	18457.79	18459.95	4660	0	2
2024.02.06	12:11:00	18459.95	18461.84	18453.2	18453.8	3122	0	1
2024.02.06	12:12:00	18453.8	18458.78	18449.06	18456.48	1976	0	1
2024.02.06	12:13:00	18456.48	18462.17	18447.77	18461.0	2032	0	1
2024.02.06	12:14:00	18461.0	18467.8	18458.18	18465.41	1293	0	1
2024.02.06	12:15:00	18465.41	18471.71	18454.23	18456.65	880	0	1
2024.02.06	12:16:00	18456.65	18462.61	18440.47	18441.64	2059	0	4
2024.02.06	12:17:00	18441.64	18451.45	18439.06	18444.46	4070	0	1
2024.02.06	12:18:00	18444.46	18444.64	18440.1	18440.11	3467	0	1
2024.02.06	12:19:00	18440.11	18457.94	18433.97	18457.65	554	0	3
2024.02.06	12:20:00	18457.65	18479.29	18455.75	18475.64	700	0	4
2024.02.06	12:21:00	18475.64	18496.69	18475.04	18494.64	4409	0	3
2024.02.06	12:22:00	18494.64	18501.48	18479.34	18486.21	4070	0	1
2024.02.06	12:23:00	18486.21	18496.09	18484.83	18491.91	4075	0	3
2024.02.06	12:24:00	18491.91	18506.75	18490.16	18500.44	4378	0	3
2024.02.06	12:25:00	18500.44	18511.28	18492.69	18507.91	3372	0	3
2024.02.06	12:26:00	18507.91	18508.08	18499.86	18504.96	2019	0	2
2024.02.06	12:27:00	18504.96	18520.91	18501.26	18517.32	3160	0	2
2024.02.06	12:28:00	18517.32	18518.82	18512.28	18517.7	3389	0	4
2024.02.06	12:29:00	18517.7	18520.81	18511.74	18519.27	4305	0	4
2024.02.06	12:30:00	18519.27	18523.77	18499.55	18505.22	2892	0	2
2024.02.06	12:31:00	18505.22	18517.79	18502.39	18511.64	750	0	3
2024.02.06	12:32:00	18511.64	18514.87	18508.96	18509.57	3301	0	4
2024.02.06	12:33:00	18509.57	18518.33	18508.09	18514.29	3813	0	3
2024.02.06	12:34:00	18514.29	18523.21	18512.15	18516.87	4755	0	3
2024.02.06	12:35:00	18516.87	18521.37	18516.68	18518.93	1311	0	4
2024.02.06	12:36:00	18518.93	18525.97	18518.36	18518.88	4370	0	3
2024.02.06	12:37:00	18518.88	18526.74	18517.45	18526.62	591	0	1
2024.02.06	12:38:00	18526.62	18533.79	18520.31	18525.13	3787	0	2
2024.02.06	12:39:00	18525.13	18534.91	18503.93	18511.85	1905	0	3
2024.02.06	12:40:00	18511.85	18519.85	18505.29	18517.56	1028	0	4
2024.02.06	12:41:00	18517.56	18518.36	18502.89	18510.34	1972	0	4
2024.02.06	12:42:00	18510.34	18515.82	18495.78	18498.31	2983	0	1
2024.02.06	12:43:00	18498.31	18498.38	18485.91	18489.1	1366	0	1
2024.02.06	12:44:00	18489.1	18495.34	18487.16	18492.13	2977	0	1
2024.02.06	12:45:00	18492.13	18494.48	18486.56	18491.59	3698	0	1
2024.02.06	12:46:00	18491.59	18494.78	18472.0	18472.0	4442	0	2
2024.02.06	12:47:00	18472.0	18472.27	18466.24	18468.78	3015	0	2
2024.02.06	12:48:00	18468.78	18482.97	18467.08	18480.09	3206	0	3
2024.02.06	12:49:00	18480.09	18487.88	18472.79	18476.24	4640	0	2
2024.02.06	12:50:00	18476.24	18480.42	18468.72	18475.06	655	0	2
2024.02.06	12:51:00	18475.06	18487.64	18474.46	18485.19	3927	0	4
2024.02.06	12:52:00	18485.19	18498.48	18482.77	18493.01	4898	0	4
2024.02.06	12:53:00	18493.01	18504.25	18492.94	18502.95	4217	0	4
2024.02.06	12:54:00	18502.95	18505.26	18464.8	18477.36	4652	0	4
2024.02.06	12:55:00	18477.36	18495.91	18473.18	18493.95	4561	0	1
2024.02.06	12:56:00	18493.95	18505.6	18493.74	18500.29	3150	0	3
2024.02.06	12:57:00	18500.29	18528.47	18493.18	18523.73	4128	0	2
2024.02.06	12:58:00	18523.73	18524.49	18509.81	18516.76	2138	0	3
2024.02.06	12:59:00	18516.76	18518.01	18500.42	18500.61	1031	0	4
2024.02.06	13:00:00	18500.61	18512.74	18497.32	18501.04	881	0	1
2024.02.06	13:01:00	18501.04	18503.83	18494.66	18498.83	1334	0	3
2024.02.06	13:02:00	18498.83	18510.72	18497.61	18505.33	3758	0	4
2024.02.06	13:03:00	18505.33	18522.97	18504.21	18515.77	2308	0	3
2024.02.06	13:04:00	18515.77	18517.64	18508.0	18515.33	4151	0	3
2024.02.06	13:05:00	18515.33	18517.19	18507.89	18513.44	1994	0	1
2024.02.06	13:06:00	18513.44	18524.95	18512.58	18518.71	4058	0	4
2024.02.06	13:07:00	18518.71	18520.03	18515.87	18516.68	4484	0	4
2024.02.06	13:08:00	18516.68	18525.97	18512.11	18513.86	1970	0	2
2024.02.06	13:09:00	18513.86	18528.74	18506.55	18523.96	2858	0	2
2024.02.06	13:10:00	18523.96	18539.32	18519.64	18536.15	2914	0	3
2024.02.06	13:11:00	18536.15	18548.77	18531.22	18546.69	4441	0	1
2024.02.06	13:12:00	18546.69	18551.64	18544.83	18545.49	2186	0	1
2024.02.06	13:13:00	18545.49	18546.2	18523.6	18525.77	2242	0	1
2024.02.06	13:14:00	18525.77	18532.04	18523.22	18524.75	3990	0	1
2024.02.06	13:15:00	18524.75	18524.78	18513.97	18518.01	4579	0	4
2024.02.06	13:16:00	18518.01	18519.75	18513.31	18517.17	627	0	3
2024.02.06	13:17:00	18517.17	18524.02	18511.1	18511.25	822	0	3
2024.02.06	13:18:00	18511.25	18512.57	18511.12	18511.42	4700	0	1
2024.02.06	13:19:00	18511.42	18515.25	18501.87	18502.05	2504	0	2
2024.02.06	13:20:00	18502.05	18509.05	18485.42	18490.43	3015	0	4
2024.02.06	13:21:00	18490.43	18503.11	18480.18	18502.25	4555	0	3
2024.02.06	13:22:00	18502.25	18505.87	18493.02	18493.54	2286	0	1
2024.02.06	13:23:00	18493.54	18496.78	18491.34	18493.91	2523	0	4
2024.02.06	13:24:00	18493.91	18503.65	18490.15	18503.22	4312	0	3
2024.02.06	13:25:00	18503.22	18515.92	18498.39	18512.16	3797	0	2
2024.02.06	13:26:00	18512.16	18521.49	18509.74	18519.98	3621	0	3
2024.02.06	13:27:00	18519.98	18526.96	18505.24	18523.19	2123	0	2
2024.02.06	13:28:00	18523.19	18532.68	18515.36	18530.36	3658	0	3
2024.02.06	13:29:00	18530.36	18546.2	18520.28	18543.62	4231	0	2
2024.02.06	13:30:00	18543.62	18549.65	18538.96	18547.98	4609	0	2
2024.02.06	13:31:00	18547.98	18551.85	18525.84	18531.1	3341	0	1
2024.02.06	13:32:00	18531.1	18538.22	18515.63	18526.51	4422	0	1
2024.02.06	13:33:00	18526.51	18535.08	18522.16	18533.42	4153	0	4
2024.02.06	13:34:00	18533.42	18533.92	18526.43	18527.9	3791	0	1
2024.02.06	13:35:00	18527.9	18544.09	18521.82	18543.48	2914	0	1
2024.02.06	13:36:00	18543.48	18545.93	18542.57	18543.26	2456	0	2
2024.02.06	13:37:00	18543.26	18547.53	18543.01	18544.43	3369	0	1
2024.02.06	13:38:00	18544.43	18556.12	18540.53	18555.37	4483	0	2
2024.02.06	13:39:00	18555.37	18560.64	18542.57	18554.02	2878	0	1
2024.02.06	13:40:00	18554.02	18559.05	18551.61	18556.05	3649	0	2
2024.02.06	13:41:00	18556.05	18567.62	18543.11	18564.87	3052	0	1
2024.02.06	13:42:00	18564.87	18565.51	18548.36	18551.4	3419	0	4
2024.02.06	13:43:00	18551.4	18553.99	18546.51	18549.1	3601	0	2
2024.02.06	13:44:00	18549.1	18560.94	18540.56	18557.26	734	0	1
2024.02.06	13:45:00	18557.26	18561.15	18557.09	18558.24	1043	0	4
2024.02.06	13:46:00	18558.24	18573.45	18554.68	18572.41	674	0	4
2024.02.06	13:47:00	18572.41	18575.95	18553.21	18557.97	3958	0	1
2024.02.06	13:48:00	18557.97	18562.1	18539.54	18542.46	4529	0	1
2024.02.06	13:49:00	18542.46	18551.53	18541.17	18550.06	2098	0	1
2024.02.06	13:50:00	18550.06	18563.03	18543.17	18558.57	840	0	2
2024.02.06	13:51:00	18558.57	18559.22	18556.13	18557.12	556	0	2
2024.02.06	13:52:00	18557.12	18562.51	18550.48	18561.26	2502	0	4
2024.02.06	13:53:00	18561.26	18578.92	18554.77	18568.63	3396	0	4
2024.02.06	13:54:00	18568.63	18573.2	18553.18	18561.35	1999	0	4
2024.02.06	13:55:00	18561.35	18565.66	18551.19	18555.08	3261	0	4
2024.02.06	13:56:00	18555.08	18558.73	18552.9	18557.24	1190	0	1
2024.02.06	13:57:00	18557.24	18566.64	18556.0	18566.1	3766	0	4
2024.02.06	13:58:00	18566.1	18566.83	18550.76	18555.52	1987	0	3
2024.02.06	13:59:00	18555.52	18556.86	18548.93	18554.03	4992	0	1
2024.02.06	14:00:00	18554.03	18557.25	18549.12	18552.11	3962	0	4
2024.02.06	14:01:00	18552.11	18559.65	18552.02	18556.4	2576	0	3
2024.02.06	14:02:00	18556.4	18565.19	18551.42	18556.69	4758	0	4
2024.02.06	14:03:00	18556.69	18558.35	18548.22	18551.94	4879	0	3
2024.02.06	14:04:00	18551.94	18567.16	18546.42	18564.04	1387	0	4
2024.02.06	14:05:00	18564.04	18567.26	18558.83	18559.34	3100	0	1
2024.02.06	14:06:00	18559.34	18559.74	18552.25	18556.97	3445	0	3
2024.02.06	14:07:00	18556.97	18559.44	18537.69	18542.39	2110	0	3
2024.02.06	14:08:00	18542.39	18550.51	18533.35	18536.06	4996	0	4
2024.02.06	14:09:00	18536.06	18548.12	18535.3	18541.28	3550	0	3
2024.02.06	14:10:00	18541.28	18549.45	18537.56	18544.66	3926	0	1
2024.02.06	14:11:00	18544.66	18556.68	18535.02	18550.66	1384	0	3
2024.02.06	14:12:00	18550.66	18563.72	18549.57	18556.21	4559	0	1
2024.02.06	14:13:00	18556.21	18577.27	18553.43	18576.21	4848	0	1
2024.02.06	14:14:00	18576.21	18580.87	18569.45	18569.54	4569	0	3
2024.02.06	14:15:00	18569.54	18571.6	18550.61	18554.69	2484	0	2
2024.02.06	14:16:00	18554.69	18561.7	18539.76	18545.2	4703	0	2
2024.02.06	14:17:00	18545.2	18552.38	18536.85	18538.96	547	0	3
2024.02.06	14:18:00	18538.96	18540.16	18528.4	18530.19	1416	0	1
2024.02.06	14:19:00	18530.19	18533.97	18526.41	18531.44	3448	0	1
2024.02.06	14:20:00	18531.44	18552.76	18525.57	18543.57	3977	0	2
2024.02.06	14:21:00	18543.57	18558.79	18539.97	18558.4	1041	0	1
2024.02.06	14:22:00	18558.4	18569.89	18554.02	18563.51	1819	0	3
2024.02.06	14:23:00	18563.51	18584.6	18557.94	18584.02	900	0	3
2024.02.06	14:24:00	18584.02	18585.35	18575.01	18581.04	966	0	4
2024.02.06	14:25:00	18581.04	18583.35	18561.23	18566.06	605	0	1
2024.02.06	14:26:00	18566.06	18577.95	18564.84	18576.33	4961	0	3
2024.02.06	14:27:00	18576.33	18582.04	18556.17	18559.42	4473	0	1
2024.02.06	14:28:00	18559.42	18560.03	18547.91	18552.69	3238	0	3
2024.02.06	14:29:00	18552.69	18561.01	18551.13	18557.95	651	0	1
2024.02.06	14:30:00	18557.95	18564.62	18550.44	18557.36	3786	0	3
2024.02.06	14:31:00	18557.36	18558.82	18552.99	18555.94	2917	0	1
2024.02.06	14:32:00	18555.94	18560.84	18540.07	18545.22	3993	0	1
2024.02.06	14:33:00	18545.22	18547.57	18543.46	18545.49	2702	0	2
2024.02.06	14:34:00	18545.49	18556.72	18544.81	18555.29	538	0	2
2024.02.06	14:35:00	18555.29	18562.18	18554.61	18555.84	4599	0	4
2024.02.06	14:36:00	18555.84	18562.29	18543.65	18548.42	4458	0	1
2024.02.06	14:37:00	18548.42	18550.31	18536.57	18537.07	4600	0	4
2024.02.06	14:38:00	18537.07	18542.37	18528.38	18529.85	3477	0	2
2024.02.06	14:39:00	18529.85	18534.89	18523.47	18533.9	4643	0	1
2024.02.06	14:40:00	18533.9	18538.83	18532.65	18537.49	820	0	4
2024.02.06	14:41:00	18537.49	18538.74	18528.03	18530.35	2300	0	3
2024.02.06	14:42:00	18530.35	18530.9	18503.35	18509.99	1940	0	4
2024.02.06	14:43:00	18509.99	18519.39	18492.56	18514.3	2630	0	1
2024.02.06	14:44:00	18514.3	18518.63	18498.8	18506.25	686	0	2
2024.02.06	14:45:00	18506.25	18513.14	18503.73	18513.08	4215	0	1
2024.02.06	14:46:00	18513.08	18518.2	18503.7	18506.37	1844	0	3
2024.02.06	14:47:00	18506.37	18507.97	18487.61	18497.48	1040	0	4
2024.02.06	14:48:00	18497.48	18503.31	18494.67	18499.28	1390	0	4
2024.02.06	14:49:00	18499.28	18526.58	18497.21	18521.75	1014	0	4
2024.02.06	14:50:00	18521.75	18537.31	18519.11	18529.15	3588	0	2
2024.02.06	14:51:00	18529.15	18531.83	18524.27	18530.8	4647	0	2
2024.02.06	14:52:00	18530.8	18547.43	18528.12	18534.54	877	0	4
2024.02.06	14:53:00	18534.54	18542.33	18515.11	18518.48	632	0	4
2024.02.06	14:54:00	18518.48	18518.5	18507.36	18508.33	4461	0	2
2024.02.06	14:55:00	18508.33	18510.18	18482.25	18485.18	2222	0	2
2024.02.06	14:56:00	18485.18	18504.59	18476.26	18501.75	1042	0	1
2024.02.06	14:57:00	18501.75	18518.5	18495.84	18516.44	1377	0	4
2024.02.06	14:58:00	18516.44	18524.66	18515.72	18520.49	3543	0	1
2024.02.06	14:59:00	18520.49	18524.83	18519.97	18522.13	877	0	3
2024.02.06	15:00:00	18522.13	18524.72	18507.95	18507.95	2311	0	2
2024.02.06	15:01:00	18507.95	18509.32	18494.23	18506.27	4882	0	3
2024.02.06	15:02:00	18506.27	18525.86	18505.45	18523.44	2439	0	4
2024.02.06	15:03:00	18523.44	18529.04	18511.62	18525.04	1246	0	4
2024.02.06	15:04:00	18525.04	18526.32	18519.19	18520.12	3914	0	4
2024.02.06	15:05:00	18520.12	18521.96	18503.45	18504.01	2443	0	3
2024.02.06	15:06:00	18504.01	18520.18	18502.88	18517.32	2290	0	2
2024.02.06	15:07:00	18517.32	18517.75	18513.66	18517.03	1652	0	4
2024.02.06	15:08:00	18517.03	18521.81	18494.75	18500.94	3889	0	3
2024.02.06	15:09:00	18500.94	18509.39	18482.54	18492.65	2710	0	2
2024.02.06	15:10:00	18492.65	18496.99	18479.57	18481.06	2677	0	4
2024.02.06	15:11:00	18481.06	18488.61	18479.3	18480.2	3951	0	4
2024.02.06	15:12:00	18480.2	18487.35	18470.24	18482.51	2133	0	2
2024.02.06	15:13:00	18482.51	18484.66	18474.1	18478.17	3468	0	4
2024.02.06	15:14:00	18478.17	18496.8	18475.35	18485.81	1274	0	2
2024.02.06	15:15:00	18485.81	18492.67	18479.96	18486.92	3072	0	2
2024.02.06	15:16:00	18486.92	18500.21	18483.4	18497.23	2429	0	3
2024.02.06	15:17:00	18497.23	18497.71	18488.95	18494.26	2798	0	3
2024.02.06	15:18:00	18494.26	18525.14	18492.05	18523.17	2143	0	4
2024.02.06	15:19:00	18523.17	18534.87	18509.09	18518.25	1093	0	4
2024.02.06	15:20:00	18518.25	18518.31	18509.71	18510.15	4642	0	4
2024.02.06	15:21:00	18510.15	18515.22	18490.63	18500.9	2311	0	3
2024.02.06	15:22:00	18500.9	18504.29	18499.13	18499.29	3862	0	1
2024.02.06	15:23:00	18499.29	18503.28	18481.31	18483.56	4573	0	2
2024.02.06	15:24:00	18483.56	18491.51	18479.35	18486.69	2496	0	1
2024.02.06	15:25:00	18486.69	18491.06	18462.34	18469.23	4192	0	1
2024.02.06	15:26:00	18469.23	18471.98	18462.1	18471.11	2475	0	3
2024.02.06	15:27:00	18471.11	18475.19	18458.24	18458.85	791	0	2
2024.02.06	15:28:00	18458.85	18460.73	18452.57	18455.65	4470	0	1
2024.02.06	15:29:00	18455.65	18468.53	18450.43	18461.67	4281	0	1
2024.02.06	15:30:00	18461.67	18489.58	18459.15	18483.6	3047	0	1
2024.02.06	15:31:00	18483.6	18490.4	18471.65	18473.88	4226	0	1
2024.02.06	15:32:00	18473.88	18481.08	18466.53	18472.84	3512	0	2
2024.02.06	15:33:00	18472.84	18480.57	18462.11	18466.44	4108	0	3
2024.02.06	15:34:00	18466.44	18468.02	18456.05	18458.68	755	0	4
2024.02.06	15:35:00	18458.68	18463.25	18449.35	18452.37	4166	0	2
2024.02.06	15:36:00	18452.37	18467.03	18450.64	18460.44	1464	0	3
2024.02.06	15:37:00	18460.44	18462.21	18452.44	18456.24	4923	0	1
2024.02.06	15:38:00	18456.24	18481.5	18454.9	18477.65	4848	0	1
2024.02.06	15:39:00	18477.65	18486.83	18474.04	18481.91	748	0	2
2024.02.06	15:40:00	18481.91	18486.0	18463.93	18472.83	3432	0	3
2024.02.06	15:41:00	18472.83	18477.12	18465.3	18469.77	2227	0	1
2024.02.06	15:42:00	18469.77	18471.06	18459.39	18462.64	1646	0	1
2024.02.06	15:43:00	18462.64	18472.81	18461.48	18470.49	4857	0	3
2024.02.06	15:44:00	18470.49	18472.71	18452.31	18455.54	2306	0	2
2024.02.06	15:45:00	18455.54	18456.31	18440.84	18443.38	2987	0	2
2024.02.06	15:46:00	18443.38	18449.22	18436.67	18438.22	1910	0	2
2024.02.06	15:47:00	18438.22	18447.9	18435.69	18444.97	3570	0	4
2024.02.06	15:48:00	18444.97	18458.6	18442.4	18456.86	1636	0	1
2024.02.06	15:49:00	18456.86	18477.19	18456.63	18470.14	2128	0	3
2024.02.06	15:50:00	18470.14	18480.85	18468.19	18475.46	3673	0	4
2024.02.06	15:51:00	18475.46	18478.55	18467.83	18475.06	1453	0	4
2024.02.06	15:52:00	18475.06	18483.23	18473.62	18482.86	4031	0	1
2024.02.06	15:53:00	18482.86	18483.21	18467.83	18472.52	4902	0	2
2024.02.06	15:54:00	18472.52	18479.29	18454.39	18455.64	3667	0	4
2024.02.06	15:55:00	18455.64	18464.0	18454.87	18460.1	2127	0	4
2024.02.06	15:56:00	18460.1	18463.85	18441.73	18451.07	1316	0	4
2024.02.06	15:57:00	18451.07	18453.75	18442.21	18450.82	3023	0	3
2024.02.06	15:58:00	18450.82	18456.73	18450.51	18452.31	2470	0	1
2024.02.06	15:59:00	18452.31	18458.44	18452.23	18455.0	1597	0	4
2024.02.07	09:30:00	18455.0	18469.66	18453.62	18464.13	2151	0	4
2024.02.07	09:31:00	18464.13	18472.62	18460.0	18472.28	4851	0	3
2024.02.07	09:32:00	18472.28	18479.08	18467.91	18474.48	1259	0	1
2024.02.07	09:33:00	18474.48	18474.71	18464.23	18470.71	1662	0	4
2024.02.07	09:34:00	18470.71	18475.48	18466.85	18472.09	2068	0	4
2024.02.07	09:35:00	18472.09	18475.17	18464.03	18466.88	4612	0	4
2024.02.07	09:36:00	18466.88	18468.56	18465.14	18465.42	2112	0	2
2024.02.07	09:37:00	18465.42	18490.74	18461.69	18490.28	1813	0	4
2024.02.07	09:38:00	18490.28	18495.61	18480.26	18492.36	1838	0	1
2024.02.07	09:39:00	18492.36	18500.42	18480.33	18496.95	4761	0	3
2024.02.07	09:40:00	18496.95	18501.46	18490.13	18490.71	2092	0	4
2024.02.07	09:41:00	18490.71	18506.94	18485.42	18500.63	2152	0	1
2024.02.07	09:42:00	18500.63	18509.56	18491.24	18508.13	2139	0	4
2024.02.07	09:43:00	18508.13	18516.12	18505.2	18515.69	4424	0	3
2024.02.07	09:44:00	18515.69	18521.95	18508.45	18518.07	3696	0	1
2024.02.07	09:45:00	18518.07	18534.59	18517.63	18528.15	3199	0	4
2024.02.07	09:46:00	18528.15	18547.64	18526.89	18540.45	1459	0	1
2024.02.07	09:47:00	18540.45	18547.0	18539.15	18543.48	1012	0	4
2024.02.07	09:48:00	18543.48	18545.32	18531.92	18542.77	896	0	4
2024.02.07	09:49:00	18542.77	18551.97	18538.6	18551.55	1830	0	4
2024.02.07	09:50:00	18551.55	18554.65	18537.61	18543.43	4062	0	2
2024.02.07	09:51:00	18543.43	18547.71	18528.44	18537.06	3923	0	2
2024.02.07	09:52:00	18537.06	18538.46	18534.87	18536.93	4020	0	4
2024.02.07	09:53:00	18536.93	18538.06	18515.64	18520.96	3503	0	4
2024.02.07	09:54:00	18520.96	18534.58	18514.59	18529.09	2820	0	1
2024.02.07	09:55:00	18529.09	18531.45	18518.09	18520.43	2102	0	2
2024.02.07	09:56:00	18520.43	18525.08	18512.28	18516.38	3770	0	2
2024.02.07	09:57:00	18516.38	18519.47	18511.72	18514.75	1379	0	3
2024.02.07	09:58:00	18514.75	18521.89	18513.48	18515.49	808	0	4
2024.02.07	09:59:00	18515.49	18516.22	18507.7	18512.64	4229	0	2
2024.02.07	10:00:00	18512.64	18517.63	18512.35	18512.38	2635	0	4
2024.02.07	10:01:00	18512.38	18513.44	18510.56	18512.19	3300	0	2
2024.02.07	10:02:00	18512.19	18514.26	18497.39	18508.37	4806	0	4
2024.02.07	10:03:00	18508.37	18508.88	18498.92	18501.49	3568	0	2
2024.02.07	10:04:00	18501.49	18512.48	18491.41	18512.0	3939	0	1
2024.02.07	10:05:00	18512.0	18512.31	18492.65	18492.65	2655	0	2
2024.02.07	10:06:00	18492.65	18493.48	18489.37	18491.1	1933	0	4
2024.02.07	10:07:00	18491.1	18495.97	18484.86	18487.08	2076	0	2
2024.02.07	10:08:00	18487.08	18491.87	18481.91	18491.37	4553	0	4
2024.02.07	10:09:00	18491.37	18499.58	18475.03	18478.12	2220	0	3
2024.02.07	10:10:00	18478.12	18480.82	18469.32	18473.82	4701	0	2
2024.02.07	10:11:00	18473.82	18478.98	18470.54	18473.23	640	0	1
2024.02.07	10:12:00	18473.23	18489.12	18468.34	18483.61	1817	0	3
2024.02.07	10:13:00	18483.61	18498.54	18481.11	18487.09	4746	0	3
2024.02.07	10:14:00	18487.09	18494.93	18471.91	18476.38	3109	0	2
2024.02.07	10:15:00	18476.38	18484.05	18469.91	18472.19	2149	0	1
2024.02.07	10:16:00	18472.19	18486.47	18472.05	18480.85	1290	0	2
2024.02.07	10:17:00	18480.85	18482.25	18469.85	18469.99	2673	0	1
2024.02.07	10:18:00	18469.99	18472.88	18469.2	18469.62	4808	0	4
2024.02.07	10:19:00	18469.62	18471.23	18465.92	18469.91	2107	0	1
2024.02.07	10:20:00	18469.91	18474.08	18459.58	18466.67	2667	0	2
2024.02.07	10:21:00	18466.67	18495.99	18464.01	18492.26	2098	0	1
2024.02.07	10:22:00	18492.26	18494.14	18481.61	18488.77	4373	0	4
2024.02.07	10:23:00	18488.77	18494.76	18485.94	18493.35	3585	0	4
2024.02.07	10:24:00	18493.35	18495.87	18485.36	18486.55	3275	0	4
2024.02.07	10:25:00	18486.55	18500.91	18480.89	18491.86	3516	0	4
2024.02.07	10:26:00	18491.86	18500.5	18487.75	18500.38	2352	0	1
2024.02.07	10:27:00	18500.38	18500.92	18492.99	18495.24	4146	0	3
2024.02.07	10:28:00	18495.24	18500.29	18491.54	18495.1	3261	0	2
2024.02.07	10:29:00	18495.1	18501.12	18482.25	18487.09	823	0	3
2024.02.07	10:30:00	18487.09	18490.08	18469.33	18476.75	2181	0	3
2024.02.07	10:31:00	18476.75	18492.45	18471.53	18486.82	4433	0	3
2024.02.07	10:32:00	18486.82	18488.19	18475.97	18482.01	1646	0	3
2024.02.07	10:33:00	18482.01	18484.58	18459.11	18459.8	4805	0	4
2024.02.07	10:34:00	18459.8	18478.8	18455.49	18476.68	4167	0	4
2024.02.07	10:35:00	18476.68	18478.82	18464.42	18469.55	4950	0	3
2024.02.07	10:36:00	18469.55	18478.06	18461.91	18467.61	4089	0	1
2024.02.07	10:37:00	18467.61	18483.76	18462.89	18483.33	1079	0	1
2024.02.07	10:38:00	18483.33	18488.06	18482.32	18482.37	1358	0	1
2024.02.07	10:39:00	18482.37	18485.36	18473.58	18481.22	2690	0	4
2024.02.07	10:40:00	18481.22	18483.87	18469.8	18470.09	2112	0	2
2024.02.07	10:41:00	18470.09	18470.61	18449.65	18455.18	4725	0	2
2024.02.07	10:42:00	18455.18	18456.91	18448.33	18453.99	4319	0	2
2024.02.07	10:43:00	18453.99	18461.59	18449.11	18457.75	3915	0	4
2024.02.07	10:44:00	18457.75	18463.36	18457.39	18460.98	4734	0	1
2024.02.07	10:45:00	18460.98	18463.2	18451.66	18456.85	770	0	4
2024.02.07	10:46:00	18456.85	18459.97	18454.84	18457.41	3658	0	3
2024.02.07	10:47:00	18457.41	18461.96	18438.56	18440.61	4416	0	2
2024.02.07	10:48:00	18440.61	18449.89	18438.83	18445.28	4888	0	3
2024.02.07	10:49:00	18445.28	18451.78	18441.14	18447.16	4273	0	4
2024.02.07	10:50:00	18447.16	18474.88	18440.96	18465.97	4140	0	1
2024.02.07	10:51:00	18465.97	18473.57	18461.01	18466.41	4010	0	1
2024.02.07	10:52:00	18466.41	18466.54	18457.3	18457.97	1077	0	1
2024.02.07	10:53:00	18457.97	18466.62	18452.15	18457.86	2353	0	3
2024.02.07	10:54:00	18457.86	18458.0	18449.39	18455.17	4441	0	3
2024.02.07	10:55:00	18455.17	18465.89	18453.2	18459.6	3345	0	3
2024.02.07	10:56:00	18459.6	18463.27	18454.96	18460.22	1670	0	2
2024.02.07	10:57:00	18460.22	18460.25	18444.27	18448.82	3721	0	4
2024.02.07	10:58:00	18448.82	18449.43	18432.41	18433.91	617	0	2
2024.02.07	10:59:00	18433.91	18446.63	18433.07	18436.73	2284	0	2
2024.02.07	11:00:00	18436.73	18451.51	18426.99	18450.02	3894	0	2
2024.02.07	11:01:00	18450.02	18452.21	18447.5	18451.13	4028	0	1
2024.02.07	11:02:00	18451.13	18460.18	18450.0	18459.1	2791	0	4
2024.02.07	11:03:00	18459.1	18480.47	18456.35	18468.94	1729	0	1
2024.02.07	11:04:00	18468.94	18473.12	18462.92	18471.8	2734	0	1
2024.02.07	11:05:00	18471.8	18474.75	18459.02	18464.55	1326	0	2
2024.02.07	11:06:00	18464.55	18472.2	18463.13	18466.75	4712	0	3
2024.02.07	11:07:00	18466.75	18480.94	18463.5	18478.41	4365	0	2
2024.02.07	11:08:00	18478.41	18484.14	18477.26	18483.74	3749	0	4
2024.02.07	11:09:00	18483.74	18491.49	18477.9	18491.11	2026	0	2
2024.02.07	11:10:00	18491.11	18492.75	18482.48	18487.15	1145	0	1
2024.02.07	11:11:00	18487.15	18489.23	18480.18	18485.63	755	0	3
2024.02.07	11:12:00	18485.63	18486.43	18480.7	18484.89	2224	0	1
2024.02.07	11:13:00	18484.89	18487.81	18476.38	18484.78	4247	0	3
2024.02.07	11:14:00	18484.78	18500.81	18482.36	18496.08	2164	0	3
2024.02.07	11:15:00	18496.08	18496.77	18469.71	18474.48	4095	0	1
2024.02.07	11:16:00	18474.48	18482.4	18466.82	18475.14	1295	0	1
2024.02.07	11:17:00	18475.14	18476.19	18471.41	18474.76	4110	0	1
2024.02.07	11:18:00	18474.76	18483.38	18460.45	18462.3	846	0	1
2024.02.07	11:19:00	18462.3	18469.72	18457.78	18468.95	2033	0	4
2024.02.07	11:20:00	18468.95	18469.22	18459.9	18462.55	1175	0	1
2024.02.07	11:21:00	18462.55	18463.09	18457.59	18459.58	3214	0	3
2024.02.07	11:22:00	18459.58	18478.7	18457.79	18477.24	1344	0	1
2024.02.07	11:23:00	18477.24	18496.33	18476.19	18487.06	562	0	2
2024.02.07	11:24:00	18487.06	18496.93	18482.93	18492.81	1948	0	1
2024.02.07	11:25:00	18492.81	18507.02	18484.35	18496.75	510	0	2
2024.02.07	11:26:00	18496.75	18499.0	18490.77	18495.57	2207	0	4
2024.02.07	11:27:00	18495.57	18517.22	18495.53	18514.68	1666	0	1
2024.02.07	11:28:00	18514.68	18523.43	18510.46	18522.57	4699	0	2
2024.02.07	11:29:00	18522.57	18528.0	18512.78	18515.91	2863	0	2
2024.02.07	11:30:00	18515.91	18516.1	18495.36	18503.16	2479	0	3
2024.02.07	11:31:00	18503.16	18510.09	18498.46	18508.84	3201	0	4
2024.02.07	11:32:00	18508.84	18516.18	18507.72	18508.69	1116	0	2
2024.02.07	11:33:00	18508.69	18511.17	18493.38	18495.67	1100	0	1
2024.02.07	11:34:00	18495.67	18501.78	18494.06	18500.06	1193	0	4
2024.02.07	11:35:00	18500.06	18504.31	18492.5	18497.91	4404	0	1
2024.02.07	11:36:00	18497.91	18507.63	18496.82	18503.25	3853	0	4
2024.02.07	11:37:00	18503.25	18515.16	18502.76	18507.76	4817	0	3
2024.02.07	11:38:00	18507.76	18514.68	18499.21	18502.43	4156	0	4
2024.02.07	11:39:00	18502.43	18511.46	18490.3	18508.73	1036	0	4
2024.02.07	11:40:00	18508.73	18512.23	18500.26	18504.43	1243	0	3
2024.02.07	11:41:00	18504.43	18508.62	18496.14	18500.75	4207	0	2
2024.02.07	11:42:00	18500.75	18508.38	18495.36	18496.13	2961	0	2
2024.02.07	11:43:00	18496.13	18507.56	18495.18	18507.1	3264	0	3
2024.02.07	11:44:00	18507.1	18507.26	18500.04	18504.84	1551	0	3
2024.02.07	11:45:00	18504.84	18520.32	18499.88	18518.07	2760	0	4
2024.02.07	11:46:00	18518.07	18540.01	18512.38	18535.17	4559	0	4
2024.02.07	11:47:00	18535.17	18544.4	18525.07	18528.61	2700	0	4
2024.02.07	11:48:00	18528.61	18529.42	18497.5	18501.6	3595	0	2
2024.02.07	11:49:00	18501.6	18514.22	18497.92	18511.76	3874	0	2
2024.02.07	11:50:00	18511.76	18516.48	18506.91	18508.92	4661	0	4
2024.02.07	11:51:00	18508.92	18510.6	18499.43	18501.17	1440	0	2
2024.02.07	11:52:00	18501.17	18504.81	18495.02	18496.03	4597	0	4
2024.02.07	11:53:00	18496.03	18498.3	18487.24	18492.51	3240	0	3
2024.02.07	11:54:00	18492.51	18511.23	18489.04	18505.04	4249	0	2
2024.02.07	11:55:00	18505.04	18507.16	18498.94	18506.9	1676	0	4
2024.02.07	11:56:00	18506.9	18527.42	18506.22	18519.31	1030	0	2
2024.02.07	11:57:00	18519.31	18524.63	18518.64	18524.31	883	0	3
2024.02.07	11:58:00	18524.31	18524.73	18517.17	18521.78	2225	0	2
2024.02.07	11:59:00	18521.78	18524.21	18516.52	18518.49	2987	0	4
2024.02.07	12:00:00	18518.49	18531.32	18513.54	18524.13	1795	0	3
2024.02.07	12:01:00	18524.13	18533.66	18519.3	18532.2	1708	0	3
2024.02.07	12:02:00	18532.2	18546.0	18530.67	18541.93	4172	0	2
2024.02.07	12:03:00	18541.93	18542.41	18537.43	18539.84	3841	0	1
2024.02.07	12:04:00	18539.84	18543.29	18539.81	18541.86	3354	0	4
2024.02.07	12:05:00	18541.86	18556.66	18535.42	18547.71	3426	0	2
2024.02.07	12:06:00	18547.71	18552.74	18542.41	18544.48	4308	0	3
2024.02.07	12:07:00	18544.48	18550.27	18531.97	18534.19	1509	0	4
2024.02.07	12:08:00	18534.19	18538.99	18526.2	18527.0	4728	0	2
2024.02.07	12:09:00	18527.0	18528.05	18524.51	18525.11	4377	0	1
2024.02.07	12:10:00	18525.11	18531.85	18517.76	18531.69	2047	0	4
2024.02.07	12:11:00	18531.69	18544.05	18530.71	18543.88	2061	0	3
2024.02.07	12:12:00	18543.88	18544.73	18523.46	18531.52	1330	0	3
2024.02.07	12:13:00	18531.52	18534.31	18525.86	18526.29	3690	0	2
2024.02.07	12:14:00	18526.29	18528.3	18515.1	18523.3	1867	0	4
2024.02.07	12:15:00	18523.3	18532.79	18522.52	18531.13	1702	0	2
2024.02.07	12:16:00	18531.13	18532.64	18524.49	18526.54	3525	0	1
2024.02.07	12:17:00	18526.54	18528.0	18521.45	18522.88	1384	0	3
2024.02.07	12:18:00	18522.88	18533.39	18507.28	18510.01	1008	0	4
2024.02.07	12:19:00	18510.01	18515.37	18508.56	18514.92	4371	0	2
2024.02.07	12:20:00	18514.92	18517.39	18506.67	18513.77	678	0	2
2024.02.07	12:21:00	18513.77	18522.52	18504.86	18508.01	4633	0	4
2024.02.07	12:22:00	18508.01	18509.65	18505.65	18505.95	3576	0	3
2024.02.07	12:23:00	18505.95	18518.67	18503.44	18516.88	2084	0	2
2024.02.07	12:24:00	18516.88	18522.86	18505.1	18507.83	3038	0	2
2024.02.07	12:25:00	18507.83	18510.36	18498.93	18500.32	1917	0	4
2024.02.07	12:26:00	18500.32	18515.55	18500.11	18512.42	2340	0	3
2024.02.07	12:27:00	18512.42	18519.99	18508.78	18513.5	3661	0	1
2024.02.07	12:28:00	18513.5	18523.1	18513.07	18520.15	4591	0	4
2024.02.07	12:29:00	18520.15	18524.52	18517.96	18524.29	1523	0	2
2024.02.07	12:30:00	18524.29	18532.44	18518.73	18524.33	2900	0	1
2024.02.07	12:31:00	18524.33	18525.41	18520.0	18521.44	4388	0	1
2024.02.07	12:32:00	18521.44	18531.36	18516.32	18529.61	563	0	4
2024.02.07	12:33:00	18529.61	18542.8	18524.59	18540.89	538	0	1
2024.02.07	12:34:00	18540.89	18554.67	18537.78	18551.44	3266	0	3
2024.02.07	12:35:00	18551.44	18551.63	18534.27	18540.68	1139	0	3
2024.02.07	12:36:00	18540.68	18561.91	18532.63	18553.3	4968	0	2
2024.02.07	12:37:00	18553.3	18554.97	18548.13	18550.31	1043	0	2
2024.02.07	12:38:00	18550.31	18555.87	18543.47	18543.59	3822	0	1
2024.02.07	12:39:00	18543.59	18544.12	18536.89	18542.37	1930	0	1
2024.02.07	12:40:00	18542.37	18554.86	18533.23	18550.55	4657	0	2
2024.02.07	12:41:00	18550.55	18558.24	18548.57	18556.0	4397	0	4
2024.02.07	12:42:00	18556.0	18556.21	18551.44	18553.97	4093	0	4
2024.02.07	12:43:00	18553.97	18568.08	18553.53	18562.21	3380	0	3
2024.02.07	12:44:00	18562.21	18566.21	18561.74	18563.9	1472	0	2
2024.02.07	12:45:00	18563.9	18566.82	18557.6	18558.88	983	0	4
2024.02.07	12:46:00	18558.88	18564.28	18545.16	18552.6	1679	0	2
2024.02.07	12:47:00	18552.6	18561.07	18552.38	18556.83	855	0	4
2024.02.07	12:48:00	18556.83	18561.98	18554.31	18556.42	4032	0	1
2024.02.07	12:49:00	18556.42	18565.59	18539.84	18543.87	1797	0	3
2024.02.07	12:50:00	18543.87	18552.25	18541.73	18552.2	2480	0	1
2024.02.07	12:51:00	18552.2	18552.63	18539.95	18548.06	3289	0	2
2024.02.07	12:52:00	18548.06	18566.87	18547.62	18563.39	3657	0	4
2024.02.07	12:53:00	18563.39	18564.4	18544.28	18550.58	3171	0	4
2024.02.07	12:54:00	18550.58	18558.64	18548.23	18549.25	3811	0	1
2024.02.07	12:55:00	18549.25	18550.45	18538.46	18543.05	1014	0	2
2024.02.07	12:56:00	18543.05	18548.05	18527.58	18534.27	1759	0	1
2024.02.07	12:57:00	18534.27	18534.4	18528.24	18530.07	3923	0	3
2024.02.07	12:58:00	18530.07	18551.88	18525.71	18547.06	3731	0	4
2024.02.07	12:59:00	18547.06	18551.99	18546.8	18548.78	3345	0	2
2024.02.07	13:00:00	18548.78	18554.03	18539.54	18541.71	4729	0	2
2024.02.07	13:01:00	18541.71	18542.74	18515.87	18524.92	4923	0	2
2024.02.07	13:02:00	18524.92	18530.66	18508.57	18509.15	877	0	4
2024.02.07	13:03:00	18509.15	18509.91	18501.27	18504.5	2986	0	4
2024.02.07	13:04:00	18504.5	18505.94	18495.97	18498.93	4552	0	4
2024.02.07	13:05:00	18498.93	18502.63	18489.63	18497.2	1972	0	1
2024.02.07	13:06:00	18497.2	18498.86	18467.87	18476.3	765	0	1
2024.02.07	13:07:00	18476.3	18482.09	18468.01	18475.81	1037	0	1
2024.02.07	13:08:00	18475.81	18491.11	18474.73	18485.8	3750	0	1
2024.02.07	13:09:00	18485.8	18505.58	18484.0	18501.37	4635	0	3
2024.02.07	13:10:00	18501.37	18502.67	18481.57	18484.0	3682	0	3
2024.02.07	13:11:00	18484.0	18485.39	18475.59	18476.87	669	0	4
2024.02.07	13:12:00	18476.87	18477.66	18468.05	18469.24	2357	0	3
2024.02.07	13:13:00	18469.24	18474.37	18464.69	18470.98	2069	0	4
2024.02.07	13:14:00	18470.98	18471.75	18457.18	18459.94	4603	0	1
2024.02.07	13:15:00	18459.94	18479.52	18459.71	18476.04	2888	0	3
2024.02.07	13:16:00	18476.04	18480.13	18475.26	18476.82	1556	0	1
2024.02.07	13:17:00	18476.82	18477.73	18473.78	18476.04	3064	0	2
2024.02.07	13:18:00	18476.04	18492.73	18473.31	18491.31	3869	0	2
2024.02.07	13:19:00	18491.31	18491.7	18489.69	18491.53	3120	0	3
2024.02.07	13:20:00	18491.53	18496.23	18487.08	18495.65	2379	0	1
2024.02.07	13:21:00	18495.65	18495.87	18488.77	18488.99	3727	0	1
2024.02.07	13:22:00	18488.99	18489.16	18476.05	18476.53	1868	0	1
2024.02.07	13:23:00	18476.53	18480.18	18470.09	18471.19	1077	0	1
2024.02.07	13:24:00	18471.19	18497.21	18468.31	18492.03	4381	0	3
2024.02.07	13:25:00	18492.03	18500.59	18487.64	18498.33	3737	0	4
2024.02.07	13:26:00	18498.33	18501.88	18496.93	18501.27	3789	0	2
2024.02.07	13:27:00	18501.27	18510.92	18490.38	18492.5	4502	0	4
2024.02.07	13:28:00	18492.5	18502.41	18488.33	18501.4	3709	0	4
2024.02.07	13:29:00	18501.4	18506.55	18488.7	18489.05	637	0	2
2024.02.07	13:30:00	18489.05	18493.64	18473.86	18474.76	4295	0	1
2024.02.07	13:31:00	18474.76	18486.09	18461.59	18469.9	661	0	2
2024.02.07	13:32:00	18469.9	18489.73	18466.52	18488.56	3617	0	1
2024.02.07	13:33:00	18488.56	18512.45	18485.25	18506.71	4961	0	4
2024.02.07	13:34:00	18506.71	18510.71	18498.54	18502.85	2313	0	4
2024.02.07	13:35:00	18502.85	18507.45	18494.35	18496.9	1903	0	2
2024.02.07	13:36:00	18496.9	18497.83	18475.47	18481.91	4675	0	3
2024.02.07	13:37:00	18481.91	18490.53	18481.17	18483.01	2547	0	2
2024.02.07	13:38:00	18483.01	18488.86	18482.8	18484.9	4649	0	1
2024.02.07	13:39:00	18484.9	18492.86	18479.21	18492.66	1895	0	1
2024.02.07	13:40:00	18492.66	18502.79	18490.78	18501.56	1329	0	1
2024.02.07	13:41:00	18501.56	18502.2	18491.81	18500.08	3004	0	2
2024.02.07	13:42:00	18500.08	18505.91	18498.92	18505.66	2174	0	2
2024.02.07	13:43:00	18505.66	18505.87	18496.77	18499.47	3701	0	2
2024.02.07	13:44:00	18499.47	18506.66	18497.6	18504.87	1843	0	3
2024.02.07	13:45:00	18504.87	18513.02	18493.99	18500.49	3919	0	3
2024.02.07	13:46:00	18500.49	18510.81	18497.19	18505.16	2093	0	3
2024.02.07	13:47:00	18505.16	18514.43	18502.39	18509.08	2099	0	2
2024.02.07	13:48:00	18509.08	18511.82	18501.16	18510.09	3693	0	2
2024.02.07	13:49:00	18510.09	18523.87	18502.31	18517.91	1672	0	2
2024.02.07	13:50:00	18517.91	18519.48	18502.83	18503.56	1785	0	3
2024.02.07	13:51:00	18503.56	18505.5	18489.17	18493.96	2959	0	2
2024.02.07	13:52:00	18493.96	18494.7	18490.58	18491.8	1990	0	3
2024.02.07	13:53:00	18491.8	18499.9	18476.66	18478.66	2229	0	2
2024.02.07	13:54:00	18478.66	18486.8	18473.92	18475.22	2024	0	3
2024.02.07	13:55:00	18475.22	18479.63	18469.1	18472.09	3299	0	2
2024.02.07	13:56:00	18472.09	18485.1	18452.97	18484.71	2007	0	1
2024.02.07	13:57:00	18484.71	18491.34	18479.25	18486.42	3251	0	2
2024.02.07	13:58:00	18486.42	18502.69	18485.26	18496.42	1553	0	3
2024.02.07	13:59:00	18496.42	18500.58	18494.16	18499.62	4525	0	2
2024.02.07	14:00:00	18499.62	18502.4	18492.75	18494.97	4781	0	4
2024.02.07	14:01:00	18494.97	18502.07	18494.55	18496.59	517	0	1
2024.02.07	14:02:00	18496.59	18503.96	18493.05	18503.8	970	0	1
2024.02.07	14:03:00	18503.8	18522.3	18503.07	18515.35	958	0	4
2024.02.07	14:04:00	18515.35	18515.94	18509.74	18514.48	1322	0	3
2024.02.07	14:05:00	18514.48	18515.08	18497.16	18499.41	4040	0	2
2024.02.07	14:06:00	18499.41	18511.03	18480.82	18483.7	1611	0	3
2024.02.07	14:07:00	18483.7	18486.15	18480.33	18481.01	3126	0	4
2024.02.07	14:08:00	18481.01	18483.21	18458.07	18459.52	1632	0	4
2024.02.07	14:09:00	18459.52	18481.65	18455.03	18476.67	781	0	4
2024.02.07	14:10:00	18476.67	18485.02	18476.43	18482.63	877	0	2
2024.02.07	14:11:00	18482.63	18484.65	18474.96	18477.05	4741	0	1
2024.02.07	14:12:00	18477.05	18481.81	18463.72	18467.04	3011	0	2
2024.02.07	14:13:00	18467.04	18477.08	18465.85	18477.03	3426	0	1
2024.02.07	14:14:00	18477.03	18480.89	18459.8	18466.98	1346	0	3
2024.02.07	14:15:00	18466.98	18471.08	18456.9	18457.83	2686	0	1
2024.02.07	14:16:00	18457.83	18458.79	18449.36	18451.04	3459	0	3
2024.02.07	14:17:00	18451.04	18457.85	18449.53	18452.48	4008	0	4
2024.02.07	14:18:00	18452.48	18462.66	18450.56	18458.65	3455	0	1
2024.02.07	14:19:00	18458.65	18472.31	18454.54	18470.17	3182	0	3
2024.02.07	14:20:00	18470.17	18485.36	18469.7	18480.31	3309	0	4
2024.02.07	14:21:00	18480.31	18481.44	18477.89	18480.69	2179	0	2
2024.02.07	14:22:00	18480.69	18492.7	18474.73	18490.61	3646	0	4
2024.02.07	14:23:00	18490.61	18501.87	18484.2	18484.7	1834	0	1
2024.02.07	14:24:00	18484.7	18487.2	18467.83	18468.03	3738	0	3
2024.02.07	14:25:00	18468.03	18470.04	18461.29	18462.13	2540	0	1
2024.02.07	14:26:00	18462.13	18463.18	18453.23	18454.96	3096	0	1
2024.02.07	14:27:00	18454.96	18457.4	18442.46	18449.43	2638	0	3
2024.02.07	14:28:00	18449.43	18454.59	18435.98	18440.83	3057	0	4
2024.02.07	14:29:00	18440.83	18443.77	18435.6	18436.9	3704	0	3
2024.02.07	14:30:00	18436.9	18444.56	18429.57	18443.06	1764	0	2
2024.02.07	14:31:00	18443.06	18462.0	18437.34	18459.45	2628	0	2
2024.02.07	14:32:00	18459.45	18461.23	18443.19	18443.7	2313	0	2
2024.02.07	14:33:00	18443.7	18445.79	18425.07	18432.04	582	0	2
2024.02.07	14:34:00	18432.04	18437.05	18419.08	18425.03	4334	0	1
2024.02.07	14:35:00	18425.03	18435.32	18421.23	18432.54	3580	0	4
2024.02.07	14:36:00	18432.54	18438.1	18423.23	18431.0	703	0	3
2024.02.07	14:37:00	18431.0	18437.16	18423.31	18424.61	813	0	4
2024.02.07	14:38:00	18424.61	18436.57	18422.61	18431.67	4669	0	3
2024.02.07	14:39:00	18431.67	18441.81	18430.76	18440.96	4308	0	2
2024.02.07	14:40:00	18440.96	18453.05	18437.82	18441.16	3781	0	1
2024.02.07	14:41:00	18441.16	18441.87	18429.46	18433.91	3687	0	3
2024.02.07	14:42:00	18433.91	18437.92	18431.63	18436.8	4285	0	3
2024.02.07	14:43:00	18436.8	18436.9	18432.32	18434.99	3190	0	4
2024.02.07	14:44:00	18434.99	18440.26	18431.74	18433.11	525	0	1
2024.02.07	14:45:00	18433.11	18439.15	18426.73	18428.69	2543	0	2
2024.02.07	14:46:00	18428.69	18440.37	18427.56	18437.7	1989	0	1
2024.02.07	14:47:00	18437.7	18444.69	18434.84	18440.4	1274	0	1
2024.02.07	14:48:00	18440.4	18455.86	18438.46	18450.44	4367	0	4
2024.02.07	14:49:00	18450.44	18466.12	18447.92	18463.3	3447	0	2
2024.02.07	14:50:00	18463.3	18471.2	18458.84	18467.96	4558	0	1
2024.02.07	14:51:00	18467.96	18469.56	18459.13	18463.59	992	0	1
2024.02.07	14:52:00	18463.59	18486.21	18459.79	18473.69	4889	0	2
2024.02.07	14:53:00	18473.69	18478.96	18471.35	18478.42	3220	0	1
2024.02.07	14:54:00	18478.42	18506.92	18478.27	18503.16	3057	0	4
2024.02.07	14:55:00	18503.16	18507.55	18500.99	18506.44	1325	0	4
2024.02.07	14:56:00	18506.44	18516.12	18504.43	18513.35	3309	0	4
2024.02.07	14:57:00	18513.35	18517.84	18506.94	18516.44	3185	0	4
2024.02.07	14:58:00	18516.44	18522.14	18512.95	18515.88	3657	0	1
2024.02.07	14:59:00	18515.88	18516.14	18513.22	18513.83	1180	0	3
2024.02.07	15:00:00	18513.83	18525.67	18506.23	18516.96	3362	0	4
2024.02.07	15:01:00	18516.96	18524.89	18509.11	18522.21	925	0	4
2024.02.07	15:02:00	18522.21	18534.43	18517.0	18533.42	819	0	2
2024.02.07	15:03:00	18533.42	18538.72	18531.24	18536.69	2618	0	4
2024.02.07	15:04:00	18536.69	18546.42	18526.05	18532.71	1034	0	1
2024.02.07	15:05:00	18532.71	18533.55	18525.59	18530.01	3693	0	3
2024.02.07	15:06:00	18530.01	18540.0	18509.93	18517.98	2671	0	2
2024.02.07	15:07:00	18517.98	18535.9	18515.93	18533.93	1573	0	4
2024.02.07	15:08:00	18533.93	18541.1	18523.01	18529.22	1726	0	4
2024.02.07	15:09:00	18529.22	18539.23	18529.03	18538.67	2739	0	4
2024.02.07	15:10:00	18538.67	18545.57	18534.44	18541.64	3191	0	1
2024.02.07	15:11:00	18541.64	18550.59	18537.06	18544.86	4094	0	2
2024.02.07	15:12:00	18544.86	18546.5	18542.87	18544.13	3077	0	2
2024.02.07	15:13:00	18544.13	18549.15	18535.11	18537.11	2972	0	4
2024.02.07	15:14:00	18537.11	18538.31	18527.94	18528.39	3230	0	3
2024.02.07	15:15:00	18528.39	18552.11	18525.18	18544.98	3187	0	4
2024.02.07	15:16:00	18544.98	18546.86	18533.96	18546.42	2070	0	4
2024.02.07	15:17:00	18546.42	18562.51	18540.86	18557.36	1490	0	2
2024.02.07	15:18:00	18557.36	18573.33	18549.9	18570.75	2866	0	1
2024.02.07	15:19:00	18570.75	18576.56	18566.12	18567.26	1060	0	3
2024.02.07	15:20:00	18567.26	18580.54	18563.41	18571.62	1588	0	4
2024.02.07	15:21:00	18571.62	18574.75	18570.75	18572.41	1170	0	1
2024.02.07	15:22:00	18572.41	18579.85	18555.3	18561.9	2705	0	3
2024.02.07	15:23:00	18561.9	18566.43	18558.98	18560.53	4877	0	2
2024.02.07	15:24:00	18560.53	18576.28	18557.48	18566.42	4437	0	4
2024.02.07	15:25:00	18566.42	18566.46	18559.99	18562.1	889	0	3
2024.02.07	15:26:00	18562.1	18571.31	18554.13	18559.42	4195	0	3
2024.02.07	15:27:00	18559.42	18566.76	18558.16	18558.16	1181	0	1
2024.02.07	15:28:00	18558.16	18582.01	18548.42	18578.39	4597	0	4
2024.02.07	15:29:00	18578.39	18579.0	18560.97	18561.52	1425	0	3
2024.02.07	15:30:00	18561.52	18573.57	18561.05	18566.6	1066	0	1
2024.02.07	15:31:00	18566.6	18572.23	18564.38	18564.59	4045	0	2
2024.02.07	15:32:00	18564.59	18565.15	18556.61	18558.94	4249	0	2
2024.02.07	15:33:00	18558.94	18558.97	18550.49	18556.7	2290	0	1
2024.02.07	15:34:00	18556.7	18564.02	18545.55	18563.34	2959	0	2
2024.02.07	15:35:00	18563.34	18572.33	18562.9	18570.53	4059	0	3
2024.02.07	15:36:00	18570.53	18574.35	18570.02	18572.65	4337	0	4
2024.02.07	15:37:00	18572.65	18584.12	18562.8	18583.3	2385	0	4
2024.02.07	15:38:00	18583.3	18597.04	18583.23	18595.62	4030	0	3
2024.02.07	15:39:00	18595.62	18604.87	18593.52	18603.68	4076	0	1
2024.02.07	15:40:00	18603.68	18609.36	18598.31	18598.9	4067	0	2
2024.02.07	15:41:00	18598.9	18609.59	18598.46	18603.93	4529	0	2
2024.02.07	15:42:00	18603.93	18617.54	18595.63	18609.01	4262	0	4
2024.02.07	15:43:00	18609.01	18613.8	18596.46	18601.7	2512	0	1
2024.02.07	15:44:00	18601.7	18606.14	18584.15	18587.29	1917	0	4
2024.02.07	15:45:00	18587.29	18589.08	18565.09	18568.63	4938	0	1
2024.02.07	15:46:00	18568.63	18572.54	18567.43	18569.66	2508	0	3
2024.02.07	15:47:00	18569.66	18575.81	18568.33	18572.84	4698	0	2
2024.02.07	15:48:00	18572.84	18579.69	18561.76	18562.1	4987	0	4
2024.02.07	15:49:00	18562.1	18574.98	18557.8	18572.3	569	0	2
2024.02.07	15:50:00	18572.3	18577.16	18570.02	18574.1	1134	0	2
2024.02.07	15:51:00	18574.1	18587.19	18570.75	18587.17	3038	0	3
2024.02.07	15:52:00	18587.17	18593.41	18586.05	18591.03	895	0	1
2024.02.07	15:53:00	18591.03	18593.37	18581.13	18581.37	3457	0	2
2024.02.07	15:54:00	18581.37	18590.3	18579.16	18586.05	551	0	4
2024.02.07	15:55:00	18586.05	18595.13	18584.54	18592.73	4294	0	4
2024.02.07	15:56:00	18592.73	18602.66	18582.26	18587.95	2426	0	3
2024.02.07	15:57:00	18587.95	18589.44	18571.59	18574.75	3530	0	1
2024.02.07	15:58:00	18574.75	18579.68	18572.17	18576.07	2593	0	1
2024.02.07	15:59:00	18576.07	18578.7	18560.37	18567.03	3597	0	4
2024.02.08	09:30:00	18567.03	18583.58	18560.84	18577.94	3561	0	4
2024.02.08	09:31:00	18577.94	18581.94	18574.15	18574.48	1803	0	2
2024.02.08	09:32:00	18574.48	18594.24	18573.4	18591.08	4101	0	3
2024.02.08	09:33:00	18591.08	18599.29	18569.6	18571.47	4192	0	1
2024.02.08	09:34:00	18571.47	18573.28	18564.22	18573.11	1945	0	3
2024.02.08	09:35:00	18573.11	18587.99	18568.09	18586.92	784	0	1
2024.02.08	09:36:00	18586.92	18587.42	18577.65	18578.92	2516	0	1
2024.02.08	09:37:00	18578.92	18586.58	18575.44	18577.79	3458	0	3
2024.02.08	09:38:00	18577.79	18579.69	18570.49	18574.37	4001	0	4
2024.02.08	09:39:00	18574.37	18584.46	18561.59	18568.31	1409	0	4
2024.02.08	09:40:00	18568.31	18572.3	18557.16	18570.99	2660	0	2
2024.02.08	09:41:00	18570.99	18574.06	18558.91	18559.18	3945	0	3
2024.02.08	09:42:00	18559.18	18561.92	18551.45	18558.51	2865	0	3
2024.02.08	09:43:00	18558.51	18564.02	18556.65	18563.73	4056	0	2
2024.02.08	09:44:00	18563.73	18573.32	18552.28	18562.08	3533	0	3
2024.02.08	09:45:00	18562.08	18564.31	18546.71	18553.05	1286	0	4
2024.02.08	09:46:00	18553.05	18565.23	18551.11	18563.1	1447	0	2
2024.02.08	09:47:00	18563.1	18571.47	18556.6	18570.34	4070	0	1
2024.02.08	09:48:00	18570.34	18579.47	18559.53	18560.92	3665	0	4
2024.02.08	09:49:00	18560.92	18561.18	18542.17	18549.13	4268	0	3
2024.02.08	09:50:00	18549.13	18558.16	18540.3	18540.57	1824	0	2
2024.02.08	09:51:00	18540.57	18550.35	18535.29	18546.06	738	0	1
2024.02.08	09:52:00	18546.06	18550.25	18543.18	18549.02	1569	0	2
2024.02.08	09:53:00	18549.02	18557.25	18548.93	18556.81	2435	0	4
2024.02.08	09:54:00	18556.81	18564.44	18550.28	18554.12	1048	0	2
2024.02.08	09:55:00	18554.12	18558.63	18542.3	18545.8	1367	0	4
2024.02.08	09:56:00	18545.8	18559.17	18541.9	18554.8	1150	0	1
2024.02.08	09:57:00	18554.8	18555.82	18546.28	18549.98	1068	0	1
2024.02.08	09:58:00	18549.98	18557.26	18543.34	18552.1	2220	0	1
2024.02.08	09:59:00	18552.1	18556.31	18536.36	18537.91	4115	0	1
2024.02.08	10:00:00	18537.91	18542.46	18531.01	18532.94	2205	0	2
2024.02.08	10:01:00	18532.94	18544.11	18528.67	18542.78	1819	0	3
2024.02.08	10:02:00	18542.78	18549.58	18534.36	18536.43	2968	0	3
2024.02.08	10:03:00	18536.43	18547.23	18536.09	18544.45	3397	0	3
2024.02.08	10:04:00	18544.45	18551.01	18520.27	18522.94	2071	0	1
2024.02.08	10:05:00	18522.94	18524.85	18513.73	18518.07	516	0	3
2024.02.08	10:06:00	18518.07	18525.39	18512.76	18516.83	1839	0	3
2024.02.08	10:07:00	18516.83	18541.32	18512.83	18533.55	857	0	3
2024.02.08	10:08:00	18533.55	18539.16	18516.61	18522.95	1151	0	3
2024.02.08	10:09:00	18522.95	18530.3	18521.26	18529.61	3246	0	1
2024.02.08	10:10:00	18529.61	18541.64	18527.76	18539.9	1306	0	2
2024.02.08	10:11:00	18539.9	18543.04	18530.69	18533.5	2166	0	3
2024.02.08	10:12:00	18533.5	18534.13	18529.92	18530.37	2266	0	1
2024.02.08	10:13:00	18530.37	18534.55	18523.62	18532.07	4458	0	1
2024.02.08	10:14:00	18532.07	18533.75	18517.36	18518.54	1191	0	3
2024.02.08	10:15:00	18518.54	18519.85	18514.56	18514.64	870	0	3
2024.02.08	10:16:00	18514.64	18530.11	18510.62	18526.98	2907	0	1
2024.02.08	10:17:00	18526.98	18532.75	18521.87	18532.26	3306	0	2
2024.02.08	10:18:00	18532.26	18535.29	18530.94	18531.16	2759	0	4
2024.02.08	10:19:00	18531.16	18538.25	18524.79	18532.59	3662	0	2
2024.02.08	10:20:00	18532.59	18542.0	18531.92	18538.41	4387	0	2
2024.02.08	10:21:00	18538.41	18554.05	18537.17	18546.03	3250	0	4
2024.02.08	10:22:00	18546.03	18551.03	18540.62	18541.18	2919	0	1
2024.02.08	10:23:00	18541.18	18557.52	18539.29	18555.97	3563	0	2
2024.02.08	10:24:00	18555.97	18571.73	18553.04	18568.71	1461	0	2
2024.02.08	10:25:00	18568.71	18576.8	18565.37	18575.45	1621	0	2
2024.02.08	10:26:00	18575.45	18580.42	18563.81	18567.9	2166	0	2
2024.02.08	10:27:00	18567.9	18578.62	18557.65	18558.68	3952	0	4
2024.02.08	10:28:00	18558.68	18560.38	18547.74	18555.98	4333	0	1
2024.02.08	10:29:00	18555.98	18560.37	18553.23	18556.92	2995	0	3
2024.02.08	10:30:00	18556.92	18562.27	18533.12	18540.68	3289	0	3
2024.02.08	10:31:00	18540.68	18547.68	18536.77	18545.7	4046	0	4
2024.02.08	10:32:00	18545.7	18559.93	18543.7	18558.16	1590	0	1
2024.02.08	10:33:00	18558.16	18570.79	18552.52	18563.95	1047	0	4
2024.02.08	10:34:00	18563.95	18564.36	18556.51	18557.97	3859	0	1
2024.02.08	10:35:00	18557.97	18560.87	18539.89	18550.88	1071	0	3
2024.02.08	10:36:00	18550.88	18556.02	18549.99	18554.06	1210	0	1
2024.02.08	10:37:00	18554.06	18557.21	18548.08	18553.0	2279	0	1
2024.02.08	10:38:00	18553.0	18559.4	18550.53	18557.53	4035	0	3
2024.02.08	10:39:00	18557.53	18563.9	18555.22	18563.56	2254	0	1
2024.02.08	10:40:00	18563.56	18575.55	18560.37	18574.19	1034	0	2
2024.02.08	10:41:00	18574.19	18579.72	18560.01	18563.92	1078	0	2
2024.02.08	10:42:00	18563.92	18566.52	18560.27	18566.37	1639	0	2
2024.02.08	10:43:00	18566.37	18570.12	18548.12	18563.33	865	0	1
2024.02.08	10:44:00	18563.33	18568.18	18562.45	18562.77	1976	0	3
2024.02.08	10:45:00	18562.77	18574.48	18560.07	18571.27	863	0	2
2024.02.08	10:46:00	18571.27	18584.0	18569.49	18580.8	4305	0	3
2024.02.08	10:47:00	18580.8	18602.4	18579.46	18594.33	735	0	1
2024.02.08	10:48:00	18594.33	18600.26	18589.73	18598.71	1389	0	1
2024.02.08	10:49:00	18598.71	18601.3	18597.09	18598.05	649	0	1
2024.02.08	10:50:00	18598.05	18599.71	18593.65	18596.04	1812	0	4
2024.02.08	10:51:00	18596.04	18603.58	18573.17	18580.08	4134	0	2
2024.02.08	10:52:00	18580.08	18600.23	18572.87	18593.06	3097	0	1
2024.02.08	10:53:00	18593.06	18595.98	18587.36	18590.4	4707	0	1
2024.02.08	10:54:00	18590.4	18602.11	18589.79	18595.54	3274	0	1
2024.02.08	10:55:00	18595.54	18607.37	18585.47	18602.3	2415	0	1
2024.02.08	10:56:00	18602.3	18602.78	18588.03	18590.95	4813	0	1
2024.02.08	10:57:00	18590.95	18592.89	18581.33	18582.63	1340	0	3
2024.02.08	10:58:00	18582.63	18601.74	18581.54	18597.57	1007	0	3
2024.02.08	10:59:00	18597.57	18600.96	18590.0	18600.67	1977	0	4
2024.02.08	11:00:00	18600.67	18604.43	18587.47	18595.58	4683	0	4
2024.02.08	11:01:00	18595.58	18600.15	18592.49	18594.76	4183	0	3
2024.02.08	11:02:00	18594.76	18608.79	18592.65	18605.36	2916	0	3
2024.02.08	11:03:00	18605.36	18621.19	18604.73	18614.54	4681	0	4
2024.02.08	11:04:00	18614.54	18615.73	18596.49	18601.1	3409	0	4
2024.02.08	11:05:00	18601.1	18620.24	18599.05	18616.87	1574	0	1
2024.02.08	11:06:00	18616.87	18629.85	18606.7	18626.35	525	0	3
2024.02.08	11:07:00	18626.35	18635.17	18624.95	18625.29	637	0	4
2024.02.08	11:08:00	18625.29	18625.87	18612.72	18614.42	4321	0	4
2024.02.08	11:09:00	18614.42	18625.76	18612.87	18624.73	1888	0	2
2024.02.08	11:10:00	18624.73	18630.0	18623.96	18629.6	2398	0	3
2024.02.08	11:11:00	18629.6	18633.72	18613.11	18616.22	2234	0	2
2024.02.08	11:12:00	18616.22	18619.53	18613.5	18614.41	897	0	3
2024.02.08	11:13:00	18614.41	18646.78	18608.59	18644.27	513	0	3
2024.02.08	11:14:00	18644.27	18647.9	18641.44	18644.8	3771	0	3
2024.02.08	11:15:00	18644.8	18651.96	18633.55	18638.17	3566	0	4
2024.02.08	11:16:00	18638.17	18642.84	18623.66	18629.03	1514	0	1
2024.02.08	11:17:00	18629.03	18653.7	18620.84	18646.12	1060	0	1
2024.02.08	11:18:00	18646.12	18655.66	18645.52	18654.5	2821	0	4
2024.02.08	11:19:00	18654.5	18675.73	18649.88	18668.17	868	0	2
2024.02.08	11:20:00	18668.17	18675.89	18661.08	18670.89	1805	0	2
2024.02.08	11:21:00	18670.89	18689.27	18667.15	18683.13	3736	0	4
2024.02.08	11:22:00	18683.13	18688.07	18673.24	18675.48	1280	0	3
2024.02.08	11:23:00	18675.48	18682.83	18674.23	18677.39	3968	0	3
2024.02.08	11:24:00	18677.39	18687.33	18672.26	18680.48	4477	0	4
2024.02.08	11:25:00	18680.48	18698.91	18679.48	18693.93	1328	0	2
2024.02.08	11:26:00	18693.93	18698.93	18687.73	18697.32	3495	0	2
2024.02.08	11:27:00	18697.32	18700.71	18691.41	18691.78	3958	0	1
2024.02.08	11:28:00	18691.78	18696.54	18688.65	18692.76	2837	0	4
2024.02.08	11:29:00	18692.76	18695.5	18672.3	18677.27	1838	0	1
2024.02.08	11:30:00	18677.27	18682.62	18653.99	18655.71	4925	0	2
2024.02.08	11:31:00	18655.71	18671.77	18654.61	18663.93	1886	0	2
2024.02.08	11:32:00	18663.93	18666.18	18659.66	18660.77	1613	0	4
2024.02.08	11:33:00	18660.77	18660.91	18658.31	18658.67	1050	0	2
2024.02.08	11:34:00	18658.67	18667.29	18658.17	18666.89	4577	0	1
2024.02.08	11:35:00	18666.89	18685.71	18665.46	18680.48	1519	0	1
2024.02.08	11:36:00	18680.48	18690.41	18676.24	18685.91	1099	0	3
2024.02.08	11:37:00	18685.91	18710.07	18684.0	18704.53	674	0	4
2024.02.08	11:38:00	18704.53	18715.73	18700.44	18709.67	1808	0	1
2024.02.08	11:39:00	18709.67	18718.43	18707.79	18712.91	3523	0	3
2024.02.08	11:40:00	18712.91	18723.69	18711.23	18715.56	3576	0	1
2024.02.08	11:41:00	18715.56	18716.06	18702.93	18703.76	4331	0	1
2024.02.08	11:42:00	18703.76	18720.89	18702.03	18713.19	3507	0	1
2024.02.08	11:43:00	18713.19	18716.49	18689.84	18690.4	717	0	1
2024.02.08	11:44:00	18690.4	18692.4	18679.61	18685.23	4291	0	3
2024.02.08	11:45:00	18685.23	18690.78	18678.7	18685.82	1649	0	4
2024.02.08	11:46:00	18685.82	18689.3	18669.57	18678.72	4805	0	1
2024.02.08	11:47:00	18678.72	18685.08	18671.49	18674.82	2057	0	4
2024.02.08	11:48:00	18674.82	18694.83	18671.11	18692.6	574	0	1
2024.02.08	11:49:00	18692.6	18707.64	18685.7	18703.42	2266	0	4
2024.02.08	11:50:00	18703.42	18703.77	18692.77	18697.3	2525	0	4
2024.02.08	11:51:00	18697.3	18698.64	18683.02	18693.23	4208	0	3
2024.02.08	11:52:00	18693.23	18696.86	18674.35	18681.52	2985	0	2
2024.02.08	11:53:00	18681.52	18689.79	18681.47	18688.57	692	0	4
2024.02.08	11:54:00	18688.57	18689.37	18684.12	18686.58	715	0	2
2024.02.08	11:55:00	18686.58	18693.27	18668.13	18668.35	3263	0	1
2024.02.08	11:56:00	18668.35	18674.19	18666.61	18669.68	877	0	2
2024.02.08	11:57:00	18669.68	18676.28	18655.69	18674.2	2895	0	1
2024.02.08	11:58:00	18674.2	18686.55	18671.69	18683.69	4536	0	2
2024.02.08	11:59:00	18683.69	18689.26	18681.82	18683.37	4273	0	1
2024.02.08	12:00:00	18683.37	18684.52	18674.1	18680.21	3342	0	2
2024.02.08	12:01:00	18680.21	18700.63	18674.13	18699.39	1876	0	3
2024.02.08	12:02:00	18699.39	18704.01	18694.2	18699.82	2818	0	3
2024.02.08	12:03:00	18699.82	18710.18	18697.81	18707.01	958	0	1
2024.02.08	12:04:00	18707.01	18708.4	18701.55	18702.28	3827	0	2
2024.02.08	12:05:00	18702.28	18710.08	18691.98	18709.18	1087	0	3
2024.02.08	12:06:00	18709.18	18718.58	18695.42	18695.77	731	0	2
2024.02.08	12:07:00	18695.77	18699.25	18691.62	18691.77	3337	0	1
2024.02.08	12:08:00	18691.77	18695.3	18677.21	18680.71	3076	0	3
2024.02.08	12:09:00	18680.71	18681.11	18666.88	18675.37	2955	0	3
2024.02.08	12:10:00	18675.37	18689.72	18672.0	18687.57	2639	0	1
2024.02.08	12:11:00	18687.57	18693.4	18677.08	18682.15	3165	0	4
2024.02.08	12:12:00	18682.15	18690.79	18682.07	18689.32	2482	0	2
2024.02.08	12:13:00	18689.32	18706.91	18683.24	18704.06	1116	0	3
2024.02.08	12:14:00	18704.06	18705.43	18704.0	18704.17	3064	0	1
2024.02.08	12:15:00	18704.17	18717.0	18698.77	18713.96	691	0	2
2024.02.08	12:16:00	18713.96	18725.33	18710.15	18719.37	786	0	1
2024.02.08	12:17:00	18719.37	18724.22	18717.5	18720.84	3049	0	1
2024.02.08	12:18:00	18720.84	18730.39	18713.54	18728.33	3667	0	2
2024.02.08	12:19:00	18728.33	18751.4	18723.15	18746.16	864	0	1
2024.02.08	12:20:00	18746.16	18750.11	18738.7	18740.49	2193	0	2
2024.02.08	12:21:00	18740.49	18740.63	18728.43	18731.77	4683	0	3
2024.02.08	12:22:00	18731.77	18733.8	18721.0	18722.49	4015	0	4
2024.02.08	12:23:00	18722.49	18735.86	18720.18	18732.29	4114	0	2
2024.02.08	12:24:00	18732.29	18745.66	18726.12	18743.38	3453	0	1
2024.02.08	12:25:00	18743.38	18746.98	18736.41	18738.66	1309	0	4
2024.02.08	12:26:00	18738.66	18741.48	18716.56	18718.78	2243	0	2
2024.02.08	12:27:00	18718.78	18720.56	18709.07	18712.76	3190	0	4
2024.02.08	12:28:00	18712.76	18727.0	18710.03	18718.32	3499	0	3
2024.02.08	12:29:00	18718.32	18721.86	18716.88	18718.07	1094	0	1
2024.02.08	12:30:00	18718.07	18726.83	18715.08	18720.15	4868	0	4
2024.02.08	12:31:00	18720.15	18724.21	18715.12	18715.56	4712	0	1
2024.02.08	12:32:00	18715.56	18735.74	18712.87	18725.55	664	0	2
2024.02.08	12:33:00	18725.55	18736.25	18723.76	18729.18	3152	0	1
2024.02.08	12:34:00	18729.18	18735.6	18727.5	18735.12	1143	0	4
2024.02.08	12:35:00	18735.12	18743.77	18733.85	18737.0	1929	0	4
2024.02.08	12:36:00	18737.0	18746.85	18727.89	18742.35	4488	0	4
2024.02.08	12:37:00	18742.35	18754.84	18740.59	18747.08	3561	0	1
2024.02.08	12:38:00	18747.08	18748.9	18737.21	18738.65	2085	0	4
2024.02.08	12:39:00	18738.65	18748.86	18736.68	18742.56	511	0	3
2024.02.08	12:40:00	18742.56	18752.83	18737.21	18750.45	4263	0	4
2024.02.08	12:41:00	18750.45	18763.24	18750.24	18761.8	1795	0	2
2024.02.08	12:42:00	18761.8	18768.38	18759.31	18766.13	3225	0	3
2024.02.08	12:43:00	18766.13	18768.55	18751.28	18757.33	1553	0	2
2024.02.08	12:44:00	18757.33	18760.29	18741.7	18750.0	4054	0	3
2024.02.08	12:45:00	18750.0	18755.44	18741.67	18746.24	2057	0	3
2024.02.08	12:46:00	18746.24	18751.43	18741.35	18748.42	3829	0	2
2024.02.08	12:47:00	18748.42	18748.56	18746.41	18747.63	883	0	2
2024.02.08	12:48:00	18747.63	18750.65	18731.78	18737.34	3269	0	4
2024.02.08	12:49:00	18737.34	18738.12	18724.62	18727.0	4855	0	4
2024.02.08	12:50:00	18727.0	18730.69	18702.3	18707.49	2630	0	1
2024.02.08	12:51:00	18707.49	18709.5	18676.3	18678.33	2605	0	1
2024.02.08	12:52:00	18678.33	18680.31	18673.63	18677.46	3588	0	4
2024.02.08	12:53:00	18677.46	18701.18	18675.06	18699.79	4353	0	3
2024.02.08	12:54:00	18699.79	18717.2	18697.66	18717.19	4150	0	1
2024.02.08	12:55:00	18717.19	18719.59	18701.6	18708.29	767	0	4
2024.02.08	12:56:00	18708.29	18710.59	18705.52	18710.09	1832	0	1
2024.02.08	12:57:00	18710.09	18712.83	18690.61	18696.59	4301	0	1
2024.02.08	12:58:00	18696.59	18697.5	18683.7	18684.55	4885	0	3
2024.02.08	12:59:00	18684.55	18688.88	18673.02	18673.59	3438	0	3
2024.02.08	13:00:00	18673.59	18676.28	18664.71	18671.83	520	0	1
2024.02.08	13:01:00	18671.83	18673.18	18660.75	18670.48	3554	0	3
2024.02.08	13:02:00	18670.48	18674.21	18661.74	18673.24	4760	0	4
2024.02.08	13:03:00	18673.24	18680.93	18673.03	18679.89	4128	0	1
2024.02.08	13:04:00	18679.89	18687.46	18675.62	18677.08	3756	0	4
2024.02.08	13:05:00	18677.08	18679.6	18674.49	18677.79	2867	0	3
2024.02.08	13:06:00	18677.79	18678.14	18666.89	18667.82	4559	0	4
2024.02.08	13:07:00	18667.82	18671.1	18650.83	18655.49	3353	0	2
2024.02.08	13:08:00	18655.49	18659.28	18637.59	18641.71	2800	0	3
2024.02.08	13:09:00	18641.71	18649.49	18640.19	18648.21	4549	0	4
2024.02.08	13:10:00	18648.21	18655.42	18640.66	18645.4	515	0	2
2024.02.08	13:11:00	18645.4	18646.32	18619.07	18628.11	1062	0	3
2024.02.08	13:12:00	18628.11	18629.01	18621.13	18627.89	4286	0	3
2024.02.08	13:13:00	18627.89	18631.75	18612.04	18616.48	750	0	2
2024.02.08	13:14:00	18616.48	18633.07	18609.43	18632.52	4540	0	3
2024.02.08	13:15:00	18632.52	18632.85	18626.82	18627.43	4922	0	3
2024.02.08	13:16:00	18627.43	18634.49	18620.41	18634.23	1673	0	1
2024.02.08	13:17:00	18634.23	18650.71	18633.62	18644.88	4466	0	3
2024.02.08	13:18:00	18644.88	18651.07	18634.65	18636.24	2960	0	3
2024.02.08	13:19:00	18636.24	18646.93	18631.88	18637.33	2812	0	1
2024.02.08	13:20:00	18637.33	18643.08	18633.38	18642.93	4652	0	4
2024.02.08	13:21:00	18642.93	18647.13	18637.72	18644.39	4013	0	1
2024.02.08	13:22:00	18644.39	18648.78	18643.42	18648.17	4501	0	3
2024.02.08	13:23:00	18648.17	18656.32	18631.95	18636.0	4468	0	1
2024.02.08	13:24:00	18636.0	18646.58	18631.1	18641.6	3769	0	3
2024.02.08	13:25:00	18641.6	18644.07	18634.88	18637.38	2600	0	4
2024.02.08	13:26:00	18637.38	18645.74	18627.97	18641.05	1333	0	3
2024.02.08	13:27:00	18641.05	18656.65	18639.88	18650.11	940	0	2
2024.02.08	13:28:00	18650.11	18660.84	18649.35	18656.8	1636	0	3
2024.02.08	13:29:00	18656.8	18661.25	18649.63	18660.47	2662	0	1
2024.02.08	13:30:00	18660.47	18669.15	18659.27	18666.91	1117	0	1
2024.02.08	13:31:00	18666.91	18675.89	18663.37	18673.79	2081	0	2
2024.02.08	13:32:00	18673.79	18692.97	18670.34	18688.31	4075	0	3
2024.02.08	13:33:00	18688.31	18695.93	18686.29	18688.36	604	0	2
2024.02.08	13:34:00	18688.36	18692.84	18687.0	18690.29	1886	0	1
2024.02.08	13:35:00	18690.29	18706.27	18687.87	18699.49	4815	0	2
2024.02.08	13:36:00	18699.49	18701.12	18692.88	18695.22	1958	0	4
2024.02.08	13:37:00	18695.22	18700.64	18682.07	18682.96	3721	0	2
2024.02.08	13:38:00	18682.96	18690.03	18675.39	18688.0	3241	0	2
2024.02.08	13:39:00	18688.0	18689.86	18683.46	18686.42	4036	0	2
2024.02.08	13:40:00	18686.42	18687.52	18669.15	18675.37	3781	0	2
2024.02.08	13:41:00	18675.37	18687.14	18672.58	18680.48	3185	0	2
2024.02.08	13:42:00	18680.48	18698.77	18671.96	18694.4	4870	0	4
2024.02.08	13:43:00	18694.4	18695.27	18675.3	18679.35	1711	0	4
2024.02.08	13:44:00	18679.35	18698.64	18677.49	18689.39	1759	0	3
2024.02.08	13:45:00	18689.39	18692.67	18658.64	18665.77	3131	0	3
2024.02.08	13:46:00	18665.77	18668.36	18655.03	18662.36	3716	0	2
2024.02.08	13:47:00	18662.36	18683.67	18658.5	18680.14	3561	0	3
2024.02.08	13:48:00	18680.14	18681.04	18672.29	18677.41	4804	0	4
2024.02.08	13:49:00	18677.41	18679.63	18677.02	18678.63	3188	0	1
2024.02.08	13:50:00	18678.63	18694.14	18678.62	18686.22	3927	0	4
2024.02.08	13:51:00	18686.22	18690.03	18666.31	18670.36	1072	0	4
2024.02.08	13:52:00	18670.36	18671.49	18667.07	18671.41	672	0	1
2024.02.08	13:53:00	18671.41	18674.09	18667.74	18672.4	4160	0	1
2024.02.08	13:54:00	18672.4	18693.91	18666.29	18690.39	2512	0	2
2024.02.08	13:55:00	18690.39	18694.02	18671.4	18679.07	1838	0	3
2024.02.08	13:56:00	18679.07	18685.02	18667.74	18675.83	3877	0	3
2024.02.08	13:57:00	18675.83	18676.5	18665.02	18667.43	2285	0	3
2024.02.08	13:58:00	18667.43	18674.58	18655.71	18658.03	634	0	4
2024.02.08	13:59:00	18658.03	18673.28	18653.16	18669.05	2978	0	2
2024.02.08	14:00:00	18669.05	18676.48	18662.59	18669.68	1064	0	3
2024.02.08	14:01:00	18669.68	18673.95	18658.28	18664.8	4899	0	1
2024.02.08	14:02:00	18664.8	18676.85	18654.59	18660.28	1977	0	1
2024.02.08	14:03:00	18660.28	18664.78	18653.81	18655.33	1906	0	3
2024.02.08	14:04:00	18655.33	18660.32	18651.13	18651.23	4295	0	4
2024.02.08	14:05:00	18651.23	18652.94	18636.56	18639.67	688	0	3
2024.02.08	14:06:00	18639.67	18643.04	18634.41	18637.6	3548	0	3
2024.02.08	14:07:00	18637.6	18637.79	18627.29	18634.58	4876	0	4
2024.02.08	14:08:00	18634.58	18639.73	18624.65	18627.8	634	0	1
2024.02.08	14:09:00	18627.8	18642.83	18623.05	18629.64	4808	0	3
2024.02.08	14:10:00	18629.64	18644.1	18624.43	18632.27	3276	0	3
2024.02.08	14:11:00	18632.27	18632.62	18623.75	18627.4	1392	0	4
2024.02.08	14:12:00	18627.4	18641.28	18620.9	18626.41	4338	0	2
2024.02.08	14:13:00	18626.41	18648.58	18622.87	18647.15	4230	0	3
2024.02.08	14:14:00	18647.15	18670.82	18642.43	18667.56	4919	0	4
2024.02.08	14:15:00	18667.56	18670.94	18657.34	18657.97	4638	0	2
2024.02.08	14:16:00	18657.97	18661.32	18644.84	18649.71	3249	0	2
2024.02.08	14:17:00	18649.71	18649.8	18634.53	18640.08	558	0	4
2024.02.08	14:18:00	18640.08	18656.11	18634.85	18650.43	3862	0	1
2024.02.08	14:19:00	18650.43	18650.9	18639.47	18647.04	3896	0	4
2024.02.08	14:20:00	18647.04	18656.58	18641.05	18649.67	3978	0	4
2024.02.08	14:21:00	18649.67	18674.26	18642.73	18668.92	1309	0	1
2024.02.08	14:22:00	18668.92	18670.27	18662.62	18669.19	3803	0	2
2024.02.08	14:23:00	18669.19	18683.67	18659.84	18676.24	4222	0	3
2024.02.08	14:24:00	18676.24	18682.61	18675.04	18681.54	836	0	1
2024.02.08	14:25:00	18681.54	18684.03	18669.85	18676.35	594	0	1
2024.02.08	14:26:00	18676.35	18687.02	18671.23	18686.74	875	0	2
2024.02.08	14:27:00	18686.74	18689.74	18678.76	18679.08	3610	0	4
2024.02.08	14:28:00	18679.08	18696.21	18676.38	18692.13	1854	0	2
2024.02.08	14:29:00	18692.13	18694.64	18676.35	18686.94	4175	0	3
2024.02.08	14:30:00	18686.94	18688.24	18681.25	18682.79	4808	0	3
2024.02.08	14:31:00	18682.79	18685.25	18668.39	18672.87	660	0	2
2024.02.08	14:32:00	18672.87	18683.44	18661.48	18664.51	3823	0	1
2024.02.08	14:33:00	18664.51	18671.55	18655.01	18660.85	3906	0	4
2024.02.08	14:34:00	18660.85	18663.15	18632.05	18638.26	838	0	3
2024.02.08	14:35:00	18638.26	18646.91	18635.9	18636.43	1034	0	2
2024.02.08	14:36:00	18636.43	18641.97	18624.25	18632.01	4125	0	2
2024.02.08	14:37:00	18632.01	18644.56	18626.58	18639.84	855	0	2
2024.02.08	14:38:00	18639.84	18649.56	18638.56	18644.2	1395	0	4
2024.02.08	14:39:00	18644.2	18651.18	18635.14	18637.9	4642	0	2
2024.02.08	14:40:00	18637.9	18641.26	18633.51	18633.94	3772	0	4
2024.02.08	14:41:00	18633.94	18635.22	18630.92	18632.1	4653	0	1
2024.02.08	14:42:00	18632.1	18646.79	18627.97	18646.5	1733	0	1
2024.02.08	14:43:00	18646.5	18648.03	18638.18	18639.11	3835	0	1
2024.02.08	14:44:00	18639.11	18645.31	18632.21	18632.69	3242	0	4
2024.02.08	14:45:00	18632.69	18633.22	18615.65	18622.42	4505	0	3
2024.02.08	14:46:00	18622.42	18624.6	18603.64	18608.82	1515	0	2
2024.02.08	14:47:00	18608.82	18614.19	18604.53	18612.09	575	0	1
2024.02.08	14:48:00	18612.09	18615.98	18605.44	18614.37	2297	0	1
2024.02.08	14:49:00	18614.37	18631.93	18611.56	18626.84	2802	0	4
2024.02.08	14:50:00	18626.84	18639.26	18622.63	18637.04	3083	0	4
2024.02.08	14:51:00	18637.04	18660.6	18635.82	18660.04	4422	0	2
2024.02.08	14:52:00	18660.04	18661.96	18653.85	18659.72	3588	0	3
2024.02.08	14:53:00	18659.72	18665.41	18655.52	18657.63	4517	0	2
2024.02.08	14:54:00	18657.63	18658.77	18639.2	18645.72	3784	0	4
2024.02.08	14:55:00	18645.72	18654.92	18645.22	18652.68	2151	0	1
2024.02.08	14:56:00	18652.68	18658.94	18645.85	18654.17	4174	0	1
2024.02.08	14:57:00	18654.17	18662.09	18649.86	18660.69	1960	0	2
2024.02.08	14:58:00	18660.69	18661.25	18649.26	18650.31	4156	0	1
2024.02.08	14:59:00	18650.31	18654.4	18641.02	18654.0	3649	0	3
2024.02.08	15:00:00	18654.0	18657.55	18648.18	18656.31	1496	0	4
2024.02.08	15:01:00	18656.31	18660.45	18648.53	18658.0	770	0	4
2024.02.08	15:02:00	18658.0	18659.27	18651.37	18651.92	4488	0	4
2024.02.08	15:03:00	18651.92	18664.33	18641.71	18663.53	4012	0	1
2024.02.08	15:04:00	18663.53	18687.08	18657.57	18683.29	727	0	1
2024.02.08	15:05:00	18683.29	18686.19	18669.3	18673.16	1623	0	1
2024.02.08	15:06:00	18673.16	18684.36	18670.49	18680.35	2670	0	4
2024.02.08	15:07:00	18680.35	18682.35	18647.28	18653.52	2847	0	1
2024.02.08	15:08:00	18653.52	18666.57	18646.13	18660.21	2198	0	3
2024.02.08	15:09:00	18660.21	18665.69	18632.72	18642.92	1366	0	3
2024.02.08	15:10:00	18642.92	18647.36	18636.39	18638.33	3503	0	4
2024.02.08	15:11:00	18638.33	18638.5	18624.61	18626.32	3804	0	1
2024.02.08	15:12:00	18626.32	18628.64	18624.36	18624.66	3380	0	2
2024.02.08	15:13:00	18624.66	18632.96	18623.96	18632.94	4804	0	1
2024.02.08	15:14:00	18632.94	18644.63	18614.2	18615.8	2270	0	1
2024.02.08	15:15:00	18615.8	18617.64	18609.6	18612.78	2933	0	3
2024.02.08	15:16:00	18612.78	18619.03	18600.48	18608.32	1928	0	3
2024.02.08	15:17:00	18608.32	18627.3	18605.85	18623.59	4778	0	4
2024.02.08	15:18:00	18623.59	18638.06	18622.99	18628.04	2383	0	1
2024.02.08	15:19:00	18628.04	18638.07	18616.89	18617.31	2309	0	2
2024.02.08	15:20:00	18617.31	18623.56	18608.41	18613.24	3845	0	1
2024.02.08	15:21:00	18613.24	18633.37	18601.93	18628.28	1788	0	3
2024.02.08	15:22:00	18628.28	18639.09	18623.29	18635.4	2138	0	3
2024.02.08	15:23:00	18635.4	18637.53	18623.34	18627.11	4273	0	3
2024.02.08	15:24:00	18627.11	18627.49	18620.68	18624.96	596	0	1
2024.02.08	15:25:00	18624.96	18627.65	18617.14	18623.12	670	0	1
2024.02.08	15:26:00	18623.12	18629.39	18607.03	18618.42	4398	0	4
2024.02.08	15:27:00	18618.42	18618.6	18594.73	18602.67	1765	0	3
2024.02.08	15:28:00	18602.67	18610.05	18593.84	18596.66	4012	0	1
2024.02.08	15:29:00	18596.66	18615.93	18584.51	18610.12	3607	0	2
2024.02.08	15:30:00	18610.12	18611.15	18602.42	18606.9	1399	0	2
2024.02.08	15:31:00	18606.9	18612.15	18603.7	18606.3	1350	0	2
2024.02.08	15:32:00	18606.3	18610.69	18603.72	18608.0	4926	0	3
2024.02.08	15:33:00	18608.0	18640.56	18595.42	18629.28	4507	0	2
2024.02.08	15:34:00	18629.28	18631.2	18629.21	18629.74	1657	0	3
2024.02.08	15:35:00	18629.74	18640.51	18628.69	18640.43	2669	0	3
2024.02.08	15:36:00	18640.43	18643.83	18634.86	18635.16	4380	0	1
2024.02.08	15:37:00	18635.16	18636.59	18630.15	18633.08	1606	0	2
2024.02.08	15:38:00	18633.08	18637.36	18628.85	18633.58	3476	0	2
2024.02.08	15:39:00	18633.58	18647.48	18626.4	18626.65	2170	0	4
2024.02.08	15:40:00	18626.65	18626.99	18621.32	18625.1	4469	0	1
2024.02.08	15:41:00	18625.1	18634.33	18621.28	18633.85	1776	0	2
2024.02.08	15:42:00	18633.85	18634.5	18626.3	18626.67	2449	0	3
2024.02.08	15:43:00	18626.67	18631.18	18618.53	18627.04	3654	0	3
2024.02.08	15:44:00	18627.04	18638.38	18626.21	18634.1	3522	0	1
2024.02.08	15:45:00	18634.1	18636.48	18624.74	18626.7	994	0	4
2024.02.08	15:46:00	18626.7	18638.35	18619.06	18637.4	892	0	1
2024.02.08	15:47:00	18637.4	18638.64	18633.02	18638.46	4341	0	2
2024.02.08	15:48:00	18638.46	18640.82	18633.04	18637.28	3927	0	1
2024.02.08	15:49:00	18637.28	18644.03	18611.99	18618.71	1169	0	3
2024.02.08	15:50:00	18618.71	18619.63	18609.03	18615.56	3417	0	2
2024.02.08	15:51:00	18615.56	18623.4	18615.43	18619.43	1771	0	3
2024.02.08	15:52:00	18619.43	18636.95	18615.88	18636.27	2329	0	3
2024.02.08	15:53:00	18636.27	18644.39	18629.39	18642.0	3320	0	4
2024.02.08	15:54:00	18642.0	18653.68	18633.09	18653.01	3372	0	1
2024.02.08	15:55:00	18653.01	18654.35	18635.95	18641.97	2093	0	3
2024.02.08	15:56:00	18641.97	18644.65	18640.5	18641.14	4238	0	2
2024.02.08	15:57:00	18641.14	18653.54	18638.41	18653.04	2795	0	3
2024.02.08	15:58:00	18653.04	18656.79	18643.97	18645.03	4159	0	4
2024.02.08	15:59:00	18645.03	18655.57	18641.68	18654.52	3060	0	4
2024.02.09	09:30:00	18654.52	18669.03	18653.97	18661.82	2104	0	4
2024.02.09	09:31:00	18661.82	18665.66	18653.33	18664.79	1665	0	4
2024.02.09	09:32:00	18664.79	18664.8	18659.0	18662.06	558	0	4
2024.02.09	09:33:00	18662.06	18670.6	18643.39	18653.11	2905	0	4
2024.02.09	09:34:00	18653.11	18676.64	18648.0	18670.26	3003	0	3
2024.02.09	09:35:00	18670.26	18681.5	18668.46	18676.61	4727	0	1
2024.02.09	09:36:00	18676.61	18681.16	18674.65	18680.21	1669	0	4
2024.02.09	09:37:00	18680.21	18681.24	18673.16	18676.67	511	0	3
2024.02.09	09:38:00	18676.67	18678.5	18676.12	18677.41	4525	0	4
2024.02.09	09:39:00	18677.41	18680.13	18673.62	18679.34	3183	0	2
2024.02.09	09:40:00	18679.34	18685.17	18675.59	18683.49	722	0	3
2024.02.09	09:41:00	18683.49	18699.68	18676.93	18690.82	1940	0	2
2024.02.09	09:42:00	18690.82	18692.79	18680.22	18683.79	4866	0	1
2024.02.09	09:43:00	18683.79	18685.4	18665.22	18670.29	4379	0	3
2024.02.09	09:44:00	18670.29	18683.41	18668.89	18671.46	2990	0	2
2024.02.09	09:45:00	18671.46	18675.35	18646.63	18655.32	934	0	1
2024.02.09	09:46:00	18655.32	18660.91	18651.33	18652.64	3426	0	1
2024.02.09	09:47:00	18652.64	18657.6	18646.13	18648.2	772	0	3
2024.02.09	09:48:00	18648.2	18655.63	18644.11	18653.22	2261	0	3
2024.02.09	09:49:00	18653.22	18674.46	18648.88	18672.33	2322	0	2
2024.02.09	09:50:00	18672.33	18672.42	18650.88	18654.32	3994	0	2
2024.02.09	09:51:00	18654.32	18678.4	18653.69	18676.19	3531	0	4
2024.02.09	09:52:00	18676.19	18677.55	18674.28	18674.36	2654	0	2
2024.02.09	09:53:00	18674.36	18686.83	18673.45	18678.02	529	0	2
2024.02.09	09:54:00	18678.02	18681.19	18665.0	18665.02	582	0	4
2024.02.09	09:55:00	18665.02	18687.54	18658.94	18674.82	4150	0	1
2024.02.09	09:56:00	18674.82	18681.45	18672.78	18675.58	3431	0	3
2024.02.09	09:57:00	18675.58	18679.52	18675.03	18675.37	2014	0	3
2024.02.09	09:58:00	18675.37	18680.29	18650.73	18657.44	3877	0	2
2024.02.09	09:59:00	18657.44	18662.8	18654.17	18658.51	4641	0	3
2024.02.09	10:00:00	18658.51	18669.73	18651.55	18666.87	559	0	2
2024.02.09	10:01:00	18666.87	18676.89	18658.37	18665.01	4575	0	3
2024.02.09	10:02:00	18665.01	18683.13	18663.33	18676.49	1615	0	2
2024.02.09	10:03:00	18676.49	18689.27	18666.68	18687.58	3937	0	4
2024.02.09	10:04:00	18687.58	18688.21	18678.37	18681.89	3155	0	2
2024.02.09	10:05:00	18681.89	18699.8	18678.28	18697.36	3816	0	4
2024.02.09	10:06:00	18697.36	18703.27	18696.07	18698.16	1029	0	3
2024.02.09	10:07:00	18698.16	18703.19	18688.6	18699.0	3203	0	1
2024.02.09	10:08:00	18699.0	18702.47	18695.82	18700.31	4849	0	3
2024.02.09	10:09:00	18700.31	18704.41	18697.68	18701.35	4075	0	1
2024.02.09	10:10:00	18701.35	18703.76	18674.97	18676.83	4092	0	3
2024.02.09	10:11:00	18676.83	18684.96	18666.33	18675.45	1301	0	1
2024.02.09	10:12:00	18675.45	18677.8	18662.85	18662.93	1740	0	4
2024.02.09	10:13:00	18662.93	18686.82	18660.31	18678.68	4176	0	1
2024.02.09	10:14:00	18678.68	18695.54	18675.47	18694.06	2314	0	2
2024.02.09	10:15:00	18694.06	18705.92	18685.83	18702.5	3043	0	3
2024.02.09	10:16:00	18702.5	18706.01	18698.98	18700.61	1253	0	1
2024.02.09	10:17:00	18700.61	18704.06	18689.81	18691.44	4018	0	1
2024.02.09	10:18:00	18691.44	18693.97	18673.68	18685.6	2506	0	4
2024.02.09	10:19:00	18685.6	18705.24	18682.23	18704.36	2722	0	2
2024.02.09	10:20:00	18704.36	18710.81	18691.82	18698.18	4784	0	4
2024.02.09	10:21:00	18698.18	18698.79	18669.75	18676.26	3339	0	2
2024.02.09	10:22:00	18676.26	18700.45	18676.02	18686.38	2482	0	1
2024.02.09	10:23:00	18686.38	18705.19	18685.04	18700.96	2037	0	3
2024.02.09	10:24:00	18700.96	18719.23	18690.39	18717.05	3205	0	1
2024.02.09	10:25:00	18717.05	18728.57	18710.4	18727.27	2409	0	4
2024.02.09	10:26:00	18727.27	18740.64	18726.34	18739.04	1516	0	3
2024.02.09	10:27:00	18739.04	18746.68	18733.18	18739.92	2141	0	3
2024.02.09	10:28:00	18739.92	18740.27	18719.01	18720.6	1790	0	1
2024.02.09	10:29:00	18720.6	18723.77	18717.98	18721.24	3832	0	2
2024.02.09	10:30:00	18721.24	18729.23	18715.68	18727.51	2761	0	2
2024.02.09	10:31:00	18727.51	18730.35	18723.13	18726.6	1402	0	2
2024.02.09	10:32:00	18726.6	18731.3	18725.21	18725.26	1174	0	1
2024.02.09	10:33:00	18725.26	18729.99	18710.56	18716.49	4687	0	1
2024.02.09	10:34:00	18716.49	18719.46	18701.74	18707.38	4500	0	3
2024.02.09	10:35:00	18707.38	18725.82	18706.39	18725.17	4231	0	2
2024.02.09	10:36:00	18725.17	18744.73	18717.25	18743.33	3807	0	1
2024.02.09	10:37:00	18743.33	18745.22	18742.25	18743.68	4377	0	3
2024.02.09	10:38:00	18743.68	18752.56	18737.32	18746.72	3411	0	4
2024.02.09	10:39:00	18746.72	18748.13	18734.63	18737.79	4612	0	4
2024.02.09	10:40:00	18737.79	18744.62	18734.83	18744.26	4633	0	4
2024.02.09	10:41:00	18744.26	18762.58	18742.96	18761.35	2462	0	2
2024.02.09	10:42:00	18761.35	18764.83	18741.26	18747.2	1618	0	1
2024.02.09	10:43:00	18747.2	18753.12	18746.55	18751.98	4513	0	1
2024.02.09	10:44:00	18751.98	18766.07	18750.43	18757.47	4219	0	2
2024.02.09	10:45:00	18757.47	18768.04	18752.54	18762.86	2498	0	1
2024.02.09	10:46:00	18762.86	18779.42	18759.9	18778.85	4588	0	2
2024.02.09	10:47:00	18778.85	18801.86	18769.45	18798.6	957	0	3
2024.02.09	10:48:00	18798.6	18800.53	18791.11	18796.75	4196	0	1
2024.02.09	10:49:00	18796.75	18812.23	18791.68	18803.54	723	0	4
2024.02.09	10:50:00	18803.54	18815.56	18801.13	18804.71	961	0	4
2024.02.09	10:51:00	18804.71	18809.21	18792.89	18799.07	786	0	2
2024.02.09	10:52:00	18799.07	18804.49	18795.48	18802.03	859	0	2
2024.02.09	10:53:00	18802.03	18814.98	18801.52	18808.8	1346	0	2
2024.02.09	10:54:00	18808.8	18812.68	18808.52	18811.24	2128	0	2
2024.02.09	10:55:00	18811.24	18816.25	18803.17	18803.22	2119	0	1
2024.02.09	10:56:00	18803.22	18806.96	18792.66	18799.19	2393	0	2
2024.02.09	10:57:00	18799.19	18805.66	18786.58	18795.22	4906	0	3
2024.02.09	10:58:00	18795.22	18801.46	18783.91	18787.58	2799	0	2
2024.02.09	10:59:00	18787.58	18800.94	18785.16	18790.94	1585	0	1
2024.02.09	11:00:00	18790.94	18804.22	18788.55	18795.3	1118	0	3
2024.02.09	11:01:00	18795.3	18815.16	18792.88	18805.0	4608	0	1
2024.02.09	11:02:00	18805.0	18806.81	18793.72	18797.21	1741	0	3
2024.02.09	11:03:00	18797.21	18798.83	18784.55	18792.09	4146	0	3
2024.02.09	11:04:00	18792.09	18808.96	18785.56	18807.26	4053	0	4
2024.02.09	11:05:00	18807.26	18811.59	18801.28	18806.07	4375	0	1
2024.02.09	11:06:00	18806.07	18809.83	18805.77	18806.74	1158	0	4
2024.02.09	11:07:00	18806.74	18811.98	18803.25	18805.44	4031	0	1
2024.02.09	11:08:00	18805.44	18817.97	18795.76	18816.61	4019	0	4
2024.02.09	11:09:00	18816.61	18831.84	18813.27	18828.16	4878	0	1
2024.02.09	11:10:00	18828.16	18845.07	18826.17	18839.15	3687	0	4
2024.02.09	11:11:00	18839.15	18842.72	18834.58	18839.78	1039	0	1
2024.02.09	11:12:00	18839.78	18840.24	18831.62	18831.84	2561	0	4
2024.02.09	11:13:00	18831.84	18855.27	18829.77	18850.58	2655	0	3
2024.02.09	11:14:00	18850.58	18865.24	18847.69	18859.13	2631	0	1
2024.02.09	11:15:00	18859.13	18860.13	18853.7	18855.15	2042	0	2
2024.02.09	11:16:00	18855.15	18870.96	18852.22	18869.13	4106	0	2
2024.02.09	11:17:00	18869.13	18873.99	18863.64	18864.39	1779	0	3
2024.02.09	11:18:00	18864.39	18883.14	18860.15	18878.25	2501	0	3
2024.02.09	11:19:00	18878.25	18898.8	18877.72	18892.76	2510	0	3
2024.02.09	11:20:00	18892.76	18901.71	18874.87	18884.32	3394	0	3
2024.02.09	11:21:00	18884.32	18898.7	18884.26	18890.27	2664	0	2
2024.02.09	11:22:00	18890.27	18901.48	18883.81	18898.13	4869	0	2
2024.02.09	11:23:00	18898.13	18926.39	18893.46	18923.55	4936	0	1
2024.02.09	11:24:00	18923.55	18923.92	18909.51	18916.81	2589	0	3
2024.02.09	11:25:00	18916.81	18931.21	18907.37	18930.92	1691	0	3
2024.02.09	11:26:00	18930.92	18932.45	18922.48	18931.46	3924	0	4
2024.02.09	11:27:00	18931.46	18936.22	18918.67	18919.94	4602	0	3
2024.02.09	11:28:00	18919.94	18922.45	18918.64	18919.17	4491	0	3
2024.02.09	11:29:00	18919.17	18920.95	18918.64	18919.58	1251	0	3
2024.02.09	11:30:00	18919.58	18925.85	18907.91	18909.81	739	0	4
2024.02.09	11:31:00	18909.81	18918.14	18907.21	18913.18	3492	0	3
2024.02.09	11:32:00	18913.18	18928.93	18907.91	18922.73	1852	0	3
2024.02.09	11:33:00	18922.73	18927.91	18922.27	18925.39	1874	0	4
2024.02.09	11:34:00	18925.39	18927.72	18916.11	18920.58	634	0	3
2024.02.09	11:35:00	18920.58	18923.99	18917.17	18919.54	4821	0	3
2024.02.09	11:36:00	18919.54	18924.54	18917.96	18919.87	506	0	3
2024.02.09	11:37:00	18919.87	18922.9	18916.53	18922.33	3355	0	4
2024.02.09	11:38:00	18922.33	18934.74	18917.57	18933.35	4663	0	3
2024.02.09	11:39:00	18933.35	18936.41	18932.22	18936.33	788	0	3
2024.02.09	11:40:00	18936.33	18943.02	18921.62	18923.27	3272	0	1
2024.02.09	11:41:00	18923.27	18929.84	18912.24	18918.26	4655	0	4
2024.02.09	11:42:00	18918.26	18928.16	18912.55	18920.23	2348	0	1
2024.02.09	11:43:00	18920.23	18935.98	18920.08	18931.38	1822	0	4
2024.02.09	11:44:00	18931.38	18944.31	18925.73	18944.2	3669	0	2
2024.02.09	11:45:00	18944.2	18967.29	18938.55	18961.61	4673	0	2
2024.02.09	11:46:00	18961.61	18964.8	18955.53	18963.25	3014	0	1
2024.02.09	11:47:00	18963.25	18972.33	18961.14	18970.96	560	0	3
2024.02.09	11:48:00	18970.96	18973.56	18953.96	18957.37	3580	0	2
2024.02.09	11:49:00	18957.37	18966.52	18956.32	18961.88	1484	0	1
2024.02.09	11:50:00	18961.88	18965.27	18949.73	18951.93	4950	0	2
2024.02.09	11:51:00	18951.93	18952.18	18943.99	18951.71	1752	0	4
2024.02.09	11:52:00	18951.71	18984.45	18951.13	18981.19	3364	0	4
2024.02.09	11:53:00	18981.19	18989.53	18976.4	18984.49	3595	0	2
2024.02.09	11:54:00	18984.49	18988.44	18975.25	18976.57	2504	0	3
2024.02.09	11:55:00	18976.57	18984.48	18972.79	18980.86	4090	0	2
2024.02.09	11:56:00	18980.86	18985.58	18975.58	18976.27	4533	0	2
2024.02.09	11:57:00	18976.27	18986.61	18966.43	18967.42	3335	0	1
2024.02.09	11:58:00	18967.42	18991.61	18960.64	18988.01	3894	0	1
2024.02.09	11:59:00	18988.01	19002.67	18985.81	18998.65	779	0	4
2024.02.09	12:00:00	18998.65	19002.42	18995.49	19002.36	1587	0	4
2024.02.09	12:01:00	19002.36	19004.93	18995.06	18998.97	2451	0	4
2024.02.09	12:02:00	18998.97	18999.24	18989.48	18996.36	1086	0	4
2024.02.09	12:03:00	18996.36	19011.69	18991.77	19011.58	2722	0	2
2024.02.09	12:04:00	19011.58	19017.91	19008.68	19014.91	829	0	1
2024.02.09	12:05:00	19014.91	19022.67	18983.76	18985.63	2114	0	1
2024.02.09	12:06:00	18985.63	19009.8	18981.6	19009.3	776	0	4
2024.02.09	12:07:00	19009.3	19012.04	19007.43	19011.45	2387	0	3
2024.02.09	12:08:00	19011.45	19021.71	19011.36	19015.13	2326	0	4
2024.02.09	12:09:00	19015.13	19032.62	19010.92	19025.98	2671	0	2
2024.02.09	12:10:00	19025.98	19032.6	19023.42	19030.84	4956	0	2
2024.02.09	12:11:00	19030.84	19038.46	19028.04	19038.42	2993	0	4
2024.02.09	12:12:00	19038.42	19038.48	19025.32	19034.72	1164	0	4
2024.02.09	12:13:00	19034.72	19037.4	19011.98	19023.25	3339	0	2
2024.02.09	12:14:00	19023.25	19029.21	19019.91	19026.33	4906	0	4
2024.02.09	12:15:00	19026.33	19042.41	19023.76	19040.51	1445	0	3
2024.02.09	12:16:00	19040.51	19041.95	19032.39	19034.65	861	0	4
2024.02.09	12:17:00	19034.65	19040.64	19020.41	19028.01	4557	0	1
2024.02.09	12:18:00	19028.01	19050.86	19023.13	19040.16	1275	0	3
2024.02.09	12:19:00	19040.16	19043.16	19028.08	19036.13	4225	0	4
2024.02.09	12:20:00	19036.13	19036.67	19031.22	19032.56	2426	0	4
2024.02.09	12:21:00	19032.56	19035.09	19026.04	19029.34	4039	0	3
2024.02.09	12:22:00	19029.34	19035.05	19028.97	19029.09	3706	0	1
2024.02.09	12:23:00	19029.09	19032.73	19011.73	19014.32	4126	0	4
2024.02.09	12:24:00	19014.32	19018.86	19007.93	19009.51	3923	0	1
2024.02.09	12:25:00	19009.51	19018.14	19009.28	19012.1	2864	0	2
2024.02.09	12:26:00	19012.1	19015.25	19007.01	19014.63	1598	0	4
2024.02.09	12:27:00	19014.63	19027.33	19011.4	19026.17	4788	0	3
2024.02.09	12:28:00	19026.17	19044.5	19025.29	19044.28	1348	0	2
2024.02.09	12:29:00	19044.28	19064.02	19041.21	19059.25	2146	0	1
2024.02.09	12:30:00	19059.25	19070.57	19051.79	19068.46	1765	0	1
2024.02.09	12:31:00	19068.46	19076.12	19062.27	19067.41	2389	0	4
2024.02.09	12:32:00	19067.41	19072.1	19061.66	19061.77	1622	0	3
2024.02.09	12:33:00	19061.77	19063.24	19055.98	19062.33	4173	0	1
2024.02.09	12:34:00	19062.33	19072.49	19060.31	19068.36	2467	0	4
2024.02.09	12:35:00	19068.36	19078.11	19063.35	19076.68	4410	0	2
2024.02.09	12:36:00	19076.68	19089.65	19072.97	19083.08	639	0	3
2024.02.09	12:37:00	19083.08	19085.16	19080.31	19082.29	2520	0	3
2024.02.09	12:38:00	19082.29	19090.84	19078.05	19090.28	3131	0	1
2024.02.09	12:39:00	19090.28	19107.66	19090.16	19102.85	4316	0	1
2024.02.09	12:40:00	19102.85	19112.36	19098.67	19111.75	3789	0	3
2024.02.09	12:41:00	19111.75	19111.84	19111.44	19111.82	3349	0	4
2024.02.09	12:42:00	19111.82	19114.9	19097.32	19104.14	4302	0	4
2024.02.09	12:43:00	19104.14	19107.21	19093.86	19096.22	2246	0	4
2024.02.09	12:44:00	19096.22	19099.52	19084.67	19090.02	4803	0	3
2024.02.09	12:45:00	19090.02	19095.12	19089.79	19092.89	4574	0	3
2024.02.09	12:46:00	19092.89	19105.05	19086.75	19098.3	4588	0	2
2024.02.09	12:47:00	19098.3	19101.34	19084.6	19085.0	2764	0	3
2024.02.09	12:48:00	19085.0	19093.93	19075.04	19080.51	919	0	4
2024.02.09	12:49:00	19080.51	19085.93	19074.74	19083.25	4321	0	1
2024.02.09	12:50:00	19083.25	19085.76	19068.92	19074.94	2373	0	2
2024.02.09	12:51:00	19074.94	19082.79	19071.72	19079.51	4155	0	2
2024.02.09	12:52:00	19079.51	19086.7	19072.8	19076.92	748	0	2
2024.02.09	12:53:00	19076.92	19082.9	19066.92	19070.32	934	0	4
2024.02.09	12:54:00	19070.32	19076.45	19067.35	19071.21	2069	0	3
2024.02.09	12:55:00	19071.21	19079.25	19068.86	19075.38	4420	0	1
2024.02.09	12:56:00	19075.38	19076.66	19067.17	19067.57	638	0	3
2024.02.09	12:57:00	19067.57	19068.5	19056.76	19065.61	1230	0	4
2024.02.09	12:58:00	19065.61	19079.06	19063.07	19070.5	2729	0	1
2024.02.09	12:59:00	19070.5	19077.94	19058.3	19063.53	4162	0	2
2024.02.09	13:00:00	19063.53	19065.29	19046.04	19047.91	1198	0	1
2024.02.09	13:01:00	19047.91	19054.98	19026.64	19033.48	3900	0	1
2024.02.09	13:02:00	19033.48	19035.13	19023.02	19029.83	2701	0	2
2024.02.09	13:03:00	19029.83	19033.27	19016.45	19017.51	3817	0	2
2024.02.09	13:04:00	19017.51	19020.31	19011.13	19014.54	3730	0	4
2024.02.09	13:05:00	19014.54	19031.36	19008.18	19030.96	4643	0	3
2024.02.09	13:06:00	19030.96	19036.12	19011.72	19018.06	761	0	3
2024.02.09	13:07:00	19018.06	19019.5	19013.73	19015.72	3202	0	4
2024.02.09	13:08:00	19015.72	19039.09	19010.77	19036.64	2552	0	3
2024.02.09	13:09:00	19036.64	19047.82	19031.2	19040.96	2023	0	3
2024.02.09	13:10:00	19040.96	19044.58	19037.3	19037.79	3832	0	3
2024.02.09	13:11:00	19037.79	19043.9	19029.01	19036.66	3169	0	3
2024.02.09	13:12:00	19036.66	19043.64	19033.28	19041.18	2499	0	1
2024.02.09	13:13:00	19041.18	19058.71	19039.94	19057.92	3632	0	4
2024.02.09	13:14:00	19057.92	19058.16	19050.82	19053.18	3084	0	2
2024.02.09	13:15:00	19053.18	19053.8	19036.1	19046.25	2140	0	2
2024.02.09	13:16:00	19046.25	19047.81	19026.98	19033.34	2010	0	2
2024.02.09	13:17:00	19033.34	19036.37	19032.52	19034.71	1644	0	2
2024.02.09	13:18:00	19034.71	19037.1	19015.32	19021.55	1835	0	2
2024.02.09	13:19:00	19021.55	19024.61	19014.1	19017.46	2703	0	4
2024.02.09	13:20:00	19017.46	19017.75	19004.99	19009.1	1313	0	3
2024.02.09	13:21:00	19009.1	19020.73	18999.37	19019.82	4542	0	3
2024.02.09	13:22:00	19019.82	19029.74	19011.54	19015.3	3117	0	2
2024.02.09	13:23:00	19015.3	19021.35	19014.65	19019.51	3337	0	1
2024.02.09	13:24:00	19019.51	19020.9	18999.68	19004.44	3083	0	3
2024.02.09	13:25:00	19004.44	19008.33	19003.95	19006.09	4537	0	4
2024.02.09	13:26:00	19006.09	19012.83	18991.43	18994.89	4185	0	2
2024.02.09	13:27:00	18994.89	18998.79	18985.76	18991.18	2638	0	2
2024.02.09	13:28:00	18991.18	19019.28	18989.34	19012.84	2048	0	2
2024.02.09	13:29:00	19012.84	19022.9	19007.04	19022.19	4761	0	3
2024.02.09	13:30:00	19022.19	19034.24	19020.98	19021.34	3199	0	1
2024.02.09	13:31:00	19021.34	19054.3	19017.23	19052.55	4062	0	4
2024.02.09	13:32:00	19052.55	19058.48	19041.32	19044.11	1127	0	3
2024.02.09	13:33:00	19044.11	19056.68	19040.87	19055.73	2095	0	2
2024.02.09	13:34:00	19055.73	19062.18	19038.99	19041.33	1692	0	4
2024.02.09	13:35:00	19041.33	19041.72	19035.33	19039.36	2516	0	4
2024.02.09	13:36:00	19039.36	19039.64	19025.12	19026.75	2765	0	3
2024.02.09	13:37:00	19026.75	19033.07	19021.89	19029.61	4989	0	4
2024.02.09	13:38:00	19029.61	19032.19	19029.54	19030.53	972	0	1
2024.02.09	13:39:00	19030.53	19031.54	19026.57	19027.94	4791	0	2
2024.02.09	13:40:00	19027.94	19043.4	19022.65	19038.85	4153	0	4
2024.02.09	13:41:00	19038.85	19047.18	19023.69	19033.76	2346	0	1
2024.02.09	13:42:00	19033.76	19043.19	19026.23	19037.29	1765	0	4
2024.02.09	13:43:00	19037.29	19046.4	19036.25	19045.59	4251	0	4
2024.02.09	13:44:00	19045.59	19047.9	19027.29	19031.67	1113	0	2
2024.02.09	13:45:00	19031.67	19031.73	19016.91	19024.84	4593	0	2
2024.02.09	13:46:00	19024.84	19031.78	19022.82	19025.74	4743	0	4
2024.02.09	13:47:00	19025.74	19037.0	19024.39	19032.19	1632	0	2
2024.02.09	13:48:00	19032.19	19048.79	19030.19	19046.27	3022	0	2
2024.02.09	13:49:00	19046.27	19050.03	19044.43	19044.57	2829	0	1
2024.02.09	13:50:00	19044.57	19054.56	19041.61	19041.9	3950	0	2
2024.02.09	13:51:00	19041.9	19043.77	19031.27	19033.87	3906	0	1
2024.02.09	13:52:00	19033.87	19041.64	19030.81	19037.43	4976	0	1
2024.02.09	13:53:00	19037.43	19040.47	19034.09	19034.95	845	0	3
2024.02.09	13:54:00	19034.95	19035.92	19032.32	19032.69	4180	0	4
2024.02.09	13:55:00	19032.69	19033.89	19027.16	19032.16	4125	0	4
2024.02.09	13:56:00	19032.16	19038.11	19028.35	19037.86	3836	0	2
2024.02.09	13:57:00	19037.86	19043.35	19031.92	19032.81	1449	0	3
2024.02.09	13:58:00	19032.81	19036.78	19024.17	19025.75	3843	0	1
2024.02.09	13:59:00	19025.75	19031.54	19024.13	19030.29	2655	0	2
2024.02.09	14:00:00	19030.29	19035.8	18991.81	19001.53	1756	0	2
2024.02.09	14:01:00	19001.53	19004.97	18990.83	18996.1	2188	0	4
2024.02.09	14:02:00	18996.1	18997.58	18982.12	18985.41	2364	0	4
2024.02.09	14:03:00	18985.41	19004.34	18981.3	18997.36	3830	0	2
2024.02.09	14:04:00	18997.36	19000.05	18993.3	18993.5	1403	0	1
2024.02.09	14:05:00	18993.5	18993.99	18981.8	18988.49	1549	0	1
2024.02.09	14:06:00	18988.49	18990.64	18985.86	18988.4	2167	0	3
2024.02.09	14:07:00	18988.4	18990.32	18978.67	18983.06	2598	0	4
2024.02.09	14:08:00	18983.06	18985.82	18976.72	18979.57	4757	0	3
2024.02.09	14:09:00	18979.57	18992.42	18973.39	18980.88	1695	0	2
2024.02.09	14:10:00	18980.88	18986.41	18976.5	18977.2	4578	0	4
2024.02.09	14:11:00	18977.2	18985.07	18964.25	18973.46	746	0	2
2024.02.09	14:12:00	18973.46	18975.19	18961.89	18964.14	2797	0	1
2024.02.09	14:13:00	18964.14	18965.42	18947.73	18953.44	4295	0	4
2024.02.09	14:14:00	18953.44	18957.16	18949.41	18954.4	1898	0	4
2024.02.09	14:15:00	18954.4	18962.2	18951.54	18957.72	1510	0	2
2024.02.09	14:16:00	18957.72	18960.27	18941.85	18944.4	3224	0	4
2024.02.09	14:17:00	18944.4	18958.04	18943.62	18952.07	1545	0	3
2024.02.09	14:18:00	18952.07	18962.67	18950.53	18959.78	569	0	1
2024.02.09	14:19:00	18959.78	18972.23	18957.18	18969.52	710	0	4
2024.02.09	14:20:00	18969.52	18974.28	18957.86	18972.78	2655	0	1
2024.02.09	14:21:00	18972.78	18984.98	18971.33	18979.28	2762	0	2
2024.02.09	14:22:00	18979.28	19005.4	18976.44	19000.67	617	0	2
2024.02.09	14:23:00	19000.67	19002.94	18993.94	18998.15	1710	0	4
2024.02.09	14:24:00	18998.15	19005.12	18982.51	18988.47	3905	0	4
2024.02.09	14:25:00	18988.47	18988.6	18970.39	18974.11	3044	0	1
2024.02.09	14:26:00	18974.11	18998.89	18967.29	18991.36	3253	0	1
2024.02.09	14:27:00	18991.36	19015.22	18985.5	19008.76	3755	0	4
2024.02.09	14:28:00	19008.76	19016.53	18997.02	19000.24	4567	0	3
2024.02.09	14:29:00	19000.24	19000.51	18993.37	18993.63	706	0	2
2024.02.09	14:30:00	18993.63	18997.73	18983.06	18990.89	2672	0	1
2024.02.09	14:31:00	18990.89	19006.24	18988.88	19003.05	1402	0	3
2024.02.09	14:32:00	19003.05	19005.23	18990.05	18991.05	3502	0	1
2024.02.09	14:33:00	18991.05	18991.56	18970.96	18972.52	2259	0	3
2024.02.09	14:34:00	18972.52	19000.33	18969.58	18993.74	1192	0	1
2024.02.09	14:35:00	18993.74	19001.72	18991.81	18997.12	4458	0	1
2024.02.09	14:36:00	18997.12	19006.54	18988.5	19001.87	2822	0	1
2024.02.09	14:37:00	19001.87	19002.69	18995.02	19000.28	993	0	1
2024.02.09	14:38:00	19000.28	19010.69	18999.21	19005.14	1513	0	3
2024.02.09	14:39:00	19005.14	19008.85	18986.29	18990.96	3847	0	3
2024.02.09	14:40:00	18990.96	18991.25	18980.0	18983.25	2616	0	2
2024.02.09	14:41:00	18983.25	18990.41	18976.38	18984.64	4791	0	4
2024.02.09	14:42:00	18984.64	18986.1	18962.47	18963.2	725	0	4
2024.02.09	14:43:00	18963.2	18967.07	18959.09	18960.68	849	0	1
2024.02.09	14:44:00	18960.68	18963.29	18953.27	18957.56	3603	0	1
2024.02.09	14:45:00	18957.56	18959.98	18953.75	18955.03	1998	0	4
2024.02.09	14:46:00	18955.03	18963.99	18945.07	18950.12	4434	0	3
2024.02.09	14:47:00	18950.12	18956.52	18935.8	18940.95	3963	0	2
2024.02.09	14:48:00	18940.95	18948.46	18918.93	18923.86	602	0	3
2024.02.09	14:49:00	18923.86	18926.36	18921.38	18925.62	4708	0	3
2024.02.09	14:50:00	18925.62	18928.59	18923.07	18923.13	4790	0	3
2024.02.09	14:51:00	18923.13	18924.85	18906.95	18910.33	1610	0	3
2024.02.09	14:52:00	18910.33	18917.43	18909.17	18911.31	3256	0	1
2024.02.09	14:53:00	18911.31	18916.57	18907.42	18908.86	3388	0	3
2024.02.09	14:54:00	18908.86	18910.24	18904.24	18904.83	668	0	1
2024.02.09	14:55:00	18904.83	18907.27	18884.57	18884.57	3792	0	3
2024.02.09	14:56:00	18884.57	18896.77	18880.06	18891.48	4858	0	3
2024.02.09	14:57:00	18891.48	18893.35	18877.64	18880.06	2318	0	1
2024.02.09	14:58:00	18880.06	18888.29	18877.99	18881.04	4937	0	2
2024.02.09	14:59:00	18881.04	18884.03	18870.05	18873.7	3512	0	2
2024.02.09	15:00:00	18873.7	18877.92	18864.18	18870.36	3807	0	1
2024.02.09	15:01:00	18870.36	18882.14	18864.48	18881.75	2971	0	2
2024.02.09	15:02:00	18881.75	18887.63	18873.39	18887.21	3611	0	2
2024.02.09	15:03:00	18887.21	18903.95	18886.09	18898.4	4717	0	3
2024.02.09	15:04:00	18898.4	18903.1	18896.67	18901.94	3156	0	1
2024.02.09	15:05:00	18901.94	18908.98	18896.93	18906.11	2924	0	1
2024.02.09	15:06:00	18906.11	18907.83	18887.19	18889.44	1263	0	3
2024.02.09	15:07:00	18889.44	18899.69	18885.78	18886.79	2824	0	2
2024.02.09	15:08:00	18886.79	18890.32	18880.38	18885.01	4386	0	2
2024.02.09	15:09:00	18885.01	18897.38	18881.14	18897.1	3511	0	1
2024.02.09	15:10:00	18897.1	18901.08	18889.33	18892.63	3722	0	2
2024.02.09	15:11:00	18892.63	18898.49	18890.89	18895.54	1185	0	2
2024.02.09	15:12:00	18895.54	18901.33	18894.99	18898.08	4311	0	1
2024.02.09	15:13:00	18898.08	18913.78	18895.03	18909.54	2889	0	3
2024.02.09	15:14:00	18909.54	18909.55	18902.92	18908.64	2552	0	1
2024.02.09	15:15:00	18908.64	18923.83	18901.2	18916.94	728	0	4
2024.02.09	15:16:00	18916.94	18917.66	18900.81	18901.0	4518	0	1
2024.02.09	15:17:00	18901.0	18906.16	18876.84	18885.93	3321	0	1
2024.02.09	15:18:00	18885.93	18896.35	18861.64	18864.49	1904	0	3
2024.02.09	15:19:00	18864.49	18880.8	18861.07	18872.37	2905	0	1
2024.02.09	15:20:00	18872.37	18881.59	18861.67	18879.19	4591	0	3
2024.02.09	15:21:00	18879.19	18894.24	18878.7	18888.14	4277	0	2
2024.02.09	15:22:00	18888.14	18889.42	18879.27	18882.04	1839	0	1
2024.02.09	15:23:00	18882.04	18885.51	18874.27	18877.03	4089	0	3
2024.02.09	15:24:00	18877.03	18879.06	18871.3	18876.25	535	0	1
2024.02.09	15:25:00	18876.25	18896.92	18876.21	18890.44	2446	0	3
2024.02.09	15:26:00	18890.44	18919.43	18889.38	18907.02	2968	0	3
2024.02.09	15:27:00	18907.02	18921.74	18906.77	18915.0	3465	0	2
2024.02.09	15:28:00	18915.0	18919.98	18909.76	18918.55	504	0	3
2024.02.09	15:29:00	18918.55	18933.1	18918.18	18931.73	1864	0	1
2024.02.09	15:30:00	18931.73	18934.2	18925.75	18929.65	1657	0	4
2024.02.09	15:31:00	18929.65	18930.08	18917.32	18926.29	2245	0	4
2024.02.09	15:32:00	18926.29	18926.67	18922.16	18925.43	3612	0	1
2024.02.09	15:33:00	18925.43	18926.09	18915.76	18916.43	851	0	3
2024.02.09	15:34:00	18916.43	18918.73	18912.3	18915.13	3874	0	2
2024.02.09	15:35:00	18915.13	18915.14	18902.25	18904.81	953	0	4
2024.02.09	15:36:00	18904.81	18915.33	18901.81	18915.0	2781	0	1
2024.02.09	15:37:00	18915.0	18926.92	18910.11	18920.59	4184	0	2
2024.02.09	15:38:00	18920.59	18944.32	18912.19	18934.67	4455	0	2
2024.02.09	15:39:00	18934.67	18937.24	18915.53	18919.43	4873	0	4
2024.02.09	15:40:00	18919.43	18939.04	18917.59	18938.04	2441	0	3
2024.02.09	15:41:00	18938.04	18941.03	18916.73	18923.34	2701	0	4
2024.02.09	15:42:00	18923.34	18928.15	18911.73	18912.24	4555	0	1
2024.02.09	15:43:00	18912.24	18916.36	18899.87	18906.68	1075	0	1
2024.02.09	15:44:00	18906.68	18920.35	18902.76	18919.58	4592	0	4
2024.02.09	15:45:00	18919.58	18925.09	18910.21	18922.12	897	0	1
2024.02.09	15:46:00	18922.12	18928.6	18915.26	18920.16	909	0	3
2024.02.09	15:47:00	18920.16	18927.57	18901.73	18912.95	704	0	1
2024.02.09	15:48:00	18912.95	18917.26	18896.26	18900.15	1537	0	3
2024.02.09	15:49:00	18900.15	18911.76	18896.93	18911.37	4454	0	4
2024.02.09	15:50:00	18911.37	18921.64	18907.7	18919.4	1433	0	2
2024.02.09	15:51:00	18919.4	18936.29	18913.8	18932.74	2489	0	2
2024.02.09	15:52:00	18932.74	18943.34	18930.7	18936.93	4124	0	1
2024.02.09	15:53:00	18936.93	18944.97	18906.26	18911.99	4461	0	2
2024.02.09	15:54:00	18911.99	18914.3	18894.12	18900.45	2474	0	4
2024.02.09	15:55:00	18900.45	18908.65	18899.64	18905.28	2132	0	3
2024.02.09	15:56:00	18905.28	18910.52	18900.72	18902.11	2589	0	2
2024.02.09	15:57:00	18902.11	18906.84	18893.7	18897.14	3146	0	3
2024.02.09	15:58:00	18897.14	18898.15	18885.81	18886.97	1949	0	3
2024.02.09	15:59:00	18886.97	18898.72	18886.89	18896.41	3532	0	2
2024.02.12	09:30:00	18896.41	18901.28	18893.85	18901.15	4133	0	1
2024.02.12	09:31:00	18901.15	18911.13	18892.34	18906.33	725	0	2
2024.02.12	09:32:00	18906.33	18908.77	18887.84	18900.64	4196	0	2
2024.02.12	09:33:00	18900.64	18903.65	18898.43	18902.71	3567	0	2
2024.02.12	09:34:00	18902.71	18902.81	18889.76	18890.29	763	0	2
2024.02.12	09:35:00	18890.29	18901.65	18887.31	18889.42	4098	0	1
2024.02.12	09:36:00	18889.42	18893.58	18864.53	18865.64	2729	0	3
2024.02.12	09:37:00	18865.64	18870.06	18843.46	18851.04	599	0	1
2024.02.12	09:38:00	18851.04	18864.02	18848.12	18848.34	867	0	2
2024.02.12	09:39:00	18848.34	18873.24	18843.17	18871.4	764	0	4
2024.02.12	09:40:00	18871.4	18871.97	18847.58	18854.58	2331	0	4
2024.02.12	09:41:00	18854.58	18857.82	18838.39	18843.08	2849	0	4
2024.02.12	09:42:00	18843.08	18847.69	18840.31	18845.53	1581	0	1
2024.02.12	09:43:00	18845.53	18872.58	18843.75	18862.8	4871	0	4
2024.02.12	09:44:00	18862.8	18868.88	18851.45	18865.11	640	0	4
2024.02.12	09:45:00	18865.11	18878.25	18861.24	18872.19	4879	0	2
2024.02.12	09:46:00	18872.19	18876.51	18868.91	18869.34	1179	0	2
2024.02.12	09:47:00	18869.34	18869.55	18864.82	18864.84	993	0	1
2024.02.12	09:48:00	18864.84	18866.62	18863.4	18866.01	2712	0	4
2024.02.12	09:49:00	18866.01	18866.21	18859.87	18860.1	3923	0	3
2024.02.12	09:50:00	18860.1	18874.01	18857.88	18867.39	3474	0	2
2024.02.12	09:51:00	18867.39	18873.17	18839.34	18852.43	4069	0	1
2024.02.12	09:52:00	18852.43	18861.44	18848.85	18861.3	2538	0	3
2024.02.12	09:53:00	18861.3	18866.35	18859.13	18862.06	4446	0	4
2024.02.12	09:54:00	18862.06	18866.47	18854.73	18860.38	3938	0	2
2024.02.12	09:55:00	18860.38	18865.04	18843.85	18845.08	695	0	4
2024.02.12	09:56:00	18845.08	18852.49	18835.83	18836.1	2758	0	2
2024.02.12	09:57:00	18836.1	18850.3	18835.24	18847.92	4875	0	4
2024.02.12	09:58:00	18847.92	18853.73	18845.11	18846.3	3768	0	3
2024.02.12	09:59:00	18846.3	18851.27	18840.48	18849.34	4197	0	4
2024.02.12	10:00:00	18849.34	18851.27	18833.34	18841.32	3739	0	3
2024.02.12	10:01:00	18841.32	18843.4	18839.55	18841.42	3234	0	2
2024.02.12	10:02:00	18841.42	18844.87	18827.8	18828.71	2006	0	1
2024.02.12	10:03:00	18828.71	18835.26	18824.53	18830.04	800	0	2
2024.02.12	10:04:00	18830.04	18835.2	18825.8	18833.95	1857	0	1
2024.02.12	10:05:00	18833.95	18842.29	18828.72	18837.39	1580	0	4
2024.02.12	10:06:00	18837.39	18844.33	18825.44	18829.15	3760	0	3
2024.02.12	10:07:00	18829.15	18833.56	18824.85	18826.26	2059	0	3
2024.02.12	10:08:00	18826.26	18837.18	18822.18	18831.76	2091	0	4
2024.02.12	10:09:00	18831.76	18833.53	18829.96	18830.12	4358	0	4
2024.02.12	10:10:00	18830.12	18833.83	18818.81	18827.76	1380	0	3
2024.02.12	10:11:00	18827.76	18848.68	18824.15	18846.29	3925	0	2
2024.02.12	10:12:00	18846.29	18847.08	18835.64	18837.59	2085	0	1
2024.02.12	10:13:00	18837.59	18853.05	18833.78	18848.28	4733	0	3
2024.02.12	10:14:00	18848.28	18852.14	18836.34	18837.64	4798	0	4
2024.02.12	10:15:00	18837.64	18848.6	18829.8	18844.26	2401	0	2
2024.02.12	10:16:00	18844.26	18852.52	18842.54	18851.4	4018	0	4
2024.02.12	10:17:00	18851.4	18857.5	18837.64	18846.9	4625	0	1
2024.02.12	10:18:00	18846.9	18854.59	18824.74	18835.66	3214	0	1
2024.02.12	10:19:00	18835.66	18836.14	18815.02	18817.26	4530	0	3
2024.02.12	10:20:00	18817.26	18820.65	18804.46	18811.77	3574	0	2
2024.02.12	10:21:00	18811.77	18822.23	18811.66	18817.16	583	0	1
2024.02.12	10:22:00	18817.16	18825.12	18806.89	18807.27	3236	0	4
2024.02.12	10:23:00	18807.27	18809.75	18803.72	18808.57	1576	0	2
2024.02.12	10:24:00	18808.57	18808.78	18793.89	18794.89	3158	0	2
2024.02.12	10:25:00	18794.89	18801.05	18786.51	18793.04	4099	0	3
2024.02.12	10:26:00	18793.04	18799.68	18776.96	18782.51	1391	0	4
2024.02.12	10:27:00	18782.51	18786.99	18781.2	18782.14	3492	0	1
2024.02.12	10:28:00	18782.14	18782.94	18772.55	18777.75	2936	0	2
2024.02.12	10:29:00	18777.75	18780.46	18765.32	18766.81	1502	0	4
2024.02.12	10:30:00	18766.81	18768.2	18758.62	18760.93	3917	0	3
2024.02.12	10:31:00	18760.93	18763.86	18746.71	18752.43	4016	0	1
2024.02.12	10:32:00	18752.43	18754.02	18734.11	18740.33	530	0	1
2024.02.12	10:33:00	18740.33	18751.9	18738.91	18750.98	1924	0	3
2024.02.12	10:34:00	18750.98	18755.53	18736.44	18747.94	830	0	1
2024.02.12	10:35:00	18747.94	18755.13	18724.85	18727.42	3209	0	1
2024.02.12	10:36:00	18727.42	18728.79	18719.83	18721.88	4466	0	4
2024.02.12	10:37:00	18721.88	18731.49	18720.47	18730.93	4705	0	3
2024.02.12	10:38:00	18730.93	18736.18	18722.98	18724.09	2283	0	2
2024.02.12	10:39:00	18724.09	18746.19	18722.49	18738.67	1578	0	2
2024.02.12	10:40:00	18738.67	18741.02	18717.98	18730.91	1912	0	4
2024.02.12	10:41:00	18730.91	18736.71	18723.03	18736.06	749	0	4
2024.02.12	10:42:00	18736.06	18746.68	18732.75	18746.28	2074	0	3
2024.02.12	10:43:00	18746.28	18752.64	18745.13	18750.93	3470	0	3
2024.02.12	10:44:00	18750.93	18754.59	18732.9	18738.25	582	0	3
2024.02.12	10:45:00	18738.25	18742.5	18728.53	18729.69	3777	0	2
2024.02.12	10:46:00	18729.69	18748.81	18725.82	18741.16	4296	0	3
2024.02.12	10:47:00	18741.16	18742.32	18731.26	18733.9	1906	0	3
2024.02.12	10:48:00	18733.9	18751.86	18733.3	18743.54	3955	0	3
2024.02.12	10:49:00	18743.54	18748.56	18735.37	18739.83	2607	0	2
2024.02.12	10:50:00	18739.83	18741.83	18737.83	18741.55	4947	0	4
2024.02.12	10:51:00	18741.55	18749.46	18728.49	18728.77	2754	0	2
2024.02.12	10:52:00	18728.77	18729.18	18718.73	18723.38	3198	0	3
2024.02.12	10:53:00	18723.38	18730.76	18711.36	18715.45	4171	0	2
2024.02.12	10:54:00	18715.45	18721.64	18703.47	18717.97	1732	0	4
2024.02.12	10:55:00	18717.97	18719.62	18715.8	18719.22	3618	0	3
2024.02.12	10:56:00	18719.22	18724.77	18715.76	18723.98	4329	0	3
2024.02.12	10:57:00	18723.98	18728.45	18714.56	18719.71	1728	0	3
2024.02.12	10:58:00	18719.71	18721.55	18706.04	18711.27	4130	0	1
2024.02.12	10:59:00	18711.27	18717.49	18709.18	18713.37	1728	0	4
2024.02.12	11:00:00	18713.37	18716.07	18703.99	18703.99	3244	0	3
2024.02.12	11:01:00	18703.99	18718.11	18700.5	18714.58	1962	0	1
2024.02.12	11:02:00	18714.58	18723.28	18710.79	18713.87	3329	0	2
2024.02.12	11:03:00	18713.87	18722.59	18709.56	18711.16	1156	0	1
2024.02.12	11:04:00	18711.16	18720.3	18703.8	18715.91	4143	0	1
2024.02.12	11:05:00	18715.91	18724.84	18712.16	18715.56	1104	0	2
2024.02.12	11:06:00	18715.56	18719.7	18700.21	18700.23	2008	0	4
2024.02.12	11:07:00	18700.23	18703.45	18689.73	18690.55	4178	0	3
2024.02.12	11:08:00	18690.55	18702.69	18682.58	18700.94	932	0	4
2024.02.12	11:09:00	18700.94	18702.99	18698.52	18702.11	4242	0	1
2024.02.12	11:10:00	18702.11	18704.54	18685.81	18686.57	2303	0	3
2024.02.12	11:11:00	18686.57	18692.89	18679.9	18690.27	1670	0	2
2024.02.12	11:12:00	18690.27	18695.33	18681.36	18685.35	4241	0	1
2024.02.12	11:13:00	18685.35	18686.93	18675.14	18677.45	4326	0	4
2024.02.12	11:14:00	18677.45	18683.56	18664.35	18667.0	4377	0	1
2024.02.12	11:15:00	18667.0	18682.66	18664.9	18676.83	3068	0	2
2024.02.12	11:16:00	18676.83	18682.58	18654.48	18658.62	1390	0	3
2024.02.12	11:17:00	18658.62	18661.42	18646.15	18651.09	3704	0	2
2024.02.12	11:18:00	18651.09	18654.55	18648.84	18652.59	3665	0	1
2024.02.12	11:19:00	18652.59	18670.18	18647.64	18667.88	4461	0	1
2024.02.12	11:20:00	18667.88	18678.17	18664.31	18673.49	3816	0	3
2024.02.12	11:21:00	18673.49	18675.67	18661.56	18665.87	1887	0	1
2024.02.12	11:22:00	18665.87	18683.69	18664.88	18680.7	2513	0	1
2024.02.12	11:23:00	18680.7	18686.77	18668.24	18668.26	3480	0	2
2024.02.12	11:24:00	18668.26	18674.65	18667.94	18671.14	3997	0	4
2024.02.12	11:25:00	18671.14	18676.25	18669.94	18676.13	1888	0	1
2024.02.12	11:26:00	18676.13	18676.23	18663.4	18668.17	1669	0	3
2024.02.12	11:27:00	18668.17	18676.91	18663.92	18675.14	4563	0	2
2024.02.12	11:28:00	18675.14	18676.61	18665.99	18670.65	4964	0	3
2024.02.12	11:29:00	18670.65	18685.31	18669.96	18677.6	1848	0	1
2024.02.12	11:30:00	18677.6	18681.15	18657.76	18660.58	793	0	4
2024.02.12	11:31:00	18660.58	18667.39	18654.8	18664.12	3314	0	2
2024.02.12	11:32:00	18664.12	18675.0	18656.6	18660.6	571	0	1
2024.02.12	11:33:00	18660.6	18674.26	18654.13	18671.84	1359	0	2
2024.02.12	11:34:00	18671.84	18680.14	18671.25	18671.8	2869	0	2
2024.02.12	11:35:00	18671.8	18689.32	18666.88	18683.99	2164	0	4
2024.02.12	11:36:00	18683.99	18689.51	18681.51	18689.16	720	0	1
2024.02.12	11:37:00	18689.16	18690.03	18687.46	18688.33	2081	0	2
2024.02.12	11:38:00	18688.33	18704.02	18680.57	18696.16	3534	0	1
2024.02.12	11:39:00	18696.16	18709.36	18693.24	18704.05	3876	0	1
2024.02.12	11:40:00	18704.05	18713.06	18703.73	18708.9	3885	0	4
2024.02.12	11:41:00	18708.9	18710.52	18680.82	18687.57	1789	0	4
2024.02.12	11:42:00	18687.57	18698.46	18674.89	18678.65	3484	0	4
2024.02.12	11:43:00	18678.65	18695.07	18678.09	18692.12	1973	0	4
2024.02.12	11:44:00	18692.12	18692.17	18671.24	18680.61	3429	0	4
2024.02.12	11:45:00	18680.61	18691.76	18677.93	18689.33	542	0	3
2024.02.12	11:46:00	18689.33	18699.28	18687.97	18696.39	2342	0	3
2024.02.12	11:47:00	18696.39	18704.74	18689.28	18689.89	1921	0	2
2024.02.12	11:48:00	18689.89	18692.13	18664.68	18671.39	3502	0	1
2024.02.12	11:49:00	18671.39	18677.96	18663.65	18666.39	1724	0	4
2024.02.12	11:50:00	18666.39	18688.9	18659.94	18686.41	1849	0	2
2024.02.12	11:51:00	18686.41	18689.5	18671.58	18678.62	2950	0	3
2024.02.12	11:52:00	18678.62	18682.4	18670.22	18671.48	3441	0	4
2024.02.12	11:53:00	18671.48	18672.91	18661.83	18662.43	2308	0	2
2024.02.12	11:54:00	18662.43	18676.94	18657.74	18674.28	4514	0	1
2024.02.12	11:55:00	18674.28	18680.0	18664.18	18672.36	4912	0	2
2024.02.12	11:56:00	18672.36	18675.03	18658.38	18666.82	3228	0	4
2024.02.12	11:57:00	18666.82	18682.21	18664.73	18680.56	2957	0	1
2024.02.12	11:58:00	18680.56	18689.74	18676.14	18686.41	2843	0	2
2024.02.12	11:59:00	18686.41	18688.96	18676.08	18678.09	827	0	1
2024.02.12	12:00:00	18678.09	18678.81	18661.74	18666.89	2352	0	4
2024.02.12	12:01:00	18666.89	18679.56	18657.97	18678.22	4142	0	1
2024.02.12	12:02:00	18678.22	18682.19	18677.54	18678.75	3619	0	2
2024.02.12	12:03:00	18678.75	18681.21	18657.41	18664.48	739	0	1
2024.02.12	12:04:00	18664.48	18666.24	18643.99	18648.01	1123	0	1
2024.02.12	12:05:00	18648.01	18650.26	18634.61	18637.84	4267	0	4
2024.02.12	12:06:00	18637.84	18639.79	18625.49	18626.52	3806	0	2
2024.02.12	12:07:00	18626.52	18628.68	18601.57	18607.61	2324	0	4
2024.02.12	12:08:00	18607.61	18609.83	18597.56	18597.62	4738	0	3
2024.02.12	12:09:00	18597.62	18608.78	18586.8	18589.34	777	0	1
2024.02.12	12:10:00	18589.34	18590.92	18575.62	18585.36	3927	0	1
2024.02.12	12:11:00	18585.36	18602.33	18583.2	18601.67	4898	0	1
2024.02.12	12:12:00	18601.67	18604.71	18599.39	18599.53	2467	0	1
2024.02.12	12:13:00	18599.53	18604.39	18595.73	18598.32	2729	0	3
2024.02.12	12:14:00	18598.32	18605.64	18592.83	18603.49	1455	0	1
2024.02.12	12:15:00	18603.49	18606.62	18596.02	18601.62	4346	0	2
2024.02.12	12:16:00	18601.62	18609.24	18598.4	18605.77	3765	0	1
2024.02.12	12:17:00	18605.77	18610.17	18604.61	18608.78	2392	0	4
2024.02.12	12:18:00	18608.78	18611.7	18606.13	18610.31	1555	0	2
2024.02.12	12:19:00	18610.31	18639.1	18607.71	18636.77	2577	0	4
2024.02.12	12:20:00	18636.77	18650.07	18634.58	18645.74	2533	0	2
2024.02.12	12:21:00	18645.74	18648.37	18630.95	18635.91	2130	0	2
2024.02.12	12:22:00	18635.91	18645.89	18633.54	18639.77	4276	0	2
2024.02.12	12:23:00	18639.77	18646.18	18632.13	18632.67	2160	0	1
2024.02.12	12:24:00	18632.67	18645.93	18631.07	18637.26	1013	0	3
2024.02.12	12:25:00	18637.26	18646.39	18622.51	18624.66	4070	0	4
2024.02.12	12:26:00	18624.66	18626.02	18613.69	18614.58	3785	0	4
2024.02.12	12:27:00	18614.58	18619.48	18614.36	18618.2	638	0	2
2024.02.12	12:28:00	18618.2	18628.96	18615.8	18627.98	3629	0	4
2024.02.12	12:29:00	18627.98	18635.89	18627.33	18633.09	2704	0	2
2024.02.12	12:30:00	18633.09	18646.35	18631.64	18641.53	3530	0	1
2024.02.12	12:31:00	18641.53	18647.37	18637.79	18645.43	1695	0	3
2024.02.12	12:32:00	18645.43	18652.31	18639.06	18647.43	1301	0	2
2024.02.12	12:33:00	18647.43	18650.91	18637.82	18643.05	3005	0	2
2024.02.12	12:34:00	18643.05	18657.63	18640.98	18651.1	744	0	1
2024.02.12	12:35:00	18651.1	18663.21	18648.8	18661.15	1468	0	1
2024.02.12	12:36:00	18661.15	18665.7	18655.82	18660.93	699	0	2
2024.02.12	12:37:00	18660.93	18665.91	18656.02	18660.2	2069	0	3
2024.02.12	12:38:00	18660.2	18685.67	18660.19	18675.61	4578	0	2
2024.02.12	12:39:00	18675.61	18678.01	18668.26	18675.8	2899	0	1
2024.02.12	12:40:00	18675.8	18679.8	18674.91	18676.88	3823	0	2
2024.02.12	12:41:00	18676.88	18683.41	18672.72	18681.84	3838	0	1
2024.02.12	12:42:00	18681.84	18683.07	18677.85	18681.29	1069	0	2
2024.02.12	12:43:00	18681.29	18683.16	18671.99	18673.9	4756	0	2
2024.02.12	12:44:00	18673.9	18680.87	18669.49	18677.85	1194	0	3
2024.02.12	12:45:00	18677.85	18681.43	18677.76	18677.86	1594	0	1
2024.02.12	12:46:00	18677.86	18696.47	18677.61	18695.66	3450	0	3
2024.02.12	12:47:00	18695.66	18713.49	18691.5	18703.5	2673	0	4
2024.02.12	12:48:00	18703.5	18710.07	18695.06	18698.24	1467	0	4
2024.02.12	12:49:00	18698.24	18706.99	18683.69	18705.52	2068	0	4
2024.02.12	12:50:00	18705.52	18709.45	18698.97	18708.81	2338	0	3
2024.02.12	12:51:00	18708.81	18723.17	18707.7	18721.59	3227	0	4
2024.02.12	12:52:00	18721.59	18723.31	18715.63	18716.99	4057	0	2
2024.02.12	12:53:00	18716.99	18723.76	18714.44	18719.16	2149	0	1
2024.02.12	12:54:00	18719.16	18722.9	18716.15	18718.59	2265	0	1
2024.02.12	12:55:00	18718.59	18729.79	18717.44	18719.52	936	0	4
2024.02.12	12:56:00	18719.52	18721.41	18708.83	18711.5	4798	0	1
2024.02.12	12:57:00	18711.5	18722.38	18702.63	18717.34	3264	0	1
2024.02.12	12:58:00	18717.34	18722.39	18714.33	18721.67	1669	0	3
2024.02.12	12:59:00	18721.67	18734.69	18720.97	18734.23	660	0	2
2024.02.12	13:00:00	18734.23	18735.83	18731.09	18734.51	4772	0	3
2024.02.12	13:01:00	18734.51	18739.27	18727.19	18730.98	693	0	1
2024.02.12	13:02:00	18730.98	18738.97	18724.34	18738.85	1319	0	2
2024.02.12	13:03:00	18738.85	18743.07	18728.5	18731.69	4478	0	4
2024.02.12	13:04:00	18731.69	18743.81	18728.49	18742.35	2021	0	3
2024.02.12	13:05:00	18742.35	18757.65	18738.57	18753.01	4416	0	1
2024.02.12	13:06:00	18753.01	18771.33	18748.44	18765.33	2976	0	1
2024.02.12	13:07:00	18765.33	18772.43	18763.88	18769.28	3032	0	3
2024.02.12	13:08:00	18769.28	18772.67	18764.93	18765.03	4694	0	3
2024.02.12	13:09:00	18765.03	18768.08	18764.91	18766.45	581	0	4
2024.02.12	13:10:00	18766.45	18779.61	18762.83	18770.43	2064	0	1
2024.02.12	13:11:00	18770.43	18771.93	18763.42	18765.49	2043	0	2
2024.02.12	13:12:00	18765.49	18779.39	18762.34	18778.53	3797	0	1
2024.02.12	13:13:00	18778.53	18788.52	18778.2	18784.43	2058	0	4
2024.02.12	13:14:00	18784.43	18784.86	18775.65	18776.32	4462	0	2
2024.02.12	13:15:00	18776.32	18798.01	18768.29	18794.6	3744	0	2
2024.02.12	13:16:00	18794.6	18795.98	18784.95	18795.91	4584	0	3
2024.02.12	13:17:00	18795.91	18798.38	18783.14	18785.87	4153	0	1
2024.02.12	13:18:00	18785.87	18787.24	18777.49	18778.35	3862	0	4
2024.02.12	13:19:00	18778.35	18798.55	18776.74	18792.88	2094	0	2
2024.02.12	13:20:00	18792.88	18813.81	18783.11	18810.63	3774	0	3
2024.02.12	13:21:00	18810.63	18823.17	18805.22	18820.62	2397	0	3
2024.02.12	13:22:00	18820.62	18835.68	18818.96	18833.58	2044	0	3
2024.02.12	13:23:00	18833.58	18851.21	18830.2	18845.56	1510	0	1
2024.02.12	13:24:00	18845.56	18852.55	18842.93	18851.25	4531	0	1
2024.02.12	13:25:00	18851.25	18859.87	18842.65	18854.77	3775	0	4
2024.02.12	13:26:00	18854.77	18861.55	18853.01	18860.3	721	0	4
2024.02.12	13:27:00	18860.3	18872.38	18857.14	18867.71	2071	0	2
2024.02.12	13:28:00	18867.71	18870.32	18857.98	18861.01	3110	0	1
2024.02.12	13:29:00	18861.01	18872.33	18858.06	18868.37	3674	0	3
2024.02.12	13:30:00	18868.37	18882.94	18865.91	18882.69	1881	0	4
2024.02.12	13:31:00	18882.69	18886.93	18878.46	18881.1	3681	0	1
2024.02.12	13:32:00	18881.1	18888.1	18874.54	18878.48	1726	0	1
2024.02.12	13:33:00	18878.48	18883.57	18867.84	18883.41	1202	0	2
2024.02.12	13:34:00	18883.41	18886.82	18876.13	18877.58	892	0	3
2024.02.12	13:35:00	18877.58	18879.0	18855.44	18865.38	4484	0	2
2024.02.12	13:36:00	18865.38	18881.96	18863.98	18876.72	3459	0	2
2024.02.12	13:37:00	18876.72	18877.47	18860.74	18872.79	4210	0	2
2024.02.12	13:38:00	18872.79	18875.96	18868.9	18873.34	2913	0	4
2024.02.12	13:39:00	18873.34	18881.17	18859.22	18867.89	3123	0	2
2024.02.12	13:40:00	18867.89	18881.77	18864.86	18880.47	1809	0	1
2024.02.12	13:41:00	18880.47	18891.48	18874.62	18889.0	888	0	3
2024.02.12	13:42:00	18889.0	18892.64	18882.63	18887.08	3718	0	2
2024.02.12	13:43:00	18887.08	18893.77	18872.46	18876.18	1252	0	2
2024.02.12	13:44:00	18876.18	18881.79	18871.6	18873.24	4436	0	4
2024.02.12	13:45:00	18873.24	18883.72	18867.38	18879.07	914	0	1
2024.02.12	13:46:00	18879.07	18881.83	18876.36	18881.25	4896	0	1
2024.02.12	13:47:00	18881.25	18885.39	18880.89	18882.67	2586	0	1
2024.02.12	13:48:00	18882.67	18887.06	18872.18	18885.07	1772	0	4
2024.02.12	13:49:00	18885.07	18893.15	18882.27	18892.7	1694	0	4
2024.02.12	13:50:00	18892.7	18895.95	18889.89	18892.68	3550	0	4
2024.02.12	13:51:00	18892.68	18906.19	18889.01	18897.37	4238	0	1
2024.02.12	13:52:00	18897.37	18899.27	18886.31	18888.3	2639	0	1
2024.02.12	13:53:00	18888.3	18915.88	18883.51	18913.12	2461	0	2
2024.02.12	13:54:00	18913.12	18915.33	18902.73	18910.78	4454	0	2
2024.02.12	13:55:00	18910.78	18922.42	18903.32	18913.11	2534	0	2
2024.02.12	13:56:00	18913.11	18922.06	18908.73	18918.91	1988	0	3
2024.02.12	13:57:00	18918.91	18923.44	18912.57	18915.36	4648	0	3
2024.02.12	13:58:00	18915.36	18923.44	18907.68	18915.81	4111	0	3
2024.02.12	13:59:00	18915.81	18918.0	18910.34	18916.15	3099	0	2
2024.02.12	14:00:00	18916.15	18917.43	18906.53	18907.77	550	0	1
2024.02.12	14:01:00	18907.77	18915.61	18901.45	18912.35	2243	0	2
2024.02.12	14:02:00	18912.35	18912.46	18895.2	18896.94	4898	0	1
2024.02.12	14:03:00	18896.94	18914.62	18893.01	18914.1	4925	0	4
2024.02.12	14:04:00	18914.1	18925.06	18913.12	18922.07	3529	0	4
2024.02.12	14:05:00	18922.07	18929.48	18919.65	18928.58	2580	0	4
2024.02.12	14:06:00	18928.58	18929.41	18908.11	18912.32	4368	0	4
2024.02.12	14:07:00	18912.32	18915.68	18899.42	18905.11	3108	0	1
2024.02.12	14:08:00	18905.11	18919.88	18901.29	18918.79	769	0	2
2024.02.12	14:09:00	18918.79	18960.78	18917.23	18958.98	2219	0	3
2024.02.12	14:10:00	18958.98	18975.54	18957.73	18970.83	1957	0	1
2024.02.12	14:11:00	18970.83	18983.84	18969.08	18981.17	3511	0	4
2024.02.12	14:12:00	18981.17	18986.63	18980.93	18986.6	1488	0	4
2024.02.12	14:13:00	18986.6	18996.63	18975.3	18978.83	3991	0	4
2024.02.12	14:14:00	18978.83	18991.25	18975.21	18988.78	1594	0	2
2024.02.12	14:15:00	18988.78	18993.16	18970.36	18978.57	3328	0	2
2024.02.12	14:16:00	18978.57	18978.99	18963.08	18967.32	1853	0	3
2024.02.12	14:17:00	18967.32	18969.1	18952.78	18955.47	1617	0	4
2024.02.12	14:18:00	18955.47	18971.62	18948.29	18965.22	3672	0	2
2024.02.12	14:19:00	18965.22	18974.07	18956.88	18965.05	4740	0	2
2024.02.12	14:20:00	18965.05	18970.82	18962.0	18966.4	4099	0	2
2024.02.12	14:21:00	18966.4	18972.95	18965.88	18966.63	2802	0	3
2024.02.12	14:22:00	18966.63	18968.19	18955.63	18956.2	4615	0	1
2024.02.12	14:23:00	18956.2	18957.36	18949.43	18950.14	4217	0	3
2024.02.12	14:24:00	18950.14	18955.91	18942.96	18944.57	4630	0	1
2024.02.12	14:25:00	18944.57	18944.65	18926.49	18931.47	539	0	3
2024.02.12	14:26:00	18931.47	18934.33	18919.79	18927.02	4159	0	3
2024.02.12	14:27:00	18927.02	18932.91	18916.09	18917.03	2829	0	4
2024.02.12	14:28:00	18917.03	18927.71	18915.62	18922.95	3642	0	2
2024.02.12	14:29:00	18922.95	18932.75	18919.8	18929.66	4710	0	1
2024.02.12	14:30:00	18929.66	18930.68	18916.15	18917.64	2838	0	1
2024.02.12	14:31:00	18917.64	18920.97	18905.23	18915.18	3596	0	1
2024.02.12	14:32:00	18915.18	18934.91	18910.44	18933.34	4922	0	1
2024.02.12	14:33:00	18933.34	18933.61	18918.98	18924.32	1013	0	3
2024.02.12	14:34:00	18924.32	18939.55	18920.18	18928.79	3840	0	3
2024.02.12	14:35:00	18928.79	18934.76	18927.19	18930.18	3694	0	2
2024.02.12	14:36:00	18930.18	18944.17	18927.68	18941.04	1356	0	2
2024.02.12	14:37:00	18941.04	18947.5	18936.05	18944.25	567	0	3
2024.02.12	14:38:00	18944.25	18948.99	18940.25	18940.49	3346	0	1
2024.02.12	14:39:00	18940.49	18943.5	18933.01	18941.51	2159	0	4
2024.02.12	14:40:00	18941.51	18951.35	18940.79	18942.67	1910	0	1
2024.02.12	14:41:00	18942.67	18944.19	18941.71	18942.17	1565	0	3
2024.02.12	14:42:00	18942.17	18951.65	18928.26	18929.9	2950	0	3
2024.02.12	14:43:00	18929.9	18942.66	18926.8	18942.2	1633	0	4
2024.02.12	14:44:00	18942.2	18955.55	18935.61	18952.81	834	0	3
2024.02.12	14:45:00	18952.81	18959.45	18942.02	18943.17	686	0	1
2024.02.12	14:46:00	18943.17	18947.8	18940.65	18940.66	1668	0	1
2024.02.12	14:47:00	18940.66	18948.29	18934.13	18938.88	3277	0	1
2024.02.12	14:48:00	18938.88	18945.36	18924.63	18928.17	2876	0	1
2024.02.12	14:49:00	18928.17	18932.68	18906.62	18910.67	3838	0	4
2024.02.12	14:50:00	18910.67	18912.22	18900.44	18904.63	3195	0	1
2024.02.12	14:51:00	18904.63	18905.0	18900.67	18901.59	1813	0	2
2024.02.12	14:52:00	18901.59	18908.25	18880.81	18888.18	4629	0	2
2024.02.12	14:53:00	18888.18	18899.68	18884.71	18890.25	3140	0	3
2024.02.12	14:54:00	18890.25	18903.89	18890.07	18901.76	3284	0	1
2024.02.12	14:55:00	18901.76	18915.43	18897.06	18910.2	2738	0	1
2024.02.12	14:56:00	18910.2	18910.62	18902.07	18909.36	2404	0	4
2024.02.12	14:57:00	18909.36	18912.46	18891.85	18892.13	4969	0	3
2024.02.12	14:58:00	18892.13	18899.84	18890.74	18899.35	2252	0	3
2024.02.12	14:59:00	18899.35	18904.88	18896.69	18901.13	4155	0	1
2024.02.12	15:00:00	18901.13	18909.44	18898.99	18905.57	877	0	3
2024.02.12	15:01:00	18905.57	18927.9	18901.97	18924.49	4757	0	4
2024.02.12	15:02:00	18924.49	18927.54	18913.82	18916.97	3906	0	4
2024.02.12	15:03:00	18916.97	18924.27	18886.67	18889.83	4209	0	1
2024.02.12	15:04:00	18889.83	18890.41	18874.74	18880.13	1937	0	3
2024.02.12	15:05:00	18880.13	18887.61	18874.21	18885.16	3459	0	1
2024.02.12	15:06:00	18885.16	18891.53	18880.51	18885.79	3899	0	2
2024.02.12	15:07:00	18885.79	18886.14	18871.35	18874.55	820	0	2
2024.02.12	15:08:00	18874.55	18878.21	18857.43	18861.36	3421	0	1
2024.02.12	15:09:00	18861.36	18861.46	18854.11	18858.35	4360	0	1
2024.02.12	15:10:00	18858.35	18863.44	18845.36	18846.83	4315	0	4
2024.02.12	15:11:00	18846.83	18854.48	18845.29	18852.18	3924	0	4
2024.02.12	15:12:00	18852.18	18857.12	18842.78	18848.63	4520	0	3
2024.02.12	15:13:00	18848.63	18859.19	18841.39	18843.02	1769	0	2
2024.02.12	15:14:00	18843.02	18849.9	18827.27	18836.16	3600	0	4
2024.02.12	15:15:00	18836.16	18843.85	18836.1	18839.05	1712	0	2
2024.02.12	15:16:00	18839.05	18843.93	18834.29	18839.83	4382	0	2
2024.02.12	15:17:00	18839.83	18843.36	18838.82	18842.14	2859	0	1
2024.02.12	15:18:00	18842.14	18849.73	18837.74	18844.23	4224	0	1
2024.02.12	15:19:00	18844.23	18845.59	18843.21	18843.92	1773	0	2
2024.02.12	15:20:00	18843.92	18853.08	18822.97	18834.44	1880	0	2
2024.02.12	15:21:00	18834.44	18840.15	18824.41	18827.86	4867	0	1
2024.02.12	15:22:00	18827.86	18832.69	18823.84	18824.47	4568	0	3
2024.02.12	15:23:00	18824.47	18844.61	18819.31	18844.54	1371	0	3
2024.02.12	15:24:00	18844.54	18846.89	18831.32	18832.05	2240	0	1
2024.02.12	15:25:00	18832.05	18840.3	18828.29	18828.43	1190	0	4
2024.02.12	15:26:00	18828.43	18837.83	18825.63	18829.75	3363	0	2
2024.02.12	15:27:00	18829.75	18830.48	18819.79	18827.23	695	0	2
2024.02.12	15:28:00	18827.23	18838.65	18820.08	18837.85	616	0	1
2024.02.12	15:29:00	18837.85	18846.62	18832.06	18835.28	2986	0	4
2024.02.12	15:30:00	18835.28	18837.13	18826.19	18833.42	4528	0	4
2024.02.12	15:31:00	18833.42	18846.76	18824.81	18841.57	3831	0	4
2024.02.12	15:32:00	18841.57	18860.27	18838.69	18859.23	3630	0	1
2024.02.12	15:33:00	18859.23	18873.34	18858.59	18873.06	3138	0	4
2024.02.12	15:34:00	18873.06	18875.79	18868.39	18872.13	1313	0	1
2024.02.12	15:35:00	18872.13	18874.22	18870.73	18872.03	1437	0	3
2024.02.12	15:36:00	18872.03	18880.83	18866.15	18872.86	3277	0	3
2024.02.12	15:37:00	18872.86	18878.96	18869.06	18874.64	4655	0	4
2024.02.12	15:38:00	18874.64	18876.53	18865.09	18866.92	714	0	3
2024.02.12	15:39:00	18866.92	18880.36	18861.75	18876.25	2206	0	2
2024.02.12	15:40:00	18876.25	18885.61	18874.49	18878.6	1348	0	3
2024.02.12	15:41:00	18878.6	18881.63	18876.63	18878.55	1133	0	3
2024.02.12	15:42:00	18878.55	18883.85	18865.03	18866.78	2090	0	1
2024.02.12	15:43:00	18866.78	18868.77	18861.21	18867.75	1359	0	3
2024.02.12	15:44:00	18867.75	18873.15	18844.73	18850.05	1603	0	3
2024.02.12	15:45:00	18850.05	18853.13	18844.11	18844.87	2471	0	1
2024.02.12	15:46:00	18844.87	18848.94	18838.98	18839.88	3844	0	3
2024.02.12	15:47:00	18839.88	18849.59	18837.16	18842.99	2949	0	2
2024.02.12	15:48:00	18842.99	18867.12	18834.56	18861.31	2945	0	3
2024.02.12	15:49:00	18861.31	18868.02	18861.22	18867.15	3206	0	2
2024.02.12	15:50:00	18867.15	18887.36	18863.09	18881.37	1514	0	3
2024.02.12	15:51:00	18881.37	18890.42	18875.55	18887.92	829	0	1
2024.02.12	15:52:00	18887.92	18910.96	18886.96	18899.06	626	0	1
2024.02.12	15:53:00	18899.06	18918.38	18895.49	18917.22	4403	0	2
2024.02.12	15:54:00	18917.22	18922.72	18908.28	18910.59	4442	0	3
2024.02.12	15:55:00	18910.59	18912.33	18900.11	18903.34	2013	0	4
2024.02.12	15:56:00	18903.34	18912.51	18900.44	18910.12	4028	0	1
2024.02.12	15:57:00	18910.12	18913.07	18908.79	18910.46	1667	0	3
2024.02.12	15:58:00	18910.46	18917.4	18908.92	18912.95	1872	0	4
2024.02.12	15:59:00	18912.95	18917.54	18910.5	18910.95	3594	0	3
