<DATE>	<TIME>	<OPEN>	<HIGH>	<LOW>	<CLOSE>	<TICKVOL>	<VOL>	<SPREAD>
2024.01.02	09:30:00	16011.69	16014.91	16001.36	16005.84	2074	0	4
2024.01.02	09:35:00	15987.69	15992.84	15974.01	15987.32	4456	0	4
2024.01.02	09:40:00	15998.98	16028.04	15994.59	16001.24	1765	0	4
2024.01.02	09:45:00	16016.35	16024.61	16009.04	16018.61	3562	0	3
2024.01.02	09:50:00	15981.23	16002.3	15976.38	15983.58	2126	0	4
2024.01.02	09:55:00	15957.78	15974.8	15954.65	15960.35	4966	0	2
2024.01.02	10:00:00	15958.34	15969.84	15956.02	15962.98	4622	0	3
2024.01.02	10:05:00	15952.16	15969.66	15945.8	15957.58	4030	0	4
2024.01.02	10:10:00	15956.89	15963.76	15938.92	15957.6	3941	0	2
2024.01.02	10:15:00	15940.37	15954.05	15937.05	15942.51	3395	0	4
2024.01.02	10:20:00	15962.71	15969.41	15958.0	15958.71	3142	0	1
2024.01.02	10:25:00	15974.15	15975.87	15968.41	15973.09	3034	0	3
2024.01.02	10:30:00	15975.57	15977.92	15965.22	15974.61	621	0	1
2024.01.02	10:35:00	15992.64	15996.97	15992.52	15995.33	4718	0	4
2024.01.02	10:40:00	16003.68	16012.07	15999.32	16004.12	4917	0	4
2024.01.02	10:45:00	15990.18	15993.78	15987.99	15988.87	2871	0	1
2024.01.02	10:50:00	15998.46	16004.59	15981.04	15995.87	4417	0	1
2024.01.02	10:55:00	15978.49	15980.41	15972.12	15978.83	2312	0	3
2024.01.02	11:00:00	15998.96	16016.91	15994.08	15995.05	1005	0	4
2024.01.02	11:05:00	15994.5	15996.77	15987.78	15994.47	4255	0	2
2024.01.02	11:10:00	15994.31	16002.18	15991.0	15991.44	2792	0	4
2024.01.02	11:15:00	15977.66	15984.32	15977.25	15979.44	4731	0	2
2024.01.02	11:20:00	15995.32	16004.37	15983.58	16001.89	1459	0	2
2024.01.02	11:25:00	16000.38	16001.37	15991.28	15999.41	2655	0	2
2024.01.02	11:30:00	15994.6	16002.73	15991.76	15991.97	3503	0	2
2024.01.02	11:35:00	15988.0	15994.51	15975.15	15985.92	1117	0	2
2024.01.02	11:40:00	15997.41	15999.8	15993.08	15995.88	4984	0	1
2024.01.02	11:45:00	16001.55	16009.1	15998.21	16002.82	3237	0	2
2024.01.02	11:50:00	16007.69	16014.11	15992.23	16010.62	1273	0	2
2024.01.02	11:55:00	16020.75	16021.36	15998.16	16018.75	3833	0	1
2024.01.02	12:00:00	16059.51	16062.32	16039.09	16057.96	4452	0	2
2024.01.02	12:05:00	16048.86	16075.24	16046.05	16050.9	2181	0	1
2024.01.02	12:10:00	16045.94	16059.92	16036.6	16041.91	3244	0	1
2024.01.02	12:15:00	16024.25	16036.15	16021.08	16027.46	3865	0	3
2024.01.02	12:20:00	16036.84	16046.79	16028.24	16038.96	1154	0	1
2024.01.02	12:25:00	16065.75	16066.94	16056.78	16059.8	2889	0	2
2024.01.02	12:30:00	16061.2	16084.56	16049.49	16058.04	3016	0	3
2024.01.02	12:35:00	16041.8	16051.84	16028.96	16043.1	1856	0	1
2024.01.02	12:40:00	16029.49	16036.06	16009.35	16028.45	1848	0	3
2024.01.02	12:45:00	16041.14	16041.3	16026.07	16040.58	3332	0	1
2024.01.02	12:50:00	16044.42	16062.11	16035.15	16054.41	3882	0	1
2024.01.02	12:55:00	16061.31	16072.64	16052.33	16064.6	2250	0	1
2024.01.02	13:00:00	16052.64	16057.68	16047.78	16052.82	1159	0	4
2024.01.02	13:05:00	16056.07	16063.31	16047.37	16057.37	4040	0	1
2024.01.02	13:10:00	16060.71	16072.79	16059.66	16059.81	1281	0	1
2024.01.02	13:15:00	16068.22	16084.65	16061.39	16064.11	513	0	4
2024.01.02	13:20:00	16079.12	16082.37	16077.91	16080.29	1950	0	3
2024.01.02	13:25:00	16080.83	16098.96	16077.04	16084.68	4181	0	3
2024.01.02	13:30:00	16098.56	16112.39	16086.4	16097.37	3905	0	1
2024.01.02	13:35:00	16097.73	16112.87	16080.63	16098.93	1879	0	2
2024.01.02	13:40:00	16103.95	16113.98	16090.73	16104.52	2837	0	3
2024.01.02	13:45:00	16115.29	16120.13	16095.66	16116.36	4818	0	3
2024.01.02	13:50:00	16098.28	16103.62	16086.13	16090.11	3734	0	3
2024.01.02	13:55:00	16076.45	16098.44	16076.41	16084.61	3916	0	1
2024.01.02	14:00:00	16074.95	16094.93	16070.74	16076.37	894	0	4
2024.01.02	14:05:00	16065.05	16074.17	16049.34	16065.06	1584	0	3
2024.01.02	14:10:00	16057.54	16062.16	16041.69	16060.38	968	0	1
2024.01.02	14:15:00	16091.19	16093.09	16076.01	16087.91	4904	0	4
2024.01.02	14:20:00	16075.43	16081.89	16067.38	16072.47	2040	0	2
2024.01.02	14:25:00	16090.24	16094.63	16076.7	16090.42	2748	0	1
2024.01.02	14:30:00	16059.13	16067.63	16049.09	16060.11	2982	0	4
2024.01.02	14:35:00	16053.93	16057.3	16050.39	16054.34	2853	0	1
2024.01.02	14:40:00	16057.24	16059.68	16049.76	16057.62	734	0	1
2024.01.02	14:45:00	16068.32	16075.42	16066.12	16068.61	4592	0	3
2024.01.02	14:50:00	16081.19	16092.51	16072.28	16081.87	2211	0	2
2024.01.02	14:55:00	16097.57	16115.96	16080.75	16096.65	4632	0	1
2024.01.02	15:00:00	16093.36	16100.28	16077.64	16090.61	3942	0	1
2024.01.02	15:05:00	16078.03	16082.59	16074.41	16082.51	3635	0	1
2024.01.02	15:10:00	16094.64	16109.04	16091.6	16098.47	3662	0	4
2024.01.02	15:15:00	16088.93	16107.13	16084.18	16095.3	4903	0	3
2024.01.02	15:20:00	16075.55	16083.5	16059.06	16072.39	1865	0	4
2024.01.02	15:25:00	16053.01	16061.83	16046.73	16052.1	1979	0	3
2024.01.02	15:30:00	16037.56	16041.32	16025.31	16035.72	3517	0	3
2024.01.02	15:35:00	16039.88	16053.96	16034.58	16045.07	1545	0	1
2024.01.02	15:40:00	16054.47	16060.79	16047.52	16047.98	4117	0	4
2024.01.02	15:45:00	16058.64	16067.97	16054.98	16060.85	631	0	4
2024.01.02	15:50:00	16054.02	16062.14	16048.41	16053.41	4537	0	3
2024.01.02	15:55:00	16059.72	16063.29	16055.74	16056.61	2058	0	1
2024.01.03	09:30:00	16064.72	16077.34	16059.41	16068.31	520	0	4
2024.01.03	09:35:00	16061.01	16064.96	16057.39	16063.0	3211	0	2
2024.01.03	09:40:00	16072.29	16073.19	16059.61	16071.63	1739	0	1
2024.01.03	09:45:00	16070.31	16083.34	16054.71	16059.91	1874	0	3
2024.01.03	09:50:00	16054.73	16065.11	16050.81	16053.63	2666	0	4
2024.01.03	09:55:00	16052.85	16064.47	16045.17	16047.02	3108	0	3
2024.01.03	10:00:00	16030.0	16041.86	16021.55	16025.62	1112	0	1
2024.01.03	10:05:00	16036.12	16040.94	16031.47	16034.78	717	0	3
2024.01.03	10:10:00	16022.99	16034.4	16016.92	16026.58	2576	0	4
2024.01.03	10:15:00	16030.98	16036.1	16022.2	16027.13	2093	0	3
2024.01.03	10:20:00	16030.74	16043.67	16025.41	16036.18	3119	0	2
2024.01.03	10:25:00	16050.43	16058.48	16040.0	16044.61	3866	0	3
2024.01.03	10:30:00	16057.75	16061.94	16051.63	16057.02	3265	0	1
2024.01.03	10:35:00	16045.92	16058.17	16044.26	16055.55	969	0	4
2024.01.03	10:40:00	16046.94	16067.09	16041.93	16048.18	4983	0	4
2024.01.03	10:45:00	16049.43	16060.79	16033.2	16047.05	3716	0	3
2024.01.03	10:50:00	16015.89	16028.62	16013.02	16016.75	721	0	1
2024.01.03	10:55:00	15993.43	15999.51	15990.71	15990.84	3934	0	2
2024.01.03	11:00:00	15964.16	15971.05	15955.73	15967.23	4462	0	1
2024.01.03	11:05:00	15944.81	15954.93	15938.14	15949.53	3059	0	4
2024.01.03	11:10:00	15956.81	15960.22	15951.29	15957.07	4246	0	3
2024.01.03	11:15:00	15941.15	15955.87	15935.15	15941.04	4487	0	2
2024.01.03	11:20:00	15933.28	15938.18	15926.31	15934.53	4838	0	4
2024.01.03	11:25:00	15962.75	15965.12	15954.81	15958.31	4795	0	4
2024.01.03	11:30:00	15949.12	15953.34	15926.52	15952.19	1372	0	4
2024.01.03	11:35:00	15966.97	15982.7	15964.41	15965.84	656	0	2
2024.01.03	11:40:00	15949.53	15962.48	15948.16	15949.29	3432	0	1
2024.01.03	11:45:00	15940.28	15962.49	15937.21	15945.9	3555	0	2
2024.01.03	11:50:00	15924.32	15930.75	15922.87	15929.07	3059	0	2
2024.01.03	11:55:00	15923.32	15936.0	15906.96	15923.28	1567	0	3
2024.01.03	12:00:00	15945.91	15952.7	15913.21	15938.75	4769	0	2
2024.01.03	12:05:00	15910.02	15924.89	15899.15	15907.93	2336	0	3
2024.01.03	12:10:00	15909.86	15921.97	15907.31	15916.08	3836	0	1
2024.01.03	12:15:00	15909.46	15930.04	15880.42	15920.68	3304	0	1
2024.01.03	12:20:00	15912.93	15914.45	15902.69	15910.29	4530	0	4
2024.01.03	12:25:00	15884.23	15894.78	15866.94	15884.58	3705	0	2
2024.01.03	12:30:00	15890.3	15896.35	15884.01	15886.19	3355	0	1
2024.01.03	12:35:00	15873.82	15879.4	15856.23	15876.99	4280	0	4
2024.01.03	12:40:00	15882.75	15894.47	15879.54	15881.49	744	0	1
2024.01.03	12:45:00	15885.24	15888.74	15881.23	15882.2	3674	0	4
2024.01.03	12:50:00	15909.74	15934.54	15902.18	15911.35	3138	0	2
2024.01.03	12:55:00	15905.82	15914.36	15905.63	15907.36	3998	0	2
2024.01.03	13:00:00	15889.34	15891.72	15887.32	15889.25	1508	0	2
2024.01.03	13:05:00	15894.75	15900.25	15884.46	15892.79	3195	0	1
2024.01.03	13:10:00	15897.02	15897.46	15892.77	15897.07	1778	0	2
2024.01.03	13:15:00	15925.39	15926.56	15919.27	15921.87	1026	0	2
2024.01.03	13:20:00	15935.59	15941.04	15934.34	15937.26	3088	0	2
2024.01.03	13:25:00	15939.22	15948.8	15936.1	15944.02	596	0	2
2024.01.03	13:30:00	15977.92	15986.55	15962.48	15970.77	919	0	3
2024.01.03	13:35:00	15947.43	15958.26	15944.39	15949.61	2884	0	1
2024.01.03	13:40:00	15936.33	15941.72	15925.22	15938.38	4543	0	2
2024.01.03	13:45:00	15921.75	15932.52	15912.31	15921.99	3719	0	4
2024.01.03	13:50:00	15915.52	15922.09	15902.36	15915.28	569	0	4
2024.01.03	13:55:00	15889.41	15890.93	15885.17	15890.81	989	0	3
2024.01.03	14:00:00	15902.49	15919.01	15893.77	15902.56	2439	0	2
2024.01.03	14:05:00	15898.73	15899.86	15894.15	15898.87	2431	0	2
2024.01.03	14:10:00	15873.36	15888.51	15866.89	15872.74	679	0	4
2024.01.03	14:15:00	15846.35	15861.03	15846.05	15854.81	1652	0	2
2024.01.03	14:20:00	15867.51	15869.75	15856.39	15860.76	1071	0	4
2024.01.03	14:25:00	15875.6	15892.77	15874.41	15876.13	3051	0	1
2024.01.03	14:30:00	15914.48	15924.13	15903.91	15912.39	3462	0	3
2024.01.03	14:35:00	15960.31	15974.88	15955.62	15965.29	2257	0	3
2024.01.03	14:40:00	15971.4	15991.38	15961.23	15973.1	3071	0	2
2024.01.03	14:45:00	15953.11	15962.36	15943.46	15955.54	1406	0	2
2024.01.03	14:50:00	15922.68	15933.69	15914.94	15917.38	4332	0	1
2024.01.03	14:55:00	15920.42	15938.99	15917.32	15922.53	519	0	2
2024.01.03	15:00:00	15910.93	15911.02	15902.12	15908.2	2769	0	2
2024.01.03	15:05:00	15898.69	15909.44	15884.37	15901.04	1946	0	3
2024.01.03	15:10:00	15888.71	15892.9	15881.39	15890.34	2528	0	3
2024.01.03	15:15:00	15887.24	15889.74	15881.61	15888.12	2822	0	2
2024.01.03	15:20:00	15912.25	15912.55	15901.12	15907.63	3407	0	3
2024.01.03	15:25:00	15903.97	15920.74	15901.91	15910.77	4681	0	3
2024.01.03	15:30:00	15903.5	15911.04	15900.51	15908.24	3025	0	1
2024.01.03	15:35:00	15882.9	15899.42	15871.61	15889.91	1523	0	4
2024.01.03	15:40:00	15856.22	15874.69	15847.38	15860.12	2858	0	4
2024.01.03	15:45:00	15848.8	15854.34	15848.48	15851.71	2805	0	2
2024.01.03	15:50:00	15845.27	15855.15	15839.19	15851.06	4391	0	4
2024.01.03	15:55:00	15880.5	15908.59	15873.1	15883.14	3049	0	2
2024.01.04	09:30:00	15878.56	15891.51	15878.03	15885.8	4406	0	1
2024.01.04	09:35:00	15900.14	15904.72	15896.52	15903.81	3421	0	4
2024.01.04	09:40:00	15899.46	15900.36	15889.79	15895.14	3073	0	2
2024.01.04	09:45:00	15875.59	15879.21	15869.76	15874.14	1978	0	2
2024.01.04	09:50:00	15857.8	15862.96	15850.13	15857.12	1652	0	3
2024.01.04	09:55:00	15840.83	15847.74	15834.75	15844.42	947	0	2
2024.01.04	10:00:00	15877.45	15887.14	15874.85	15882.97	2967	0	2
2024.01.04	10:05:00	15864.43	15874.27	15858.08	15868.52	4646	0	4
2024.01.04	10:10:00	15883.76	15885.99	15870.51	15883.92	556	0	2
2024.01.04	10:15:00	15871.12	15879.65	15861.93	15868.0	4787	0	3
2024.01.04	10:20:00	15888.31	15889.02	15881.95	15885.07	4367	0	3
2024.01.04	10:25:00	15894.58	15899.12	15880.26	15892.31	2472	0	4
2024.01.04	10:30:00	15887.15	15891.59	15884.99	15889.81	1911	0	2
2024.01.04	10:35:00	15889.48	15901.71	15887.74	15889.39	3112	0	2
2024.01.04	10:40:00	15876.78	15880.03	15875.14	15877.93	4349	0	4
2024.01.04	10:45:00	15885.55	15900.14	15875.82	15886.27	630	0	2
2024.01.04	10:50:00	15885.73	15894.98	15866.24	15878.41	2522	0	2
2024.01.04	10:55:00	15850.38	15874.83	15845.72	15856.71	712	0	1
2024.01.04	11:00:00	15833.25	15835.67	15819.5	15834.1	3398	0	2
2024.01.04	11:05:00	15841.85	15856.29	15835.42	15837.51	845	0	1
2024.01.04	11:10:00	15860.9	15867.22	15857.97	15866.17	1924	0	2
2024.01.04	11:15:00	15867.05	15875.14	15865.94	15869.36	3824	0	3
2024.01.04	11:20:00	15865.64	15888.68	15863.37	15867.54	3883	0	3
2024.01.04	11:25:00	15872.2	15876.63	15857.83	15873.0	1522	0	1
2024.01.04	11:30:00	15891.06	15903.69	15876.67	15896.81	2808	0	2
2024.01.04	11:35:00	15903.22	15908.87	15893.18	15901.07	1330	0	2
2024.01.04	11:40:00	15896.39	15896.4	15871.39	15893.99	3162	0	1
2024.01.04	11:45:00	15916.07	15921.77	15901.68	15914.23	537	0	2
2024.01.04	11:50:00	15919.14	15927.31	15900.73	15922.28	4161	0	3
2024.01.04	11:55:00	15950.62	15959.52	15928.31	15950.31	603	0	1
2024.01.04	12:00:00	15950.69	15963.21	15947.17	15953.94	3238	0	2
2024.01.04	12:05:00	15930.95	15947.01	15919.32	15932.15	2324	0	2
2024.01.04	12:10:00	15915.57	15922.94	15898.05	15907.81	1505	0	1
2024.01.04	12:15:00	15938.24	15942.43	15933.95	15937.89	2937	0	3
2024.01.04	12:20:00	15965.05	15974.76	15961.8	15969.35	1137	0	3
2024.01.04	12:25:00	15967.07	15977.41	15958.85	15966.42	3105	0	2
2024.01.04	12:30:00	15954.93	15984.23	15947.82	15959.82	3401	0	1
2024.01.04	12:35:00	15982.23	15990.78	15978.39	15986.57	2560	0	4
2024.01.04	12:40:00	15963.1	15970.62	15955.69	15966.86	2127	0	1
2024.01.04	12:45:00	15949.41	15956.33	15944.55	15951.01	2568	0	1
2024.01.04	12:50:00	15966.34	15972.51	15954.85	15962.95	4804	0	1
2024.01.04	12:55:00	15958.23	15959.51	15953.17	15956.14	3889	0	1
2024.01.04	13:00:00	15958.26	15962.01	15955.4	15956.37	526	0	4
2024.01.04	13:05:00	15949.77	15977.41	15943.96	15953.74	1803	0	4
2024.01.04	13:10:00	15958.2	15961.27	15953.76	15960.15	611	0	3
2024.01.04	13:15:00	15986.91	15988.56	15972.04	15985.93	1569	0	4
2024.01.04	13:20:00	15985.61	15999.39	15983.76	15987.89	4003	0	3
2024.01.04	13:25:00	15998.86	15999.92	15995.6	15999.87	4344	0	2
2024.01.04	13:30:00	15964.69	15976.03	15961.51	15963.09	2556	0	3
2024.01.04	13:35:00	15961.27	15964.86	15957.16	15962.53	3601	0	2
2024.01.04	13:40:00	15948.43	15967.31	15938.28	15947.61	2167	0	4
2024.01.04	13:45:00	15931.68	15942.61	15922.09	15925.94	2645	0	4
2024.01.04	13:50:00	15909.81	15916.16	15907.51	15910.43	4231	0	4
2024.01.04	13:55:00	15908.98	15911.21	15888.63	15904.73	1739	0	3
2024.01.04	14:00:00	15923.57	15931.89	15905.38	15921.55	1932	0	3
2024.01.04	14:05:00	15892.69	15915.68	15879.55	15897.98	1114	0	1
2024.01.04	14:10:00	15894.88	15901.03	15887.67	15898.85	1482	0	3
2024.01.04	14:15:00	15887.45	15894.73	15877.35	15890.45	668	0	1
2024.01.04	14:20:00	15881.8	15893.47	15879.75	15884.87	4170	0	3
2024.01.04	14:25:00	15902.91	15909.29	15890.07	15903.24	4335	0	1
2024.01.04	14:30:00	15915.46	15921.25	15900.96	15913.25	2396	0	2
2024.01.04	14:35:00	15942.21	15956.12	15933.46	15937.68	3170	0	4
2024.01.04	14:40:00	15936.33	15939.65	15920.58	15935.21	1619	0	2
2024.01.04	14:45:00	15921.37	15935.01	15913.94	15922.98	706	0	3
2024.01.04	14:50:00	15911.76	15928.67	15910.75	15919.26	2820	0	2
2024.01.04	14:55:00	15924.21	15933.95	15912.53	15923.95	1213	0	2
2024.01.04	15:00:00	15927.55	15934.34	15924.54	15927.46	4317	0	1
2024.01.04	15:05:00	15908.89	15922.44	15905.78	15908.23	1758	0	1
2024.01.04	15:10:00	15917.77	15922.93	15900.34	15910.18	3819	0	2
2024.01.04	15:15:00	15919.08	15919.99	15909.6	15914.61	1683	0	1
2024.01.04	15:20:00	15963.19	15972.88	15948.95	15960.36	1068	0	4
2024.01.04	15:25:00	15991.14	15995.17	15977.94	15994.63	2967	0	3
2024.01.04	15:30:00	15977.65	15980.01	15972.37	15979.5	1324	0	1
2024.01.04	15:35:00	15974.28	15979.23	15970.77	15974.62	2297	0	4
2024.01.04	15:40:00	15945.69	15954.48	15936.11	15948.49	1819	0	2
2024.01.04	15:45:00	15939.96	15946.33	15935.68	15938.15	4469	0	3
2024.01.04	15:50:00	15945.45	15949.74	15931.25	15944.17	2763	0	3
2024.01.04	15:55:00	15962.33	15966.53	15941.07	15966.27	3737	0	4
2024.01.05	09:30:00	15957.74	15961.42	15927.51	15953.41	3149	0	1
2024.01.05	09:35:00	15942.29	15943.04	15937.16	15941.92	4598	0	2
2024.01.05	09:40:00	15897.3	15917.88	15896.07	15903.53	2477	0	2
2024.01.05	09:45:00	15900.73	15904.9	15898.22	15900.91	4382	0	3
2024.01.05	09:50:00	15883.13	15887.37	15869.25	15882.12	4542	0	4
2024.01.05	09:55:00	15876.41	15891.76	15865.77	15872.92	4646	0	2
2024.01.05	10:00:00	15856.27	15857.86	15840.62	15857.48	3630	0	2
2024.01.05	10:05:00	15859.08	15864.98	15850.2	15856.11	4910	0	1
2024.01.05	10:10:00	15825.57	15833.06	15818.05	15824.9	3852	0	3
2024.01.05	10:15:00	15794.24	15799.91	15783.27	15798.95	1902	0	2
2024.01.05	10:20:00	15832.32	15845.97	15827.7	15837.4	1206	0	3
2024.01.05	10:25:00	15818.67	15825.21	15811.82	15814.65	1443	0	4
2024.01.05	10:30:00	15799.61	15809.57	15777.01	15795.33	3081	0	3
2024.01.05	10:35:00	15829.7	15838.52	15826.85	15828.54	1243	0	1
2024.01.05	10:40:00	15886.39	15900.51	15870.31	15881.01	1569	0	4
2024.01.05	10:45:00	15864.07	15865.59	15859.74	15860.27	3326	0	2
2024.01.05	10:50:00	15856.43	15868.34	15851.6	15853.98	1997	0	2
2024.01.05	10:55:00	15857.15	15866.39	15845.66	15860.43	3564	0	4
2024.01.05	11:00:00	15898.05	15905.08	15888.2	15891.82	4987	0	3
2024.01.05	11:05:00	15876.32	15890.43	15863.52	15874.39	895	0	4
2024.01.05	11:10:00	15868.91	15881.81	15867.67	15870.3	3385	0	4
2024.01.05	11:15:00	15882.19	15902.09	15875.02	15884.59	4194	0	2
2024.01.05	11:20:00	15893.65	15899.23	15887.97	15892.73	1131	0	4
2024.01.05	11:25:00	15880.27	15888.34	15865.35	15886.28	4023	0	1
2024.01.05	11:30:00	15886.71	15899.16	15882.99	15884.19	2783	0	4
2024.01.05	11:35:00	15856.37	15862.57	15853.58	15859.8	3328	0	4
2024.01.05	11:40:00	15857.17	15862.13	15847.79	15855.84	731	0	1
2024.01.05	11:45:00	15849.5	15853.27	15832.1	15851.38	2460	0	1
2024.01.05	11:50:00	15854.91	15856.35	15847.8	15855.86	2151	0	1
2024.01.05	11:55:00	15843.49	15850.44	15827.41	15846.21	1191	0	2
2024.01.05	12:00:00	15854.41	15855.86	15838.5	15854.99	3932	0	4
2024.01.05	12:05:00	15880.29	15888.7	15864.66	15873.5	2775	0	1
2024.01.05	12:10:00	15881.59	15906.07	15862.47	15876.61	4451	0	1
2024.01.05	12:15:00	15884.53	15886.24	15875.24	15883.25	1216	0	2
2024.01.05	12:20:00	15884.43	15895.34	15869.83	15884.53	3788	0	2
2024.01.05	12:25:00	15887.88	15904.7	15884.75	15884.84	3222	0	3
2024.01.05	12:30:00	15876.25	15882.83	15870.31	15872.19	3429	0	3
2024.01.05	12:35:00	15875.21	15893.34	15864.0	15878.2	1894	0	4
2024.01.05	12:40:00	15876.49	15878.28	15873.34	15876.76	3608	0	2
2024.01.05	12:45:00	15908.19	15914.78	15906.42	15914.76	1612	0	2
2024.01.05	12:50:00	15947.51	15952.29	15941.33	15943.45	3930	0	1
2024.01.05	12:55:00	15958.2	15958.23	15936.13	15950.74	2484	0	4
2024.01.05	13:00:00	15937.57	15944.63	15936.14	15937.28	2657	0	1
2024.01.05	13:05:00	15909.88	15922.18	15897.89	15917.54	3113	0	3
2024.01.05	13:10:00	15941.54	15951.57	15925.01	15939.34	879	0	4
2024.01.05	13:15:00	15941.14	15949.17	15916.88	15944.4	2153	0	3
2024.01.05	13:20:00	15950.99	15953.49	15947.62	15953.39	1414	0	3
2024.01.05	13:25:00	15924.49	15927.73	15915.85	15922.23	4836	0	1
2024.01.05	13:30:00	15940.19	15945.31	15931.46	15939.27	2397	0	3
2024.01.05	13:35:00	15946.03	15952.36	15941.54	15947.8	526	0	1
2024.01.05	13:40:00	15925.73	15935.11	15918.35	15928.08	617	0	3
2024.01.05	13:45:00	15920.35	15930.54	15912.04	15919.89	4607	0	3
2024.01.05	13:50:00	15923.49	15936.58	15917.06	15924.97	1205	0	2
2024.01.05	13:55:00	15922.23	15934.84	15915.91	15926.23	503	0	3
2024.01.05	14:00:00	15920.08	15933.68	15919.67	15921.28	1454	0	3
2024.01.05	14:05:00	15920.96	15925.89	15918.69	15919.73	1475	0	1
2024.01.05	14:10:00	15914.87	15930.08	15902.32	15915.51	859	0	2
2024.01.05	14:15:00	15913.48	15933.17	15907.15	15918.58	4983	0	2
2024.01.05	14:20:00	15949.01	15955.68	15944.81	15945.44	766	0	1
2024.01.05	14:25:00	15889.63	15905.87	15884.17	15899.49	3776	0	2
2024.01.05	14:30:00	15893.94	15915.81	15875.52	15895.54	4266	0	1
2024.01.05	14:35:00	15896.8	15920.05	15891.27	15899.04	3400	0	2
2024.01.05	14:40:00	15905.22	15909.4	15902.09	15904.69	1095	0	1
2024.01.05	14:45:00	15900.33	15907.97	15888.27	15898.31	3767	0	1
2024.01.05	14:50:00	15871.08	15874.11	15865.24	15867.03	1983	0	4
2024.01.05	14:55:00	15870.68	15884.39	15857.58	15873.24	2337	0	1
2024.01.05	15:00:00	15906.75	15907.1	15896.82	15904.64	1631	0	1
2024.01.05	15:05:00	15878.06	15879.25	15872.97	15877.36	4028	0	2
2024.01.05	15:10:00	15887.05	15895.68	15885.79	15893.21	3109	0	1
2024.01.05	15:15:00	15894.46	15899.16	15883.95	15887.62	1196	0	4
2024.01.05	15:20:00	15881.66	15891.75	15877.62	15886.83	2333	0	4
2024.01.05	15:25:00	15869.73	15872.17	15854.47	15868.22	4072	0	4
2024.01.05	15:30:00	15863.93	15870.89	15852.57	15862.53	4719	0	4
2024.01.05	15:35:00	15887.21	15895.78	15883.37	15886.22	4727	0	1
2024.01.05	15:40:00	15895.24	15902.9	15888.62	15897.02	1107	0	3
2024.01.05	15:45:00	15931.53	15941.45	15925.72	15928.55	4359	0	1
2024.01.05	15:50:00	15944.48	15960.31	15939.62	15950.12	3048	0	2
2024.01.05	15:55:00	15958.13	15973.72	15957.44	15958.37	3828	0	2
2024.01.08	09:30:00	15988.19	15990.27	15980.84	15990.23	2235	0	3
2024.01.08	09:35:00	15996.05	16024.76	15991.52	15998.5	3431	0	2
2024.01.08	09:40:00	16015.38	16026.86	16004.14	16013.83	1661	0	2
2024.01.08	09:45:00	16012.68	16017.7	15998.34	16008.77	2844	0	4
2024.01.08	09:50:00	16009.05	16014.14	16005.43	16010.3	1516	0	1
2024.01.08	09:55:00	16000.81	16007.4	15988.85	15997.98	2278	0	2
2024.01.08	10:00:00	16016.41	16028.82	16009.35	16016.23	2335	0	2
2024.01.08	10:05:00	15991.97	16007.6	15972.23	15995.2	4395	0	4
2024.01.08	10:10:00	16008.76	16011.21	15998.66	16009.7	3327	0	3
2024.01.08	10:15:00	16005.47	16007.38	15998.91	16006.56	3413	0	1
2024.01.08	10:20:00	16025.59	16028.34	16021.33	16028.12	1776	0	1
2024.01.08	10:25:00	16043.63	16054.03	16037.01	16042.08	2457	0	4
2024.01.08	10:30:00	16076.36	16083.23	16071.37	16075.5	2627	0	4
2024.01.08	10:35:00	16083.34	16104.68	16070.47	16089.13	4031	0	4
2024.01.08	10:40:00	16054.83	16063.78	16052.23	16060.84	1334	0	1
2024.01.08	10:45:00	16061.49	16080.07	16054.99	16059.94	743	0	3
2024.01.08	10:50:00	16036.0	16041.7	16035.41	16038.97	2772	0	3
2024.01.08	10:55:00	16030.97	16041.74	16019.9	16029.88	4159	0	4
2024.01.08	11:00:00	16060.49	16065.76	16043.81	16057.65	3801	0	2
2024.01.08	11:05:00	16064.94	16079.05	16045.74	16069.57	4148	0	2
2024.01.08	11:10:00	16052.04	16062.82	16049.09	16057.18	2270	0	3
2024.01.08	11:15:00	16045.16	16067.05	16031.59	16039.08	1528	0	1
2024.01.08	11:20:00	16041.27	16046.61	16035.8	16039.99	3469	0	3
2024.01.08	11:25:00	16016.71	16021.84	15996.86	16018.23	669	0	2
2024.01.08	11:30:00	16003.0	16010.36	15997.38	16006.39	4529	0	1
2024.01.08	11:35:00	16010.51	16021.04	15985.25	16012.36	3711	0	4
2024.01.08	11:40:00	16029.32	16034.2	16005.25	16033.64	2767	0	2
2024.01.08	11:45:00	16048.23	16063.85	16028.22	16045.02	1399	0	4
2024.01.08	11:50:00	16000.95	16008.58	15999.09	16003.77	1626	0	2
2024.01.08	11:55:00	16013.57	16026.32	15999.33	16009.6	4982	0	2
2024.01.08	12:00:00	16009.78	16016.61	16003.07	16011.23	565	0	2
2024.01.08	12:05:00	16015.27	16019.35	16012.69	16019.06	541	0	3
2024.01.08	12:10:00	16047.17	16053.65	16028.35	16048.72	2063	0	1
2024.01.08	12:15:00	16002.07	16013.96	16001.26	16011.59	1534	0	1
2024.01.08	12:20:00	16000.76	16004.42	15990.37	16001.2	3545	0	1
2024.01.08	12:25:00	16011.61	16014.1	16003.97	16012.23	689	0	1
2024.01.08	12:30:00	15986.88	15993.23	15971.32	15983.9	4034	0	2
2024.01.08	12:35:00	16004.11	16013.99	16002.85	16010.95	4021	0	3
2024.01.08	12:40:00	16022.17	16037.43	16014.88	16017.95	1532	0	4
2024.01.08	12:45:00	16036.61	16044.26	16028.23	16033.63	3104	0	2
2024.01.08	12:50:00	16028.14	16039.34	16012.81	16023.59	3522	0	2
2024.01.08	12:55:00	16038.49	16040.66	16033.78	16038.68	4317	0	1
2024.01.08	13:00:00	16062.11	16068.0	16053.01	16058.42	3796	0	1
2024.01.08	13:05:00	16057.62	16070.61	16047.94	16062.98	4831	0	4
2024.01.08	13:10:00	16070.16	16086.3	16059.13	16067.56	1021	0	3
2024.01.08	13:15:00	16070.0	16073.64	16068.75	16072.8	3245	0	3
2024.01.08	13:20:00	16051.41	16061.6	16042.65	16057.42	3977	0	2
2024.01.08	13:25:00	16050.97	16055.53	16049.35	16055.06	1542	0	3
2024.01.08	13:30:00	16052.63	16064.84	16039.27	16052.61	1482	0	4
2024.01.08	13:35:00	16056.9	16067.37	16056.36	16059.9	916	0	1
2024.01.08	13:40:00	16079.78	16098.43	16067.36	16078.41	4935	0	2
2024.01.08	13:45:00	16052.9	16066.84	16049.33	16059.47	4398	0	1
2024.01.08	13:50:00	16049.79	16062.4	16048.17	16057.52	1044	0	1
2024.01.08	13:55:00	16089.8	16105.82	16083.43	16084.8	1603	0	3
2024.01.08	14:00:00	16074.87	16076.32	16067.26	16071.59	2561	0	3
2024.01.08	14:05:00	16053.13	16068.14	16046.85	16056.95	4520	0	4
2024.01.08	14:10:00	16060.94	16072.44	16060.62	16060.95	4215	0	1
2024.01.08	14:15:00	16080.35	16101.61	16076.08	16076.63	4452	0	1
2024.01.08	14:20:00	16078.69	16086.32	16058.38	16077.16	4227	0	3
2024.01.08	14:25:00	16102.24	16103.03	16090.75	16101.7	3325	0	4
2024.01.08	14:30:00	16121.64	16132.77	16110.04	16117.65	1809	0	4
2024.01.08	14:35:00	16130.67	16133.72	16129.47	16133.34	3217	0	4
2024.01.08	14:40:00	16143.9	16145.12	16134.6	16143.79	2723	0	4
2024.01.08	14:45:00	16186.65	16200.37	16176.32	16186.72	4778	0	4
2024.01.08	14:50:00	16182.28	16209.17	16180.96	16183.28	2518	0	2
2024.01.08	14:55:00	16145.51	16151.46	16140.23	16146.93	3902	0	3
2024.01.08	15:00:00	16176.88	16181.41	16174.39	16176.61	1280	0	3
2024.01.08	15:05:00	16168.68	16177.55	16159.71	16168.55	3574	0	2
2024.01.08	15:10:00	16167.01	16187.46	16157.34	16170.85	2542	0	4
2024.01.08	15:15:00	16198.11	16208.44	16188.91	16195.17	2460	0	4
2024.01.08	15:20:00	16162.57	16177.13	16160.9	16166.14	3896	0	3
2024.01.08	15:25:00	16142.77	16145.52	16142.38	16143.57	2677	0	2
2024.01.08	15:30:00	16113.57	16131.81	16107.36	16114.65	765	0	4
2024.01.08	15:35:00	16101.79	16110.01	16081.07	16100.49	2250	0	1
2024.01.08	15:40:00	16101.1	16123.74	16088.22	16108.83	4834	0	1
2024.01.08	15:45:00	16121.96	16129.29	16111.93	16118.71	4758	0	2
2024.01.08	15:50:00	16121.61	16124.11	16113.46	16124.08	3264	0	1
2024.01.08	15:55:00	16103.07	16107.13	16095.99	16098.63	3371	0	2
2024.01.09	09:30:00	16055.16	16059.27	16047.78	16056.89	1682	0	2
2024.01.09	09:35:00	16058.03	16072.01	16056.86	16058.2	4011	0	3
2024.01.09	09:40:00	16056.91	16063.48	16037.15	16049.95	3197	0	2
2024.01.09	09:45:00	16057.61	16064.48	16050.5	16058.62	667	0	4
2024.01.09	09:50:00	16076.22	16087.41	16070.48	16071.71	4772	0	2
2024.01.09	09:55:00	16074.69	16090.16	16074.08	16074.55	4335	0	2
2024.01.09	10:00:00	16090.22	16097.54	16078.76	16088.71	867	0	3
2024.01.09	10:05:00	16093.46	16109.29	16092.24	16093.21	2379	0	2
2024.01.09	10:10:00	16106.28	16124.72	16101.98	16103.19	3841	0	3
2024.01.09	10:15:00	16088.17	16095.34	16073.1	16090.67	3817	0	4
2024.01.09	10:20:00	16084.14	16097.12	16075.94	16087.72	1253	0	2
2024.01.09	10:25:00	16089.3	16119.71	16079.32	16091.63	680	0	1
2024.01.09	10:30:00	16107.27	16109.05	16087.98	16106.91	4930	0	1
2024.01.09	10:35:00	16099.24	16110.1	16087.0	16100.05	4522	0	1
2024.01.09	10:40:00	16112.47	16120.9	16105.32	16109.88	3822	0	2
2024.01.09	10:45:00	16110.11	16121.23	16098.53	16105.35	3469	0	4
2024.01.09	10:50:00	16099.97	16106.21	16092.39	16103.53	3589	0	2
2024.01.09	10:55:00	16116.3	16142.13	16099.0	16118.98	2558	0	4
2024.01.09	11:00:00	16077.74	16086.73	16064.89	16082.97	3579	0	4
2024.01.09	11:05:00	16067.08	16084.21	16058.61	16059.7	1866	0	3
2024.01.09	11:10:00	16034.2	16044.46	16031.87	16033.09	876	0	4
2024.01.09	11:15:00	15992.84	16003.55	15985.25	15991.1	1899	0	2
2024.01.09	11:20:00	15974.3	15983.44	15973.08	15979.14	1822	0	4
2024.01.09	11:25:00	15993.03	15997.75	15986.92	15993.03	1865	0	3
2024.01.09	11:30:00	15990.04	15992.0	15987.48	15988.19	2619	0	1
2024.01.09	11:35:00	15991.18	15994.28	15974.79	15992.09	1089	0	4
2024.01.09	11:40:00	16016.05	16026.45	16011.28	16012.15	2334	0	4
2024.01.09	11:45:00	16044.95	16050.61	16027.04	16036.56	2587	0	4
2024.01.09	11:50:00	16032.18	16050.52	16019.78	16035.62	1346	0	2
2024.01.09	11:55:00	16056.82	16077.18	16055.67	16060.54	2540	0	1
2024.01.09	12:00:00	16059.34	16063.65	16052.43	16062.54	3534	0	3
2024.01.09	12:05:00	16053.47	16055.39	16045.39	16047.63	2353	0	4
2024.01.09	12:10:00	16040.94	16043.42	16022.45	16037.16	511	0	4
2024.01.09	12:15:00	16010.13	16016.5	16003.87	16010.62	3663	0	3
2024.01.09	12:20:00	15994.98	16012.05	15985.24	15994.84	3103	0	4
2024.01.09	12:25:00	15985.73	15990.14	15985.31	15988.68	2389	0	1
2024.01.09	12:30:00	16006.78	16008.89	16000.49	16003.56	602	0	3
2024.01.09	12:35:00	16033.71	16036.88	16018.11	16035.09	900	0	1
2024.01.09	12:40:00	16009.39	16019.42	16007.84	16010.33	857	0	3
2024.01.09	12:45:00	16019.98	16025.21	16000.13	16017.78	4334	0	1
2024.01.09	12:50:00	15998.55	16003.24	15993.48	15999.24	1889	0	3
2024.01.09	12:55:00	16007.31	16014.83	15994.39	16008.16	2412	0	4
2024.01.09	13:00:00	16006.14	16022.67	16004.21	16006.1	3632	0	1
2024.01.09	13:05:00	15976.15	15992.31	15970.15	15973.27	3448	0	2
2024.01.09	13:10:00	15996.35	15997.04	15979.36	15990.39	789	0	1
2024.01.09	13:15:00	15981.88	15983.67	15971.57	15979.76	4684	0	3
2024.01.09	13:20:00	15973.33	15978.57	15965.62	15970.42	1692	0	4
2024.01.09	13:25:00	15950.69	15951.59	15947.73	15951.41	3953	0	1
2024.01.09	13:30:00	15937.36	15945.17	15935.93	15939.92	4244	0	3
2024.01.09	13:35:00	15950.32	15961.57	15937.69	15947.96	2924	0	4
2024.01.09	13:40:00	15945.48	15945.58	15932.71	15944.86	1229	0	1
2024.01.09	13:45:00	15945.98	15963.23	15940.62	15951.11	2952	0	2
2024.01.09	13:50:00	15956.79	15961.47	15950.07	15957.97	1600	0	1
2024.01.09	13:55:00	15981.87	15999.17	15973.69	15982.17	4322	0	4
2024.01.09	14:00:00	15974.44	15979.44	15966.94	15976.29	3895	0	3
2024.01.09	14:05:00	15955.27	15968.54	15941.52	15949.92	4206	0	3
2024.01.09	14:10:00	15971.26	15974.72	15962.13	15969.52	4227	0	4
2024.01.09	14:15:00	15968.81	15976.9	15958.91	15963.85	1303	0	4
2024.01.09	14:20:00	15985.28	15987.34	15979.39	15984.33	636	0	2
2024.01.09	14:25:00	15991.88	16006.78	15977.43	15991.59	3319	0	3
2024.01.09	14:30:00	15986.14	15995.62	15972.91	15989.53	3262	0	2
2024.01.09	14:35:00	15996.21	16009.81	15981.14	15996.17	4395	0	3
2024.01.09	14:40:00	16031.91	16047.29	16028.97	16031.86	3370	0	4
2024.01.09	14:45:00	16064.96	16071.0	16046.1	16069.93	4114	0	4
2024.01.09	14:50:00	16069.55	16076.61	16055.07	16071.52	2069	0	4
2024.01.09	14:55:00	16073.58	16078.76	16064.73	16074.75	1061	0	2
2024.01.09	15:00:00	16096.18	16101.67	16090.77	16094.67	670	0	4
2024.01.09	15:05:00	16081.27	16081.38	16070.81	16079.59	2460	0	4
2024.01.09	15:10:00	16083.86	16088.47	16069.57	16085.98	508	0	3
2024.01.09	15:15:00	16087.54	16097.31	16063.83	16085.83	2832	0	1
2024.01.09	15:20:00	16091.21	16095.88	16082.8	16091.87	2303	0	1
2024.01.09	15:25:00	16066.57	16089.04	16055.07	16077.02	1660	0	3
2024.01.09	15:30:00	16046.66	16056.11	16044.23	16048.43	3160	0	4
2024.01.09	15:35:00	16015.03	16015.84	15996.28	16011.12	3557	0	4
2024.01.09	15:40:00	15985.11	15992.26	15976.22	15991.2	678	0	1
2024.01.09	15:45:00	15983.62	16011.35	15974.21	15983.21	2643	0	4
2024.01.09	15:50:00	15983.96	15996.14	15974.03	15978.23	4728	0	4
2024.01.09	15:55:00	16010.88	16014.77	16007.37	16013.64	1838	0	2
2024.01.10	09:30:00	16034.03	16046.95	16033.86	16034.02	4014	0	2
2024.01.10	09:35:00	16012.16	16020.4	16008.14	16016.89	2015	0	2
2024.01.10	09:40:00	16029.42	16032.57	16022.95	16023.51	1722	0	3
2024.01.10	09:45:00	16016.15	16024.11	16009.24	16016.45	4355	0	4
2024.01.10	09:50:00	16011.78	16015.86	16006.35	16011.61	2103	0	1
2024.01.10	09:55:00	16020.21	16021.94	16009.76	16015.29	4397	0	2
2024.01.10	10:00:00	16029.25	16033.15	16020.26	16026.85	3445	0	1
2024.01.10	10:05:00	16017.83	16033.72	16008.37	16021.01	4155	0	4
2024.01.10	10:10:00	16038.29	16046.56	16031.3	16040.64	4166	0	2
2024.01.10	10:15:00	16022.03	16025.5	16011.78	16020.24	4612	0	2
2024.01.10	10:20:00	16018.41	16021.34	16007.58	16020.67	2996	0	1
2024.01.10	10:25:00	16060.48	16073.27	16059.05	16068.18	4785	0	1
2024.01.10	10:30:00	16072.37	16074.7	16052.76	16072.56	768	0	2
2024.01.10	10:35:00	16093.59	16101.29	16084.23	16098.99	2713	0	4
2024.01.10	10:40:00	16106.87	16122.56	16099.51	16100.98	2284	0	2
2024.01.10	10:45:00	16112.54	16117.46	16111.08	16111.89	935	0	2
2024.01.10	10:50:00	16107.88	16117.53	16106.89	16111.18	4429	0	3
2024.01.10	10:55:00	16105.85	16115.21	16101.67	16108.39	4100	0	2
2024.01.10	11:00:00	16087.62	16106.5	16077.1	16094.5	3869	0	3
2024.01.10	11:05:00	16098.66	16104.38	16094.52	16102.67	3350	0	2
2024.01.10	11:10:00	16091.18	16100.5	16079.77	16087.47	3208	0	2
2024.01.10	11:15:00	16108.06	16108.21	16094.55	16099.92	2212	0	4
2024.01.10	11:20:00	16122.7	16125.88	16111.88	16120.04	3575	0	4
2024.01.10	11:25:00	16126.72	16129.94	16112.26	16127.06	4889	0	3
2024.01.10	11:30:00	16120.58	16127.3	16108.43	16122.15	1630	0	2
2024.01.10	11:35:00	16127.27	16135.91	16106.05	16130.77	2024	0	4
2024.01.10	11:40:00	16132.97	16137.52	16114.34	16125.45	991	0	2
2024.01.10	11:45:00	16142.17	16146.03	16136.06	16142.86	4584	0	2
2024.01.10	11:50:00	16117.46	16132.56	16102.02	16109.75	2885	0	3
2024.01.10	11:55:00	16109.03	16113.19	16097.47	16103.95	3166	0	2
2024.01.10	12:00:00	16061.68	16074.99	16044.21	16068.01	1699	0	4
2024.01.10	12:05:00	16038.73	16043.1	16029.95	16041.15	664	0	1
2024.01.10	12:10:00	16063.83	16067.64	16058.76	16066.27	4121	0	1
2024.01.10	12:15:00	16082.59	16100.08	16076.39	16082.88	4371	0	2
2024.01.10	12:20:00	16069.89	16070.84	16065.22	16070.11	2034	0	4
2024.01.10	12:25:00	16054.0	16058.67	16041.16	16043.11	3929	0	1
2024.01.10	12:30:00	15985.77	15995.44	15981.43	15989.67	3074	0	4
2024.01.10	12:35:00	15980.98	15982.04	15967.39	15980.15	3391	0	1
2024.01.10	12:40:00	16026.56	16044.5	16017.13	16024.33	1277	0	3
2024.01.10	12:45:00	16032.53	16044.13	16030.66	16032.54	3265	0	2
2024.01.10	12:50:00	16023.11	16026.83	16021.32	16022.71	1225	0	1
2024.01.10	12:55:00	16027.67	16042.39	16009.98	16031.47	1484	0	3
2024.01.10	13:00:00	16003.86	16011.0	16000.01	16003.48	2105	0	1
2024.01.10	13:05:00	16000.26	16002.36	15995.31	15998.41	1465	0	2
2024.01.10	13:10:00	16001.72	16007.88	15999.62	16000.53	4591	0	3
2024.01.10	13:15:00	16001.36	16005.78	15997.5	15999.29	631	0	3
2024.01.10	13:20:00	16019.07	16026.55	15993.8	16013.94	4568	0	1
2024.01.10	13:25:00	16023.91	16040.18	16019.94	16020.52	1193	0	2
2024.01.10	13:30:00	16033.22	16042.69	16027.81	16032.96	4415	0	3
2024.01.10	13:35:00	16016.54	16039.52	15999.58	16020.79	2014	0	3
2024.01.10	13:40:00	16035.23	16045.56	16032.44	16037.41	4645	0	3
2024.01.10	13:45:00	16066.54	16081.05	16051.94	16067.34	2933	0	4
2024.01.10	13:50:00	16050.93	16069.63	16043.29	16050.02	2703	0	1
2024.01.10	13:55:00	16032.48	16036.34	16021.16	16034.21	1088	0	4
2024.01.10	14:00:00	16055.4	16064.61	16039.04	16058.8	2450	0	4
2024.01.10	14:05:00	16051.33	16057.66	16048.03	16055.65	3009	0	4
2024.01.10	14:10:00	16075.5	16085.82	16074.86	16081.51	4925	0	4
2024.01.10	14:15:00	16072.92	16088.0	16062.18	16073.78	1684	0	1
2024.01.10	14:20:00	16095.24	16105.82	16089.51	16100.6	872	0	3
2024.01.10	14:25:00	16099.67	16116.4	16094.35	16103.32	1642	0	2
2024.01.10	14:30:00	16106.91	16117.89	16098.77	16108.35	1593	0	4
2024.01.10	14:35:00	16132.36	16144.08	16124.27	16137.24	4765	0	4
2024.01.10	14:40:00	16132.34	16132.46	16118.25	16130.95	1176	0	1
2024.01.10	14:45:00	16116.8	16119.38	16110.49	16114.09	4965	0	4
2024.01.10	14:50:00	16104.23	16111.93	16100.38	16106.23	1009	0	3
2024.01.10	14:55:00	16113.21	16115.51	16101.68	16114.81	4151	0	3
2024.01.10	15:00:00	16088.54	16094.08	16076.98	16086.59	2365	0	2
2024.01.10	15:05:00	16095.92	16116.4	16079.69	16098.52	744	0	2
2024.01.10	15:10:00	16086.17	16090.18	16083.23	16089.03	3262	0	4
2024.01.10	15:15:00	16114.64	16115.01	16104.85	16110.27	3778	0	4
2024.01.10	15:20:00	16070.2	16084.09	16065.5	16066.98	4273	0	3
2024.01.10	15:25:00	16055.18	16060.17	16049.18	16053.0	1302	0	4
2024.01.10	15:30:00	16026.05	16038.07	16019.42	16022.69	3278	0	1
2024.01.10	15:35:00	16000.86	16010.3	15994.99	16008.03	3061	0	2
2024.01.10	15:40:00	16017.75	16027.51	16010.31	16012.84	2491	0	3
2024.01.10	15:45:00	16011.33	16014.6	16000.81	16009.91	4521	0	1
2024.01.10	15:50:00	16009.3	16010.18	16002.28	16005.64	2404	0	2
2024.01.10	15:55:00	16004.48	16017.6	15995.25	16003.07	2210	0	4
2024.01.11	09:30:00	16007.26	16007.79	16002.54	16007.08	2863	0	3
2024.01.11	09:35:00	15988.13	16000.29	15983.04	15989.13	4679	0	3
2024.01.11	09:40:00	16003.58	16014.76	16000.56	16002.25	4403	0	1
2024.01.11	09:45:00	16013.45	16016.8	15997.18	16014.58	3687	0	1
2024.01.11	09:50:00	16025.04	16028.55	16004.16	16021.89	863	0	2
2024.01.11	09:55:00	16026.55	16038.64	16018.96	16032.31	1854	0	2
2024.01.11	10:00:00	16036.04	16040.26	16034.97	16038.01	568	0	1
2024.01.11	10:05:00	16082.77	16086.81	16062.94	16075.33	927	0	3
2024.01.11	10:10:00	16071.79	16078.01	16069.79	16074.07	4242	0	4
2024.01.11	10:15:00	16067.93	16077.69	16060.75	16068.8	4169	0	3
2024.01.11	10:20:00	16052.21	16070.38	16037.39	16055.42	961	0	1
2024.01.11	10:25:00	16038.2	16040.59	16022.4	16036.98	2561	0	4
2024.01.11	10:30:00	16012.05	16019.31	16008.57	16014.72	1756	0	2
2024.01.11	10:35:00	15998.26	16015.58	15990.34	15998.93	827	0	1
2024.01.11	10:40:00	16001.05	16018.12	15997.89	15997.97	2216	0	2
2024.01.11	10:45:00	16001.82	16022.39	15995.78	16004.35	964	0	1
2024.01.11	10:50:00	16008.46	16016.98	15996.34	16005.6	3812	0	3
2024.01.11	10:55:00	15995.03	16000.18	15991.5	15992.05	4851	0	3
2024.01.11	11:00:00	16012.5	16020.4	16001.78	16008.68	2401	0	3
2024.01.11	11:05:00	16022.92	16029.8	16016.4	16022.41	1593	0	1
2024.01.11	11:10:00	16031.59	16034.81	16017.6	16019.83	2748	0	2
2024.01.11	11:15:00	16012.13	16023.73	15999.23	16008.31	4849	0	2
2024.01.11	11:20:00	16019.75	16019.76	16015.56	16018.58	1218	0	4
2024.01.11	11:25:00	16019.13	16023.47	16014.33	16022.31	3565	0	3
2024.01.11	11:30:00	15996.02	16010.3	15993.5	15996.38	919	0	3
2024.01.11	11:35:00	16000.63	16006.47	15986.27	15995.47	1852	0	2
2024.01.11	11:40:00	16006.73	16009.09	15990.64	16000.53	2477	0	2
2024.01.11	11:45:00	15989.91	15994.12	15976.01	15984.56	2226	0	4
2024.01.11	11:50:00	15991.16	15993.29	15982.87	15988.32	1303	0	4
2024.01.11	11:55:00	15957.78	15963.95	15953.81	15962.32	3996	0	1
2024.01.11	12:00:00	15988.57	15988.99	15973.66	15986.81	3528	0	3
2024.01.11	12:05:00	16005.23	16016.86	15992.99	16009.73	2459	0	4
2024.01.11	12:10:00	16000.09	16007.28	15990.13	16005.48	2384	0	1
2024.01.11	12:15:00	16013.25	16026.44	16010.58	16012.39	836	0	3
2024.01.11	12:20:00	15970.96	15976.11	15963.47	15969.07	3472	0	2
2024.01.11	12:25:00	15951.76	15959.06	15945.81	15948.5	1534	0	3
2024.01.11	12:30:00	15945.31	15957.26	15935.53	15943.51	1854	0	3
2024.01.11	12:35:00	15926.4	15935.62	15918.05	15924.49	4371	0	4
2024.01.11	12:40:00	15934.14	15940.25	15933.14	15937.69	3389	0	1
2024.01.11	12:45:00	15973.71	15974.97	15964.82	15974.09	3632	0	1
2024.01.11	12:50:00	15947.7	15972.41	15942.2	15953.15	1691	0	2
2024.01.11	12:55:00	15931.11	15941.81	15911.88	15938.34	2754	0	4
2024.01.11	13:00:00	15945.59	15956.14	15925.72	15942.91	561	0	3
2024.01.11	13:05:00	15969.62	15976.42	15955.29	15972.34	1604	0	1
2024.01.11	13:10:00	15953.72	15955.22	15934.74	15950.57	4100	0	1
2024.01.11	13:15:00	15959.39	15968.82	15951.11	15955.39	2635	0	4
2024.01.11	13:20:00	15986.4	15995.85	15983.31	15988.64	3356	0	1
2024.01.11	13:25:00	15961.22	15970.46	15955.19	15959.09	4049	0	1
2024.01.11	13:30:00	15933.89	15961.29	15928.74	15936.28	4716	0	2
2024.01.11	13:35:00	15922.29	15944.58	15919.59	15928.95	866	0	3
2024.01.11	13:40:00	15920.33	15926.06	15911.18	15919.88	3114	0	2
2024.01.11	13:45:00	15933.16	15957.06	15925.78	15934.86	4976	0	1
2024.01.11	13:50:00	15937.95	15946.6	15931.99	15939.54	1399	0	1
2024.01.11	13:55:00	15914.97	15930.86	15894.99	15907.85	4368	0	2
2024.01.11	14:00:00	15911.96	15917.52	15896.06	15917.46	3110	0	4
2024.01.11	14:05:00	15908.75	15911.23	15904.39	15907.37	1930	0	1
2024.01.11	14:10:00	15927.07	15936.56	15916.0	15930.66	4024	0	3
2024.01.11	14:15:00	15922.94	15932.63	15903.69	15919.66	4417	0	1
2024.01.11	14:20:00	15909.58	15910.37	15899.34	15908.51	1142	0	3
2024.01.11	14:25:00	15919.94	15922.11	15915.53	15918.58	3567	0	1
2024.01.11	14:30:00	15929.24	15937.37	15926.93	15932.65	4713	0	1
2024.01.11	14:35:00	15938.29	15943.37	15934.41	15941.06	3498	0	1
2024.01.11	14:40:00	15914.32	15917.38	15904.1	15910.98	2962	0	3
2024.01.11	14:45:00	15927.38	15936.73	15918.79	15920.99	1128	0	3
2024.01.11	14:50:00	15904.41	15915.75	15898.06	15902.68	2526	0	1
2024.01.11	14:55:00	15904.0	15917.0	15896.66	15907.23	4576	0	2
2024.01.11	15:00:00	15883.15	15884.66	15880.36	15881.93	4096	0	2
2024.01.11	15:05:00	15899.01	15918.27	15883.35	15890.27	2526	0	1
2024.01.11	15:10:00	15876.45	15877.79	15874.3	15876.09	1890	0	1
2024.01.11	15:15:00	15858.61	15865.42	15852.3	15853.36	4114	0	4
2024.01.11	15:20:00	15863.84	15867.66	15847.27	15866.5	4854	0	3
2024.01.11	15:25:00	15871.01	15877.19	15868.68	15871.16	1847	0	3
2024.01.11	15:30:00	15862.67	15862.86	15841.36	15860.45	4148	0	2
2024.01.11	15:35:00	15888.28	15897.62	15874.3	15886.85	1886	0	2
2024.01.11	15:40:00	15876.48	15890.75	15872.44	15879.24	4223	0	4
2024.01.11	15:45:00	15877.22	15891.13	15876.04	15880.13	4841	0	2
2024.01.11	15:50:00	15888.84	15897.56	15881.36	15885.29	3484	0	1
2024.01.11	15:55:00	15878.75	15878.75	15865.95	15874.46	2734	0	2
2024.01.12	09:30:00	15888.69	15897.28	15865.82	15883.25	1913	0	3
2024.01.12	09:35:00	15880.46	15888.68	15873.51	15873.98	769	0	3
2024.01.12	09:40:00	15867.38	15874.52	15851.29	15866.9	736	0	3
2024.01.12	09:45:00	15890.6	15894.44	15887.65	15891.72	4260	0	4
2024.01.12	09:50:00	15878.18	15884.68	15862.48	15873.32	3476	0	1
2024.01.12	09:55:00	15832.89	15845.2	15828.93	15830.33	1522	0	3
2024.01.12	10:00:00	15856.02	15863.37	15847.93	15859.55	2984	0	4
2024.01.12	10:05:00	15901.99	15922.26	15893.07	15905.71	4454	0	4
2024.01.12	10:10:00	15900.51	15905.26	15890.48	15898.73	3415	0	4
2024.01.12	10:15:00	15863.59	15870.48	15849.92	15864.22	4623	0	3
2024.01.12	10:20:00	15858.87	15864.59	15858.23	15858.96	1028	0	1
2024.01.12	10:25:00	15857.99	15872.54	15839.07	15854.14	827	0	4
2024.01.12	10:30:00	15853.77	15854.34	15847.6	15851.05	3499	0	1
2024.01.12	10:35:00	15836.16	15836.93	15830.13	15831.4	3120	0	3
2024.01.12	10:40:00	15835.18	15852.19	15831.15	15842.11	3596	0	2
2024.01.12	10:45:00	15852.74	15854.38	15842.68	15851.83	4916	0	3
2024.01.12	10:50:00	15827.84	15829.42	15815.82	15825.35	990	0	4
2024.01.12	10:55:00	15832.73	15846.26	15822.99	15838.2	4689	0	3
2024.01.12	11:00:00	15873.02	15888.61	15870.79	15875.37	773	0	1
2024.01.12	11:05:00	15875.76	15881.35	15871.46	15878.78	2863	0	4
2024.01.12	11:10:00	15873.11	15880.56	15870.84	15873.04	4243	0	4
2024.01.12	11:15:00	15876.65	15877.24	15867.86	15870.8	3562	0	1
2024.01.12	11:20:00	15889.45	15902.65	15877.97	15882.18	1501	0	3
2024.01.12	11:25:00	15848.48	15865.55	15846.63	15851.4	3219	0	1
2024.01.12	11:30:00	15856.56	15871.73	15844.22	15854.67	4559	0	3
2024.01.12	11:35:00	15849.99	15856.89	15835.29	15847.98	1414	0	1
2024.01.12	11:40:00	15882.88	15890.67	15870.5	15881.49	4718	0	2
2024.01.12	11:45:00	15880.11	15881.85	15876.8	15878.68	3438	0	2
2024.01.12	11:50:00	15910.1	15913.71	15901.45	15909.01	890	0	4
2024.01.12	11:55:00	15895.53	15902.24	15872.53	15889.46	1999	0	4
2024.01.12	12:00:00	15904.31	15911.64	15884.3	15900.35	4379	0	4
2024.01.12	12:05:00	15902.6	15912.78	15895.43	15906.41	2020	0	3
2024.01.12	12:10:00	15893.95	15895.66	15879.62	15891.09	4760	0	2
2024.01.12	12:15:00	15897.81	15905.95	15894.07	15894.6	2389	0	1
2024.01.12	12:20:00	15917.89	15928.4	15907.34	15916.75	2042	0	3
2024.01.12	12:25:00	15915.31	15917.1	15904.14	15911.24	4334	0	2
2024.01.12	12:30:00	15881.78	15883.97	15869.74	15881.1	4034	0	2
2024.01.12	12:35:00	15881.82	15885.58	15876.16	15881.1	1572	0	1
2024.01.12	12:40:00	15865.64	15865.72	15856.17	15865.2	4014	0	1
2024.01.12	12:45:00	15852.12	15864.27	15851.94	15859.37	1628	0	4
2024.01.12	12:50:00	15857.93	15869.43	15855.72	15858.22	4530	0	2
2024.01.12	12:55:00	15825.55	15832.77	15811.47	15827.94	533	0	4
2024.01.12	13:00:00	15795.08	15801.94	15788.97	15799.33	3479	0	3
2024.01.12	13:05:00	15813.41	15827.65	15806.4	15808.27	1197	0	1
2024.01.12	13:10:00	15801.04	15807.42	15790.99	15799.23	3545	0	1
2024.01.12	13:15:00	15753.63	15758.34	15750.72	15753.73	4904	0	2
2024.01.12	13:20:00	15766.04	15770.92	15764.66	15768.06	3504	0	1
2024.01.12	13:25:00	15774.29	15779.65	15768.25	15773.24	2452	0	4
2024.01.12	13:30:00	15764.34	15769.26	15760.78	15760.81	4204	0	4
2024.01.12	13:35:00	15734.69	15756.24	15719.1	15737.64	1378	0	3
2024.01.12	13:40:00	15752.84	15759.52	15740.8	15752.85	2944	0	2
2024.01.12	13:45:00	15762.5	15776.95	15759.26	15759.4	4845	0	4
2024.01.12	13:50:00	15795.36	15811.69	15785.53	15802.29	2101	0	3
2024.01.12	13:55:00	15809.92	15816.43	15787.9	15810.13	622	0	2
2024.01.12	14:00:00	15815.85	15826.11	15806.63	15817.39	2487	0	4
2024.01.12	14:05:00	15814.23	15815.55	15809.24	15814.71	2678	0	1
2024.01.12	14:10:00	15827.86	15840.89	15825.98	15829.66	4153	0	3
2024.01.12	14:15:00	15841.68	15855.49	15833.44	15841.19	4120	0	3
2024.01.12	14:20:00	15870.88	15875.41	15856.24	15863.97	2030	0	4
2024.01.12	14:25:00	15853.76	15874.15	15852.02	15854.93	3977	0	1
2024.01.12	14:30:00	15848.48	15851.67	15845.15	15847.43	1143	0	2
2024.01.12	14:35:00	15846.31	15860.95	15835.41	15839.15	1351	0	4
2024.01.12	14:40:00	15851.68	15863.11	15847.9	15853.66	3218	0	2
2024.01.12	14:45:00	15887.42	15903.96	15868.33	15880.89	3685	0	4
2024.01.12	14:50:00	15872.98	15879.77	15872.04	15872.96	4132	0	4
2024.01.12	14:55:00	15872.05	15876.72	15852.39	15865.65	3300	0	2
2024.01.12	15:00:00	15874.3	15875.23	15868.26	15871.61	1074	0	2
2024.01.12	15:05:00	15868.61	15870.33	15864.09	15867.51	3538	0	2
2024.01.12	15:10:00	15884.71	15895.56	15863.08	15884.94	2431	0	1
2024.01.12	15:15:00	15842.57	15844.91	15827.75	15844.81	1697	0	4
2024.01.12	15:20:00	15830.57	15839.57	15815.26	15830.3	2025	0	1
2024.01.12	15:25:00	15819.81	15819.99	15809.46	15816.6	4148	0	4
2024.01.12	15:30:00	15775.37	15782.83	15755.79	15775.41	1298	0	4
2024.01.12	15:35:00	15757.4	15769.66	15756.66	15758.53	3016	0	2
2024.01.12	15:40:00	15741.63	15749.74	15739.6	15742.52	873	0	1
2024.01.12	15:45:00	15742.79	15746.29	15720.01	15739.25	3762	0	4
2024.01.12	15:50:00	15763.79	15766.85	15756.5	15759.41	1174	0	2
2024.01.12	15:55:00	15752.98	15762.5	15743.31	15755.36	4728	0	1
2024.01.15	09:30:00	15734.91	15756.99	15731.27	15737.29	4469	0	2
2024.01.15	09:35:00	15737.94	15741.69	15726.24	15736.59	4349	0	4
2024.01.15	09:40:00	15761.06	15769.07	15739.58	15755.61	2068	0	3
2024.01.15	09:45:00	15742.61	15748.75	15733.61	15738.53	4020	0	3
2024.01.15	09:50:00	15718.17	15729.35	15697.88	15722.62	1105	0	3
2024.01.15	09:55:00	15731.94	15741.68	15722.83	15732.88	1803	0	1
2024.01.15	10:00:00	15725.94	15730.62	15712.15	15729.25	1096	0	4
2024.01.15	10:05:00	15740.15	15762.11	15724.09	15741.1	743	0	3
2024.01.15	10:10:00	15746.89	15753.57	15739.32	15741.18	2151	0	3
2024.01.15	10:15:00	15748.93	15755.22	15743.29	15754.0	3085	0	3
2024.01.15	10:20:00	15730.09	15739.06	15726.11	15735.86	4380	0	2
2024.01.15	10:25:00	15733.01	15751.56	15728.41	15735.96	655	0	3
2024.01.15	10:30:00	15733.55	15743.54	15724.38	15732.52	2331	0	4
2024.01.15	10:35:00	15713.4	15735.74	15699.99	15711.19	3713	0	2
2024.01.15	10:40:00	15685.27	15700.63	15679.79	15683.72	1406	0	1
2024.01.15	10:45:00	15700.39	15713.97	15695.18	15696.21	3815	0	3
2024.01.15	10:50:00	15684.03	15693.78	15673.7	15690.29	3065	0	4
2024.01.15	10:55:00	15676.67	15677.87	15669.83	15672.45	3033	0	4
2024.01.15	11:00:00	15669.95	15684.83	15659.61	15671.06	1062	0	4
2024.01.15	11:05:00	15694.0	15695.95	15678.27	15691.4	1256	0	2
2024.01.15	11:10:00	15646.56	15667.13	15642.72	15651.25	4448	0	4
2024.01.15	11:15:00	15625.08	15626.24	15618.77	15625.06	4440	0	1
2024.01.15	11:20:00	15609.89	15614.88	15606.02	15609.05	2536	0	3
2024.01.15	11:25:00	15639.3	15654.87	15627.59	15635.21	3181	0	4
2024.01.15	11:30:00	15634.91	15652.75	15626.64	15640.53	2938	0	4
2024.01.15	11:35:00	15654.54	15655.17	15649.73	15654.44	2817	0	3
2024.01.15	11:40:00	15630.71	15650.1	15623.83	15634.55	3704	0	3
2024.01.15	11:45:00	15616.84	15625.02	15610.75	15615.06	3054	0	2
2024.01.15	11:50:00	15626.04	15637.34	15623.23	15623.29	1063	0	4
2024.01.15	11:55:00	15629.19	15630.35	15620.01	15624.63	872	0	4
2024.01.15	12:00:00	15632.76	15636.49	15627.83	15634.66	4326	0	1
2024.01.15	12:05:00	15634.93	15639.38	15622.18	15631.65	3831	0	1
2024.01.15	12:10:00	15641.7	15648.58	15633.38	15636.88	1394	0	4
2024.01.15	12:15:00	15634.18	15640.69	15624.44	15640.0	773	0	4
2024.01.15	12:20:00	15656.26	15665.68	15651.92	15654.09	1487	0	1
2024.01.15	12:25:00	15672.11	15675.28	15660.21	15668.71	3102	0	2
2024.01.15	12:30:00	15639.4	15667.28	15634.83	15640.31	3127	0	3
2024.01.15	12:35:00	15596.6	15605.86	15591.19	15600.88	1261	0	1
2024.01.15	12:40:00	15622.23	15630.22	15604.31	15618.9	1292	0	3
2024.01.15	12:45:00	15635.98	15649.32	15627.77	15640.23	1434	0	4
2024.01.15	12:50:00	15621.85	15624.34	15615.91	15622.48	2494	0	1
2024.01.15	12:55:00	15589.78	15605.1	15583.18	15589.92	1549	0	4
2024.01.15	13:00:00	15594.51	15597.11	15583.32	15591.98	2553	0	1
2024.01.15	13:05:00	15606.52	15625.58	15597.95	15608.74	564	0	1
2024.01.15	13:10:00	15638.43	15642.29	15618.85	15640.85	4712	0	3
2024.01.15	13:15:00	15650.66	15662.64	15643.55	15650.31	4513	0	4
2024.01.15	13:20:00	15647.61	15650.98	15629.89	15644.04	2023	0	4
2024.01.15	13:25:00	15636.64	15641.99	15614.46	15628.54	4119	0	4
2024.01.15	13:30:00	15623.72	15649.44	15621.67	15629.06	2909	0	4
2024.01.15	13:35:00	15625.19	15634.72	15619.88	15624.07	640	0	4
2024.01.15	13:40:00	15602.6	15607.77	15591.64	15606.44	1781	0	2
2024.01.15	13:45:00	15646.61	15653.02	15642.47	15643.0	756	0	1
2024.01.15	13:50:00	15671.63	15682.68	15670.42	15674.96	3685	0	4
2024.01.15	13:55:00	15693.05	15701.8	15687.48	15695.45	4022	0	1
2024.01.15	14:00:00	15677.32	15686.72	15656.37	15679.41	3277	0	3
2024.01.15	14:05:00	15694.64	15699.25	15694.01	15694.91	530	0	4
2024.01.15	14:10:00	15707.74	15727.75	15700.28	15706.59	1562	0	1
2024.01.15	14:15:00	15716.5	15720.2	15705.21	15714.78	2610	0	4
2024.01.15	14:20:00	15737.33	15746.35	15733.56	15737.35	1150	0	2
2024.01.15	14:25:00	15744.24	15752.26	15731.31	15748.99	982	0	1
2024.01.15	14:30:00	15765.1	15772.26	15755.31	15762.5	1869	0	2
2024.01.15	14:35:00	15774.0	15781.34	15769.68	15774.19	3162	0	2
2024.01.15	14:40:00	15784.75	15799.39	15777.02	15780.59	898	0	2
2024.01.15	14:45:00	15746.55	15761.03	15745.98	15749.07	4992	0	1
2024.01.15	14:50:00	15745.16	15756.15	15734.55	15750.88	2565	0	1
2024.01.15	14:55:00	15741.16	15747.36	15734.47	15741.28	1274	0	2
2024.01.15	15:00:00	15723.41	15734.39	15717.13	15718.8	590	0	1
2024.01.15	15:05:00	15749.65	15761.96	15746.74	15749.07	4805	0	3
2024.01.15	15:10:00	15779.54	15784.98	15775.05	15780.25	3175	0	4
2024.01.15	15:15:00	15801.76	15805.61	15796.01	15804.87	4394	0	1
2024.01.15	15:20:00	15816.05	15823.16	15796.16	15809.76	3994	0	1
2024.01.15	15:25:00	15830.58	15844.53	15822.0	15834.27	4936	0	3
2024.01.15	15:30:00	15832.2	15851.34	15826.03	15834.8	4503	0	1
2024.01.15	15:35:00	15840.8	15844.72	15833.95	15838.75	3947	0	3
2024.01.15	15:40:00	15812.82	15828.48	15809.16	15819.47	4330	0	2
2024.01.15	15:45:00	15831.47	15832.06	15815.63	15826.9	4356	0	2
2024.01.15	15:50:00	15830.54	15831.61	15818.1	15828.3	1646	0	3
2024.01.15	15:55:00	15808.51	15810.73	15800.24	15805.29	3175	0	4
2024.01.16	09:30:00	15806.69	15815.08	15791.37	15804.69	4936	0	1
2024.01.16	09:35:00	15803.0	15811.02	15791.22	15803.58	4402	0	1
2024.01.16	09:40:00	15832.28	15837.84	15829.49	15836.09	973	0	3
2024.01.16	09:45:00	15851.95	15856.42	15838.83	15852.45	1001	0	1
2024.01.16	09:50:00	15849.47	15853.94	15842.94	15852.97	1400	0	2
2024.01.16	09:55:00	15859.5	15864.86	15852.4	15857.76	3837	0	2
2024.01.16	10:00:00	15861.77	15863.53	15853.33	15858.87	2272	0	2
2024.01.16	10:05:00	15860.85	15884.35	15850.77	15855.54	3329	0	3
2024.01.16	10:10:00	15837.77	15839.41	15836.34	15836.44	1128	0	1
2024.01.16	10:15:00	15837.36	15841.4	15822.57	15834.05	769	0	2
2024.01.16	10:20:00	15819.93	15827.31	15810.22	15820.99	3969	0	1
2024.01.16	10:25:00	15797.22	15808.05	15795.92	15798.93	1812	0	4
2024.01.16	10:30:00	15810.09	15816.89	15786.2	15808.39	694	0	4
2024.01.16	10:35:00	15814.33	15822.58	15803.82	15815.71	1472	0	2
2024.01.16	10:40:00	15785.03	15786.95	15769.86	15784.06	1954	0	1
2024.01.16	10:45:00	15778.39	15791.43	15765.97	15782.19	2323	0	2
2024.01.16	10:50:00	15797.15	15811.68	15793.47	15800.31	4535	0	4
2024.01.16	10:55:00	15821.86	15824.4	15816.05	15819.58	1392	0	4
2024.01.16	11:00:00	15841.47	15842.49	15830.02	15838.29	3218	0	3
2024.01.16	11:05:00	15835.77	15847.32	15827.61	15839.3	1736	0	4
2024.01.16	11:10:00	15826.87	15834.97	15824.46	15824.47	2743	0	1
2024.01.16	11:15:00	15803.47	15811.8	15803.29	15805.38	1832	0	3
2024.01.16	11:20:00	15811.92	15812.4	15797.52	15811.86	2049	0	4
2024.01.16	11:25:00	15824.05	15839.65	15798.43	15818.97	3199	0	1
2024.01.16	11:30:00	15845.26	15852.68	15840.04	15842.36	3154	0	2
2024.01.16	11:35:00	15865.28	15873.93	15861.84	15862.42	1106	0	2
2024.01.16	11:40:00	15867.22	15871.46	15854.74	15860.37	1205	0	1
2024.01.16	11:45:00	15835.83	15840.27	15833.44	15838.36	1584	0	1
2024.01.16	11:50:00	15829.42	15833.3	15826.21	15832.95	4547	0	4
2024.01.16	11:55:00	15834.57	15840.24	15834.55	15837.16	1927	0	3
2024.01.16	12:00:00	15832.94	15834.46	15832.81	15833.86	3100	0	1
2024.01.16	12:05:00	15815.38	15824.35	15808.17	15823.81	2520	0	3
2024.01.16	12:10:00	15827.92	15832.67	15825.88	15828.66	2093	0	3
2024.01.16	12:15:00	15818.0	15826.87	15811.69	15819.95	671	0	2
2024.01.16	12:20:00	15811.83	15821.51	15808.93	15809.02	2485	0	2
2024.01.16	12:25:00	15816.17	15835.02	15812.84	15814.91	4996	0	3
2024.01.16	12:30:00	15805.88	15809.87	15803.72	15808.03	4734	0	4
2024.01.16	12:35:00	15814.83	15819.03	15803.74	15812.72	1851	0	4
2024.01.16	12:40:00	15820.52	15824.27	15815.04	15817.93	2899	0	2
2024.01.16	12:45:00	15795.1	15810.85	15793.68	15797.85	1793	0	1
2024.01.16	12:50:00	15787.79	15794.03	15786.12	15789.56	4646	0	1
2024.01.16	12:55:00	15807.63	15816.52	15806.65	15815.6	2996	0	1
2024.01.16	13:00:00	15791.22	15804.69	15790.95	15795.12	4640	0	1
2024.01.16	13:05:00	15754.98	15760.59	15754.47	15757.62	4343	0	4
2024.01.16	13:10:00	15725.02	15735.56	15719.78	15724.76	1973	0	3
2024.01.16	13:15:00	15722.22	15729.93	15715.41	15725.59	2555	0	1
2024.01.16	13:20:00	15724.62	15734.34	15717.25	15726.45	3062	0	4
2024.01.16	13:25:00	15720.31	15735.36	15704.43	15724.67	1619	0	1
2024.01.16	13:30:00	15747.23	15747.93	15741.24	15746.62	4242	0	3
2024.01.16	13:35:00	15700.87	15700.95	15693.43	15699.35	3046	0	1
2024.01.16	13:40:00	15708.14	15711.57	15689.73	15706.71	1433	0	3
2024.01.16	13:45:00	15734.86	15758.87	15727.43	15734.81	2673	0	3
2024.01.16	13:50:00	15709.56	15718.72	15696.61	15715.05	4197	0	4
2024.01.16	13:55:00	15706.4	15712.61	15697.65	15708.61	2403	0	3
2024.01.16	14:00:00	15694.09	15702.34	15691.13	15695.53	3695	0	2
2024.01.16	14:05:00	15678.53	15684.65	15673.01	15679.96	4927	0	3
2024.01.16	14:10:00	15674.75	15682.48	15667.75	15674.48	2007	0	3
2024.01.16	14:15:00	15705.22	15710.45	15695.84	15700.15	4981	0	2
2024.01.16	14:20:00	15736.06	15736.55	15726.67	15733.17	2364	0	3
2024.01.16	14:25:00	15723.98	15735.47	15715.67	15727.5	3028	0	3
2024.01.16	14:30:00	15764.19	15774.41	15761.29	15761.77	3978	0	4
2024.01.16	14:35:00	15765.01	15774.26	15759.34	15762.72	806	0	1
2024.01.16	14:40:00	15791.49	15799.32	15784.16	15794.37	3656	0	3
2024.01.16	14:45:00	15796.05	15817.64	15785.44	15793.02	3051	0	4
2024.01.16	14:50:00	15795.1	15811.46	15778.69	15795.68	3449	0	3
2024.01.16	14:55:00	15797.49	15809.71	15788.14	15802.53	4786	0	4
2024.01.16	15:00:00	15861.46	15863.68	15854.35	15859.83	2683	0	2
2024.01.16	15:05:00	15876.22	15890.97	15873.32	15875.44	4665	0	3
2024.01.16	15:10:00	15862.23	15864.32	15853.8	15863.05	3054	0	1
2024.01.16	15:15:00	15880.65	15882.25	15877.31	15880.78	1469	0	2
2024.01.16	15:20:00	15872.01	15885.63	15849.08	15874.59	3436	0	1
2024.01.16	15:25:00	15868.3	15882.99	15864.97	15866.11	1355	0	4
2024.01.16	15:30:00	15882.6	15884.26	15878.47	15882.76	4546	0	4
2024.01.16	15:35:00	15884.24	15887.5	15881.55	15883.64	1185	0	1
2024.01.16	15:40:00	15890.25	15893.0	15875.75	15888.97	2744	0	4
2024.01.16	15:45:00	15885.38	15893.86	15872.35	15889.53	4189	0	2
2024.01.16	15:50:00	15892.69	15896.09	15889.88	15895.91	541	0	3
2024.01.16	15:55:00	15895.92	15920.42	15886.48	15903.88	2705	0	4
2024.01.17	09:30:00	15871.38	15875.52	15860.22	15869.35	2778	0	4
2024.01.17	09:35:00	15877.29	15883.1	15877.16	15881.65	2021	0	1
2024.01.17	09:40:00	15864.8	15882.52	15855.95	15864.32	3527	0	1
2024.01.17	09:45:00	15840.08	15840.15	15828.43	15838.75	1961	0	1
2024.01.17	09:50:00	15840.18	15848.63	15828.04	15838.02	2184	0	4
2024.01.17	09:55:00	15835.52	15840.3	15834.7	15839.84	1739	0	3
2024.01.17	10:00:00	15827.49	15830.66	15819.16	15827.73	3309	0	1
2024.01.17	10:05:00	15848.94	15852.84	15838.75	15842.94	4471	0	3
2024.01.17	10:10:00	15825.34	15825.58	15803.54	15819.2	1299	0	3
2024.01.17	10:15:00	15815.77	15827.05	15799.8	15812.23	2343	0	3
2024.01.17	10:20:00	15803.29	15817.92	15795.53	15802.08	1516	0	3
2024.01.17	10:25:00	15797.96	15803.91	15789.44	15801.56	1598	0	1
2024.01.17	10:30:00	15809.44	15821.82	15804.93	15806.87	4872	0	2
2024.01.17	10:35:00	15788.59	15789.86	15781.52	15789.15	3696	0	3
2024.01.17	10:40:00	15804.43	15811.71	15793.79	15802.42	4750	0	4
2024.01.17	10:45:00	15801.6	15812.93	15792.55	15803.87	3359	0	1
2024.01.17	10:50:00	15769.75	15772.75	15766.79	15770.36	3499	0	3
2024.01.17	10:55:00	15736.33	15743.59	15730.29	15735.74	3719	0	4
2024.01.17	11:00:00	15736.72	15738.46	15731.76	15735.84	3438	0	3
2024.01.17	11:05:00	15733.98	15744.73	15729.68	15732.22	4198	0	1
2024.01.17	11:10:00	15728.63	15735.41	15716.94	15730.69	1967	0	3
2024.01.17	11:15:00	15725.72	15737.17	15713.9	15730.51	955	0	1
2024.01.17	11:20:00	15740.63	15744.75	15719.69	15734.84	2698	0	2
2024.01.17	11:25:00	15760.93	15762.73	15749.94	15752.05	508	0	3
2024.01.17	11:30:00	15734.15	15735.21	15729.38	15732.56	712	0	1
2024.01.17	11:35:00	15707.3	15712.46	15696.75	15712.01	727	0	1
2024.01.17	11:40:00	15690.14	15703.26	15672.76	15692.88	848	0	4
2024.01.17	11:45:00	15700.14	15721.0	15684.49	15698.33	3680	0	3
2024.01.17	11:50:00	15725.56	15725.84	15705.34	15720.79	3189	0	2
2024.01.17	11:55:00	15709.11	15714.14	15706.31	15713.43	4705	0	1
2024.01.17	12:00:00	15668.85	15681.46	15664.41	15669.29	1804	0	1
2024.01.17	12:05:00	15640.1	15646.05	15635.03	15639.4	1989	0	2
2024.01.17	12:10:00	15628.03	15634.44	15609.2	15624.97	2705	0	3
2024.01.17	12:15:00	15614.21	15618.58	15599.8	15615.42	4015	0	1
2024.01.17	12:20:00	15602.99	15624.85	15595.78	15608.51	4688	0	4
2024.01.17	12:25:00	15611.7	15620.63	15608.07	15609.51	3781	0	2
2024.01.17	12:30:00	15608.29	15613.36	15597.69	15604.31	2782	0	1
2024.01.17	12:35:00	15622.88	15626.54	15621.16	15623.17	4901	0	1
2024.01.17	12:40:00	15612.97	15614.42	15609.54	15611.53	1315	0	4
2024.01.17	12:45:00	15594.93	15614.26	15586.51	15596.61	2618	0	2
2024.01.17	12:50:00	15602.39	15612.47	15594.54	15605.38	1610	0	2
2024.01.17	12:55:00	15582.2	15588.81	15555.5	15578.58	1247	0	1
2024.01.17	13:00:00	15587.14	15599.49	15571.61	15585.77	2284	0	4
2024.01.17	13:05:00	15589.62	15594.62	15578.82	15587.89	3943	0	4
2024.01.17	13:10:00	15590.9	15591.39	15579.81	15585.6	1939	0	1
2024.01.17	13:15:00	15610.24	15626.6	15608.58	15613.97	4184	0	3
2024.01.17	13:20:00	15601.33	15607.07	15591.79	15603.28	3249	0	2
2024.01.17	13:25:00	15640.6	15642.98	15629.31	15640.04	3682	0	1
2024.01.17	13:30:00	15634.36	15641.06	15626.13	15636.36	1594	0	4
2024.01.17	13:35:00	15616.85	15620.75	15604.21	15614.08	4384	0	1
2024.01.17	13:40:00	15614.96	15621.0	15610.06	15615.63	1417	0	4
2024.01.17	13:45:00	15593.41	15602.51	15588.14	15596.92	2170	0	1
2024.01.17	13:50:00	15584.19	15588.59	15577.88	15583.96	4024	0	2
2024.01.17	13:55:00	15591.88	15595.7	15582.55	15591.28	3606	0	1
2024.01.17	14:00:00	15604.71	15609.41	15598.24	15601.4	1847	0	1
2024.01.17	14:05:00	15592.12	15602.1	15585.92	15590.73	1687	0	2
2024.01.17	14:10:00	15610.11	15612.59	15601.33	15608.48	2448	0	4
2024.01.17	14:15:00	15630.4	15642.54	15627.9	15629.26	2508	0	2
2024.01.17	14:20:00	15654.35	15670.82	15645.04	15655.02	767	0	3
2024.01.17	14:25:00	15662.18	15671.27	15651.96	15664.72	1591	0	4
2024.01.17	14:30:00	15690.26	15716.2	15688.79	15689.23	1195	0	2
2024.01.17	14:35:00	15654.99	15665.43	15649.88	15656.17	1195	0	4
2024.01.17	14:40:00	15656.84	15659.87	15639.98	15650.85	2090	0	2
2024.01.17	14:45:00	15640.55	15648.22	15635.2	15635.8	661	0	1
2024.01.17	14:50:00	15640.47	15645.68	15622.88	15638.23	3547	0	2
2024.01.17	14:55:00	15629.76	15633.43	15620.88	15628.42	3521	0	1
2024.01.17	15:00:00	15625.48	15637.27	15624.36	15625.8	1491	0	4
2024.01.17	15:05:00	15654.97	15660.86	15643.34	15659.45	4438	0	1
2024.01.17	15:10:00	15655.98	15668.13	15643.05	15656.75	3171	0	4
2024.01.17	15:15:00	15664.76	15669.14	15657.42	15664.4	1914	0	1
2024.01.17	15:20:00	15661.41	15664.15	15656.6	15660.59	1373	0	1
2024.01.17	15:25:00	15663.92	15667.38	15658.65	15662.25	2431	0	3
2024.01.17	15:30:00	15665.94	15670.92	15660.67	15662.67	4820	0	1
2024.01.17	15:35:00	15668.48	15678.22	15653.86	15670.94	515	0	1
2024.01.17	15:40:00	15689.51	15700.8	15683.95	15691.94	590	0	4
2024.01.17	15:45:00	15726.72	15729.05	15717.09	15721.55	2357	0	1
2024.01.17	15:50:00	15730.13	15731.69	15715.29	15727.38	4635	0	3
2024.01.17	15:55:00	15736.8	15743.4	15733.64	15738.2	1765	0	1
2024.01.18	09:30:00	15717.63	15721.43	15715.03	15718.02	3863	0	1
2024.01.18	09:35:00	15716.4	15726.87	15709.44	15716.77	3083	0	3
2024.01.18	09:40:00	15733.94	15741.12	15730.78	15733.82	1397	0	2
2024.01.18	09:45:00	15751.26	15753.41	15736.01	15749.57	4588	0	1
2024.01.18	09:50:00	15762.71	15768.62	15745.74	15753.66	1234	0	3
2024.01.18	09:55:00	15770.47	15781.71	15766.53	15769.8	2777	0	4
2024.01.18	10:00:00	15781.25	15793.36	15778.38	15778.88	3482	0	3
2024.01.18	10:05:00	15794.62	15806.0	15784.56	15800.65	3539	0	2
2024.01.18	10:10:00	15804.41	15809.35	15801.46	15806.15	4344	0	4
2024.01.18	10:15:00	15804.5	15811.61	15794.57	15800.1	3674	0	2
2024.01.18	10:20:00	15807.86	15812.59	15794.14	15806.42	3457	0	3
2024.01.18	10:25:00	15738.72	15758.21	15722.32	15754.38	1185	0	2
2024.01.18	10:30:00	15763.93	15776.53	15755.34	15761.52	1879	0	3
2024.01.18	10:35:00	15703.68	15707.98	15695.85	15696.86	2059	0	3
2024.01.18	10:40:00	15659.49	15668.0	15650.23	15666.57	2169	0	2
2024.01.18	10:45:00	15680.29	15686.1	15674.21	15674.9	1009	0	2
2024.01.18	10:50:00	15673.85	15686.0	15668.57	15683.69	927	0	2
2024.01.18	10:55:00	15666.7	15676.7	15656.46	15663.38	2483	0	2
2024.01.18	11:00:00	15651.03	15659.97	15646.05	15651.07	3753	0	1
2024.01.18	11:05:00	15667.34	15683.16	15663.62	15675.69	4492	0	2
2024.01.18	11:10:00	15668.99	15680.1	15667.36	15667.41	4730	0	1
2024.01.18	11:15:00	15711.66	15712.33	15696.74	15707.56	2664	0	2
2024.01.18	11:20:00	15709.14	15715.09	15699.04	15707.84	4541	0	2
2024.01.18	11:25:00	15717.5	15721.07	15709.61	15715.42	2552	0	1
2024.01.18	11:30:00	15743.06	15744.84	15734.79	15744.53	2630	0	2
2024.01.18	11:35:00	15740.54	15750.29	15731.98	15747.18	1441	0	3
2024.01.18	11:40:00	15732.1	15739.5	15722.96	15729.63	3325	0	4
2024.01.18	11:45:00	15734.23	15744.58	15724.07	15727.99	1895	0	3
2024.01.18	11:50:00	15731.7	15741.35	15724.0	15727.67	2682	0	3
2024.01.18	11:55:00	15696.63	15714.24	15694.17	15703.7	4714	0	3
2024.01.18	12:00:00	15694.08	15711.07	15690.46	15699.47	2958	0	4
2024.01.18	12:05:00	15683.59	15689.77	15679.37	15686.59	1863	0	4
2024.01.18	12:10:00	15697.67	15710.05	15685.19	15703.34	3516	0	1
2024.01.18	12:15:00	15704.42	15705.93	15697.24	15704.27	3791	0	2
2024.01.18	12:20:00	15700.95	15708.34	15690.41	15699.55	3229	0	4
2024.01.18	12:25:00	15692.89	15702.78	15683.06	15697.98	689	0	4
2024.01.18	12:30:00	15705.02	15707.29	15687.55	15702.26	1517	0	3
2024.01.18	12:35:00	15715.68	15723.13	15694.25	15713.54	1077	0	2
2024.01.18	12:40:00	15694.13	15697.32	15680.23	15696.08	4800	0	1
2024.01.18	12:45:00	15677.28	15682.98	15676.51	15677.89	1901	0	2
2024.01.18	12:50:00	15690.9	15704.12	15681.9	15697.83	2634	0	3
2024.01.18	12:55:00	15689.64	15694.46	15685.14	15690.82	4556	0	3
2024.01.18	13:00:00	15666.0	15666.74	15653.2	15665.98	4960	0	3
2024.01.18	13:05:00	15674.76	15686.97	15672.3	15674.17	1486	0	1
2024.01.18	13:10:00	15684.05	15691.57	15670.6	15682.7	4367	0	4
2024.01.18	13:15:00	15656.73	15660.98	15654.92	15655.86	3770	0	1
2024.01.18	13:20:00	15659.3	15674.36	15654.73	15660.24	3263	0	2
2024.01.18	13:25:00	15674.62	15687.07	15671.69	15673.6	1253	0	3
2024.01.18	13:30:00	15684.12	15685.73	15674.72	15680.56	3610	0	2
2024.01.18	13:35:00	15691.76	15698.32	15691.18	15692.1	3257	0	1
2024.01.18	13:40:00	15668.61	15677.26	15662.2	15667.48	2508	0	3
2024.01.18	13:45:00	15673.01	15677.99	15663.37	15673.67	3140	0	1
2024.01.18	13:50:00	15666.32	15684.32	15662.84	15668.61	1448	0	4
2024.01.18	13:55:00	15662.22	15663.49	15658.55	15660.37	3298	0	4
2024.01.18	14:00:00	15674.15	15683.15	15656.76	15676.12	1189	0	2
2024.01.18	14:05:00	15704.09	15720.35	15695.78	15702.72	1788	0	2
2024.01.18	14:10:00	15735.07	15750.4	15717.18	15734.97	2727	0	4
2024.01.18	14:15:00	15757.64	15763.51	15752.13	15758.72	1229	0	1
2024.01.18	14:20:00	15755.91	15762.73	15745.23	15757.08	4611	0	2
2024.01.18	14:25:00	15761.88	15765.69	15751.29	15763.69	4489	0	1
2024.01.18	14:30:00	15771.82	15798.0	15765.54	15777.7	2634	0	1
2024.01.18	14:35:00	15781.55	15782.37	15754.73	15780.18	3062	0	4
2024.01.18	14:40:00	15783.66	15792.84	15769.84	15782.83	1812	0	1
2024.01.18	14:45:00	15800.92	15815.43	15796.68	15797.88	1454	0	4
2024.01.18	14:50:00	15795.23	15814.07	15787.55	15797.13	4824	0	4
2024.01.18	14:55:00	15791.18	15798.35	15772.17	15784.41	2359	0	3
2024.01.18	15:00:00	15775.96	15784.95	15761.91	15777.32	4791	0	3
2024.01.18	15:05:00	15785.83	15790.26	15785.58	15788.96	801	0	1
2024.01.18	15:10:00	15785.78	15800.23	15782.22	15789.33	980	0	1
2024.01.18	15:15:00	15789.53	15810.77	15779.75	15795.73	2639	0	2
2024.01.18	15:20:00	15813.52	15813.91	15802.95	15808.04	4018	0	4
2024.01.18	15:25:00	15806.55	15807.65	15799.91	15801.64	2407	0	2
2024.01.18	15:30:00	15817.65	15831.91	15814.07	15815.5	4279	0	1
2024.01.18	15:35:00	15819.39	15822.74	15818.21	15822.6	1097	0	4
2024.01.18	15:40:00	15807.29	15810.87	15800.16	15800.81	4352	0	3
2024.01.18	15:45:00	15825.69	15833.68	15818.03	15826.95	2499	0	3
2024.01.18	15:50:00	15817.33	15830.57	15814.83	15818.29	1782	0	2
2024.01.18	15:55:00	15794.13	15799.59	15787.25	15788.99	3377	0	4
2024.01.19	09:30:00	15772.99	15792.52	15766.71	15770.64	4003	0	3
2024.01.19	09:35:00	15760.58	15766.23	15746.79	15752.73	4678	0	2
2024.01.19	09:40:00	15754.86	15757.31	15744.81	15753.98	894	0	1
2024.01.19	09:45:00	15747.99	15758.11	15741.95	15749.41	3664	0	4
2024.01.19	09:50:00	15741.54	15751.84	15732.25	15743.72	1915	0	1
2024.01.19	09:55:00	15748.49	15767.19	15747.6	15755.08	2760	0	2
2024.01.19	10:00:00	15760.47	15775.45	15752.34	15761.46	2578	0	4
2024.01.19	10:05:00	15771.51	15776.5	15766.56	15767.42	3965	0	2
2024.01.19	10:10:00	15777.19	15794.65	15766.95	15775.05	2292	0	4
2024.01.19	10:15:00	15786.45	15803.41	15774.96	15786.38	1759	0	2
2024.01.19	10:20:00	15745.51	15753.08	15738.53	15749.06	2693	0	3
2024.01.19	10:25:00	15743.69	15749.69	15732.6	15742.88	3509	0	3
2024.01.19	10:30:00	15707.98	15722.56	15695.02	15704.38	4308	0	2
2024.01.19	10:35:00	15706.86	15707.56	15702.92	15705.33	522	0	4
2024.01.19	10:40:00	15706.16	15707.6	15701.78	15705.56	3058	0	2
2024.01.19	10:45:00	15721.64	15731.51	15706.14	15724.48	826	0	2
2024.01.19	10:50:00	15749.05	15757.17	15744.48	15745.95	3289	0	3
2024.01.19	10:55:00	15738.72	15751.65	15726.65	15749.89	3309	0	4
2024.01.19	11:00:00	15742.64	15747.6	15732.3	15741.28	4347	0	4
2024.01.19	11:05:00	15759.41	15765.66	15748.96	15750.24	1366	0	2
2024.01.19	11:10:00	15735.77	15745.93	15722.35	15741.15	4075	0	1
2024.01.19	11:15:00	15740.58	15745.96	15738.41	15741.44	3599	0	2
2024.01.19	11:20:00	15759.31	15763.44	15759.13	15759.34	3493	0	2
2024.01.19	11:25:00	15748.05	15753.08	15734.45	15749.7	3365	0	2
2024.01.19	11:30:00	15768.09	15768.71	15750.66	15764.39	2973	0	2
2024.01.19	11:35:00	15778.49	15785.59	15771.58	15776.81	786	0	1
2024.01.19	11:40:00	15760.62	15774.63	15752.16	15760.07	4159	0	3
2024.01.19	11:45:00	15780.63	15790.14	15758.17	15777.78	2266	0	4
2024.01.19	11:50:00	15790.64	15793.05	15782.77	15790.58	970	0	2
2024.01.19	11:55:00	15804.09	15817.0	15787.73	15792.72	3258	0	1
2024.01.19	12:00:00	15779.95	15783.58	15771.32	15779.41	4762	0	2
2024.01.19	12:05:00	15765.08	15768.42	15760.91	15764.38	3710	0	2
2024.01.19	12:10:00	15749.0	15766.78	15743.58	15755.1	1606	0	3
2024.01.19	12:15:00	15763.16	15766.37	15759.09	15765.1	4172	0	2
2024.01.19	12:20:00	15752.45	15761.63	15741.55	15748.36	4309	0	2
2024.01.19	12:25:00	15751.72	15759.17	15750.92	15756.48	1986	0	3
2024.01.19	12:30:00	15726.97	15739.43	15718.79	15734.66	2852	0	1
2024.01.19	12:35:00	15731.45	15732.64	15730.89	15731.34	4265	0	4
2024.01.19	12:40:00	15738.49	15744.99	15727.35	15733.6	1208	0	2
2024.01.19	12:45:00	15777.69	15788.35	15766.83	15777.54	2094	0	4
2024.01.19	12:50:00	15752.07	15754.45	15750.25	15753.27	2553	0	1
2024.01.19	12:55:00	15773.22	15794.58	15768.27	15779.86	531	0	2
2024.01.19	13:00:00	15784.47	15799.82	15782.22	15782.86	1251	0	2
2024.01.19	13:05:00	15792.89	15795.8	15788.39	15790.52	3245	0	2
2024.01.19	13:10:00	15786.58	15813.86	15782.61	15792.95	1685	0	1
2024.01.19	13:15:00	15805.28	15821.35	15798.6	15801.22	1587	0	1
2024.01.19	13:20:00	15801.53	15806.87	15793.83	15798.79	1832	0	4
2024.01.19	13:25:00	15829.2	15834.89	15807.53	15825.14	1059	0	4
2024.01.19	13:30:00	15819.37	15829.31	15810.49	15817.28	3365	0	2
2024.01.19	13:35:00	15840.23	15849.45	15823.6	15837.89	1662	0	1
2024.01.19	13:40:00	15828.52	15838.5	15819.32	15826.65	3432	0	2
2024.01.19	13:45:00	15829.0	15838.13	15811.54	15825.89	4225	0	4
2024.01.19	13:50:00	15800.5	15813.86	15800.37	15807.01	2654	0	4
2024.01.19	13:55:00	15810.09	15816.49	15802.41	15815.47	4613	0	4
2024.01.19	14:00:00	15839.05	15847.25	15832.76	15841.69	1383	0	4
2024.01.19	14:05:00	15840.15	15851.31	15829.29	15840.62	4827	0	3
2024.01.19	14:10:00	15838.79	15848.16	15814.66	15837.4	1948	0	3
2024.01.19	14:15:00	15818.91	15818.91	15806.52	15817.74	1862	0	4
2024.01.19	14:20:00	15817.95	15827.09	15810.95	15813.95	4907	0	3
2024.01.19	14:25:00	15789.88	15795.88	15771.98	15785.77	2551	0	2
2024.01.19	14:30:00	15766.67	15786.04	15760.21	15769.78	3863	0	3
2024.01.19	14:35:00	15775.0	15780.99	15772.63	15774.15	4111	0	2
2024.01.19	14:40:00	15795.01	15805.25	15791.6	15798.04	2517	0	3
2024.01.19	14:45:00	15848.01	15854.36	15839.05	15848.69	1930	0	2
2024.01.19	14:50:00	15839.63	15848.24	15834.62	15838.48	2711	0	2
2024.01.19	14:55:00	15852.31	15868.7	15839.09	15864.56	2233	0	1
2024.01.19	15:00:00	15877.92	15883.49	15867.97	15869.26	2373	0	4
2024.01.19	15:05:00	15868.89	15884.3	15852.32	15866.86	1567	0	3
2024.01.19	15:10:00	15872.8	15890.45	15866.97	15874.95	4616	0	1
2024.01.19	15:15:00	15883.31	15894.89	15863.81	15876.38	3075	0	2
2024.01.19	15:20:00	15877.43	15885.79	15866.27	15878.68	4084	0	2
2024.01.19	15:25:00	15872.13	15879.01	15865.62	15871.66	3466	0	4
2024.01.19	15:30:00	15845.12	15848.71	15837.2	15846.87	2088	0	4
2024.01.19	15:35:00	15825.43	15831.92	15815.45	15819.51	1932	0	4
2024.01.19	15:40:00	15831.16	15837.96	15827.46	15831.53	4920	0	2
2024.01.19	15:45:00	15827.43	15836.0	15822.92	15826.89	609	0	1
2024.01.19	15:50:00	15820.84	15821.01	15810.69	15816.53	1827	0	3
2024.01.19	15:55:00	15819.09	15826.4	15807.46	15817.0	3811	0	1
2024.01.22	09:30:00	15831.36	15833.98	15821.49	15831.56	2956	0	3
2024.01.22	09:35:00	15839.09	15841.18	15825.08	15835.11	3274	0	2
2024.01.22	09:40:00	15832.76	15834.92	15811.25	15823.66	597	0	2
2024.01.22	09:45:00	15847.11	15851.7	15832.82	15845.97	1485	0	1
2024.01.22	09:50:00	15875.06	15883.38	15860.69	15874.64	3197	0	4
2024.01.22	09:55:00	15884.47	15886.72	15882.44	15883.85	1915	0	3
2024.01.22	10:00:00	15906.41	15915.74	15894.92	15901.69	2616	0	2
2024.01.22	10:05:00	15922.23	15936.44	15913.36	15924.39	4807	0	3
2024.01.22	10:10:00	15944.09	15949.24	15934.15	15945.1	3371	0	4
2024.01.22	10:15:00	15950.95	15961.08	15950.85	15956.51	3335	0	3
2024.01.22	10:20:00	15963.36	15977.05	15955.7	15967.64	1384	0	4
2024.01.22	10:25:00	15975.49	15981.57	15963.67	15977.36	3179	0	2
2024.01.22	10:30:00	15957.64	15981.36	15953.25	15957.84	4820	0	2
2024.01.22	10:35:00	15977.22	15980.03	15970.47	15970.82	3378	0	4
2024.01.22	10:40:00	15948.58	15954.88	15945.7	15946.64	4033	0	3
2024.01.22	10:45:00	15929.33	15935.24	15923.6	15932.62	4795	0	3
2024.01.22	10:50:00	15953.84	15957.37	15947.2	15956.47	4555	0	3
2024.01.22	10:55:00	15976.95	15979.3	15968.7	15971.98	2029	0	4
2024.01.22	11:00:00	16003.31	16005.97	15997.94	15999.22	1830	0	3
2024.01.22	11:05:00	15994.72	15999.44	15991.38	15994.62	1764	0	4
2024.01.22	11:10:00	15972.49	15984.53	15966.92	15974.09	3966	0	1
2024.01.22	11:15:00	15974.13	15976.92	15964.59	15970.06	2195	0	3
2024.01.22	11:20:00	15968.63	15976.41	15961.05	15972.22	4201	0	2
2024.01.22	11:25:00	15975.39	15978.35	15965.87	15973.97	4104	0	1
2024.01.22	11:30:00	16003.04	16015.03	15992.5	15994.81	3496	0	2
2024.01.22	11:35:00	15989.33	16004.37	15984.65	15988.59	1044	0	4
2024.01.22	11:40:00	15992.47	16000.18	15990.35	15995.28	3703	0	4
2024.01.22	11:45:00	15979.19	15987.94	15974.59	15977.71	1430	0	2
2024.01.22	11:50:00	15984.47	15988.68	15974.68	15986.18	2986	0	1
2024.01.22	11:55:00	15981.5	15989.3	15972.04	15986.55	1527	0	2
2024.01.22	12:00:00	15975.84	15976.9	15961.32	15973.3	779	0	2
2024.01.22	12:05:00	15973.4	15980.53	15969.15	15969.36	3363	0	2
2024.01.22	12:10:00	15965.22	15975.1	15960.65	15966.35	2531	0	4
2024.01.22	12:15:00	15960.42	15977.4	15955.57	15961.78	3387	0	2
2024.01.22	12:20:00	15990.67	15995.18	15981.6	15994.15	2707	0	1
2024.01.22	12:25:00	15992.14	16002.88	15976.38	15992.69	2173	0	1
2024.01.22	12:30:00	15986.56	16001.13	15980.42	15988.59	570	0	3
2024.01.22	12:35:00	15947.33	15954.69	15929.45	15950.98	1742	0	1
2024.01.22	12:40:00	15941.99	15945.81	15920.57	15935.16	4462	0	1
2024.01.22	12:45:00	15932.42	15932.82	15922.16	15930.73	3895	0	4
2024.01.22	12:50:00	15920.75	15931.18	15911.91	15918.69	2587	0	1
2024.01.22	12:55:00	15947.12	15948.79	15943.52	15943.93	642	0	3
2024.01.22	13:00:00	15944.05	15949.36	15933.74	15941.27	4932	0	1
2024.01.22	13:05:00	15963.37	15969.37	15962.45	15964.86	3824	0	4
2024.01.22	13:10:00	15967.28	15970.22	15961.05	15966.3	599	0	3
2024.01.22	13:15:00	15966.32	15968.86	15964.27	15967.29	1446	0	4
2024.01.22	13:20:00	15967.59	15986.68	15944.47	15966.0	1265	0	3
2024.01.22	13:25:00	15967.63	15984.21	15956.05	15966.39	4562	0	2
2024.01.22	13:30:00	15996.43	16002.36	15987.84	15997.81	4794	0	4
2024.01.22	13:35:00	15951.37	15958.46	15940.6	15956.17	2361	0	4
2024.01.22	13:40:00	15920.9	15926.67	15907.7	15920.37	1300	0	1
2024.01.22	13:45:00	15910.16	15913.4	15906.19	15910.9	3390	0	3
2024.01.22	13:50:00	15904.67	15917.49	15884.35	15911.48	1726	0	3
2024.01.22	13:55:00	15926.07	15932.6	15918.51	15924.24	1044	0	2
2024.01.22	14:00:00	15936.57	15938.25	15921.14	15933.09	1665	0	2
2024.01.22	14:05:00	15935.59	15945.45	15911.84	15926.47	1642	0	4
2024.01.22	14:10:00	15943.77	15956.63	15931.47	15945.18	741	0	1
2024.01.22	14:15:00	15962.16	15971.49	15960.03	15964.11	3652	0	4
2024.01.22	14:20:00	15963.75	15972.69	15951.94	15967.76	2084	0	3
2024.01.22	14:25:00	15986.25	15990.72	15985.12	15985.49	2976	0	1
2024.01.22	14:30:00	15991.48	15996.0	15990.61	15990.75	2977	0	2
2024.01.22	14:35:00	15977.97	15988.28	15963.81	15980.9	3967	0	4
2024.01.22	14:40:00	15993.22	16008.07	15991.16	15993.85	3930	0	3
2024.01.22	14:45:00	15989.01	16014.5	15988.86	15996.18	3035	0	1
2024.01.22	14:50:00	15999.88	16000.51	15995.86	15996.52	4271	0	1
2024.01.22	14:55:00	16020.75	16026.25	16017.12	16023.54	3061	0	4
2024.01.22	15:00:00	15979.33	15990.15	15973.67	15979.46	617	0	1
2024.01.22	15:05:00	15948.99	15963.6	15942.45	15954.15	4362	0	3
2024.01.22	15:10:00	15930.94	15934.41	15921.4	15933.04	3962	0	4
2024.01.22	15:15:00	15925.79	15938.97	15913.44	15926.8	2411	0	1
2024.01.22	15:20:00	15922.49	15925.87	15907.7	15922.53	2239	0	1
2024.01.22	15:25:00	15897.42	15907.02	15880.96	15895.7	4527	0	4
2024.01.22	15:30:00	15883.47	15887.59	15861.12	15878.29	2416	0	4
2024.01.22	15:35:00	15865.77	15871.79	15857.89	15863.14	2174	0	3
2024.01.22	15:40:00	15911.13	15916.06	15898.91	15907.66	3795	0	1
2024.01.22	15:45:00	15945.68	15958.7	15940.46	15940.46	1978	0	1
2024.01.22	15:50:00	15935.41	15936.31	15921.48	15933.35	2317	0	4
2024.01.22	15:55:00	15926.98	15936.14	15923.14	15927.11	4007	0	4
2024.01.23	09:30:00	15910.36	15920.45	15906.12	15906.72	1504	0	4
2024.01.23	09:35:00	15876.57	15880.22	15870.77	15872.71	551	0	4
2024.01.23	09:40:00	15873.26	15888.75	15865.32	15870.93	2014	0	2
2024.01.23	09:45:00	15848.1	15872.39	15847.79	15853.32	1274	0	2
2024.01.23	09:50:00	15849.09	15853.32	15843.87	15852.11	2127	0	2
2024.01.23	09:55:00	15822.75	15836.54	15800.94	15823.73	822	0	3
2024.01.23	10:00:00	15813.2	15821.17	15808.26	15810.4	3152	0	1
2024.01.23	10:05:00	15813.31	15814.81	15809.96	15813.38	2804	0	1
2024.01.23	10:10:00	15824.33	15827.94	15815.41	15820.26	1725	0	4
2024.01.23	10:15:00	15832.77	15838.9	15812.13	15828.05	3326	0	2
2024.01.23	10:20:00	15809.01	15811.2	15790.06	15804.72	1150	0	1
2024.01.23	10:25:00	15824.66	15836.26	15817.12	15820.34	546	0	3
2024.01.23	10:30:00	15802.62	15807.32	15800.48	15806.33	2645	0	2
2024.01.23	10:35:00	15819.7	15824.33	15805.23	15817.98	1226	0	1
2024.01.23	10:40:00	15815.93	15820.03	15808.59	15818.1	4351	0	2
2024.01.23	10:45:00	15787.89	15802.73	15785.05	15793.78	1861	0	2
2024.01.23	10:50:00	15787.42	15797.66	15779.69	15788.45	2429	0	3
2024.01.23	10:55:00	15800.03	15806.57	15792.97	15795.3	1824	0	4
2024.01.23	11:00:00	15808.23	15817.55	15791.1	15806.58	2451	0	4
2024.01.23	11:05:00	15811.59	15823.18	15802.84	15804.37	937	0	4
2024.01.23	11:10:00	15832.76	15841.29	15819.09	15832.12	4702	0	2
2024.01.23	11:15:00	15859.3	15864.19	15842.91	15850.51	1277	0	3
2024.01.23	11:20:00	15846.86	15849.33	15843.66	15846.22	2279	0	1
2024.01.23	11:25:00	15860.09	15867.18	15856.84	15860.0	4311	0	3
2024.01.23	11:30:00	15890.48	15898.02	15889.11	15895.09	2419	0	3
2024.01.23	11:35:00	15934.74	15943.08	15927.91	15930.73	3652	0	4
2024.01.23	11:40:00	15907.1	15917.19	15891.52	15908.91	807	0	1
2024.01.23	11:45:00	15890.22	15897.53	15890.19	15892.55	1832	0	4
2024.01.23	11:50:00	15924.23	15925.91	15909.23	15919.61	3919	0	3
2024.01.23	11:55:00	15905.03	15918.99	15890.48	15900.86	1685	0	1
2024.01.23	12:00:00	15881.46	15886.58	15866.03	15877.39	2362	0	4
2024.01.23	12:05:00	15867.67	15878.04	15865.58	15868.97	860	0	2
2024.01.23	12:10:00	15876.65	15883.28	15874.44	15876.84	2770	0	2
2024.01.23	12:15:00	15875.1	15882.63	15869.5	15875.31	2070	0	1
2024.01.23	12:20:00	15866.75	15887.69	15862.05	15863.94	4371	0	1
2024.01.23	12:25:00	15857.73	15862.75	15833.7	15852.15	2291	0	1
2024.01.23	12:30:00	15841.01	15842.55	15834.64	15839.69	4222	0	2
2024.01.23	12:35:00	15831.32	15846.93	15816.25	15824.24	4568	0	2
2024.01.23	12:40:00	15868.71	15879.22	15852.55	15865.49	4275	0	2
2024.01.23	12:45:00	15870.31	15877.18	15863.74	15871.15	3844	0	3
2024.01.23	12:50:00	15890.4	15899.9	15885.38	15887.41	3127	0	4
2024.01.23	12:55:00	15885.07	15891.56	15876.71	15878.94	2656	0	4
2024.01.23	13:00:00	15883.1	15886.45	15875.14	15875.91	865	0	2
2024.01.23	13:05:00	15867.67	15868.94	15862.38	15863.41	1106	0	4
2024.01.23	13:10:00	15816.26	15829.52	15815.83	15816.16	2210	0	3
2024.01.23	13:15:00	15791.05	15795.89	15789.15	15791.82	3452	0	2
2024.01.23	13:20:00	15761.85	15773.24	15753.19	15759.8	522	0	1
2024.01.23	13:25:00	15725.97	15730.63	15709.15	15720.01	4712	0	2
2024.01.23	13:30:00	15700.61	15702.0	15692.34	15699.07	4967	0	1
2024.01.23	13:35:00	15724.57	15725.58	15721.42	15722.95	851	0	1
2024.01.23	13:40:00	15722.66	15727.83	15718.71	15722.47	933	0	4
2024.01.23	13:45:00	15744.61	15752.67	15739.57	15745.78	4318	0	1
2024.01.23	13:50:00	15752.85	15758.39	15738.43	15753.42	1399	0	3
2024.01.23	13:55:00	15768.19	15781.89	15767.49	15767.7	1310	0	1
2024.01.23	14:00:00	15758.07	15769.82	15747.67	15751.94	1342	0	3
2024.01.23	14:05:00	15760.75	15767.65	15759.37	15761.61	3655	0	4
2024.01.23	14:10:00	15775.12	15782.65	15774.85	15774.93	1096	0	2
2024.01.23	14:15:00	15761.86	15774.06	15758.13	15764.95	1327	0	1
2024.01.23	14:20:00	15777.82	15780.74	15762.66	15775.26	2289	0	1
2024.01.23	14:25:00	15790.58	15791.12	15781.94	15785.69	3200	0	4
2024.01.23	14:30:00	15781.99	15797.79	15765.72	15776.19	4955	0	1
2024.01.23	14:35:00	15757.18	15761.6	15755.65	15756.46	1569	0	2
2024.01.23	14:40:00	15737.71	15749.18	15718.88	15735.66	1646	0	4
2024.01.23	14:45:00	15736.97	15742.65	15726.63	15737.52	2937	0	3
2024.01.23	14:50:00	15745.54	15751.57	15737.87	15743.66	2379	0	4
2024.01.23	14:55:00	15730.97	15738.05	15719.54	15729.85	3200	0	4
2024.01.23	15:00:00	15730.85	15733.52	15709.58	15730.64	1609	0	3
2024.01.23	15:05:00	15741.61	15742.98	15737.47	15741.12	3283	0	4
2024.01.23	15:10:00	15754.07	15758.02	15747.08	15752.46	4664	0	1
2024.01.23	15:15:00	15779.43	15785.85	15777.04	15780.48	3572	0	1
2024.01.23	15:20:00	15802.76	15813.4	15796.98	15803.63	3807	0	2
2024.01.23	15:25:00	15792.14	15802.26	15780.76	15786.04	810	0	4
2024.01.23	15:30:00	15826.18	15828.17	15813.53	15816.47	4560	0	3
2024.01.23	15:35:00	15802.97	15810.54	15800.27	15807.28	3665	0	2
2024.01.23	15:40:00	15821.8	15827.2	15817.4	15826.31	3322	0	1
2024.01.23	15:45:00	15824.42	15835.59	15821.33	15827.85	1195	0	4
2024.01.23	15:50:00	15820.41	15829.5	15809.74	15820.78	2991	0	4
2024.01.23	15:55:00	15791.95	15804.45	15777.89	15788.75	3546	0	1
2024.01.24	09:30:00	15788.11	15791.91	15770.36	15786.0	3305	0	2
2024.01.24	09:35:00	15759.08	15760.06	15747.7	15758.46	1058	0	3
2024.01.24	09:40:00	15777.94	15780.2	15774.33	15776.05	684	0	1
2024.01.24	09:45:00	15801.0	15819.0	15797.53	15803.48	2657	0	3
2024.01.24	09:50:00	15788.67	15801.52	15787.68	15789.54	3727	0	4
2024.01.24	09:55:00	15795.19	15798.14	15793.32	15795.26	2240	0	4
2024.01.24	10:00:00	15776.94	15787.13	15772.26	15782.61	3594	0	4
2024.01.24	10:05:00	15767.55	15777.76	15763.03	15771.69	4853	0	4
2024.01.24	10:10:00	15781.84	15796.98	15773.24	15785.85	4502	0	2
2024.01.24	10:15:00	15788.21	15796.46	15782.78	15785.47	3338	0	2
2024.01.24	10:20:00	15817.79	15831.65	15797.08	15816.91	3776	0	2
2024.01.24	10:25:00	15810.78	15813.38	15798.11	15808.6	896	0	4
2024.01.24	10:30:00	15820.22	15832.01	15818.64	15826.81	883	0	3
2024.01.24	10:35:00	15823.56	15830.01	15817.55	15828.87	3653	0	2
2024.01.24	10:40:00	15845.84	15855.58	15839.19	15843.46	4104	0	3
2024.01.24	10:45:00	15825.79	15844.13	15820.87	15835.76	1373	0	1
2024.01.24	10:50:00	15839.58	15852.72	15835.12	15835.18	3165	0	2
2024.01.24	10:55:00	15826.89	15848.08	15823.41	15833.43	1787	0	1
2024.01.24	11:00:00	15821.79	15830.44	15810.16	15818.77	988	0	4
2024.01.24	11:05:00	15827.76	15832.31	15817.27	15830.95	2202	0	1
2024.01.24	11:10:00	15846.69	15857.38	15842.02	15842.92	2514	0	4
2024.01.24	11:15:00	15865.41	15874.88	15847.79	15853.89	3993	0	1
2024.01.24	11:20:00	15873.65	15886.11	15860.84	15881.82	4390	0	1
2024.01.24	11:25:00	15910.73	15923.86	15904.85	15908.22	4748	0	3
2024.01.24	11:30:00	15895.28	15903.88	15888.83	15901.79	970	0	1
2024.01.24	11:35:00	15910.36	15938.52	15906.38	15908.83	4659	0	1
2024.01.24	11:40:00	15897.17	15898.06	15895.97	15897.92	2830	0	2
2024.01.24	11:45:00	15899.12	15905.8	15898.04	15898.65	1268	0	3
2024.01.24	11:50:00	15884.9	15897.25	15882.46	15888.18	3413	0	1
2024.01.24	11:55:00	15920.48	15936.45	15917.05	15917.67	771	0	1
2024.01.24	12:00:00	15919.32	15932.19	15906.79	15924.54	2577	0	2
2024.01.24	12:05:00	15925.41	15938.1	15901.54	15920.93	4228	0	3
2024.01.24	12:10:00	15941.3	15945.02	15937.93	15942.78	4870	0	1
2024.01.24	12:15:00	15898.91	15915.26	15893.87	15903.97	1796	0	2
2024.01.24	12:20:00	15873.79	15881.41	15864.8	15868.05	1285	0	1
2024.01.24	12:25:00	15882.44	15884.14	15871.32	15882.68	3122	0	2
2024.01.24	12:30:00	15890.94	15893.53	15883.66	15884.08	1207	0	2
2024.01.24	12:35:00	15893.3	15905.74	15876.7	15888.91	4903	0	3
2024.01.24	12:40:00	15862.51	15868.24	15852.17	15865.38	1975	0	1
2024.01.24	12:45:00	15864.97	15870.9	15855.53	15865.28	1338	0	4
2024.01.24	12:50:00	15902.06	15902.64	15890.79	15901.63	1571	0	1
2024.01.24	12:55:00	15922.29	15937.41	15916.64	15916.79	2186	0	4
2024.01.24	13:00:00	15921.75	15942.67	15909.15	15920.17	3837	0	3
2024.01.24	13:05:00	15913.21	15920.7	15910.12	15912.58	4404	0	2
2024.01.24	13:10:00	15905.07	15909.16	15900.07	15905.79	3813	0	2
2024.01.24	13:15:00	15867.62	15870.15	15855.15	15867.8	3424	0	4
2024.01.24	13:20:00	15877.44	15884.91	15855.51	15872.75	1715	0	4
2024.01.24	13:25:00	15888.28	15900.85	15881.15	15888.27	4718	0	3
2024.01.24	13:30:00	15858.85	15865.07	15840.94	15860.27	4998	0	1
2024.01.24	13:35:00	15846.69	15866.01	15843.54	15848.71	3342	0	4
2024.01.24	13:40:00	15826.29	15832.78	15804.36	15828.27	4023	0	2
2024.01.24	13:45:00	15806.28	15814.0	15796.56	15811.3	1866	0	1
2024.01.24	13:50:00	15809.88	15814.72	15786.98	15812.57	2512	0	4
2024.01.24	13:55:00	15780.96	15792.45	15772.21	15775.61	4122	0	1
2024.01.24	14:00:00	15786.16	15795.45	15773.4	15786.9	2408	0	2
2024.01.24	14:05:00	15803.22	15825.1	15800.47	15800.7	3916	0	1
2024.01.24	14:10:00	15787.66	15801.76	15779.63	15796.52	4369	0	2
2024.01.24	14:15:00	15754.56	15754.76	15744.82	15752.53	4701	0	4
2024.01.24	14:20:00	15734.51	15742.12	15726.58	15735.08	1812	0	1
2024.01.24	14:25:00	15755.66	15761.41	15753.25	15757.38	2642	0	1
2024.01.24	14:30:00	15708.85	15725.21	15698.01	15708.21	2236	0	4
2024.01.24	14:35:00	15700.58	15712.15	15677.48	15702.34	2762	0	1
2024.01.24	14:40:00	15674.15	15687.78	15669.68	15681.69	3842	0	1
2024.01.24	14:45:00	15699.57	15703.75	15695.0	15696.29	1957	0	3
2024.01.24	14:50:00	15685.48	15696.82	15682.01	15684.61	1548	0	2
2024.01.24	14:55:00	15690.99	15698.37	15686.07	15692.1	1709	0	4
2024.01.24	15:00:00	15699.03	15704.69	15692.27	15702.47	3947	0	1
2024.01.24	15:05:00	15730.23	15752.98	15723.21	15735.46	4984	0	3
2024.01.24	15:10:00	15732.96	15733.86	15717.21	15732.16	964	0	4
2024.01.24	15:15:00	15744.93	15748.84	15734.25	15739.18	4897	0	3
2024.01.24	15:20:00	15713.77	15722.34	15694.11	15713.05	644	0	1
2024.01.24	15:25:00	15729.63	15735.21	15719.25	15734.56	2883	0	1
2024.01.24	15:30:00	15722.13	15725.45	15713.07	15721.33	1102	0	1
2024.01.24	15:35:00	15711.47	15729.33	15709.23	15711.66	4797	0	4
2024.01.24	15:40:00	15714.66	15714.72	15710.39	15711.58	3928	0	1
2024.01.24	15:45:00	15686.27	15692.66	15673.73	15684.12	2102	0	1
2024.01.24	15:50:00	15677.89	15693.29	15670.99	15688.49	3588	0	2
2024.01.24	15:55:00	15707.94	15714.08	15700.38	15706.0	4324	0	2
2024.01.25	09:30:00	15707.96	15724.48	15702.02	15711.53	1478	0	1
2024.01.25	09:35:00	15678.55	15687.7	15673.44	15683.6	3356	0	2
2024.01.25	09:40:00	15681.05	15692.44	15677.57	15681.72	1848	0	4
2024.01.25	09:45:00	15696.67	15702.05	15693.06	15695.21	3726	0	1
2024.01.25	09:50:00	15656.37	15673.27	15649.1	15662.19	3053	0	4
2024.01.25	09:55:00	15645.95	15651.37	15636.83	15643.45	3731	0	3
2024.01.25	10:00:00	15662.0	15668.37	15657.83	15659.3	3365	0	2
2024.01.25	10:05:00	15664.57	15678.02	15660.22	15664.4	3361	0	3
2024.01.25	10:10:00	15668.94	15672.27	15654.76	15672.02	880	0	2
2024.01.25	10:15:00	15701.88	15714.2	15696.65	15705.37	4335	0	1
2024.01.25	10:20:00	15717.67	15722.39	15710.54	15714.02	1271	0	1
2024.01.25	10:25:00	15720.66	15727.08	15714.85	15726.04	2264	0	1
2024.01.25	10:30:00	15778.5	15785.2	15765.55	15774.7	2799	0	3
2024.01.25	10:35:00	15770.61	15787.62	15769.58	15771.2	4321	0	1
2024.01.25	10:40:00	15756.93	15762.95	15755.47	15757.27	3331	0	1
2024.01.25	10:45:00	15759.12	15773.78	15758.09	15765.22	1325	0	1
2024.01.25	10:50:00	15772.85	15782.46	15769.83	15773.37	1788	0	1
2024.01.25	10:55:00	15766.47	15775.35	15763.78	15764.28	1399	0	4
2024.01.25	11:00:00	15741.42	15756.25	15730.69	15746.18	3159	0	1
2024.01.25	11:05:00	15789.52	15794.32	15776.48	15787.73	3728	0	3
2024.01.25	11:10:00	15794.21	15813.31	15789.14	15793.89	3690	0	2
2024.01.25	11:15:00	15778.82	15787.15	15766.54	15781.12	3875	0	1
2024.01.25	11:20:00	15800.87	15805.77	15797.73	15797.81	3658	0	2
2024.01.25	11:25:00	15788.3	15796.77	15782.12	15796.17	4560	0	1
2024.01.25	11:30:00	15793.21	15794.82	15782.99	15791.97	4579	0	2
2024.01.25	11:35:00	15808.13	15812.82	15793.22	15802.34	1736	0	4
2024.01.25	11:40:00	15784.7	15793.76	15771.37	15779.56	1869	0	3
2024.01.25	11:45:00	15787.57	15790.64	15780.53	15786.17	752	0	4
2024.01.25	11:50:00	15819.64	15825.97	15802.11	15820.72	1702	0	3
2024.01.25	11:55:00	15827.11	15830.82	15822.28	15829.39	2783	0	4
2024.01.25	12:00:00	15821.88	15827.66	15820.49	15822.97	3464	0	1
2024.01.25	12:05:00	15816.15	15820.25	15812.28	15814.2	4439	0	1
2024.01.25	12:10:00	15804.28	15815.47	15800.99	15807.17	3172	0	2
2024.01.25	12:15:00	15805.65	15808.99	15785.15	15802.94	4871	0	3
2024.01.25	12:20:00	15804.13	15811.21	15784.2	15796.5	2989	0	4
2024.01.25	12:25:00	15812.99	15823.55	15803.8	15813.21	4360	0	1
2024.01.25	12:30:00	15777.72	15786.24	15776.2	15782.52	4136	0	1
2024.01.25	12:35:00	15793.44	15806.89	15780.73	15798.25	2704	0	4
2024.01.25	12:40:00	15794.55	15801.81	15786.23	15791.78	4425	0	3
2024.01.25	12:45:00	15798.62	15802.73	15791.6	15798.83	4385	0	2
2024.01.25	12:50:00	15782.14	15783.83	15768.86	15779.0	1905	0	1
2024.01.25	12:55:00	15801.16	15804.17	15799.43	15803.07	1462	0	3
2024.01.25	13:00:00	15828.67	15838.74	15819.42	15825.7	1046	0	4
2024.01.25	13:05:00	15842.65	15853.35	15837.5	15843.22	4645	0	1
2024.01.25	13:10:00	15813.76	15835.17	15812.22	15816.38	2489	0	1
2024.01.25	13:15:00	15830.12	15859.51	15822.95	15831.56	3050	0	4
2024.01.25	13:20:00	15834.84	15840.31	15827.5	15839.13	1729	0	4
2024.01.25	13:25:00	15817.81	15838.58	15801.81	15810.68	2252	0	1
2024.01.25	13:30:00	15810.22	15826.65	15810.01	15810.57	2311	0	3
2024.01.25	13:35:00	15819.72	15828.48	15812.58	15817.41	3117	0	4
2024.01.25	13:40:00	15825.76	15829.03	15812.66	15827.69	1287	0	1
2024.01.25	13:45:00	15827.41	15844.31	15817.81	15831.18	4028	0	1
2024.01.25	13:50:00	15835.88	15848.48	15833.03	15836.72	2258	0	1
2024.01.25	13:55:00	15867.44	15878.2	15852.92	15863.48	1580	0	4
2024.01.25	14:00:00	15883.96	15887.87	15866.22	15885.84	565	0	4
2024.01.25	14:05:00	15831.55	15836.3	15822.65	15834.67	958	0	1
2024.01.25	14:10:00	15829.85	15832.12	15822.67	15829.29	1711	0	1
2024.01.25	14:15:00	15828.45	15834.39	15823.24	15826.66	3799	0	3
2024.01.25	14:20:00	15801.49	15804.5	15790.44	15795.61	4346	0	4
2024.01.25	14:25:00	15798.87	15799.2	15790.82	15797.61	4786	0	4
2024.01.25	14:30:00	15822.59	15832.38	15818.09	15820.28	1840	0	1
2024.01.25	14:35:00	15803.72	15815.75	15787.28	15801.14	3366	0	2
2024.01.25	14:40:00	15803.35	15820.89	15791.64	15807.48	1707	0	1
2024.01.25	14:45:00	15787.97	15797.22	15774.57	15791.41	1141	0	1
2024.01.25	14:50:00	15775.84	15782.74	15770.71	15779.72	2943	0	3
2024.01.25	14:55:00	15801.68	15823.2	15798.59	15806.45	3395	0	2
2024.01.25	15:00:00	15799.91	15800.47	15782.83	15797.06	3923	0	3
2024.01.25	15:05:00	15806.68	15817.86	15802.74	15805.65	1024	0	2
2024.01.25	15:10:00	15772.79	15787.62	15769.85	15772.51	3861	0	3
2024.01.25	15:15:00	15796.84	15811.3	15790.42	15806.12	1865	0	3
2024.01.25	15:20:00	15824.59	15830.69	15815.67	15817.23	1752	0	1
2024.01.25	15:25:00	15811.07	15824.02	15806.4	15814.27	642	0	1
2024.01.25	15:30:00	15832.25	15840.81	15823.07	15824.9	1419	0	2
2024.01.25	15:35:00	15794.79	15800.65	15787.09	15799.97	2693	0	1
2024.01.25	15:40:00	15818.55	15826.42	15806.06	15821.46	1351	0	1
2024.01.25	15:45:00	15808.08	15817.01	15799.01	15815.97	1946	0	2
2024.01.25	15:50:00	15813.93	15817.16	15800.02	15812.64	2885	0	2
2024.01.25	15:55:00	15800.21	15816.05	15799.7	15804.15	938	0	2
2024.01.26	09:30:00	15790.24	15799.03	15776.57	15794.08	4437	0	1
2024.01.26	09:35:00	15801.91	15811.17	15795.72	15806.82	1890	0	1
2024.01.26	09:40:00	15814.5	15817.63	15801.81	15811.72	3916	0	4
2024.01.26	09:45:00	15826.26	15834.5	15810.45	15823.71	3414	0	3
2024.01.26	09:50:00	15830.36	15836.36	15814.99	15823.87	3880	0	2
2024.01.26	09:55:00	15830.92	15836.51	15819.39	15833.38	1800	0	1
2024.01.26	10:00:00	15826.98	15832.73	15823.97	15826.19	1274	0	2
2024.01.26	10:05:00	15861.88	15872.7	15846.74	15866.52	1143	0	4
2024.01.26	10:10:00	15837.49	15852.1	15836.45	15838.69	1532	0	4
2024.01.26	10:15:00	15859.77	15861.94	15859.43	15861.64	2951	0	4
2024.01.26	10:20:00	15888.21	15889.69	15874.93	15886.54	3309	0	1
2024.01.26	10:25:00	15875.19	15883.57	15863.65	15871.54	3889	0	2
2024.01.26	10:30:00	15915.54	15919.96	15908.14	15911.97	4837	0	1
2024.01.26	10:35:00	15927.19	15942.27	15921.94	15930.23	4235	0	4
2024.01.26	10:40:00	15951.68	15956.14	15943.96	15948.08	2106	0	1
2024.01.26	10:45:00	15948.74	15950.76	15936.46	15948.9	2624	0	3
2024.01.26	10:50:00	15944.13	15956.2	15938.5	15945.3	4797	0	2
2024.01.26	10:55:00	15939.28	15946.36	15926.36	15941.84	3699	0	3
2024.01.26	11:00:00	15947.19	15962.13	15935.43	15949.21	2375	0	4
2024.01.26	11:05:00	15981.15	15995.9	15970.89	15974.85	4249	0	2
2024.01.26	11:10:00	15979.56	15988.81	15961.0	15978.45	1112	0	1
2024.01.26	11:15:00	15962.92	15985.85	15951.37	15962.29	3528	0	3
2024.01.26	11:20:00	15976.57	15981.14	15970.42	15977.52	4769	0	3
2024.01.26	11:25:00	16003.37	16020.04	15992.95	15994.51	2872	0	1
2024.01.26	11:30:00	16011.42	16014.4	15995.36	16006.69	3259	0	1
2024.01.26	11:35:00	16017.91	16021.34	16015.68	16020.53	769	0	3
2024.01.26	11:40:00	16014.94	16022.85	15998.92	16015.93	3222	0	3
2024.01.26	11:45:00	15998.64	16014.96	15995.01	15999.42	1805	0	1
2024.01.26	11:50:00	15984.54	15985.19	15982.03	15984.01	4975	0	3
2024.01.26	11:55:00	15952.23	15955.34	15943.04	15954.76	1939	0	2
2024.01.26	12:00:00	15960.95	15977.78	15944.55	15959.36	1912	0	1
2024.01.26	12:05:00	15963.42	15974.59	15947.08	15958.17	2277	0	3
2024.01.26	12:10:00	15945.8	15953.99	15930.64	15950.54	3636	0	3
2024.01.26	12:15:00	15893.51	15905.93	15892.84	15897.57	4779	0	1
2024.01.26	12:20:00	15873.72	15884.75	15870.27	15875.45	2058	0	3
2024.01.26	12:25:00	15894.36	15906.08	15885.67	15895.93	1439	0	1
2024.01.26	12:30:00	15891.48	15891.72	15882.96	15884.29	3940	0	3
2024.01.26	12:35:00	15894.7	15899.7	15877.88	15891.1	2936	0	4
2024.01.26	12:40:00	15869.8	15874.46	15848.82	15866.41	2546	0	4
2024.01.26	12:45:00	15891.64	15897.66	15884.71	15892.6	4960	0	2
2024.01.26	12:50:00	15889.29	15894.58	15887.72	15890.32	2730	0	2
2024.01.26	12:55:00	15890.63	15907.24	15883.99	15895.86	3284	0	1
2024.01.26	13:00:00	15940.91	15943.25	15925.9	15938.09	4916	0	4
2024.01.26	13:05:00	15967.58	15970.82	15947.66	15965.8	1440	0	2
2024.01.26	13:10:00	15965.23	15972.08	15947.19	15960.58	4562	0	4
2024.01.26	13:15:00	15949.42	15951.58	15944.5	15950.18	4820	0	4
2024.01.26	13:20:00	15944.11	15946.79	15939.28	15944.62	2618	0	2
2024.01.26	13:25:00	15954.76	15959.79	15950.94	15954.15	2013	0	3
2024.01.26	13:30:00	15955.79	15957.09	15949.68	15952.57	1230	0	2
2024.01.26	13:35:00	15940.44	15965.24	15930.41	15945.75	715	0	3
2024.01.26	13:40:00	15975.24	15994.42	15970.01	15972.58	4928	0	1
2024.01.26	13:45:00	15970.76	15980.37	15966.01	15970.84	2441	0	4
2024.01.26	13:50:00	16008.96	16021.08	16006.97	16012.79	3505	0	1
2024.01.26	13:55:00	16007.2	16024.37	16003.75	16014.76	1582	0	3
2024.01.26	14:00:00	16046.99	16057.09	16044.05	16047.49	1956	0	4
2024.01.26	14:05:00	16059.57	16063.19	16048.0	16054.3	4184	0	4
2024.01.26	14:10:00	16078.23	16080.41	16062.53	16072.14	3453	0	4
2024.01.26	14:15:00	16060.57	16078.73	16050.22	16059.28	1489	0	3
2024.01.26	14:20:00	16051.21	16051.31	16040.2	16044.08	524	0	4
2024.01.26	14:25:00	16052.6	16059.17	16044.07	16052.76	4189	0	4
2024.01.26	14:30:00	16074.53	16079.26	16063.13	16071.06	860	0	2
2024.01.26	14:35:00	16070.47	16077.46	16046.12	16072.11	662	0	3
2024.01.26	14:40:00	16047.17	16058.66	16036.1	16049.04	1851	0	2
2024.01.26	14:45:00	16022.2	16032.37	16021.4	16024.66	4681	0	2
2024.01.26	14:50:00	15991.64	16011.24	15983.39	15999.11	3400	0	4
2024.01.26	14:55:00	15972.09	15977.4	15965.07	15967.44	689	0	1
2024.01.26	15:00:00	15967.41	15974.06	15964.41	15969.73	4626	0	1
2024.01.26	15:05:00	15987.51	16000.26	15982.88	15990.41	4723	0	1
2024.01.26	15:10:00	15986.21	15998.85	15979.88	15990.49	3635	0	1
2024.01.26	15:15:00	15949.19	15953.79	15938.43	15949.93	831	0	3
2024.01.26	15:20:00	15953.17	15975.13	15934.26	15946.81	564	0	4
2024.01.26	15:25:00	15951.75	15953.85	15929.45	15944.19	4426	0	4
2024.01.26	15:30:00	15976.38	15986.99	15975.16	15982.39	4201	0	4
2024.01.26	15:35:00	15955.08	15963.5	15947.47	15956.36	4240	0	4
2024.01.26	15:40:00	15945.89	15953.44	15934.53	15949.62	2689	0	2
2024.01.26	15:45:00	15984.36	15990.76	15975.02	15980.78	3174	0	4
2024.01.26	15:50:00	15990.28	15994.43	15982.35	15989.24	1279	0	2
2024.01.26	15:55:00	15997.46	16001.89	15997.37	15999.77	661	0	3
2024.01.29	09:30:00	16002.42	16015.89	15996.54	16002.16	1495	0	1
2024.01.29	09:35:00	16006.73	16015.91	16001.84	16008.46	3295	0	4
2024.01.29	09:40:00	16028.74	16035.27	16022.84	16022.88	2309	0	4
2024.01.29	09:45:00	16010.51	16020.74	15999.33	16008.52	3280	0	3
2024.01.29	09:50:00	16027.2	16040.65	16011.43	16024.77	2483	0	1
2024.01.29	09:55:00	15990.53	16002.98	15989.19	16000.19	3007	0	2
2024.01.29	10:00:00	16006.22	16008.3	16004.18	16006.47	4781	0	3
2024.01.29	10:05:00	16017.58	16029.21	16008.36	16010.03	3341	0	2
2024.01.29	10:10:00	16003.98	16013.42	15994.82	15999.18	4793	0	3
2024.01.29	10:15:00	15992.39	16020.8	15988.86	15999.09	4856	0	2
2024.01.29	10:20:00	15987.0	15988.8	15975.0	15988.13	3279	0	4
2024.01.29	10:25:00	15964.72	15971.42	15947.65	15969.06	4979	0	1
2024.01.29	10:30:00	15969.17	15980.93	15960.87	15962.99	1620	0	2
2024.01.29	10:35:00	15944.25	15950.54	15940.3	15943.37	2842	0	1
2024.01.29	10:40:00	15946.74	15950.58	15946.5	15949.51	835	0	3
2024.01.29	10:45:00	15929.2	15935.07	15920.61	15929.08	913	0	2
2024.01.29	10:50:00	15932.83	15952.52	15921.11	15942.24	1095	0	2
2024.01.29	10:55:00	15917.34	15924.42	15910.07	15921.25	1102	0	1
2024.01.29	11:00:00	15911.49	15913.34	15904.54	15911.36	2345	0	4
2024.01.29	11:05:00	15903.47	15904.73	15884.63	15900.43	3741	0	1
2024.01.29	11:10:00	15917.62	15930.78	15909.9	15924.62	4936	0	4
2024.01.29	11:15:00	15929.52	15941.62	15925.38	15930.9	4918	0	4
2024.01.29	11:20:00	15931.04	15949.53	15926.35	15927.4	1304	0	4
2024.01.29	11:25:00	15931.47	15946.73	15923.23	15936.71	2462	0	2
2024.01.29	11:30:00	15899.88	15906.36	15898.03	15899.05	2441	0	3
2024.01.29	11:35:00	15898.83	15924.73	15887.65	15898.59	941	0	4
2024.01.29	11:40:00	15941.1	15947.13	15920.35	15934.91	678	0	1
2024.01.29	11:45:00	15936.79	15954.49	15922.68	15937.62	2088	0	1
2024.01.29	11:50:00	15938.54	15943.9	15932.88	15939.16	4354	0	1
2024.01.29	11:55:00	15952.47	15964.32	15949.14	15949.38	2232	0	4
2024.01.29	12:00:00	15961.08	15967.83	15956.6	15965.88	2225	0	1
2024.01.29	12:05:00	15929.33	15937.69	15923.53	15930.13	4984	0	4
2024.01.29	12:10:00	15898.49	15916.85	15888.69	15900.13	2198	0	4
2024.01.29	12:15:00	15903.73	15907.47	15901.22	15904.24	3589	0	4
2024.01.29	12:20:00	15894.74	15899.36	15886.64	15891.68	4916	0	3
2024.01.29	12:25:00	15917.63	15931.87	15913.18	15915.63	1030	0	3
2024.01.29	12:30:00	15907.57	15914.16	15907.49	15910.27	2798	0	3
2024.01.29	12:35:00	15876.27	15886.85	15864.15	15875.77	2016	0	3
2024.01.29	12:40:00	15858.66	15862.9	15844.09	15853.31	1034	0	4
2024.01.29	12:45:00	15801.37	15818.27	15789.29	15804.35	718	0	2
2024.01.29	12:50:00	15801.0	15807.39	15799.15	15800.48	3415	0	4
2024.01.29	12:55:00	15796.73	15805.63	15794.65	15797.42	3438	0	2
2024.01.29	13:00:00	15789.92	15792.53	15776.97	15790.15	3028	0	1
2024.01.29	13:05:00	15803.93	15811.87	15803.28	15809.76	3527	0	4
2024.01.29	13:10:00	15836.61	15841.43	15823.71	15831.55	3735	0	3
2024.01.29	13:15:00	15826.04	15844.14	15816.46	15828.81	758	0	1
2024.01.29	13:20:00	15794.58	15800.64	15785.32	15790.92	653	0	1
2024.01.29	13:25:00	15800.05	15814.7	15790.03	15802.27	2009	0	1
2024.01.29	13:30:00	15810.29	15815.94	15804.86	15812.53	3058	0	3
2024.01.29	13:35:00	15822.73	15823.66	15816.88	15818.38	4562	0	4
2024.01.29	13:40:00	15839.85	15841.11	15828.98	15836.29	4909	0	2
2024.01.29	13:45:00	15816.48	15836.34	15811.76	15815.73	4220	0	1
2024.01.29	13:50:00	15854.8	15854.88	15848.42	15852.06	1810	0	4
2024.01.29	13:55:00	15834.13	15844.98	15817.34	15835.17	3083	0	3
2024.01.29	14:00:00	15848.9	15854.29	15834.33	15848.93	1022	0	3
2024.01.29	14:05:00	15816.62	15821.31	15805.12	15818.99	2680	0	1
2024.01.29	14:10:00	15805.89	15806.0	15787.85	15802.65	944	0	3
2024.01.29	14:15:00	15827.64	15837.06	15820.78	15830.13	4967	0	2
2024.01.29	14:20:00	15831.09	15832.91	15822.81	15825.77	2529	0	1
2024.01.29	14:25:00	15840.01	15849.11	15827.21	15841.14	3749	0	2
2024.01.29	14:30:00	15845.78	15852.96	15842.82	15845.71	968	0	1
2024.01.29	14:35:00	15846.86	15846.87	15837.81	15844.14	4786	0	2
2024.01.29	14:40:00	15869.03	15875.4	15865.46	15868.95	2858	0	4
2024.01.29	14:45:00	15863.94	15872.42	15858.82	15865.01	822	0	4
2024.01.29	14:50:00	15833.26	15843.19	15824.78	15833.37	2158	0	3
2024.01.29	14:55:00	15822.5	15823.15	15809.35	15819.29	1454	0	4
2024.01.29	15:00:00	15827.11	15830.97	15820.18	15829.49	810	0	4
2024.01.29	15:05:00	15836.44	15854.9	15836.18	15836.89	639	0	1
2024.01.29	15:10:00	15809.17	15812.52	15796.21	15809.14	3705	0	2
2024.01.29	15:15:00	15799.58	15802.91	15796.22	15796.49	4405	0	2
2024.01.29	15:20:00	15786.05	15802.0	15775.72	15786.41	3470	0	3
2024.01.29	15:25:00	15786.65	15791.73	15769.64	15780.19	3624	0	4
2024.01.29	15:30:00	15755.38	15765.99	15754.41	15755.94	667	0	4
2024.01.29	15:35:00	15744.2	15755.83	15734.78	15745.05	1299	0	1
2024.01.29	15:40:00	15731.77	15733.51	15727.85	15732.38	654	0	3
2024.01.29	15:45:00	15741.75	15757.33	15737.21	15746.44	4883	0	1
2024.01.29	15:50:00	15757.49	15769.11	15756.33	15761.19	3820	0	2
2024.01.29	15:55:00	15757.01	15767.52	15754.02	15758.9	4801	0	2
2024.01.30	09:30:00	15756.28	15762.82	15745.17	15752.23	4572	0	3
2024.01.30	09:35:00	15754.92	15757.49	15749.9	15755.04	1510	0	4
2024.01.30	09:40:00	15739.06	15743.72	15731.63	15740.79	2801	0	4
2024.01.30	09:45:00	15725.05	15733.83	15709.68	15720.68	3411	0	2
2024.01.30	09:50:00	15709.78	15725.57	15696.79	15704.27	3836	0	3
2024.01.30	09:55:00	15697.76	15703.37	15687.13	15693.3	3506	0	1
2024.01.30	10:00:00	15669.92	15675.97	15665.08	15672.95	2539	0	1
2024.01.30	10:05:00	15674.38	15679.8	15661.36	15676.14	518	0	4
2024.01.30	10:10:00	15695.85	15696.19	15685.24	15689.41	4724	0	4
2024.01.30	10:15:00	15662.41	15663.87	15650.02	15661.55	3599	0	4
2024.01.30	10:20:00	15661.36	15665.86	15652.09	15662.31	4263	0	2
2024.01.30	10:25:00	15661.27	15667.78	15646.98	15658.73	1496	0	3
2024.01.30	10:30:00	15668.67	15675.61	15661.25	15665.1	979	0	1
2024.01.30	10:35:00	15663.15	15678.19	15644.41	15665.18	4555	0	3
2024.01.30	10:40:00	15640.51	15641.25	15633.69	15639.73	4126	0	2
2024.01.30	10:45:00	15620.98	15636.43	15616.43	15617.7	4273	0	4
2024.01.30	10:50:00	15614.43	15621.4	15606.39	15618.54	2481	0	2
2024.01.30	10:55:00	15637.1	15641.61	15630.97	15637.05	4573	0	3
2024.01.30	11:00:00	15594.28	15602.55	15582.46	15598.21	1508	0	3
2024.01.30	11:05:00	15601.16	15622.15	15596.96	15604.63	3908	0	4
2024.01.30	11:10:00	15623.98	15643.18	15614.88	15625.98	2724	0	1
2024.01.30	11:15:00	15625.27	15645.39	15611.95	15623.58	1242	0	2
2024.01.30	11:20:00	15632.49	15635.69	15626.7	15633.63	3728	0	2
2024.01.30	11:25:00	15619.21	15624.58	15610.62	15621.5	2122	0	1
2024.01.30	11:30:00	15619.89	15632.4	15607.88	15619.7	1214	0	4
2024.01.30	11:35:00	15587.33	15600.17	15585.22	15591.37	3690	0	4
2024.01.30	11:40:00	15551.86	15552.23	15548.34	15550.35	3973	0	1
2024.01.30	11:45:00	15571.26	15571.8	15566.8	15567.27	1954	0	3
2024.01.30	11:50:00	15549.95	15567.29	15543.64	15550.23	4850	0	4
2024.01.30	11:55:00	15541.81	15543.17	15534.13	15542.53	3695	0	2
2024.01.30	12:00:00	15519.77	15527.2	15505.54	15518.46	600	0	3
2024.01.30	12:05:00	15486.89	15496.08	15476.46	15494.01	2012	0	3
2024.01.30	12:10:00	15493.15	15503.45	15478.1	15491.27	4884	0	1
2024.01.30	12:15:00	15489.66	15499.6	15462.29	15478.79	1299	0	4
2024.01.30	12:20:00	15485.29	15491.34	15482.08	15485.72	4790	0	4
2024.01.30	12:25:00	15493.55	15507.96	15478.92	15493.97	2831	0	2
2024.01.30	12:30:00	15502.52	15502.92	15487.77	15499.91	3538	0	2
2024.01.30	12:35:00	15510.19	15510.62	15500.35	15504.41	3588	0	4
2024.01.30	12:40:00	15535.87	15536.74	15514.73	15532.44	2802	0	4
2024.01.30	12:45:00	15506.41	15514.6	15506.26	15513.99	2827	0	1
2024.01.30	12:50:00	15515.31	15538.42	15507.91	15513.33	3052	0	2
2024.01.30	12:55:00	15542.6	15544.23	15527.53	15533.55	3388	0	3
2024.01.30	13:00:00	15558.31	15570.33	15544.47	15556.12	3819	0	1
2024.01.30	13:05:00	15527.35	15545.71	15519.66	15531.41	2471	0	4
2024.01.30	13:10:00	15527.22	15541.16	15525.42	15526.23	2460	0	1
2024.01.30	13:15:00	15545.92	15557.93	15527.44	15550.43	4002	0	4
2024.01.30	13:20:00	15564.04	15566.14	15554.16	15559.69	3907	0	1
2024.01.30	13:25:00	15560.08	15572.33	15552.76	15563.44	3424	0	4
2024.01.30	13:30:00	15560.18	15565.97	15557.79	15559.92	2574	0	1
2024.01.30	13:35:00	15550.45	15570.58	15540.84	15553.47	3085	0	3
2024.01.30	13:40:00	15556.93	15564.96	15549.24	15558.86	3069	0	2
2024.01.30	13:45:00	15559.96	15580.71	15542.67	15554.72	2459	0	2
2024.01.30	13:50:00	15554.65	15563.72	15546.27	15554.29	1303	0	1
2024.01.30	13:55:00	15554.01	15569.2	15550.62	15555.98	2910	0	3
2024.01.30	14:00:00	15540.32	15558.95	15531.94	15544.35	2493	0	3
2024.01.30	14:05:00	15547.44	15563.18	15546.24	15554.03	729	0	2
2024.01.30	14:10:00	15601.33	15616.37	15598.75	15605.75	4799	0	2
2024.01.30	14:15:00	15575.09	15575.56	15564.38	15574.7	3500	0	3
2024.01.30	14:20:00	15584.18	15602.5	15578.06	15580.72	1012	0	3
2024.01.30	14:25:00	15565.65	15567.88	15563.73	15567.63	1419	0	3
2024.01.30	14:30:00	15583.66	15589.15	15570.17	15578.12	3071	0	1
2024.01.30	14:35:00	15576.72	15580.45	15570.41	15579.26	4370	0	3
2024.01.30	14:40:00	15592.17	15594.61	15586.73	15593.01	2684	0	2
2024.01.30	14:45:00	15610.28	15622.61	15595.77	15614.09	4155	0	2
2024.01.30	14:50:00	15621.31	15630.17	15615.4	15617.81	1076	0	2
2024.01.30	14:55:00	15645.58	15661.86	15631.2	15638.15	2875	0	2
2024.01.30	15:00:00	15590.79	15613.56	15585.74	15597.01	4223	0	1
2024.01.30	15:05:00	15624.21	15625.46	15607.42	15625.43	4312	0	2
2024.01.30	15:10:00	15636.86	15639.35	15629.1	15632.38	1580	0	3
2024.01.30	15:15:00	15646.66	15660.48	15640.46	15651.79	3518	0	1
2024.01.30	15:20:00	15632.5	15638.19	15630.17	15630.5	678	0	4
2024.01.30	15:25:00	15620.43	15635.99	15609.27	15616.11	1135	0	2
2024.01.30	15:30:00	15619.28	15632.8	15608.32	15619.0	4550	0	3
2024.01.30	15:35:00	15620.96	15625.06	15607.81	15619.02	3833	0	1
2024.01.30	15:40:00	15630.57	15635.34	15615.42	15624.33	1431	0	1
2024.01.30	15:45:00	15650.75	15655.42	15637.24	15643.85	4981	0	4
2024.01.30	15:50:00	15612.7	15627.44	15609.03	15612.92	4967	0	4
2024.01.30	15:55:00	15628.57	15648.48	15620.45	15630.46	684	0	1
2024.01.31	09:30:00	15627.66	15632.98	15623.11	15630.92	615	0	4
2024.01.31	09:35:00	15631.08	15637.04	15620.63	15627.62	1602	0	4
2024.01.31	09:40:00	15597.08	15602.67	15593.74	15601.93	4072	0	1
2024.01.31	09:45:00	15610.24	15616.72	15607.65	15611.13	3189	0	1
2024.01.31	09:50:00	15569.19	15571.58	15557.98	15568.83	2806	0	1
2024.01.31	09:55:00	15578.8	15586.5	15561.7	15580.57	2368	0	4
2024.01.31	10:00:00	15555.57	15557.48	15547.61	15554.58	2658	0	4
2024.01.31	10:05:00	15564.87	15572.63	15547.08	15555.83	3369	0	3
2024.01.31	10:10:00	15553.62	15558.13	15551.49	15554.05	786	0	2
2024.01.31	10:15:00	15573.43	15578.99	15562.39	15574.97	3138	0	4
2024.01.31	10:20:00	15575.71	15583.14	15553.03	15572.13	1493	0	4
2024.01.31	10:25:00	15561.05	15563.81	15549.9	15560.21	4045	0	4
2024.01.31	10:30:00	15556.66	15560.35	15543.57	15551.6	1379	0	2
2024.01.31	10:35:00	15574.92	15583.56	15572.0	15574.34	819	0	3
2024.01.31	10:40:00	15583.23	15591.68	15577.27	15584.11	2456	0	3
2024.01.31	10:45:00	15571.33	15582.71	15553.77	15577.62	2482	0	1
2024.01.31	10:50:00	15568.05	15587.47	15566.95	15573.76	2833	0	3
2024.01.31	10:55:00	15540.0	15547.91	15533.77	15546.46	4370	0	3
2024.01.31	11:00:00	15554.95	15555.21	15550.96	15553.61	3649	0	3
2024.01.31	11:05:00	15518.17	15524.5	15517.38	15522.96	2132	0	2
2024.01.31	11:10:00	15540.91	15550.88	15534.93	15536.49	3769	0	3
2024.01.31	11:15:00	15539.17	15549.48	15535.2	15539.06	2767	0	4
2024.01.31	11:20:00	15580.57	15591.25	15580.55	15581.43	1506	0	3
2024.01.31	11:25:00	15559.37	15562.58	15547.24	15562.34	597	0	4
2024.01.31	11:30:00	15563.04	15570.72	15557.85	15560.85	517	0	4
2024.01.31	11:35:00	15590.03	15609.87	15584.68	15592.87	1508	0	2
2024.01.31	11:40:00	15610.75	15621.8	15604.83	15614.23	4185	0	3
2024.01.31	11:45:00	15606.44	15610.48	15596.3	15602.24	2586	0	3
2024.01.31	11:50:00	15607.77	15620.35	15606.23	15606.51	2532	0	4
2024.01.31	11:55:00	15606.03	15611.59	15604.11	15606.86	2295	0	2
2024.01.31	12:00:00	15614.42	15626.89	15601.6	15612.16	1651	0	1
2024.01.31	12:05:00	15600.15	15613.21	15584.77	15600.12	3715	0	3
2024.01.31	12:10:00	15600.21	15608.35	15592.89	15598.86	557	0	3
2024.01.31	12:15:00	15568.09	15576.1	15557.22	15570.97	3253	0	3
2024.01.31	12:20:00	15580.96	15587.86	15557.53	15573.66	4716	0	3
2024.01.31	12:25:00	15579.87	15604.98	15559.7	15581.91	4461	0	3
2024.01.31	12:30:00	15583.7	15590.25	15577.77	15578.21	2161	0	1
2024.01.31	12:35:00	15549.39	15562.67	15545.36	15550.06	4346	0	4
2024.01.31	12:40:00	15570.63	15570.78	15560.58	15567.79	1569	0	2
2024.01.31	12:45:00	15577.11	15588.06	15563.28	15574.52	1585	0	1
2024.01.31	12:50:00	15566.08	15567.14	15559.28	15562.04	2045	0	4
2024.01.31	12:55:00	15554.44	15557.43	15546.29	15557.41	579	0	4
2024.01.31	13:00:00	15535.09	15544.4	15527.26	15531.3	1695	0	3
2024.01.31	13:05:00	15520.08	15522.82	15509.0	15513.59	4345	0	3
2024.01.31	13:10:00	15503.55	15512.86	15495.49	15504.46	3930	0	1
2024.01.31	13:15:00	15526.47	15528.56	15523.45	15526.35	1981	0	2
2024.01.31	13:20:00	15513.58	15520.18	15508.99	15515.42	1906	0	1
2024.01.31	13:25:00	15525.76	15528.29	15515.31	15526.98	2061	0	2
2024.01.31	13:30:00	15523.85	15523.89	15503.32	15517.83	1035	0	2
2024.01.31	13:35:00	15518.97	15524.41	15515.25	15522.5	1212	0	1
2024.01.31	13:40:00	15517.01	15530.08	15514.69	15520.32	4967	0	3
2024.01.31	13:45:00	15541.65	15544.05	15535.06	15535.99	3618	0	3
2024.01.31	13:50:00	15529.09	15541.42	15522.01	15526.89	3548	0	2
2024.01.31	13:55:00	15507.02	15511.96	15497.93	15499.58	1760	0	4
2024.01.31	14:00:00	15474.08	15477.11	15471.83	15475.65	4351	0	2
2024.01.31	14:05:00	15467.09	15476.93	15458.63	15466.65	1295	0	1
2024.01.31	14:10:00	15442.79	15456.45	15435.12	15445.1	4859	0	4
2024.01.31	14:15:00	15453.08	15468.61	15451.69	15452.58	2765	0	1
2024.01.31	14:20:00	15438.54	15445.89	15434.75	15444.74	1988	0	1
2024.01.31	14:25:00	15489.04	15495.73	15485.0	15486.64	3876	0	2
2024.01.31	14:30:00	15457.64	15470.36	15450.09	15456.5	2377	0	3
2024.01.31	14:35:00	15460.17	15464.14	15455.53	15460.38	1713	0	2
2024.01.31	14:40:00	15439.59	15450.35	15434.67	15440.95	3576	0	4
2024.01.31	14:45:00	15429.51	15433.18	15427.0	15432.64	3749	0	2
2024.01.31	14:50:00	15437.96	15464.44	15429.69	15435.42	3214	0	4
2024.01.31	14:55:00	15391.06	15397.78	15387.51	15395.14	2578	0	3
2024.01.31	15:00:00	15401.36	15408.89	15386.09	15399.57	1979	0	1
2024.01.31	15:05:00	15440.35	15443.91	15422.51	15433.1	2316	0	2
2024.01.31	15:10:00	15430.68	15435.19	15408.4	15425.49	4434	0	1
2024.01.31	15:15:00	15425.07	15438.73	15420.19	15430.33	2117	0	4
2024.01.31	15:20:00	15446.68	15466.95	15441.93	15448.56	4852	0	3
2024.01.31	15:25:00	15447.47	15456.8	15441.74	15446.0	1155	0	2
2024.01.31	15:30:00	15435.91	15439.17	15428.69	15436.15	1232	0	3
2024.01.31	15:35:00	15391.86	15400.15	15386.14	15396.74	1996	0	3
2024.01.31	15:40:00	15409.57	15412.28	15395.4	15408.22	513	0	3
2024.01.31	15:45:00	15406.52	15420.01	15393.21	15406.56	4456	0	2
2024.01.31	15:50:00	15395.88	15398.55	15378.33	15389.21	2031	0	2
2024.01.31	15:55:00	15390.84	15418.59	15387.02	15391.72	959	0	2
2024.02.01	09:30:00	15385.93	15407.02	15374.2	15381.86	3283	0	4
2024.02.01	09:35:00	15368.56	15374.56	15358.75	15372.97	4812	0	2
2024.02.01	09:40:00	15380.25	15386.82	15369.25	15383.83	4971	0	2
2024.02.01	09:45:00	15363.36	15372.81	15356.24	15360.85	983	0	3
2024.02.01	09:50:00	15383.15	15387.21	15368.53	15379.38	4068	0	3
2024.02.01	09:55:00	15352.04	15361.86	15351.97	15355.37	2129	0	4
2024.02.01	10:00:00	15344.24	15347.92	15324.75	15344.16	4263	0	1
2024.02.01	10:05:00	15373.1	15388.62	15366.6	15377.91	3228	0	1
2024.02.01	10:10:00	15397.23	15400.3	15389.38	15397.86	3792	0	2
2024.02.01	10:15:00	15402.79	15415.27	15399.26	15399.87	4270	0	3
2024.02.01	10:20:00	15382.27	15389.43	15380.94	15383.78	4529	0	4
2024.02.01	10:25:00	15374.01	15381.21	15371.83	15374.88	1146	0	3
2024.02.01	10:30:00	15372.53	15387.09	15358.1	15376.46	3757	0	4
2024.02.01	10:35:00	15375.16	15381.4	15371.79	15377.42	1134	0	1
2024.02.01	10:40:00	15382.27	15385.84	15364.08	15376.15	4747	0	3
2024.02.01	10:45:00	15376.17	15379.42	15353.93	15375.92	3327	0	4
2024.02.01	10:50:00	15369.0	15373.06	15366.01	15372.49	1366	0	3
2024.02.01	10:55:00	15346.63	15361.39	15340.06	15347.72	1817	0	2
2024.02.01	11:00:00	15333.5	15343.74	15326.03	15339.05	4530	0	4
2024.02.01	11:05:00	15351.73	15357.26	15324.76	15355.25	3400	0	4
2024.02.01	11:10:00	15336.51	15338.45	15324.4	15331.79	1531	0	2
2024.02.01	11:15:00	15328.31	15338.85	15326.8	15328.81	4192	0	3
2024.02.01	11:20:00	15321.45	15337.4	15309.39	15314.89	3732	0	4
2024.02.01	11:25:00	15316.8	15330.24	15313.44	15317.13	845	0	1
2024.02.01	11:30:00	15310.57	15318.62	15298.5	15310.7	1774	0	1
2024.02.01	11:35:00	15338.86	15340.15	15332.15	15336.64	4300	0	3
2024.02.01	11:40:00	15336.45	15351.15	15327.54	15345.74	2078	0	4
2024.02.01	11:45:00	15323.98	15324.14	15313.65	15323.27	669	0	1
2024.02.01	11:50:00	15335.06	15340.31	15326.21	15335.23	3217	0	3
2024.02.01	11:55:00	15327.25	15334.38	15318.28	15322.09	4544	0	3
2024.02.01	12:00:00	15315.73	15321.14	15303.76	15312.39	3003	0	4
2024.02.01	12:05:00	15314.21	15319.19	15310.43	15318.14	4890	0	4
2024.02.01	12:10:00	15314.22	15321.05	15303.06	15309.92	1013	0	1
2024.02.01	12:15:00	15324.8	15336.65	15320.2	15325.71	3503	0	3
2024.02.01	12:20:00	15309.45	15320.21	15296.6	15312.58	3423	0	3
2024.02.01	12:25:00	15302.84	15303.12	15292.73	15302.16	4929	0	2
2024.02.01	12:30:00	15290.4	15298.32	15284.62	15291.1	2845	0	1
2024.02.01	12:35:00	15286.94	15294.36	15277.72	15281.61	4198	0	2
2024.02.01	12:40:00	15302.13	15308.03	15299.05	15300.95	1154	0	3
2024.02.01	12:45:00	15312.87	15315.1	15303.2	15312.15	699	0	3
2024.02.01	12:50:00	15345.27	15349.78	15334.13	15342.14	3724	0	3
2024.02.01	12:55:00	15385.69	15398.01	15373.39	15381.89	517	0	3
2024.02.01	13:00:00	15366.98	15371.36	15359.7	15364.25	4436	0	4
2024.02.01	13:05:00	15370.72	15372.84	15358.84	15365.79	593	0	3
2024.02.01	13:10:00	15347.76	15355.57	15340.4	15345.64	3598	0	1
2024.02.01	13:15:00	15333.03	15336.79	15316.33	15332.44	2533	0	2
2024.02.01	13:20:00	15326.11	15328.78	15319.29	15321.81	3404	0	1
2024.02.01	13:25:00	15303.48	15310.06	15290.12	15303.79	3305	0	4
2024.02.01	13:30:00	15286.0	15286.46	15276.97	15285.88	2499	0	4
2024.02.01	13:35:00	15289.65	15293.04	15274.85	15283.69	2666	0	4
2024.02.01	13:40:00	15268.56	15275.89	15262.44	15262.95	2765	0	1
2024.02.01	13:45:00	15277.79	15279.92	15262.52	15277.82	3547	0	3
2024.02.01	13:50:00	15260.69	15266.3	15252.96	15262.26	3696	0	1
2024.02.01	13:55:00	15316.27	15322.87	15302.9	15311.19	2523	0	2
2024.02.01	14:00:00	15306.45	15320.82	15300.93	15303.68	2086	0	2
2024.02.01	14:05:00	15306.32	15319.64	15301.6	15305.23	691	0	2
2024.02.01	14:10:00	15281.99	15286.72	15265.99	15283.1	4006	0	2
2024.02.01	14:15:00	15314.11	15325.54	15300.56	15312.96	1517	0	2
2024.02.01	14:20:00	15332.62	15335.71	15328.41	15332.69	2453	0	1
2024.02.01	14:25:00	15335.85	15352.61	15328.07	15338.15	4966	0	4
2024.02.01	14:30:00	15315.54	15327.49	15304.09	15315.09	4031	0	2
2024.02.01	14:35:00	15319.97	15322.42	15318.22	15319.05	2056	0	4
2024.02.01	14:40:00	15298.61	15318.38	15298.6	15299.92	2637	0	1
2024.02.01	14:45:00	15328.71	15332.25	15309.84	15325.58	1961	0	4
2024.02.01	14:50:00	15344.41	15347.6	15339.77	15339.93	3317	0	3
2024.02.01	14:55:00	15345.27	15346.63	15331.43	15341.9	1187	0	1
2024.02.01	15:00:00	15298.98	15303.66	15298.88	15299.94	4786	0	4
2024.02.01	15:05:00	15285.83	15300.51	15272.23	15283.22	4942	0	3
2024.02.01	15:10:00	15295.7	15300.29	15291.42	15295.43	1843	0	3
2024.02.01	15:15:00	15312.47	15323.32	15310.93	15316.75	1537	0	4
2024.02.01	15:20:00	15338.65	15350.62	15331.72	15336.31	2926	0	4
2024.02.01	15:25:00	15309.5	15310.4	15308.42	15308.99	3410	0	1
2024.02.01	15:30:00	15323.52	15335.72	15309.65	15314.53	3396	0	2
2024.02.01	15:35:00	15337.52	15341.54	15328.43	15332.46	689	0	1
2024.02.01	15:40:00	15306.46	15314.34	15303.14	15304.0	3699	0	1
2024.02.01	15:45:00	15305.03	15314.34	15302.28	15304.17	799	0	1
2024.02.01	15:50:00	15309.79	15314.19	15297.81	15309.22	2038	0	3
2024.02.01	15:55:00	15300.83	15307.75	15294.47	15304.31	3725	0	3
2024.02.02	09:30:00	15266.54	15286.43	15260.43	15272.56	4491	0	1
2024.02.02	09:35:00	15264.21	15268.37	15256.94	15267.23	3358	0	2
2024.02.02	09:40:00	15261.71	15272.27	15260.91	15261.88	1218	0	1
2024.02.02	09:45:00	15252.35	15263.3	15239.58	15259.63	3560	0	1
2024.02.02	09:50:00	15248.32	15269.29	15243.93	15250.2	666	0	1
2024.02.02	09:55:00	15242.0	15250.9	15239.99	15242.86	1539	0	3
2024.02.02	10:00:00	15241.73	15243.58	15231.21	15242.47	1056	0	1
2024.02.02	10:05:00	15248.13	15278.04	15235.71	15250.42	4932	0	4
2024.02.02	10:10:00	15244.29	15253.37	15237.64	15245.47	2157	0	4
2024.02.02	10:15:00	15244.65	15254.71	15223.19	15238.7	3012	0	4
2024.02.02	10:20:00	15242.89	15256.11	15221.9	15240.6	4057	0	4
2024.02.02	10:25:00	15205.86	15209.89	15194.78	15207.79	4862	0	4
2024.02.02	10:30:00	15216.08	15227.92	15205.01	15216.31	4979	0	4
2024.02.02	10:35:00	15216.51	15218.82	15191.84	15216.61	1238	0	4
2024.02.02	10:40:00	15214.95	15218.08	15207.04	15217.6	2272	0	1
2024.02.02	10:45:00	15231.81	15237.12	15226.15	15234.46	2322	0	3
2024.02.02	10:50:00	15204.6	15214.0	15200.28	15201.12	4083	0	2
2024.02.02	10:55:00	15166.05	15172.36	15155.52	15167.49	2010	0	4
2024.02.02	11:00:00	15168.73	15175.3	15167.97	15172.49	1540	0	1
2024.02.02	11:05:00	15172.53	15179.72	15170.94	15172.67	3897	0	2
2024.02.02	11:10:00	15176.31	15189.05	15169.18	15175.9	2728	0	2
2024.02.02	11:15:00	15161.49	15174.69	15159.15	15168.27	3864	0	4
2024.02.02	11:20:00	15179.84	15180.45	15174.14	15179.98	2209	0	2
2024.02.02	11:25:00	15199.31	15204.74	15195.26	15196.33	2689	0	4
2024.02.02	11:30:00	15206.52	15218.75	15194.79	15204.96	541	0	2
2024.02.02	11:35:00	15208.45	15210.31	15195.34	15200.78	572	0	3
2024.02.02	11:40:00	15169.14	15171.86	15154.66	15164.85	501	0	3
2024.02.02	11:45:00	15183.34	15190.84	15166.43	15178.36	1288	0	2
2024.02.02	11:50:00	15209.32	15212.16	15189.13	15199.68	2064	0	2
2024.02.02	11:55:00	15213.69	15216.25	15207.07	15211.08	726	0	2
2024.02.02	12:00:00	15196.8	15199.16	15193.83	15196.24	1223	0	3
2024.02.02	12:05:00	15211.5	15212.31	15193.86	15208.14	4311	0	2
2024.02.02	12:10:00	15221.35	15228.03	15207.27	15223.27	4345	0	4
2024.02.02	12:15:00	15250.84	15255.71	15239.75	15250.47	1803	0	1
2024.02.02	12:20:00	15233.42	15242.32	15229.31	15235.65	4759	0	1
2024.02.02	12:25:00	15233.43	15237.15	15222.61	15232.05	1030	0	1
2024.02.02	12:30:00	15243.0	15271.37	15241.96	15245.25	641	0	4
2024.02.02	12:35:00	15244.18	15251.76	15233.45	15246.55	2093	0	2
2024.02.02	12:40:00	15229.0	15238.93	15223.3	15227.58	1691	0	1
2024.02.02	12:45:00	15234.56	15245.41	15225.74	15235.03	847	0	1
2024.02.02	12:50:00	15238.67	15249.13	15236.85	15245.32	4313	0	4
2024.02.02	12:55:00	15242.12	15251.98	15236.76	15247.14	4904	0	4
2024.02.02	13:00:00	15247.28	15251.66	15241.86	15251.24	1716	0	2
2024.02.02	13:05:00	15244.03	15252.22	15238.49	15247.08	1917	0	3
2024.02.02	13:10:00	15274.36	15277.84	15257.79	15272.93	3732	0	2
2024.02.02	13:15:00	15258.42	15259.26	15239.17	15257.66	4698	0	4
2024.02.02	13:20:00	15251.5	15255.15	15223.65	15247.83	1790	0	3
2024.02.02	13:25:00	15250.92	15254.63	15246.56	15248.32	3572	0	2
2024.02.02	13:30:00	15267.51	15276.25	15258.79	15263.81	604	0	4
2024.02.02	13:35:00	15240.36	15250.31	15234.49	15238.26	3047	0	1
2024.02.02	13:40:00	15216.69	15217.21	15215.94	15215.97	4942	0	4
2024.02.02	13:45:00	15184.99	15187.62	15179.55	15181.21	2639	0	2
2024.02.02	13:50:00	15185.23	15197.51	15173.06	15182.07	3386	0	4
2024.02.02	13:55:00	15164.46	15170.98	15156.25	15163.16	3593	0	4
2024.02.02	14:00:00	15161.23	15167.79	15146.7	15156.87	3345	0	3
2024.02.02	14:05:00	15160.47	15176.89	15147.14	15168.52	3588	0	1
2024.02.02	14:10:00	15156.82	15160.39	15153.03	15157.81	4490	0	4
2024.02.02	14:15:00	15161.04	15167.55	15157.86	15162.09	547	0	3
2024.02.02	14:20:00	15161.21	15179.96	15149.01	15157.25	4480	0	4
2024.02.02	14:25:00	15174.49	15177.08	15152.16	15169.09	4585	0	1
2024.02.02	14:30:00	15172.58	15186.55	15164.38	15177.56	4568	0	1
2024.02.02	14:35:00	15170.82	15184.0	15156.27	15165.98	2155	0	2
2024.02.02	14:40:00	15159.36	15178.46	15157.76	15163.38	3123	0	2
2024.02.02	14:45:00	15177.7	15196.82	15171.09	15181.62	2089	0	1
2024.02.02	14:50:00	15187.88	15196.64	15187.83	15188.69	4281	0	1
2024.02.02	14:55:00	15163.89	15171.23	15162.56	15164.98	2329	0	2
2024.02.02	15:00:00	15171.19	15179.33	15169.18	15176.55	1908	0	4
2024.02.02	15:05:00	15160.46	15170.96	15157.16	15158.23	3583	0	1
2024.02.02	15:10:00	15185.13	15196.19	15176.76	15182.79	722	0	1
2024.02.02	15:15:00	15204.34	15221.27	15195.17	15200.71	2192	0	4
2024.02.02	15:20:00	15204.51	15224.67	15203.55	15206.01	1428	0	1
2024.02.02	15:25:00	15208.88	15211.71	15204.61	15209.02	2182	0	1
2024.02.02	15:30:00	15205.62	15209.63	15192.88	15205.72	2519	0	4
2024.02.02	15:35:00	15223.53	15225.3	15216.67	15217.71	785	0	2
2024.02.02	15:40:00	15201.87	15215.64	15192.47	15211.63	4390	0	2
2024.02.02	15:45:00	15212.7	15229.04	15202.13	15215.99	2374	0	1
2024.02.02	15:50:00	15231.35	15238.6	15220.22	15231.33	2114	0	2
2024.02.02	15:55:00	15218.2	15222.85	15212.25	15221.95	1172	0	4
2024.02.05	09:30:00	15210.74	15231.19	15210.74	15211.63	4981	0	4
2024.02.05	09:35:00	15190.95	15193.98	15190.39	15191.38	4350	0	3
2024.02.05	09:40:00	15171.12	15176.51	15169.03	15173.38	2668	0	3
2024.02.05	09:45:00	15142.53	15145.12	15123.73	15142.31	2005	0	3
2024.02.05	09:50:00	15157.28	15162.01	15148.96	15155.13	2603	0	3
2024.02.05	09:55:00	15185.69	15195.07	15183.59	15186.5	4823	0	3
2024.02.05	10:00:00	15209.78	15227.03	15202.67	15211.34	1496	0	1
2024.02.05	10:05:00	15183.09	15184.9	15182.08	15183.66	3580	0	4
2024.02.05	10:10:00	15196.41	15199.01	15190.69	15196.43	4566	0	4
2024.02.05	10:15:00	15215.23	15233.08	15203.36	15221.22	3902	0	1
2024.02.05	10:20:00	15215.25	15215.79	15203.59	15213.66	4415	0	1
2024.02.05	10:25:00	15214.16	15218.25	15192.83	15215.71	4764	0	4
2024.02.05	10:30:00	15185.8	15189.76	15180.31	15181.46	769	0	1
2024.02.05	10:35:00	15188.38	15206.93	15179.71	15186.35	1575	0	4
2024.02.05	10:40:00	15172.39	15178.26	15160.62	15168.38	1149	0	4
2024.02.05	10:45:00	15168.63	15182.7	15165.76	15172.11	3052	0	1
2024.02.05	10:50:00	15144.34	15146.16	15140.69	15145.61	2333	0	4
2024.02.05	10:55:00	15150.97	15162.17	15138.67	15155.23	683	0	1
2024.02.05	11:00:00	15170.7	15176.46	15148.85	15173.12	3009	0	2
2024.02.05	11:05:00	15164.28	15174.17	15159.66	15159.98	953	0	3
2024.02.05	11:10:00	15145.88	15150.44	15131.49	15140.78	2332	0	3
2024.02.05	11:15:00	15100.24	15113.83	15094.51	15104.16	2149	0	1
2024.02.05	11:20:00	15098.34	15102.73	15096.86	15099.91	4521	0	1
2024.02.05	11:25:00	15090.01	15093.66	15088.51	15090.27	3571	0	2
2024.02.05	11:30:00	15066.09	15081.28	15052.99	15064.09	3308	0	3
2024.02.05	11:35:00	15066.12	15074.83	15065.44	15072.13	4242	0	2
2024.02.05	11:40:00	15059.28	15066.67	15043.46	15064.75	1312	0	2
2024.02.05	11:45:00	15048.38	15058.81	15043.03	15046.71	1653	0	1
2024.02.05	11:50:00	15030.93	15041.88	15027.3	15037.57	3885	0	4
2024.02.05	11:55:00	15054.6	15058.38	15045.89	15056.12	3870	0	3
2024.02.05	12:00:00	15067.26	15069.18	15056.51	15066.7	596	0	4
2024.02.05	12:05:00	15066.21	15076.08	15053.6	15064.79	1509	0	2
2024.02.05	12:10:00	15075.17	15076.79	15072.85	15075.65	1521	0	4
2024.02.05	12:15:00	15054.9	15063.21	15054.86	15056.15	527	0	3
2024.02.05	12:20:00	15059.88	15074.42	15035.87	15057.0	3475	0	3
2024.02.05	12:25:00	15060.79	15074.55	15058.15	15059.82	744	0	2
2024.02.05	12:30:00	15049.9	15071.57	15040.6	15052.11	4286	0	3
2024.02.05	12:35:00	15059.96	15066.66	15052.19	15059.83	3135	0	2
2024.02.05	12:40:00	15048.14	15053.88	15046.09	15046.83	3927	0	3
2024.02.05	12:45:00	15061.68	15069.33	15041.34	15055.82	2737	0	2
2024.02.05	12:50:00	15068.22	15073.99	15062.26	15065.53	4866	0	4
2024.02.05	12:55:00	15020.28	15025.08	15010.07	15016.15	1716	0	4
2024.02.05	13:00:00	15034.63	15037.74	15030.64	15036.71	3010	0	2
2024.02.05	13:05:00	14983.43	14997.45	14973.91	14985.21	529	0	2
2024.02.05	13:10:00	14974.26	14989.42	14968.98	14975.06	4248	0	4
2024.02.05	13:15:00	14992.27	14999.49	14989.82	14992.75	3056	0	3
2024.02.05	13:20:00	14984.25	14990.48	14979.07	14987.67	1291	0	1
2024.02.05	13:25:00	14967.4	14978.71	14959.6	14963.11	4179	0	4
2024.02.05	13:30:00	14947.88	14950.04	14944.39	14944.89	4951	0	3
2024.02.05	13:35:00	14961.54	14965.88	14943.08	14962.57	808	0	3
2024.02.05	13:40:00	14932.52	14933.61	14927.17	14930.35	4305	0	4
2024.02.05	13:45:00	14950.5	14958.79	14948.91	14949.75	3814	0	1
2024.02.05	13:50:00	14951.55	14953.03	14939.8	14949.12	2094	0	4
2024.02.05	13:55:00	14924.7	14938.69	14923.82	14929.24	3355	0	1
2024.02.05	14:00:00	14919.2	14928.35	14917.02	14919.69	4034	0	4
2024.02.05	14:05:00	14902.62	14907.4	14887.73	14902.81	2657	0	3
2024.02.05	14:10:00	14919.84	14931.92	14908.77	14917.74	3499	0	3
2024.02.05	14:15:00	14928.29	14944.18	14925.48	14930.41	717	0	3
2024.02.05	14:20:00	14893.24	14917.72	14884.04	14901.67	4663	0	2
2024.02.05	14:25:00	14891.52	14908.42	14886.81	14895.16	4656	0	4
2024.02.05	14:30:00	14880.7	14891.01	14878.37	14880.91	1446	0	1
2024.02.05	14:35:00	14903.23	14908.47	14901.24	14903.02	2648	0	3
2024.02.05	14:40:00	14886.23	14897.25	14880.5	14880.55	1574	0	4
2024.02.05	14:45:00	14909.87	14911.78	14905.1	14907.9	2298	0	1
2024.02.05	14:50:00	14907.92	14909.97	14903.47	14907.64	1738	0	3
2024.02.05	14:55:00	14888.23	14895.02	14880.78	14888.34	4376	0	4
2024.02.05	15:00:00	14880.94	14892.53	14874.65	14877.22	3626	0	3
2024.02.05	15:05:00	14862.04	14873.55	14861.22	14864.02	4305	0	3
2024.02.05	15:10:00	14842.41	14849.59	14839.38	14842.88	4068	0	1
2024.02.05	15:15:00	14841.11	14856.14	14839.2	14844.77	3772	0	4
2024.02.05	15:20:00	14829.21	14832.54	14819.04	14824.45	1249	0	4
2024.02.05	15:25:00	14789.5	14811.62	14785.53	14788.19	4232	0	4
2024.02.05	15:30:00	14779.76	14792.54	14775.83	14782.13	4023	0	1
2024.02.05	15:35:00	14751.9	14756.16	14749.18	14752.28	1059	0	2
2024.02.05	15:40:00	14741.72	14744.8	14731.1	14740.01	894	0	4
2024.02.05	15:45:00	14724.31	14729.8	14712.41	14725.14	3924	0	3
2024.02.05	15:50:00	14709.14	14720.11	14695.23	14710.92	2255	0	4
2024.02.05	15:55:00	14742.4	14752.49	14727.69	14744.58	1976	0	3
2024.02.06	09:30:00	14746.95	14750.76	14727.35	14745.82	2284	0	3
2024.02.06	09:35:00	14749.02	14754.4	14739.05	14750.21	4403	0	2
2024.02.06	09:40:00	14719.35	14726.15	14712.51	14720.87	2136	0	4
2024.02.06	09:45:00	14705.81	14711.73	14695.94	14710.27	2166	0	3
2024.02.06	09:50:00	14714.4	14725.55	14695.8	14714.15	2296	0	4
2024.02.06	09:55:00	14696.78	14698.46	14694.82	14697.38	744	0	1
2024.02.06	10:00:00	14711.72	14733.85	14699.61	14712.79	668	0	2
2024.02.06	10:05:00	14693.73	14706.77	14687.13	14693.07	2364	0	1
2024.02.06	10:10:00	14691.08	14693.77	14685.79	14688.6	575	0	3
2024.02.06	10:15:00	14681.48	14701.22	14663.0	14679.15	3905	0	3
2024.02.06	10:20:00	14684.01	14698.98	14671.18	14682.17	2409	0	2
2024.02.06	10:25:00	14671.02	14682.15	14659.48	14671.82	2754	0	2
2024.02.06	10:30:00	14665.73	14669.41	14662.84	14667.61	2012	0	3
2024.02.06	10:35:00	14660.52	14678.68	14659.92	14663.99	3936	0	4
2024.02.06	10:40:00	14650.12	14653.77	14647.77	14652.09	2423	0	2
2024.02.06	10:45:00	14660.5	14666.33	14649.62	14660.43	658	0	2
2024.02.06	10:50:00	14662.07	14667.49	14658.69	14664.69	2697	0	1
2024.02.06	10:55:00	14663.83	14668.07	14660.02	14663.51	1297	0	4
2024.02.06	11:00:00	14653.45	14657.34	14651.01	14656.66	3177	0	4
2024.02.06	11:05:00	14664.66	14675.64	14659.86	14670.17	3036	0	3
2024.02.06	11:10:00	14669.27	14675.29	14653.49	14666.55	2635	0	4
2024.02.06	11:15:00	14660.18	14675.08	14656.63	14661.75	2233	0	4
2024.02.06	11:20:00	14661.0	14671.17	14655.68	14663.78	3181	0	4
2024.02.06	11:25:00	14688.63	14692.6	14685.36	14692.27	3560	0	2
2024.02.06	11:30:00	14671.69	14673.47	14670.03	14670.29	4453	0	1
2024.02.06	11:35:00	14687.94	14701.61	14675.91	14683.37	4831	0	4
2024.02.06	11:40:00	14650.89	14660.35	14649.2	14652.22	874	0	1
2024.02.06	11:45:00	14655.41	14666.07	14654.94	14656.12	3469	0	2
2024.02.06	11:50:00	14686.14	14687.87	14678.59	14682.58	880	0	3
2024.02.06	11:55:00	14684.97	14693.31	14677.02	14691.0	2378	0	4
2024.02.06	12:00:00	14700.67	14707.99	14691.7	14694.13	3835	0	3
2024.02.06	12:05:00	14693.23	14693.47	14680.47	14685.1	2940	0	2
2024.02.06	12:10:00	14676.91	14697.32	14664.54	14685.91	4135	0	4
2024.02.06	12:15:00	14681.69	14682.84	14672.51	14682.01	4607	0	1
2024.02.06	12:20:00	14666.86	14672.33	14660.68	14669.25	4882	0	1
2024.02.06	12:25:00	14663.85	14667.39	14663.25	14664.73	3528	0	3
2024.02.06	12:30:00	14666.92	14675.82	14647.39	14668.31	3530	0	2
2024.02.06	12:35:00	14658.57	14661.4	14649.22	14655.87	4114	0	2
2024.02.06	12:40:00	14642.42	14647.24	14629.06	14642.79	1548	0	2
2024.02.06	12:45:00	14617.53	14622.3	14613.08	14620.55	1856	0	2
2024.02.06	12:50:00	14626.74	14629.69	14617.87	14627.31	2035	0	4
2024.02.06	12:55:00	14638.34	14654.12	14636.42	14636.64	3849	0	2
2024.02.06	13:00:00	14636.84	14648.65	14633.81	14640.77	2080	0	3
2024.02.06	13:05:00	14651.61	14666.04	14634.84	14657.07	1127	0	1
2024.02.06	13:10:00	14665.44	14675.02	14656.51	14658.82	4093	0	4
2024.02.06	13:15:00	14663.49	14671.06	14663.33	14665.62	3873	0	4
2024.02.06	13:20:00	14670.51	14676.85	14663.01	14670.96	3173	0	1
2024.02.06	13:25:00	14668.42	14673.98	14661.04	14669.74	4467	0	3
2024.02.06	13:30:00	14663.04	14673.14	14656.56	14661.22	4063	0	3
2024.02.06	13:35:00	14704.21	14720.62	14689.8	14698.31	4551	0	1
2024.02.06	13:40:00	14693.02	14698.13	14677.36	14691.09	1668	0	4
2024.02.06	13:45:00	14675.26	14684.68	14670.7	14680.31	1024	0	4
2024.02.06	13:50:00	14683.21	14696.78	14677.86	14687.82	2036	0	4
2024.02.06	13:55:00	14690.97	14693.11	14684.9	14692.3	4234	0	3
2024.02.06	14:00:00	14668.35	14681.5	14668.24	14669.24	4661	0	3
2024.02.06	14:05:00	14682.47	14690.14	14678.02	14688.19	994	0	3
2024.02.06	14:10:00	14689.65	14699.19	14683.71	14686.92	4349	0	4
2024.02.06	14:15:00	14665.14	14669.4	14658.08	14668.75	2652	0	3
2024.02.06	14:20:00	14693.77	14697.94	14681.84	14688.8	4180	0	3
2024.02.06	14:25:00	14705.57	14715.48	14690.78	14699.51	3571	0	1
2024.02.06	14:30:00	14677.94	14684.25	14675.73	14678.77	770	0	3
2024.02.06	14:35:00	14710.09	14717.87	14705.76	14708.63	2679	0	1
2024.02.06	14:40:00	14715.8	14730.85	14702.35	14719.9	900	0	2
2024.02.06	14:45:00	14722.11	14731.13	14719.95	14720.03	2029	0	4
2024.02.06	14:50:00	14745.19	14749.86	14743.16	14746.85	3909	0	1
2024.02.06	14:55:00	14746.17	14768.19	14743.89	14749.8	3577	0	4
2024.02.06	15:00:00	14748.66	14754.84	14731.35	14749.63	3670	0	2
2024.02.06	15:05:00	14737.35	14746.53	14727.35	14738.9	3473	0	4
2024.02.06	15:10:00	14747.82	14755.27	14744.69	14748.91	566	0	4
2024.02.06	15:15:00	14760.34	14772.86	14751.21	14757.17	3123	0	1
2024.02.06	15:20:00	14755.08	14764.86	14741.71	14757.71	2682	0	1
2024.02.06	15:25:00	14750.6	14754.8	14737.65	14744.81	2877	0	4
2024.02.06	15:30:00	14742.85	14755.93	14740.68	14747.27	1457	0	2
2024.02.06	15:35:00	14751.8	14755.56	14745.23	14746.4	3675	0	2
2024.02.06	15:40:00	14721.06	14735.91	14715.27	14724.45	3233	0	1
2024.02.06	15:45:00	14700.22	14708.07	14699.56	14700.22	2313	0	3
2024.02.06	15:50:00	14708.29	14719.67	14704.01	14709.93	754	0	1
2024.02.06	15:55:00	14665.81	14673.63	14663.61	14666.95	809	0	2
2024.02.07	09:30:00	14673.32	14681.42	14666.96	14670.65	2115	0	2
2024.02.07	09:35:00	14667.99	14671.56	14656.4	14663.01	2918	0	4
2024.02.07	09:40:00	14689.0	14690.17	14684.23	14685.04	4986	0	2
2024.02.07	09:45:00	14675.78	14688.65	14666.29	14677.13	3755	0	4
2024.02.07	09:50:00	14689.0	14694.06	14678.14	14688.39	2684	0	3
2024.02.07	09:55:00	14679.48	14689.36	14668.45	14682.08	1846	0	2
2024.02.07	10:00:00	14680.97	14686.14	14678.59	14684.26	1258	0	1
2024.02.07	10:05:00	14693.0	14697.59	14692.74	14696.81	1133	0	4
2024.02.07	10:10:00	14687.96	14693.26	14684.23	14689.41	823	0	2
2024.02.07	10:15:00	14707.12	14711.21	14691.24	14706.29	4603	0	3
2024.02.07	10:20:00	14683.69	14697.78	14672.51	14690.05	571	0	2
2024.02.07	10:25:00	14695.09	14696.76	14693.69	14695.24	4386	0	2
2024.02.07	10:30:00	14715.95	14724.53	14710.0	14710.9	3125	0	3
2024.02.07	10:35:00	14725.93	14734.92	14710.42	14722.19	3282	0	2
2024.02.07	10:40:00	14752.51	14755.42	14741.53	14754.47	4813	0	4
2024.02.07	10:45:00	14737.35	14744.73	14731.62	14742.01	4039	0	3
2024.02.07	10:50:00	14720.84	14724.69	14712.48	14719.3	1162	0	4
2024.02.07	10:55:00	14695.32	14703.67	14691.35	14703.04	4859	0	2
2024.02.07	11:00:00	14718.03	14731.84	14708.64	14714.33	1292	0	1
2024.02.07	11:05:00	14722.21	14731.77	14715.49	14722.92	3061	0	1
2024.02.07	11:10:00	14731.03	14739.85	14714.57	14724.92	3382	0	4
2024.02.07	11:15:00	14700.75	14707.2	14696.65	14706.5	1598	0	4
2024.02.07	11:20:00	14722.63	14736.65	14711.12	14719.57	3336	0	3
2024.02.07	11:25:00	14699.14	14702.4	14683.55	14699.47	3374	0	3
2024.02.07	11:30:00	14717.96	14723.73	14707.16	14719.07	4909	0	1
2024.02.07	11:35:00	14762.48	14774.37	14762.27	14767.06	4615	0	4
2024.02.07	11:40:00	14775.48	14785.05	14773.45	14773.48	2298	0	3
2024.02.07	11:45:00	14785.8	14794.17	14766.49	14783.54	3605	0	3
2024.02.07	11:50:00	14781.56	14798.01	14772.33	14775.59	4194	0	1
2024.02.07	11:55:00	14748.99	14755.99	14734.31	14745.63	618	0	3
2024.02.07	12:00:00	14733.88	14736.86	14730.32	14735.86	3581	0	3
2024.02.07	12:05:00	14714.59	14731.08	14708.64	14717.93	4627	0	4
2024.02.07	12:10:00	14689.58	14698.74	14689.29	14694.13	1041	0	1
2024.02.07	12:15:00	14728.02	14735.08	14714.25	14723.11	3891	0	1
2024.02.07	12:20:00	14725.36	14740.71	14723.76	14727.95	771	0	4
2024.02.07	12:25:00	14739.52	14750.83	14726.81	14734.58	2308	0	2
2024.02.07	12:30:00	14731.47	14733.69	14729.25	14729.72	4187	0	2
2024.02.07	12:35:00	14728.23	14732.3	14713.78	14727.13	4943	0	3
2024.02.07	12:40:00	14742.5	14750.88	14738.34	14743.52	3774	0	2
2024.02.07	12:45:00	14745.48	14751.31	14742.3	14743.28	3747	0	4
2024.02.07	12:50:00	14752.38	14756.73	14733.54	14752.43	1666	0	4
2024.02.07	12:55:00	14748.22	14755.26	14738.54	14749.45	4214	0	2
2024.02.07	13:00:00	14746.36	14761.72	14737.22	14744.04	3465	0	1
2024.02.07	13:05:00	14720.38	14723.65	14717.74	14720.86	4744	0	4
2024.02.07	13:10:00	14685.57	14691.65	14679.5	14688.23	3212	0	3
2024.02.07	13:15:00	14686.17	14695.73	14677.83	14684.17	678	0	4
2024.02.07	13:20:00	14685.19	14685.77	14667.04	14685.4	2799	0	2
2024.02.07	13:25:00	14665.95	14676.32	14661.05	14664.33	3984	0	2
2024.02.07	13:30:00	14662.54	14668.26	14661.21	14664.05	4045	0	1
2024.02.07	13:35:00	14661.22	14666.29	14657.07	14665.23	2238	0	2
2024.02.07	13:40:00	14635.52	14642.04	14628.15	14629.77	1269	0	3
2024.02.07	13:45:00	14620.03	14626.6	14602.04	14614.91	4410	0	1
2024.02.07	13:50:00	14624.87	14628.78	14607.01	14621.94	4204	0	3
2024.02.07	13:55:00	14627.36	14647.63	14617.04	14628.65	4455	0	3
2024.02.07	14:00:00	14608.85	14617.97	14605.03	14609.84	3517	0	4
2024.02.07	14:05:00	14617.33	14628.78	14592.79	14612.76	4228	0	1
2024.02.07	14:10:00	14628.8	14640.38	14624.03	14629.97	2312	0	1
2024.02.07	14:15:00	14641.05	14650.46	14633.75	14643.15	4006	0	2
2024.02.07	14:20:00	14648.07	14653.93	14639.54	14641.86	2697	0	4
2024.02.07	14:25:00	14634.24	14640.41	14623.92	14634.4	4074	0	1
2024.02.07	14:30:00	14630.12	14646.65	14615.57	14624.26	1158	0	4
2024.02.07	14:35:00	14627.67	14637.02	14616.44	14632.3	1834	0	4
2024.02.07	14:40:00	14637.55	14654.77	14634.64	14635.83	1464	0	1
2024.02.07	14:45:00	14653.43	14660.59	14642.84	14646.56	2329	0	2
2024.02.07	14:50:00	14649.14	14655.72	14637.52	14649.04	4165	0	2
2024.02.07	14:55:00	14662.04	14671.2	14649.97	14662.92	1017	0	2
2024.02.07	15:00:00	14660.9	14674.87	14654.21	14664.78	3787	0	4
2024.02.07	15:05:00	14681.71	14683.73	14672.78	14678.11	4237	0	2
2024.02.07	15:10:00	14690.32	14698.09	14687.97	14692.88	3520	0	3
2024.02.07	15:15:00	14679.48	14691.55	14670.81	14679.8	3407	0	1
2024.02.07	15:20:00	14645.97	14654.87	14641.71	14650.07	1122	0	3
2024.02.07	15:25:00	14681.16	14688.8	14669.75	14675.99	3257	0	2
2024.02.07	15:30:00	14684.39	14694.56	14678.33	14680.55	1518	0	4
2024.02.07	15:35:00	14652.26	14661.98	14647.26	14652.37	1607	0	4
2024.02.07	15:40:00	14637.0	14640.96	14635.77	14640.82	4376	0	1
2024.02.07	15:45:00	14659.01	14671.87	14650.26	14653.92	3267	0	3
2024.02.07	15:50:00	14648.36	14664.36	14632.62	14649.57	4970	0	2
2024.02.07	15:55:00	14637.71	14650.62	14618.4	14641.37	2545	0	2
2024.02.08	09:30:00	14659.06	14675.2	14643.51	14664.91	2109	0	2
2024.02.08	09:35:00	14645.68	14664.79	14642.51	14647.82	4978	0	4
2024.02.08	09:40:00	14630.06	14643.99	14627.87	14634.88	3301	0	2
2024.02.08	09:45:00	14636.61	14646.3	14624.71	14638.68	4383	0	1
2024.02.08	09:50:00	14647.91	14651.75	14636.7	14645.44	700	0	1
2024.02.08	09:55:00	14652.73	14668.02	14645.06	14653.97	2866	0	4
2024.02.08	10:00:00	14670.57	14672.79	14661.98	14669.39	4176	0	2
2024.02.08	10:05:00	14670.58	14674.38	14660.51	14672.98	4138	0	1
2024.02.08	10:10:00	14681.63	14685.86	14667.78	14681.41	3717	0	2
2024.02.08	10:15:00	14683.78	14685.75	14664.19	14677.4	1240	0	4
2024.02.08	10:20:00	14677.57	14682.06	14666.21	14678.73	2960	0	4
2024.02.08	10:25:00	14682.09	14684.42	14668.88	14680.81	956	0	4
2024.02.08	10:30:00	14679.48	14685.7	14668.76	14684.68	4108	0	3
2024.02.08	10:35:00	14702.89	14725.91	14694.35	14697.83	3337	0	4
2024.02.08	10:40:00	14705.77	14714.95	14705.11	14707.36	1372	0	4
2024.02.08	10:45:00	14711.89	14720.9	14706.48	14708.39	3770	0	1
2024.02.08	10:50:00	14694.81	14698.3	14694.34	14695.22	3736	0	2
2024.02.08	10:55:00	14698.67	14705.26	14687.31	14696.64	738	0	3
2024.02.08	11:00:00	14698.7	14702.41	14692.2	14696.47	901	0	2
2024.02.08	11:05:00	14698.47	14711.42	14696.92	14699.97	1404	0	4
2024.02.08	11:10:00	14740.69	14749.93	14727.03	14737.04	815	0	4
2024.02.08	11:15:00	14726.07	14731.47	14721.28	14728.6	2917	0	3
2024.02.08	11:20:00	14738.53	14746.86	14732.39	14735.94	4459	0	1
2024.02.08	11:25:00	14752.77	14758.27	14750.87	14754.07	782	0	2
2024.02.08	11:30:00	14757.17	14764.31	14754.96	14756.0	3265	0	1
2024.02.08	11:35:00	14793.86	14798.54	14786.4	14795.41	2408	0	2
2024.02.08	11:40:00	14789.54	14790.99	14787.53	14789.38	4263	0	1
2024.02.08	11:45:00	14791.5	14799.32	14784.1	14795.1	2669	0	1
2024.02.08	11:50:00	14782.85	14789.65	14779.32	14782.02	3509	0	1
2024.02.08	11:55:00	14776.58	14785.15	14773.47	14776.43	4648	0	2
2024.02.08	12:00:00	14779.09	14781.42	14774.81	14780.89	1112	0	1
2024.02.08	12:05:00	14795.18	14796.34	14786.5	14795.36	1920	0	1
2024.02.08	12:10:00	14801.45	14814.79	14795.84	14801.0	1713	0	2
2024.02.08	12:15:00	14820.35	14822.59	14814.74	14822.42	1259	0	3
2024.02.08	12:20:00	14820.69	14821.75	14806.21	14821.12	3415	0	3
2024.02.08	12:25:00	14812.47	14819.9	14811.46	14815.84	533	0	2
2024.02.08	12:30:00	14869.46	14870.29	14859.26	14861.57	2236	0	3
2024.02.08	12:35:00	14872.07	14878.97	14856.31	14868.5	1047	0	1
2024.02.08	12:40:00	14857.61	14860.79	14855.38	14856.69	3268	0	3
2024.02.08	12:45:00	14849.25	14849.58	14840.2	14845.31	3878	0	1
2024.02.08	12:50:00	14823.13	14845.24	14808.34	14829.77	2600	0	1
2024.02.08	12:55:00	14837.21	14852.43	14834.25	14845.8	2502	0	4
2024.02.08	13:00:00	14838.64	14844.98	14831.53	14839.98	2523	0	2
2024.02.08	13:05:00	14837.78	14848.54	14816.99	14842.42	1394	0	3
2024.02.08	13:10:00	14840.85	14844.23	14835.25	14841.64	2190	0	2
2024.02.08	13:15:00	14854.93	14865.94	14853.62	14854.24	4698	0	3
2024.02.08	13:20:00	14843.39	14847.8	14839.24	14840.3	685	0	3
2024.02.08	13:25:00	14818.72	14824.12	14805.38	14822.54	4043	0	4
2024.02.08	13:30:00	14827.94	14828.77	14822.18	14826.6	1241	0	1
2024.02.08	13:35:00	14837.03	14837.53	14833.59	14836.99	1014	0	3
2024.02.08	13:40:00	14844.04	14851.48	14842.15	14842.87	1785	0	4
2024.02.08	13:45:00	14827.82	14834.4	14808.51	14829.57	1710	0	2
2024.02.08	13:50:00	14845.89	14849.41	14836.48	14841.25	1922	0	2
2024.02.08	13:55:00	14828.7	14839.84	14820.13	14829.05	4322	0	3
2024.02.08	14:00:00	14826.54	14826.63	14815.65	14820.59	4570	0	3
2024.02.08	14:05:00	14802.4	14808.51	14792.2	14805.05	3615	0	2
2024.02.08	14:10:00	14829.67	14836.3	14818.9	14827.18	1157	0	4
2024.02.08	14:15:00	14837.91	14844.79	14827.15	14838.11	4754	0	3
2024.02.08	14:20:00	14847.48	14857.7	14847.1	14848.58	4313	0	3
2024.02.08	14:25:00	14871.99	14881.11	14856.46	14869.86	843	0	1
2024.02.08	14:30:00	14916.58	14928.21	14916.55	14917.59	2242	0	3
2024.02.08	14:35:00	14880.07	14892.22	14862.82	14889.04	3989	0	4
2024.02.08	14:40:00	14866.58	14881.0	14859.43	14876.9	901	0	3
2024.02.08	14:45:00	14871.11	14872.02	14863.09	14866.82	843	0	3
2024.02.08	14:50:00	14856.94	14860.14	14849.64	14852.8	3226	0	3
2024.02.08	14:55:00	14841.33	14846.04	14822.78	14834.99	2014	0	1
2024.02.08	15:00:00	14830.19	14841.45	14816.57	14830.25	2487	0	1
2024.02.08	15:05:00	14805.8	14815.0	14801.43	14810.13	3878	0	3
2024.02.08	15:10:00	14814.64	14823.53	14801.43	14816.05	2951	0	1
2024.02.08	15:15:00	14817.25	14833.05	14813.6	14817.21	3699	0	1
2024.02.08	15:20:00	14822.2	14826.4	14814.42	14825.58	1067	0	4
2024.02.08	15:25:00	14839.94	14849.13	14823.32	14834.4	509	0	2
2024.02.08	15:30:00	14852.36	14859.34	14844.22	14844.83	1632	0	4
2024.02.08	15:35:00	14840.46	14852.96	14838.32	14838.85	1408	0	4
2024.02.08	15:40:00	14874.8	14890.2	14864.0	14874.83	1958	0	1
2024.02.08	15:45:00	14874.72	14887.58	14870.86	14879.08	4003	0	4
2024.02.08	15:50:00	14853.23	14864.33	14844.43	14848.03	1183	0	2
2024.02.08	15:55:00	14831.74	14841.96	14820.58	14831.49	1067	0	3
2024.02.09	09:30:00	14801.61	14807.25	14797.1	14802.58	1403	0	1
2024.02.09	09:35:00	14804.78	14807.54	14799.65	14803.17	1968	0	2
2024.02.09	09:40:00	14799.46	14805.95	14798.9	14801.42	1387	0	3
2024.02.09	09:45:00	14794.36	14800.53	14781.48	14793.87	1327	0	2
2024.02.09	09:50:00	14823.05	14834.12	14820.53	14827.89	3108	0	3
2024.02.09	09:55:00	14841.06	14847.21	14831.61	14837.41	1001	0	1
2024.02.09	10:00:00	14849.56	14862.17	14826.47	14849.91	1192	0	1
2024.02.09	10:05:00	14838.45	14840.18	14830.92	14834.56	4264	0	3
2024.02.09	10:10:00	14817.41	14820.71	14815.81	14818.08	581	0	2
2024.02.09	10:15:00	14818.54	14822.99	14815.54	14819.0	776	0	3
2024.02.09	10:20:00	14818.13	14827.65	14815.8	14822.19	812	0	2
2024.02.09	10:25:00	14793.91	14804.94	14790.72	14791.37	2912	0	1
2024.02.09	10:30:00	14785.71	14798.25	14778.0	14788.65	3626	0	3
2024.02.09	10:35:00	14787.55	14792.95	14784.17	14789.18	3617	0	1
2024.02.09	10:40:00	14785.87	14786.03	14776.85	14785.87	3605	0	4
2024.02.09	10:45:00	14772.96	14778.06	14763.82	14772.55	759	0	1
2024.02.09	10:50:00	14758.12	14774.5	14756.38	14763.83	2050	0	4
2024.02.09	10:55:00	14760.4	14768.3	14757.25	14761.17	3350	0	2
2024.02.09	11:00:00	14765.64	14767.65	14753.71	14762.98	3569	0	4
2024.02.09	11:05:00	14772.12	14783.26	14762.83	14773.39	2003	0	1
2024.02.09	11:10:00	14791.02	14794.68	14770.1	14791.78	4310	0	2
2024.02.09	11:15:00	14787.69	14792.46	14782.85	14787.14	4250	0	2
2024.02.09	11:20:00	14779.38	14781.38	14776.44	14779.8	3945	0	1
2024.02.09	11:25:00	14783.97	14788.34	14773.83	14787.42	4089	0	2
2024.02.09	11:30:00	14797.83	14799.72	14787.93	14797.95	4888	0	1
2024.02.09	11:35:00	14794.3	14800.66	14782.82	14790.97	4072	0	2
2024.02.09	11:40:00	14800.99	14804.86	14781.97	14804.51	3134	0	2
2024.02.09	11:45:00	14819.98	14825.01	14815.22	14821.24	2293	0	1
2024.02.09	11:50:00	14838.58	14851.52	14835.67	14843.23	2129	0	4
2024.02.09	11:55:00	14876.61	14898.12	14871.59	14873.44	4201	0	3
2024.02.09	12:00:00	14858.85	14861.54	14850.43	14859.16	1831	0	4
2024.02.09	12:05:00	14856.83	14861.4	14838.16	14859.69	3334	0	4
2024.02.09	12:10:00	14860.48	14865.25	14847.38	14860.17	2762	0	2
2024.02.09	12:15:00	14854.77	14862.28	14852.76	14858.82	2204	0	2
2024.02.09	12:20:00	14844.72	14848.26	14840.28	14848.2	2528	0	4
2024.02.09	12:25:00	14818.64	14823.58	14813.37	14823.54	863	0	2
2024.02.09	12:30:00	14821.81	14833.06	14821.64	14825.39	3692	0	1
2024.02.09	12:35:00	14817.35	14821.03	14803.61	14812.8	800	0	3
2024.02.09	12:40:00	14812.08	14828.37	14805.38	14814.54	832	0	4
2024.02.09	12:45:00	14803.08	14817.77	14791.9	14801.52	1631	0	1
2024.02.09	12:50:00	14780.6	14790.03	14770.13	14783.4	2890	0	3
2024.02.09	12:55:00	14790.16	14795.51	14785.88	14787.61	1848	0	2
2024.02.09	13:00:00	14787.0	14804.98	14784.81	14790.44	4461	0	2
2024.02.09	13:05:00	14800.57	14807.21	14790.41	14800.44	4673	0	2
2024.02.09	13:10:00	14837.59	14849.26	14823.09	14837.41	2269	0	1
2024.02.09	13:15:00	14850.19	14885.09	14838.62	14842.37	4999	0	2
2024.02.09	13:20:00	14852.94	14862.98	14833.85	14850.82	900	0	2
2024.02.09	13:25:00	14831.01	14841.71	14828.5	14833.01	1146	0	4
2024.02.09	13:30:00	14814.0	14818.4	14802.24	14811.7	2063	0	1
2024.02.09	13:35:00	14845.76	14852.88	14837.59	14838.57	4742	0	4
2024.02.09	13:40:00	14817.89	14831.71	14809.32	14823.36	2766	0	1
2024.02.09	13:45:00	14803.32	14815.37	14781.98	14806.14	3679	0	2
2024.02.09	13:50:00	14804.99	14815.93	14803.51	14805.78	3437	0	2
2024.02.09	13:55:00	14803.17	14815.24	14800.05	14804.57	2743	0	2
2024.02.09	14:00:00	14788.63	14797.91	14774.88	14789.74	4692	0	4
2024.02.09	14:05:00	14780.57	14785.41	14779.88	14784.93	4796	0	4
2024.02.09	14:10:00	14810.53	14811.38	14804.68	14805.82	2516	0	3
2024.02.09	14:15:00	14787.85	14792.74	14787.65	14792.61	3711	0	3
2024.02.09	14:20:00	14768.92	14779.0	14766.0	14769.59	3307	0	3
2024.02.09	14:25:00	14789.15	14794.77	14777.1	14785.65	3171	0	4
2024.02.09	14:30:00	14794.09	14799.39	14781.91	14794.19	956	0	4
2024.02.09	14:35:00	14780.82	14795.86	14775.04	14784.1	1442	0	4
2024.02.09	14:40:00	14753.42	14762.14	14746.25	14757.93	4955	0	1
2024.02.09	14:45:00	14745.02	14754.82	14743.07	14745.79	1599	0	2
2024.02.09	14:50:00	14742.64	14749.99	14742.07	14745.17	3432	0	2
2024.02.09	14:55:00	14765.63	14771.15	14756.25	14764.94	4601	0	1
2024.02.09	15:00:00	14743.23	14758.72	14740.11	14747.92	3211	0	4
2024.02.09	15:05:00	14749.51	14751.99	14740.64	14746.8	1467	0	1
2024.02.09	15:10:00	14758.76	14774.27	14754.15	14758.37	4368	0	4
2024.02.09	15:15:00	14719.56	14727.73	14714.95	14718.93	645	0	4
2024.02.09	15:20:00	14741.27	14744.83	14714.67	14736.46	3754	0	3
2024.02.09	15:25:00	14715.58	14717.92	14709.96	14717.04	1698	0	2
2024.02.09	15:30:00	14720.45	14731.98	14716.42	14722.87	3381	0	2
2024.02.09	15:35:00	14725.45	14729.74	14717.88	14727.27	2662	0	3
2024.02.09	15:40:00	14745.02	14749.27	14741.57	14745.67	3060	0	3
2024.02.09	15:45:00	14754.86	14755.72	14748.04	14755.16	2218	0	3
2024.02.09	15:50:00	14713.02	14716.47	14712.71	14715.79	2880	0	3
2024.02.09	15:55:00	14696.28	14703.78	14688.05	14703.02	4711	0	4
2024.02.12	09:30:00	14703.74	14716.59	14691.19	14705.61	4218	0	4
2024.02.12	09:35:00	14703.86	14714.21	14700.12	14702.66	2383	0	4
2024.02.12	09:40:00	14711.36	14720.24	14694.76	14710.91	4735	0	2
2024.02.12	09:45:00	14728.35	14737.06	14720.8	14724.36	4500	0	1
2024.02.12	09:50:00	14741.32	14743.83	14726.07	14734.8	3322	0	2
2024.02.12	09:55:00	14734.05	14735.93	14720.83	14731.52	3175	0	2
2024.02.12	10:00:00	14705.65	14715.28	14697.64	14701.05	660	0	2
2024.02.12	10:05:00	14696.31	14711.84	14685.32	14693.76	2858	0	3
2024.02.12	10:10:00	14706.68	14712.26	14697.41	14700.98	1456	0	4
2024.02.12	10:15:00	14689.29	14692.26	14674.66	14683.14	1220	0	4
2024.02.12	10:20:00	14697.1	14709.09	14685.18	14693.93	4362	0	3
2024.02.12	10:25:00	14711.7	14713.17	14707.14	14709.35	1719	0	3
2024.02.12	10:30:00	14711.07	14721.44	14695.99	14711.75	3269	0	2
2024.02.12	10:35:00	14660.96	14668.09	14657.54	14661.1	4402	0	3
2024.02.12	10:40:00	14639.07	14641.24	14635.96	14640.19	3190	0	2
2024.02.12	10:45:00	14673.85	14689.14	14670.22	14671.78	4009	0	4
2024.02.12	10:50:00	14660.61	14668.94	14660.35	14663.0	3987	0	4
2024.02.12	10:55:00	14629.76	14631.6	14612.97	14630.39	2513	0	2
2024.02.12	11:00:00	14643.34	14654.68	14633.12	14651.16	4647	0	3
2024.02.12	11:05:00	14657.39	14673.46	14649.52	14651.67	4590	0	1
2024.02.12	11:10:00	14669.58	14677.16	14668.66	14670.31	2019	0	2
2024.02.12	11:15:00	14676.72	14700.6	14672.72	14675.2	4186	0	4
2024.02.12	11:20:00	14687.97	14696.73	14679.01	14683.12	1323	0	3
2024.02.12	11:25:00	14690.45	14694.49	14686.01	14689.45	1004	0	3
2024.02.12	11:30:00	14706.16	14706.38	14694.32	14701.35	2885	0	1
2024.02.12	11:35:00	14735.46	14749.75	14726.85	14739.6	3226	0	4
2024.02.12	11:40:00	14764.12	14775.99	14755.93	14756.11	3125	0	4
2024.02.12	11:45:00	14733.65	14736.61	14722.11	14730.03	4094	0	2
2024.02.12	11:50:00	14738.47	14748.87	14724.04	14737.77	2259	0	4
2024.02.12	11:55:00	14761.89	14766.24	14752.78	14757.13	4137	0	3
2024.02.12	12:00:00	14773.62	14780.97	14770.62	14777.53	4559	0	2
2024.02.12	12:05:00	14769.73	14775.94	14742.97	14770.69	911	0	2
2024.02.12	12:10:00	14795.32	14801.67	14788.75	14790.48	2521	0	3
2024.02.12	12:15:00	14800.06	14808.53	14790.93	14806.32	1510	0	2
2024.02.12	12:20:00	14851.7	14852.06	14847.45	14849.81	3454	0	3
2024.02.12	12:25:00	14839.29	14840.99	14824.47	14837.5	2358	0	1
2024.02.12	12:30:00	14835.89	14837.4	14818.41	14829.28	1767	0	2
2024.02.12	12:35:00	14819.12	14825.04	14812.81	14824.44	1632	0	3
2024.02.12	12:40:00	14821.91	14830.58	14807.22	14816.51	2096	0	4
2024.02.12	12:45:00	14800.0	14808.0	14797.73	14801.88	990	0	2
2024.02.12	12:50:00	14754.45	14759.24	14753.53	14755.94	970	0	3
2024.02.12	12:55:00	14744.9	14766.22	14735.94	14748.98	3329	0	2
2024.02.12	13:00:00	14751.81	14766.71	14745.82	14755.44	4742	0	4
2024.02.12	13:05:00	14748.85	14752.35	14735.24	14747.5	2783	0	2
2024.02.12	13:10:00	14776.42	14780.97	14764.81	14780.15	4673	0	3
2024.02.12	13:15:00	14783.14	14785.68	14775.8	14780.67	1197	0	2
2024.02.12	13:20:00	14800.36	14811.59	14798.19	14802.59	4879	0	2
2024.02.12	13:25:00	14803.2	14809.85	14797.39	14807.26	3138	0	3
2024.02.12	13:30:00	14819.65	14823.39	14809.93	14821.42	3846	0	3
2024.02.12	13:35:00	14827.54	14834.37	14824.13	14826.41	779	0	3
2024.02.12	13:40:00	14848.77	14864.92	14839.38	14849.7	3218	0	4
2024.02.12	13:45:00	14851.05	14862.89	14843.91	14850.94	2223	0	3
2024.02.12	13:50:00	14861.92	14863.07	14854.0	14859.58	4543	0	4
2024.02.12	13:55:00	14869.68	14870.1	14856.02	14866.04	4066	0	2
2024.02.12	14:00:00	14860.44	14861.88	14857.35	14861.49	4389	0	3
2024.02.12	14:05:00	14865.08	14869.84	14862.24	14868.6	4505	0	2
2024.02.12	14:10:00	14906.82	14913.97	14888.71	14906.56	3743	0	3
2024.02.12	14:15:00	14903.89	14911.79	14900.46	14902.3	1603	0	1
2024.02.12	14:20:00	14904.74	14911.42	14904.29	14909.67	1773	0	4
2024.02.12	14:25:00	14928.21	14931.6	14920.92	14931.22	4367	0	3
2024.02.12	14:30:00	14948.38	14961.57	14942.48	14950.81	3207	0	3
2024.02.12	14:35:00	14950.61	14951.84	14945.72	14951.31	4512	0	4
2024.02.12	14:40:00	14908.74	14927.3	14889.31	14911.31	4077	0	2
2024.02.12	14:45:00	14922.73	14927.64	14920.13	14920.34	3230	0	2
2024.02.12	14:50:00	14877.78	14887.93	14875.79	14883.19	1186	0	3
2024.02.12	14:55:00	14902.94	14910.7	14898.29	14908.28	4919	0	4
2024.02.12	15:00:00	14910.31	14927.31	14907.39	14911.44	1593	0	2
2024.02.12	15:05:00	14928.03	14933.46	14915.14	14928.62	1607	0	1
2024.02.12	15:10:00	14908.77	14925.91	14903.79	14913.68	1157	0	1
2024.02.12	15:15:00	14885.74	14893.22	14879.14	14887.78	810	0	3
2024.02.12	15:20:00	14891.13	14901.96	14889.74	14892.48	2187	0	1
2024.02.12	15:25:00	14890.88	14907.87	14882.6	14892.21	4295	0	3
2024.02.12	15:30:00	14884.73	14890.9	14882.41	14884.22	4396	0	4
2024.02.12	15:35:00	14883.72	14892.66	14880.76	14885.95	2709	0	3
2024.02.12	15:40:00	14937.96	14943.62	14926.77	14932.96	1915	0	1
2024.02.12	15:45:00	14949.03	14949.06	14944.35	14947.38	2059	0	3
2024.02.12	15:50:00	14962.72	14967.32	14955.77	14965.45	4635	0	2
2024.02.12	15:55:00	14980.38	14982.49	14968.65	14980.06	748	0	1
2024.02.13	09:30:00	15005.89	15010.96	14999.25	15005.47	758	0	1
2024.02.13	09:35:00	15006.67	15020.44	15001.91	15002.54	790	0	3
2024.02.13	09:40:00	14965.94	14977.3	14961.98	14967.98	4495	0	3
2024.02.13	09:45:00	14967.68	14973.5	14962.0	14965.08	908	0	2
2024.02.13	09:50:00	14979.29	14983.73	14973.54	14979.14	4736	0	4
2024.02.13	09:55:00	14968.06	14981.44	14949.5	14963.0	1326	0	3
2024.02.13	10:00:00	14964.69	14971.73	14957.13	14960.32	2967	0	4
2024.02.13	10:05:00	14949.57	14955.18	14943.38	14948.9	4866	0	1
2024.02.13	10:10:00	14973.76	14979.43	14953.81	14974.65	1021	0	2
2024.02.13	10:15:00	14989.38	14992.49	14985.99	14987.66	1766	0	1
2024.02.13	10:20:00	14998.41	14999.75	14992.51	14999.02	3774	0	2
2024.02.13	10:25:00	15015.59	15027.98	15004.94	15009.88	4176	0	4
2024.02.13	10:30:00	15009.81	15029.58	15002.73	15009.55	4582	0	2
2024.02.13	10:35:00	15011.83	15013.81	15009.04	15013.2	587	0	2
2024.02.13	10:40:00	14991.81	14997.61	14982.98	14993.37	3996	0	1
2024.02.13	10:45:00	14952.49	14961.18	14937.25	14956.6	1948	0	2
2024.02.13	10:50:00	14961.32	14966.85	14950.19	14959.44	3009	0	1
2024.02.13	10:55:00	14962.45	14981.43	14956.49	14965.23	4577	0	1
2024.02.13	11:00:00	14989.76	15006.02	14976.12	14986.03	4560	0	1
2024.02.13	11:05:00	15008.62	15015.39	15002.46	15013.02	1332	0	3
2024.02.13	11:10:00	15040.46	15050.78	15033.19	15040.03	2618	0	3
2024.02.13	11:15:00	15027.26	15030.7	15010.56	15023.35	1778	0	3
2024.02.13	11:20:00	15010.33	15023.08	15002.95	15017.65	3266	0	1
2024.02.13	11:25:00	15032.99	15041.38	15025.05	15026.12	4219	0	4
2024.02.13	11:30:00	15068.11	15069.87	15062.46	15069.57	1930	0	3
2024.02.13	11:35:00	15095.63	15117.57	15080.79	15095.14	1046	0	3
2024.02.13	11:40:00	15116.55	15119.25	15112.54	15114.59	789	0	4
2024.02.13	11:45:00	15110.74	15111.51	15100.85	15108.26	739	0	2
2024.02.13	11:50:00	15094.39	15106.01	15085.62	15093.46	2148	0	3
2024.02.13	11:55:00	15110.66	15123.61	15101.37	15107.25	4846	0	1
2024.02.13	12:00:00	15090.51	15095.59	15069.76	15088.73	1632	0	2
2024.02.13	12:05:00	15090.98	15093.01	15078.5	15084.96	2321	0	2
2024.02.13	12:10:00	15085.09	15090.15	15073.8	15083.3	3537	0	1
2024.02.13	12:15:00	15117.56	15118.26	15108.79	15110.84	3460	0	3
2024.02.13	12:20:00	15108.15	15119.34	15105.06	15105.07	1715	0	1
2024.02.13	12:25:00	15057.55	15084.8	15051.59	15063.71	1072	0	4
2024.02.13	12:30:00	15081.53	15087.9	15068.3	15072.62	1204	0	1
2024.02.13	12:35:00	15059.04	15070.27	15056.55	15060.99	1490	0	1
2024.02.13	12:40:00	15067.12	15081.77	15056.27	15062.02	887	0	2
2024.02.13	12:45:00	15060.94	15063.06	15057.03	15060.85	2569	0	2
2024.02.13	12:50:00	15060.1	15073.49	15056.06	15056.48	3405	0	3
2024.02.13	12:55:00	15067.91	15077.02	15060.9	15070.26	3538	0	3
2024.02.13	13:00:00	15046.56	15047.79	15041.99	15044.43	4590	0	3
2024.02.13	13:05:00	15035.06	15038.91	15032.64	15035.92	1819	0	3
2024.02.13	13:10:00	15053.26	15068.78	15046.35	15047.88	3446	0	4
2024.02.13	13:15:00	15039.21	15041.7	15030.67	15037.72	4480	0	3
2024.02.13	13:20:00	15013.83	15026.95	15009.76	15010.65	627	0	1
2024.02.13	13:25:00	15014.95	15036.14	15010.66	15022.32	4015	0	2
2024.02.13	13:30:00	15041.44	15043.38	15041.04	15041.73	896	0	3
2024.02.13	13:35:00	15042.67	15052.15	15031.92	15041.27	2982	0	2
2024.02.13	13:40:00	15008.97	15009.03	14997.56	15008.21	4238	0	4
2024.02.13	13:45:00	15023.78	15024.96	15002.03	15020.51	2566	0	2
2024.02.13	13:50:00	14991.37	14994.16	14990.75	14992.61	3018	0	2
2024.02.13	13:55:00	14998.32	15005.99	14994.65	14998.15	3287	0	2
2024.02.13	14:00:00	14987.39	14995.02	14977.0	14983.39	3100	0	3
2024.02.13	14:05:00	14956.3	14964.78	14946.63	14964.02	3792	0	3
2024.02.13	14:10:00	14958.83	14962.57	14955.77	14956.84	4366	0	2
2024.02.13	14:15:00	14952.9	14964.16	14949.56	14954.03	1107	0	1
2024.02.13	14:20:00	14940.34	14944.93	14935.47	14943.43	2371	0	1
2024.02.13	14:25:00	14954.83	14964.12	14951.42	14953.69	4336	0	2
2024.02.13	14:30:00	14950.59	14958.8	14942.9	14946.44	2216	0	4
2024.02.13	14:35:00	14966.86	14973.61	14961.87	14963.33	2702	0	4
2024.02.13	14:40:00	14967.94	14973.02	14967.6	14968.4	3839	0	3
2024.02.13	14:45:00	14959.85	14968.22	14950.86	14956.88	4709	0	3
2024.02.13	14:50:00	14945.46	14951.01	14936.01	14942.52	1632	0	3
2024.02.13	14:55:00	14914.68	14926.78	14910.78	14914.97	4799	0	1
2024.02.13	15:00:00	14917.84	14921.35	14913.95	14920.18	3693	0	2
2024.02.13	15:05:00	14912.34	14919.83	14906.75	14914.49	638	0	4
2024.02.13	15:10:00	14877.6	14884.21	14868.07	14874.78	4377	0	3
2024.02.13	15:15:00	14865.92	14866.82	14865.9	14866.06	2230	0	1
2024.02.13	15:20:00	14847.68	14853.05	14844.45	14851.2	1769	0	1
2024.02.13	15:25:00	14872.34	14886.9	14870.92	14878.01	2868	0	4
2024.02.13	15:30:00	14852.45	14857.59	14835.0	14849.65	3092	0	4
2024.02.13	15:35:00	14823.9	14830.56	14822.09	14825.73	2928	0	1
2024.02.13	15:40:00	14845.79	14852.9	14841.52	14844.68	748	0	2
2024.02.13	15:45:00	14871.97	14881.55	14859.05	14867.8	4200	0	4
2024.02.13	15:50:00	14851.15	14860.01	14846.38	14855.56	2037	0	2
2024.02.13	15:55:00	14845.07	14846.36	14843.94	14845.22	1134	0	1
2024.02.14	09:30:00	14855.31	14856.34	14845.78	14855.88	3046	0	2
2024.02.14	09:35:00	14818.36	14829.05	14811.12	14817.09	3301	0	2
2024.02.14	09:40:00	14790.34	14801.49	14773.23	14786.19	965	0	2
2024.02.14	09:45:00	14777.34	14795.56	14763.93	14781.79	4741	0	4
2024.02.14	09:50:00	14809.96	14815.39	14806.51	14808.05	3202	0	4
2024.02.14	09:55:00	14804.5	14806.39	14791.27	14801.04	4985	0	3
2024.02.14	10:00:00	14802.4	14806.89	14796.1	14803.03	3517	0	1
2024.02.14	10:05:00	14821.88	14825.09	14820.22	14822.34	545	0	2
2024.02.14	10:10:00	14859.45	14873.97	14849.73	14858.04	1437	0	1
2024.02.14	10:15:00	14849.79	14862.09	14843.81	14848.63	4876	0	1
2024.02.14	10:20:00	14850.61	14854.93	14837.29	14848.65	3018	0	2
2024.02.14	10:25:00	14881.5	14888.79	14872.52	14879.61	1049	0	1
2024.02.14	10:30:00	14850.98	14859.21	14842.37	14854.28	834	0	3
2024.02.14	10:35:00	14875.21	14889.55	14860.26	14871.87	2916	0	2
2024.02.14	10:40:00	14858.96	14861.6	14852.99	14855.03	3173	0	3
2024.02.14	10:45:00	14857.68	14861.74	14853.12	14857.05	1608	0	3
2024.02.14	10:50:00	14848.24	14864.41	14840.92	14853.27	1376	0	4
2024.02.14	10:55:00	14837.08	14843.99	14822.35	14837.46	3228	0	2
2024.02.14	11:00:00	14821.91	14832.62	14812.28	14821.25	2459	0	1
2024.02.14	11:05:00	14822.35	14826.42	14814.82	14826.19	666	0	4
2024.02.14	11:10:00	14842.0	14845.78	14819.87	14843.21	759	0	2
2024.02.14	11:15:00	14836.59	14844.98	14835.78	14841.33	1572	0	4
2024.02.14	11:20:00	14844.84	14845.01	14840.37	14842.8	3038	0	4
2024.02.14	11:25:00	14853.26	14862.36	14851.21	14852.7	1852	0	4
2024.02.14	11:30:00	14831.14	14842.15	14823.45	14836.67	567	0	3
2024.02.14	11:35:00	14850.58	14853.07	14848.83	14849.39	4620	0	3
2024.02.14	11:40:00	14863.28	14865.56	14848.75	14863.47	3620	0	2
2024.02.14	11:45:00	14909.4	14909.48	14903.19	14907.65	3126	0	2
2024.02.14	11:50:00	14900.28	14903.38	14899.31	14901.61	1599	0	4
2024.02.14	11:55:00	14891.47	14907.03	14883.47	14894.18	3686	0	3
2024.02.14	12:00:00	14904.85	14913.06	14895.47	14907.45	4758	0	1
2024.02.14	12:05:00	14919.76	14921.61	14911.62	14921.58	3542	0	2
2024.02.14	12:10:00	14912.9	14934.45	14895.31	14912.84	1830	0	4
2024.02.14	12:15:00	14906.83	14910.1	14905.08	14906.33	2265	0	1
2024.02.14	12:20:00	14915.12	14918.5	14913.09	14915.77	4681	0	2
2024.02.14	12:25:00	14900.66	14925.96	14887.02	14902.09	563	0	4
2024.02.14	12:30:00	14894.28	14897.1	14889.05	14895.47	1495	0	2
2024.02.14	12:35:00	14905.73	14906.31	14888.42	14897.27	981	0	3
2024.02.14	12:40:00	14911.78	14922.71	14910.35	14914.38	3385	0	4
2024.02.14	12:45:00	14902.59	14917.37	14901.68	14904.47	2564	0	2
2024.02.14	12:50:00	14884.81	14894.57	14871.8	14873.71	1099	0	4
2024.02.14	12:55:00	14843.18	14846.77	14829.64	14841.77	4735	0	2
2024.02.14	13:00:00	14816.28	14824.89	14815.47	14820.91	2982	0	2
2024.02.14	13:05:00	14802.01	14803.6	14787.39	14799.19	1619	0	1
2024.02.14	13:10:00	14793.84	14808.82	14784.74	14796.89	4756	0	2
2024.02.14	13:15:00	14780.33	14791.56	14776.24	14777.28	3642	0	3
2024.02.14	13:20:00	14765.12	14768.15	14752.05	14765.83	1084	0	1
2024.02.14	13:25:00	14751.71	14763.33	14741.2	14753.18	4219	0	2
2024.02.14	13:30:00	14751.5	14761.96	14738.01	14746.12	765	0	3
2024.02.14	13:35:00	14770.41	14774.63	14752.93	14768.52	4580	0	4
2024.02.14	13:40:00	14783.14	14785.94	14775.05	14779.88	2270	0	3
2024.02.14	13:45:00	14781.91	14788.95	14778.03	14780.45	1820	0	3
2024.02.14	13:50:00	14771.54	14777.0	14771.08	14773.03	740	0	3
2024.02.14	13:55:00	14768.13	14786.49	14759.34	14766.08	4690	0	2
2024.02.14	14:00:00	14775.9	14781.72	14769.55	14771.86	3018	0	2
2024.02.14	14:05:00	14782.38	14783.22	14780.28	14781.93	3235	0	3
2024.02.14	14:10:00	14773.06	14775.82	14766.87	14767.04	4326	0	1
2024.02.14	14:15:00	14770.79	14771.7	14758.25	14767.95	2787	0	4
2024.02.14	14:20:00	14735.01	14748.45	14732.1	14734.31	1804	0	2
2024.02.14	14:25:00	14738.97	14740.58	14733.72	14738.13	4002	0	4
2024.02.14	14:30:00	14751.61	14763.01	14742.92	14751.15	2885	0	1
2024.02.14	14:35:00	14742.59	14749.16	14732.02	14746.77	1574	0	2
2024.02.14	14:40:00	14777.13	14778.74	14758.98	14777.43	4300	0	2
2024.02.14	14:45:00	14763.73	14772.7	14746.75	14762.99	4156	0	2
2024.02.14	14:50:00	14765.53	14773.77	14760.09	14766.92	1612	0	3
2024.02.14	14:55:00	14767.74	14779.88	14764.39	14766.61	3424	0	3
2024.02.14	15:00:00	14765.3	14773.22	14764.64	14765.23	4644	0	4
2024.02.14	15:05:00	14766.2	14769.79	14760.23	14763.62	4097	0	4
2024.02.14	15:10:00	14767.92	14777.19	14762.19	14765.7	1394	0	1
2024.02.14	15:15:00	14780.74	14792.82	14769.15	14780.18	4350	0	4
2024.02.14	15:20:00	14798.97	14805.83	14781.91	14803.55	753	0	2
2024.02.14	15:25:00	14809.81	14816.0	14801.33	14803.81	3278	0	2
2024.02.14	15:30:00	14817.3	14827.84	14810.58	14817.78	2801	0	1
2024.02.14	15:35:00	14806.04	14812.0	14798.95	14806.31	665	0	3
2024.02.14	15:40:00	14818.3	14827.01	14816.29	14819.45	3767	0	4
2024.02.14	15:45:00	14805.33	14808.92	14800.35	14806.97	1839	0	2
2024.02.14	15:50:00	14830.74	14836.5	14812.82	14825.56	4335	0	4
2024.02.14	15:55:00	14867.68	14867.75	14852.12	14863.01	4451	0	1
2024.02.15	09:30:00	14862.75	14871.05	14849.74	14861.25	3157	0	4
2024.02.15	09:35:00	14824.34	14825.69	14816.4	14824.7	3321	0	2
2024.02.15	09:40:00	14817.88	14818.89	14802.91	14815.8	734	0	2
2024.02.15	09:45:00	14837.03	14838.75	14824.46	14836.78	4505	0	1
2024.02.15	09:50:00	14845.73	14860.6	14837.56	14846.37	3567	0	4
2024.02.15	09:55:00	14851.99	14855.28	14840.48	14850.85	2230	0	3
2024.02.15	10:00:00	14866.63	14869.47	14864.01	14868.12	885	0	4
2024.02.15	10:05:00	14877.43	14884.95	14876.31	14876.58	2771	0	2
2024.02.15	10:10:00	14898.09	14903.2	14889.34	14897.4	4553	0	1
2024.02.15	10:15:00	14915.25	14916.96	14907.87	14913.21	4381	0	3
2024.02.15	10:20:00	14937.14	14947.96	14921.27	14939.23	943	0	1
2024.02.15	10:25:00	14948.0	14950.48	14938.09	14945.6	3929	0	3
2024.02.15	10:30:00	14958.16	14963.32	14943.55	14961.23	868	0	1
2024.02.15	10:35:00	14954.38	14958.96	14951.3	14956.32	2198	0	1
2024.02.15	10:40:00	14944.65	14950.35	14944.51	14946.44	2512	0	3
2024.02.15	10:45:00	14972.02	14978.84	14968.63	14975.65	601	0	3
2024.02.15	10:50:00	14983.06	14997.04	14976.31	14979.62	1117	0	1
2024.02.15	10:55:00	14990.29	15010.7	14974.53	14993.58	4461	0	1
2024.02.15	11:00:00	14993.6	15003.4	14989.19	14995.98	3332	0	4
2024.02.15	11:05:00	14990.58	15003.66	14981.73	14986.32	4038	0	1
2024.02.15	11:10:00	14984.87	14999.87	14981.3	14986.81	3071	0	1
2024.02.15	11:15:00	15010.86	15023.57	15003.72	15011.5	2521	0	4
2024.02.15	11:20:00	15017.79	15023.97	15009.66	15021.24	581	0	3
2024.02.15	11:25:00	14995.28	14995.63	14991.53	14992.45	2958	0	1
2024.02.15	11:30:00	14991.98	14993.66	14964.63	14989.1	3967	0	4
2024.02.15	11:35:00	15022.19	15036.16	14998.39	15019.68	1419	0	2
2024.02.15	11:40:00	15018.17	15027.96	15014.36	15016.35	2709	0	3
2024.02.15	11:45:00	14986.31	15004.59	14983.76	14986.06	2354	0	3
2024.02.15	11:50:00	15016.74	15029.41	15014.8	15018.52	4419	0	2
2024.02.15	11:55:00	15027.66	15039.67	15025.92	15030.43	1234	0	2
2024.02.15	12:00:00	15033.93	15035.85	15028.76	15029.54	973	0	3
2024.02.15	12:05:00	15026.12	15033.29	15021.38	15023.52	1447	0	2
2024.02.15	12:10:00	15039.88	15042.86	15037.99	15042.24	1202	0	1
2024.02.15	12:15:00	15033.45	15051.37	15029.17	15033.32	4308	0	3
2024.02.15	12:20:00	15052.15	15056.18	15034.92	15053.18	1672	0	3
2024.02.15	12:25:00	15058.87	15066.6	15056.72	15062.72	2131	0	3
2024.02.15	12:30:00	15067.8	15077.25	15062.34	15067.2	1657	0	3
2024.02.15	12:35:00	15068.56	15079.99	15062.85	15069.98	4166	0	3
2024.02.15	12:40:00	15064.05	15074.53	15056.09	15067.3	3488	0	4
2024.02.15	12:45:00	15080.39	15087.68	15074.13	15085.45	2632	0	4
2024.02.15	12:50:00	15065.64	15075.26	15062.06	15070.98	4095	0	4
2024.02.15	12:55:00	15042.36	15044.22	15033.61	15043.62	818	0	1
2024.02.15	13:00:00	15054.1	15063.8	15047.69	15054.39	3553	0	1
2024.02.15	13:05:00	15062.47	15072.32	15048.1	15065.46	2126	0	2
2024.02.15	13:10:00	15076.18	15085.48	15067.44	15073.96	2206	0	3
2024.02.15	13:15:00	15080.99	15082.09	15075.52	15081.22	1212	0	1
2024.02.15	13:20:00	15078.02	15097.87	15067.98	15076.05	936	0	1
2024.02.15	13:25:00	15089.17	15092.52	15080.56	15089.8	3621	0	1
2024.02.15	13:30:00	15086.63	15090.15	15080.77	15089.32	4325	0	3
2024.02.15	13:35:00	15081.69	15086.6	15073.08	15081.3	4601	0	4
2024.02.15	13:40:00	15071.97	15079.16	15065.89	15076.28	1596	0	2
2024.02.15	13:45:00	15112.96	15128.32	15106.38	15111.11	3933	0	3
2024.02.15	13:50:00	15078.56	15083.81	15075.1	15081.76	1000	0	1
2024.02.15	13:55:00	15093.74	15095.93	15090.01	15090.6	4002	0	1
2024.02.15	14:00:00	15061.08	15075.81	15051.74	15062.24	3047	0	3
2024.02.15	14:05:00	15064.32	15064.94	15060.45	15060.69	4378	0	2
2024.02.15	14:10:00	15049.77	15071.22	15040.03	15053.6	804	0	1
2024.02.15	14:15:00	15016.1	15021.36	15010.63	15018.4	3994	0	1
2024.02.15	14:20:00	15026.62	15028.69	15018.29	15025.32	2601	0	4
2024.02.15	14:25:00	15023.14	15023.96	15018.95	15019.16	3058	0	3
2024.02.15	14:30:00	14989.46	14992.94	14981.5	14983.8	2925	0	4
2024.02.15	14:35:00	14998.49	14999.22	14983.47	14998.35	3714	0	2
2024.02.15	14:40:00	15029.29	15035.96	15021.7	15023.04	3195	0	4
2024.02.15	14:45:00	15047.72	15048.8	15039.68	15048.71	2371	0	4
2024.02.15	14:50:00	15058.88	15059.37	15050.19	15055.13	2459	0	2
2024.02.15	14:55:00	15053.0	15063.89	15043.35	15056.22	818	0	1
2024.02.15	15:00:00	15080.61	15082.9	15077.38	15079.18	3759	0	4
2024.02.15	15:05:00	15100.22	15110.47	15095.1	15108.23	3675	0	2
2024.02.15	15:10:00	15124.09	15129.36	15118.09	15127.94	3051	0	2
2024.02.15	15:15:00	15113.72	15134.43	15109.98	15112.12	3747	0	4
2024.02.15	15:20:00	15111.38	15117.07	15103.68	15115.87	1710	0	2
2024.02.15	15:25:00	15125.16	15127.55	15114.23	15123.7	1506	0	4
2024.02.15	15:30:00	15096.14	15099.75	15085.13	15093.04	4661	0	1
2024.02.15	15:35:00	15099.65	15109.67	15096.78	15101.37	4792	0	2
2024.02.15	15:40:00	15137.26	15146.46	15135.05	15140.58	4337	0	2
2024.02.15	15:45:00	15150.24	15157.75	15130.01	15151.86	736	0	2
2024.02.15	15:50:00	15174.15	15182.34	15170.99	15177.46	2969	0	1
2024.02.15	15:55:00	15180.56	15185.54	15160.97	15180.91	3811	0	4
2024.02.16	09:30:00	15180.31	15188.77	15163.43	15179.96	667	0	3
2024.02.16	09:35:00	15185.76	15201.87	15184.37	15186.82	4858	0	3
2024.02.16	09:40:00	15178.85	15182.83	15170.82	15173.1	4041	0	3
2024.02.16	09:45:00	15154.38	15164.35	15150.51	15156.85	1891	0	3
2024.02.16	09:50:00	15183.69	15185.38	15165.71	15178.9	2779	0	3
2024.02.16	09:55:00	15199.23	15216.24	15195.25	15202.81	4606	0	3
2024.02.16	10:00:00	15186.31	15192.77	15183.92	15186.06	4341	0	3
2024.02.16	10:05:00	15207.09	15211.61	15191.09	15203.02	4218	0	4
2024.02.16	10:10:00	15205.72	15221.93	15188.36	15201.83	4927	0	1
2024.02.16	10:15:00	15206.54	15208.82	15202.12	15207.98	3848	0	3
2024.02.16	10:20:00	15218.13	15218.67	15209.54	15216.21	4709	0	1
2024.02.16	10:25:00	15235.11	15235.21	15228.91	15233.66	4792	0	1
2024.02.16	10:30:00	15233.53	15248.71	15221.05	15235.39	587	0	4
2024.02.16	10:35:00	15262.17	15262.19	15259.68	15260.04	3443	0	2
2024.02.16	10:40:00	15272.13	15277.74	15256.62	15265.69	2002	0	3
2024.02.16	10:45:00	15278.42	15283.51	15273.95	15276.79	2726	0	3
2024.02.16	10:50:00	15264.65	15271.7	15260.44	15262.69	1254	0	1
2024.02.16	10:55:00	15302.68	15307.3	15283.17	15300.35	3540	0	2
2024.02.16	11:00:00	15303.73	15312.38	15292.78	15308.8	4256	0	1
2024.02.16	11:05:00	15323.06	15324.71	15317.07	15321.47	2353	0	2
2024.02.16	11:10:00	15290.38	15298.8	15289.92	15293.9	3642	0	1
2024.02.16	11:15:00	15277.92	15292.83	15273.65	15279.96	1961	0	3
2024.02.16	11:20:00	15309.19	15310.61	15299.36	15301.7	3872	0	1
2024.02.16	11:25:00	15306.1	15310.99	15299.98	15306.98	870	0	2
2024.02.16	11:30:00	15271.59	15298.9	15259.06	15274.15	4460	0	2
2024.02.16	11:35:00	15296.42	15297.77	15287.8	15292.43	2201	0	4
2024.02.16	11:40:00	15280.04	15288.48	15278.19	15283.32	2771	0	4
2024.02.16	11:45:00	15306.52	15320.01	15303.83	15308.07	4114	0	2
2024.02.16	11:50:00	15311.18	15322.5	15305.88	15306.85	634	0	2
2024.02.16	11:55:00	15310.85	15313.89	15307.07	15310.7	4754	0	3
2024.02.16	12:00:00	15326.04	15338.33	15320.13	15331.46	3265	0	3
2024.02.16	12:05:00	15318.08	15321.0	15310.7	15316.2	4888	0	3
2024.02.16	12:10:00	15297.92	15304.92	15284.27	15299.3	2980	0	1
2024.02.16	12:15:00	15301.53	15307.02	15285.19	15296.2	1429	0	1
2024.02.16	12:20:00	15308.73	15311.01	15305.39	15310.84	3120	0	3
2024.02.16	12:25:00	15291.73	15293.11	15279.82	15288.09	3071	0	2
2024.02.16	12:30:00	15265.68	15267.69	15257.15	15259.55	4643	0	4
2024.02.16	12:35:00	15271.15	15277.0	15261.91	15274.09	3090	0	1
2024.02.16	12:40:00	15263.3	15267.64	15248.36	15263.97	2328	0	1
2024.02.16	12:45:00	15258.84	15268.3	15255.33	15257.5	1292	0	4
2024.02.16	12:50:00	15222.8	15226.25	15213.67	15225.76	1966	0	4
2024.02.16	12:55:00	15215.29	15222.33	15203.94	15214.36	3117	0	3
2024.02.16	13:00:00	15213.76	15215.78	15213.45	15214.54	2160	0	1
2024.02.16	13:05:00	15230.03	15237.38	15227.14	15230.88	2132	0	1
2024.02.16	13:10:00	15218.06	15233.45	15214.94	15217.89	565	0	4
2024.02.16	13:15:00	15247.02	15262.39	15232.87	15246.78	4740	0	2
2024.02.16	13:20:00	15235.83	15243.75	15233.11	15235.27	4265	0	2
2024.02.16	13:25:00	15221.73	15236.89	15213.65	15223.79	1648	0	4
2024.02.16	13:30:00	15248.7	15261.55	15237.8	15250.62	1118	0	1
2024.02.16	13:35:00	15254.17	15255.45	15239.96	15254.58	4257	0	2
2024.02.16	13:40:00	15245.2	15248.8	15240.76	15245.35	4265	0	3
2024.02.16	13:45:00	15241.46	15245.23	15237.6	15242.98	4535	0	4
2024.02.16	13:50:00	15267.78	15270.42	15263.68	15266.66	2963	0	2
2024.02.16	13:55:00	15286.04	15303.52	15283.72	15292.33	3811	0	1
2024.02.16	14:00:00	15275.97	15288.07	15267.43	15278.5	3782	0	1
2024.02.16	14:05:00	15277.1	15280.67	15273.75	15278.07	1466	0	1
2024.02.16	14:10:00	15276.97	15281.19	15266.81	15279.93	2857	0	2
2024.02.16	14:15:00	15268.82	15278.55	15260.08	15263.18	1671	0	3
2024.02.16	14:20:00	15262.59	15269.42	15256.97	15262.53	3892	0	2
2024.02.16	14:25:00	15263.54	15267.14	15234.78	15262.92	4870	0	1
2024.02.16	14:30:00	15281.28	15286.6	15278.28	15282.95	844	0	3
2024.02.16	14:35:00	15304.11	15306.61	15296.32	15304.16	841	0	4
2024.02.16	14:40:00	15294.55	15299.88	15292.73	15298.76	1688	0	1
2024.02.16	14:45:00	15294.78	15302.62	15294.76	15295.37	1026	0	3
2024.02.16	14:50:00	15303.93	15315.27	15288.61	15307.18	540	0	3
2024.02.16	14:55:00	15296.39	15309.45	15293.75	15297.35	4903	0	3
2024.02.16	15:00:00	15298.98	15310.54	15296.08	15307.85	3121	0	1
2024.02.16	15:05:00	15302.72	15307.16	15298.43	15306.63	3996	0	3
2024.02.16	15:10:00	15295.22	15305.96	15282.6	15290.15	3047	0	3
2024.02.16	15:15:00	15276.77	15288.77	15269.97	15273.9	3858	0	3
2024.02.16	15:20:00	15303.82	15305.4	15296.81	15299.25	3587	0	4
2024.02.16	15:25:00	15301.65	15308.22	15290.69	15296.85	1220	0	3
2024.02.16	15:30:00	15327.93	15340.53	15304.54	15325.59	1176	0	4
2024.02.16	15:35:00	15315.42	15325.36	15297.3	15316.99	2700	0	3
2024.02.16	15:40:00	15318.75	15327.83	15304.96	15322.34	2169	0	2
2024.02.16	15:45:00	15368.21	15378.21	15362.33	15364.22	4283	0	4
2024.02.16	15:50:00	15346.37	15346.61	15333.87	15346.14	1877	0	3
2024.02.16	15:55:00	15322.16	15324.71	15303.01	15313.51	1979	0	3
2024.02.19	09:30:00	15334.87	15337.97	15328.85	15336.14	2880	0	3
2024.02.19	09:35:00	15328.94	15351.98	15317.46	15322.09	1367	0	2
2024.02.19	09:40:00	15321.5	15331.9	15310.37	15322.04	4363	0	3
2024.02.19	09:45:00	15316.82	15317.91	15292.89	15312.19	549	0	2
2024.02.19	09:50:00	15323.03	15326.19	15304.64	15317.14	4313	0	1
2024.02.19	09:55:00	15297.43	15316.47	15296.83	15300.97	3301	0	2
2024.02.19	10:00:00	15296.48	15298.63	15278.1	15298.16	4495	0	4
2024.02.19	10:05:00	15302.68	15315.99	15302.32	15306.26	1822	0	2
2024.02.19	10:10:00	15284.84	15291.13	15281.16	15289.1	4551	0	3
2024.02.19	10:15:00	15279.6	15279.77	15267.46	15277.29	4386	0	2
2024.02.19	10:20:00	15270.91	15278.02	15267.23	15271.59	2555	0	2
2024.02.19	10:25:00	15247.39	15256.6	15237.38	15247.21	1775	0	2
2024.02.19	10:30:00	15242.14	15246.1	15231.38	15240.22	1386	0	4
2024.02.19	10:35:00	15236.16	15250.0	15233.73	15242.57	1182	0	1
2024.02.19	10:40:00	15240.42	15243.45	15233.73	15235.98	3124	0	3
2024.02.19	10:45:00	15230.4	15255.95	15226.13	15231.61	4822	0	4
2024.02.19	10:50:00	15233.41	15243.92	15228.39	15231.57	3045	0	1
2024.02.19	10:55:00	15222.71	15227.26	15214.35	15220.57	4841	0	4
2024.02.19	11:00:00	15237.52	15245.29	15230.49	15232.79	3900	0	3
2024.02.19	11:05:00	15257.52	15264.38	15251.81	15257.88	3582	0	2
2024.02.19	11:10:00	15242.83	15254.37	15235.08	15250.17	3762	0	1
2024.02.19	11:15:00	15259.05	15264.88	15255.49	15258.85	4677	0	4
2024.02.19	11:20:00	15255.71	15273.71	15241.13	15255.02	4361	0	1
2024.02.19	11:25:00	15258.06	15275.37	15243.55	15261.64	1228	0	4
2024.02.19	11:30:00	15289.53	15291.3	15284.79	15289.02	3132	0	3
2024.02.19	11:35:00	15296.89	15308.93	15291.03	15298.14	2571	0	4
2024.02.19	11:40:00	15263.11	15285.33	15250.49	15267.76	4456	0	2
2024.02.19	11:45:00	15278.23	15280.45	15269.63	15275.91	1418	0	1
2024.02.19	11:50:00	15295.6	15302.44	15294.73	15297.56	4189	0	3
2024.02.19	11:55:00	15292.62	15298.98	15288.89	15294.02	2654	0	2
2024.02.19	12:00:00	15309.98	15314.33	15303.61	15311.58	4695	0	3
2024.02.19	12:05:00	15304.21	15307.38	15296.57	15299.93	4060	0	2
2024.02.19	12:10:00	15274.38	15283.68	15262.83	15274.52	2052	0	2
2024.02.19	12:15:00	15277.54	15278.03	15264.41	15277.27	4302	0	3
2024.02.19	12:20:00	15245.7	15248.77	15241.81	15247.22	1343	0	3
2024.02.19	12:25:00	15244.98	15249.26	15235.48	15243.38	518	0	3
2024.02.19	12:30:00	15270.58	15279.13	15263.57	15265.92	2780	0	3
2024.02.19	12:35:00	15235.48	15236.78	15223.25	15233.25	2252	0	3
2024.02.19	12:40:00	15213.86	15224.86	15202.95	15211.5	1065	0	2
2024.02.19	12:45:00	15196.12	15197.05	15186.06	15194.04	4973	0	4
2024.02.19	12:50:00	15188.5	15215.71	15161.55	15193.25	675	0	1
2024.02.19	12:55:00	15184.25	15201.42	15180.85	15187.26	3151	0	4
2024.02.19	13:00:00	15210.94	15237.26	15203.3	15211.65	1674	0	4
2024.02.19	13:05:00	15225.9	15228.94	15220.53	15228.4	1832	0	3
2024.02.19	13:10:00	15233.57	15245.29	15225.38	15237.25	1449	0	1
2024.02.19	13:15:00	15233.6	15241.64	15224.0	15240.06	2250	0	4
2024.02.19	13:20:00	15242.51	15251.13	15227.45	15247.16	3503	0	3
2024.02.19	13:25:00	15231.7	15234.89	15221.04	15232.59	1951	0	4
2024.02.19	13:30:00	15247.44	15252.45	15232.34	15247.68	3747	0	1
2024.02.19	13:35:00	15226.07	15238.7	15214.18	15228.8	2514	0	2
2024.02.19	13:40:00	15243.79	15254.05	15230.86	15243.52	4033	0	2
2024.02.19	13:45:00	15262.81	15264.79	15262.46	15264.31	2500	0	4
2024.02.19	13:50:00	15272.03	15280.11	15257.11	15268.26	2145	0	2
2024.02.19	13:55:00	15264.96	15275.23	15243.51	15265.52	2780	0	1
2024.02.19	14:00:00	15275.15	15288.51	15272.2	15272.74	3589	0	3
2024.02.19	14:05:00	15224.35	15229.13	15213.05	15223.64	2590	0	1
2024.02.19	14:10:00	15224.32	15234.09	15219.58	15229.16	4577	0	2
2024.02.19	14:15:00	15227.2	15245.99	15218.89	15227.51	2822	0	4
2024.02.19	14:20:00	15222.68	15232.85	15201.61	15226.94	1832	0	2
2024.02.19	14:25:00	15239.06	15258.03	15235.52	15239.43	625	0	2
2024.02.19	14:30:00	15235.88	15243.47	15235.03	15238.45	2266	0	1
2024.02.19	14:35:00	15220.41	15224.33	15215.11	15219.09	744	0	2
2024.02.19	14:40:00	15212.33	15223.71	15203.1	15216.96	660	0	4
2024.02.19	14:45:00	15218.48	15238.09	15209.0	15218.43	2170	0	4
2024.02.19	14:50:00	15222.69	15234.81	15215.03	15220.71	1806	0	4
2024.02.19	14:55:00	15226.94	15228.56	15213.24	15223.81	4482	0	2
2024.02.19	15:00:00	15239.4	15249.73	15219.16	15242.04	3785	0	1
2024.02.19	15:05:00	15223.67	15237.67	15217.52	15223.61	4058	0	1
2024.02.19	15:10:00	15227.58	15230.76	15222.98	15226.95	2954	0	1
2024.02.19	15:15:00	15254.85	15260.53	15238.53	15249.51	995	0	1
2024.02.19	15:20:00	15214.78	15223.48	15199.03	15219.89	4329	0	3
2024.02.19	15:25:00	15220.15	15234.08	15213.8	15223.29	2726	0	3
2024.02.19	15:30:00	15223.17	15227.18	15213.32	15213.51	2430	0	3
2024.02.19	15:35:00	15206.49	15209.43	15192.54	15207.43	3220	0	1
2024.02.19	15:40:00	15185.65	15198.44	15177.65	15192.16	1236	0	3
2024.02.19	15:45:00	15187.54	15192.88	15182.11	15189.55	2665	0	1
2024.02.19	15:50:00	15212.01	15232.47	15208.96	15221.55	3225	0	3
2024.02.19	15:55:00	15200.91	15214.71	15183.33	15200.08	3639	0	4
2024.02.20	09:30:00	15183.05	15184.85	15174.83	15180.27	2750	0	2
2024.02.20	09:35:00	15155.08	15158.83	15141.62	15158.21	4987	0	2
2024.02.20	09:40:00	15186.57	15192.95	15174.93	15188.19	4955	0	2
2024.02.20	09:45:00	15183.72	15187.74	15178.75	15180.54	934	0	3
2024.02.20	09:50:00	15174.39	15183.74	15170.41	15180.41	872	0	3
2024.02.20	09:55:00	15169.25	15185.73	15160.74	15173.79	2819	0	1
2024.02.20	10:00:00	15157.09	15164.57	15154.06	15157.87	4225	0	2
2024.02.20	10:05:00	15151.56	15154.9	15140.19	15154.14	2805	0	3
2024.02.20	10:10:00	15195.67	15204.93	15194.98	15196.68	1476	0	3
2024.02.20	10:15:00	15216.6	15227.65	15215.41	15220.96	3030	0	3
2024.02.20	10:20:00	15207.31	15207.44	15204.12	15206.57	4744	0	3
2024.02.20	10:25:00	15217.52	15218.36	15215.25	15218.03	1251	0	2
2024.02.20	10:30:00	15205.9	15217.19	15189.4	15204.01	2504	0	3
2024.02.20	10:35:00	15174.46	15175.9	15169.45	15173.77	3372	0	2
2024.02.20	10:40:00	15192.31	15192.58	15186.02	15191.6	2269	0	2
2024.02.20	10:45:00	15206.89	15216.65	15199.31	15211.87	699	0	2
2024.02.20	10:50:00	15231.9	15242.14	15212.38	15230.2	3513	0	2
2024.02.20	10:55:00	15221.27	15222.49	15219.48	15222.41	3835	0	1
2024.02.20	11:00:00	15219.26	15231.74	15216.07	15219.84	3448	0	1
2024.02.20	11:05:00	15236.68	15254.6	15232.12	15233.07	3484	0	1
2024.02.20	11:10:00	15237.64	15251.17	15224.74	15240.13	3455	0	2
2024.02.20	11:15:00	15238.3	15248.46	15231.01	15233.64	1986	0	2
2024.02.20	11:20:00	15211.02	15214.9	15203.75	15206.04	574	0	1
2024.02.20	11:25:00	15210.9	15215.06	15200.65	15208.31	4950	0	1
2024.02.20	11:30:00	15223.82	15229.65	15212.16	15227.2	1420	0	3
2024.02.20	11:35:00	15199.34	15213.52	15197.17	15206.87	4229	0	1
2024.02.20	11:40:00	15221.9	15236.66	15212.55	15218.18	2933	0	4
2024.02.20	11:45:00	15224.58	15227.55	15220.61	15224.2	2927	0	1
2024.02.20	11:50:00	15234.87	15243.67	15227.27	15237.44	594	0	2
2024.02.20	11:55:00	15256.85	15259.34	15251.61	15252.8	4957	0	4
2024.02.20	12:00:00	15238.14	15244.59	15230.49	15241.11	2878	0	1
2024.02.20	12:05:00	15212.08	15215.4	15201.98	15213.54	4235	0	2
2024.02.20	12:10:00	15206.46	15209.94	15204.11	15204.65	4000	0	2
2024.02.20	12:15:00	15216.44	15224.84	15204.9	15220.27	1120	0	3
2024.02.20	12:20:00	15210.86	15213.61	15199.88	15211.24	4764	0	4
2024.02.20	12:25:00	15203.34	15204.06	15189.65	15199.6	3159	0	3
2024.02.20	12:30:00	15169.31	15184.28	15154.68	15168.59	1333	0	2
2024.02.20	12:35:00	15203.31	15204.54	15197.11	15199.02	3113	0	2
2024.02.20	12:40:00	15217.45	15217.81	15210.59	15213.54	3273	0	3
2024.02.20	12:45:00	15227.14	15228.03	15218.21	15227.11	3438	0	2
2024.02.20	12:50:00	15236.05	15245.99	15234.44	15244.11	1946	0	3
2024.02.20	12:55:00	15250.56	15258.14	15230.24	15254.38	4733	0	2
2024.02.20	13:00:00	15253.1	15254.9	15249.61	15250.46	1566	0	1
2024.02.20	13:05:00	15242.59	15252.3	15238.53	15247.94	2714	0	3
2024.02.20	13:10:00	15239.74	15242.12	15233.35	15240.86	4273	0	2
2024.02.20	13:15:00	15287.88	15294.72	15279.08	15286.7	848	0	2
2024.02.20	13:20:00	15301.73	15302.66	15294.3	15296.64	2316	0	2
2024.02.20	13:25:00	15286.92	15293.97	15278.47	15288.91	2656	0	1
2024.02.20	13:30:00	15295.05	15299.11	15294.53	15297.28	3978	0	2
2024.02.20	13:35:00	15279.9	15297.46	15266.68	15280.08	4045	0	4
2024.02.20	13:40:00	15307.66	15312.77	15295.72	15306.44	4086	0	2
2024.02.20	13:45:00	15294.76	15296.34	15292.91	15295.29	2113	0	3
2024.02.20	13:50:00	15307.92	15316.53	15294.83	15304.28	2712	0	2
2024.02.20	13:55:00	15320.3	15329.78	15308.19	15323.07	621	0	1
2024.02.20	14:00:00	15330.47	15342.61	15329.0	15330.05	4202	0	4
2024.02.20	14:05:00	15333.55	15342.62	15327.58	15332.0	1864	0	4
2024.02.20	14:10:00	15331.11	15332.99	15330.35	15332.5	2603	0	1
2024.02.20	14:15:00	15334.74	15354.44	15321.55	15331.82	3569	0	1
2024.02.20	14:20:00	15322.64	15324.18	15301.42	15322.12	3994	0	4
2024.02.20	14:25:00	15317.37	15320.89	15301.42	15314.63	887	0	1
2024.02.20	14:30:00	15341.29	15346.13	15338.46	15340.62	3952	0	4
2024.02.20	14:35:00	15340.35	15346.75	15328.91	15339.04	2191	0	1
2024.02.20	14:40:00	15323.51	15326.81	15315.45	15325.7	2379	0	4
2024.02.20	14:45:00	15314.86	15321.26	15309.69	15317.05	1099	0	4
2024.02.20	14:50:00	15340.71	15356.83	15333.66	15336.45	3725	0	1
2024.02.20	14:55:00	15350.71	15361.76	15344.24	15348.5	2641	0	1
2024.02.20	15:00:00	15354.99	15360.67	15342.54	15358.55	967	0	1
2024.02.20	15:05:00	15355.0	15361.37	15353.65	15354.38	1136	0	4
2024.02.20	15:10:00	15356.39	15374.47	15339.86	15364.65	3746	0	2
2024.02.20	15:15:00	15351.77	15360.47	15338.74	15353.77	990	0	3
2024.02.20	15:20:00	15352.9	15364.19	15335.6	15349.56	2845	0	3
2024.02.20	15:25:00	15366.3	15367.9	15357.7	15366.74	3640	0	3
2024.02.20	15:30:00	15382.67	15387.76	15375.13	15382.26	4604	0	1
2024.02.20	15:35:00	15354.98	15370.05	15337.22	15365.48	1211	0	2
2024.02.20	15:40:00	15349.54	15360.5	15337.92	15350.91	1831	0	3
2024.02.20	15:45:00	15354.28	15359.67	15339.3	15353.1	1196	0	1
2024.02.20	15:50:00	15385.07	15385.15	15375.75	15383.45	4459	0	2
2024.02.20	15:55:00	15353.77	15355.82	15342.42	15350.43	3166	0	3
2024.02.21	09:30:00	15354.84	15362.4	15340.41	15355.57	4924	0	2
2024.02.21	09:35:00	15331.4	15332.76	15318.42	15331.97	696	0	2
2024.02.21	09:40:00	15316.65	15328.98	15303.64	15321.27	3676	0	4
2024.02.21	09:45:00	15314.55	15329.67	15300.8	15315.25	648	0	3
2024.02.21	09:50:00	15303.9	15308.32	15298.1	15308.27	990	0	3
2024.02.21	09:55:00	15292.92	15307.56	15292.26	15299.33	2441	0	1
2024.02.21	10:00:00	15296.0	15308.88	15292.17	15299.76	2150	0	4
2024.02.21	10:05:00	15296.02	15298.28	15286.77	15290.79	2142	0	4
2024.02.21	10:10:00	15264.86	15270.51	15263.12	15265.8	805	0	4
2024.02.21	10:15:00	15280.35	15290.88	15267.26	15279.59	2950	0	3
2024.02.21	10:20:00	15291.15	15304.39	15279.1	15292.93	2033	0	3
2024.02.21	10:25:00	15301.63	15315.82	15300.29	15307.84	4970	0	3
2024.02.21	10:30:00	15284.71	15301.43	15276.27	15281.47	4052	0	3
2024.02.21	10:35:00	15279.42	15299.7	15268.13	15286.94	2456	0	2
2024.02.21	10:40:00	15297.03	15304.1	15279.52	15298.96	3944	0	3
2024.02.21	10:45:00	15281.22	15283.87	15277.38	15281.41	3092	0	2
2024.02.21	10:50:00	15282.67	15295.65	15275.47	15281.87	2729	0	4
2024.02.21	10:55:00	15277.65	15285.5	15270.49	15280.17	4636	0	2
2024.02.21	11:00:00	15306.0	15314.97	15297.57	15312.38	3143	0	2
2024.02.21	11:05:00	15343.3	15354.97	15343.07	15346.09	2674	0	1
2024.02.21	11:10:00	15314.9	15321.76	15310.17	15317.5	3049	0	4
2024.02.21	11:15:00	15358.43	15372.22	15350.06	15361.12	4015	0	3
2024.02.21	11:20:00	15348.89	15360.23	15336.09	15345.52	3836	0	1
2024.02.21	11:25:00	15358.65	15366.55	15351.1	15362.88	2968	0	1
2024.02.21	11:30:00	15381.12	15388.31	15362.81	15380.08	1295	0	4
2024.02.21	11:35:00	15363.6	15370.6	15360.57	15363.05	3367	0	1
2024.02.21	11:40:00	15375.29	15394.8	15371.56	15371.94	2437	0	2
2024.02.21	11:45:00	15369.92	15372.27	15365.22	15370.38	4696	0	1
2024.02.21	11:50:00	15383.09	15387.89	15376.94	15380.34	4587	0	3
2024.02.21	11:55:00	15384.06	15388.42	15383.37	15384.66	503	0	1
2024.02.21	12:00:00	15407.34	15408.08	15396.63	15405.82	4995	0	2
2024.02.21	12:05:00	15402.2	15420.59	15397.32	15407.45	4554	0	3
2024.02.21	12:10:00	15395.62	15404.83	15391.68	15404.83	4582	0	2
2024.02.21	12:15:00	15425.58	15425.97	15421.72	15424.27	2739	0	3
2024.02.21	12:20:00	15436.22	15451.94	15430.59	15434.71	1717	0	3
2024.02.21	12:25:00	15449.48	15465.18	15445.18	15447.82	3230	0	2
2024.02.21	12:30:00	15434.67	15438.96	15432.5	15436.51	4473	0	2
2024.02.21	12:35:00	15423.76	15435.01	15417.04	15418.56	2525	0	2
2024.02.21	12:40:00	15407.35	15411.07	15397.66	15408.96	4934	0	2
2024.02.21	12:45:00	15399.9	15401.4	15397.62	15398.44	1674	0	3
2024.02.21	12:50:00	15414.53	15421.81	15409.18	15412.46	4338	0	4
2024.02.21	12:55:00	15435.81	15443.96	15417.56	15429.81	797	0	3
2024.02.21	13:00:00	15426.3	15443.35	15418.06	15427.41	4277	0	1
2024.02.21	13:05:00	15450.45	15458.24	15445.36	15452.73	4753	0	4
2024.02.21	13:10:00	15471.75	15485.67	15462.62	15477.0	3661	0	4
2024.02.21	13:15:00	15487.02	15488.06	15467.15	15481.58	3307	0	4
2024.02.21	13:20:00	15468.96	15475.86	15461.38	15467.49	2351	0	1
2024.02.21	13:25:00	15497.0	15501.21	15486.84	15495.41	4430	0	4
2024.02.21	13:30:00	15505.59	15509.56	15490.67	15494.65	1069	0	2
2024.02.21	13:35:00	15498.32	15498.74	15496.36	15497.18	1808	0	4
2024.02.21	13:40:00	15486.96	15496.16	15484.51	15491.53	1090	0	4
2024.02.21	13:45:00	15475.55	15485.54	15468.73	15476.24	1750	0	4
2024.02.21	13:50:00	15447.42	15451.58	15437.52	15450.83	2854	0	1
2024.02.21	13:55:00	15460.83	15471.56	15460.23	15462.22	2011	0	3
2024.02.21	14:00:00	15447.41	15449.94	15429.28	15448.82	2392	0	3
2024.02.21	14:05:00	15500.68	15508.09	15498.95	15502.74	1539	0	3
2024.02.21	14:10:00	15479.11	15485.08	15466.89	15484.0	2087	0	4
2024.02.21	14:15:00	15467.85	15485.81	15447.21	15462.28	2740	0	3
2024.02.21	14:20:00	15472.57	15473.79	15456.74	15471.52	1462	0	1
2024.02.21	14:25:00	15497.85	15502.16	15494.22	15498.64	4713	0	1
2024.02.21	14:30:00	15502.75	15510.94	15498.05	15500.09	4537	0	3
2024.02.21	14:35:00	15512.1	15518.7	15504.45	15510.44	4442	0	2
2024.02.21	14:40:00	15479.38	15482.97	15478.16	15478.41	506	0	2
2024.02.21	14:45:00	15469.25	15477.94	15459.46	15466.85	2727	0	4
2024.02.21	14:50:00	15448.84	15458.39	15447.98	15448.37	4077	0	1
2024.02.21	14:55:00	15417.9	15426.0	15415.45	15415.56	2069	0	3
2024.02.21	15:00:00	15420.54	15425.07	15412.87	15417.91	1542	0	2
2024.02.21	15:05:00	15379.68	15383.97	15366.73	15379.12	3252	0	1
2024.02.21	15:10:00	15355.65	15363.46	15342.34	15356.42	511	0	2
2024.02.21	15:15:00	15352.71	15353.97	15344.77	15347.39	3255	0	2
2024.02.21	15:20:00	15331.6	15334.06	15330.02	15333.26	2531	0	2
2024.02.21	15:25:00	15341.81	15346.46	15333.66	15340.45	3576	0	1
2024.02.21	15:30:00	15347.5	15352.68	15345.88	15346.06	3572	0	3
2024.02.21	15:35:00	15359.79	15373.77	15359.71	15361.91	2910	0	2
2024.02.21	15:40:00	15372.49	15375.32	15370.17	15375.31	3126	0	3
2024.02.21	15:45:00	15394.25	15402.95	15382.11	15395.49	620	0	3
2024.02.21	15:50:00	15394.05	15397.76	15394.03	15395.76	4915	0	3
2024.02.21	15:55:00	15396.28	15412.1	15379.11	15401.36	842	0	3
2024.02.22	09:30:00	15408.32	15414.3	15405.94	15410.59	4894	0	2
2024.02.22	09:35:00	15414.3	15422.59	15413.18	15413.37	4881	0	2
2024.02.22	09:40:00	15411.17	15416.62	15405.48	15406.75	3730	0	3
2024.02.22	09:45:00	15403.19	15409.87	15396.34	15401.26	3858	0	1
2024.02.22	09:50:00	15378.26	15393.06	15373.14	15387.32	634	0	3
2024.02.22	09:55:00	15397.21	15404.83	15393.7	15394.97	4767	0	2
2024.02.22	10:00:00	15391.7	15400.81	15391.63	15393.64	2877	0	2
2024.02.22	10:05:00	15383.97	15387.04	15379.56	15382.4	2027	0	1
2024.02.22	10:10:00	15371.12	15378.77	15368.08	15371.17	3514	0	2
2024.02.22	10:15:00	15349.76	15351.05	15346.26	15350.43	2907	0	2
2024.02.22	10:20:00	15367.4	15372.53	15366.58	15367.76	2127	0	4
2024.02.22	10:25:00	15369.36	15372.47	15355.7	15369.43	1948	0	3
2024.02.22	10:30:00	15359.41	15375.82	15351.06	15354.73	1031	0	2
2024.02.22	10:35:00	15369.04	15372.33	15346.36	15369.1	4590	0	1
2024.02.22	10:40:00	15363.44	15368.08	15359.23	15359.66	3496	0	2
2024.02.22	10:45:00	15338.79	15339.0	15327.2	15335.53	1794	0	4
2024.02.22	10:50:00	15355.9	15356.1	15347.27	15353.58	3754	0	1
2024.02.22	10:55:00	15338.34	15345.98	15326.18	15344.55	3622	0	3
2024.02.22	11:00:00	15341.63	15349.08	15331.64	15337.75	1129	0	3
2024.02.22	11:05:00	15337.18	15341.69	15333.23	15338.77	1287	0	1
2024.02.22	11:10:00	15361.43	15363.94	15356.64	15358.94	1538	0	4
2024.02.22	11:15:00	15356.21	15367.46	15352.28	15359.59	973	0	2
2024.02.22	11:20:00	15334.94	15347.87	15332.91	15339.06	4203	0	3
2024.02.22	11:25:00	15355.69	15356.55	15341.96	15348.82	1200	0	1
2024.02.22	11:30:00	15337.37	15342.68	15335.02	15340.7	4151	0	4
2024.02.22	11:35:00	15377.82	15389.49	15360.42	15373.83	2882	0	1
2024.02.22	11:40:00	15374.53	15390.52	15370.05	15374.12	1025	0	2
2024.02.22	11:45:00	15334.11	15346.62	15322.92	15335.57	4300	0	4
2024.02.22	11:50:00	15341.93	15349.73	15332.41	15342.08	1280	0	3
2024.02.22	11:55:00	15371.68	15378.05	15363.92	15376.21	4996	0	3
2024.02.22	12:00:00	15403.93	15409.11	15397.45	15403.98	563	0	2
2024.02.22	12:05:00	15432.47	15444.32	15427.64	15436.26	3302	0	4
2024.02.22	12:10:00	15417.37	15430.22	15411.99	15418.75	1911	0	4
2024.02.22	12:15:00	15438.23	15454.45	15418.8	15434.99	2901	0	3
2024.02.22	12:20:00	15423.58	15425.51	15415.45	15422.69	4278	0	1
2024.02.22	12:25:00	15421.74	15429.84	15416.4	15426.91	4040	0	4
2024.02.22	12:30:00	15407.97	15408.47	15394.02	15405.0	1766	0	1
2024.02.22	12:35:00	15394.05	15409.15	15388.44	15394.07	786	0	4
2024.02.22	12:40:00	15380.71	15401.0	15374.22	15382.6	1776	0	1
2024.02.22	12:45:00	15401.17	15404.46	15396.06	15398.56	4142	0	1
2024.02.22	12:50:00	15412.26	15419.18	15409.42	15412.84	2819	0	1
2024.02.22	12:55:00	15413.91	15438.54	15401.6	15417.98	3912	0	1
2024.02.22	13:00:00	15401.17	15404.32	15389.93	15394.73	2726	0	3
2024.02.22	13:05:00	15389.55	15405.71	15377.28	15389.61	2882	0	2
2024.02.22	13:10:00	15376.64	15382.63	15365.38	15376.92	791	0	1
2024.02.22	13:15:00	15390.96	15399.27	15386.49	15392.38	603	0	2
2024.02.22	13:20:00	15417.35	15427.81	15396.54	15413.23	3665	0	4
2024.02.22	13:25:00	15430.15	15432.1	15424.31	15431.99	1409	0	3
2024.02.22	13:30:00	15413.71	15420.16	15411.05	15419.11	2123	0	3
2024.02.22	13:35:00	15369.3	15386.59	15362.35	15371.66	2163	0	2
2024.02.22	13:40:00	15345.85	15352.07	15339.17	15341.24	3349	0	3
2024.02.22	13:45:00	15369.16	15377.05	15366.0	15366.26	4735	0	4
2024.02.22	13:50:00	15358.7	15360.12	15348.39	15359.59	3909	0	3
2024.02.22	13:55:00	15351.62	15354.81	15338.78	15346.85	3373	0	1
2024.02.22	14:00:00	15378.33	15379.49	15358.13	15375.73	4256	0	3
2024.02.22	14:05:00	15397.15	15417.18	15386.03	15398.08	2795	0	4
2024.02.22	14:10:00	15398.23	15402.56	15396.46	15398.81	1153	0	1
2024.02.22	14:15:00	15395.15	15409.14	15378.33	15394.0	2697	0	2
2024.02.22	14:20:00	15389.11	15393.17	15382.29	15392.01	4900	0	3
2024.02.22	14:25:00	15396.29	15411.06	15394.48	15396.28	4009	0	1
2024.02.22	14:30:00	15425.58	15436.28	15413.36	15424.5	2073	0	3
2024.02.22	14:35:00	15426.3	15433.8	15410.17	15432.19	1956	0	4
2024.02.22	14:40:00	15444.53	15448.63	15430.13	15445.19	4631	0	3
2024.02.22	14:45:00	15464.9	15467.18	15452.29	15465.96	925	0	2
2024.02.22	14:50:00	15449.4	15460.09	15440.25	15445.8	4697	0	1
2024.02.22	14:55:00	15452.86	15462.63	15441.29	15459.32	3546	0	3
2024.02.22	15:00:00	15453.14	15465.15	15444.78	15454.47	4134	0	4
2024.02.22	15:05:00	15409.13	15416.66	15408.07	15410.82	1980	0	4
2024.02.22	15:10:00	15377.38	15384.54	15365.16	15374.03	3418	0	3
2024.02.22	15:15:00	15356.48	15356.77	15355.47	15356.63	1965	0	1
2024.02.22	15:20:00	15372.42	15372.76	15362.5	15366.17	577	0	2
2024.02.22	15:25:00	15370.77	15372.38	15354.09	15368.46	2546	0	2
2024.02.22	15:30:00	15370.55	15380.32	15368.4	15371.98	4909	0	1
2024.02.22	15:35:00	15407.12	15417.57	15399.6	15406.28	1592	0	1
2024.02.22	15:40:00	15383.23	15387.63	15379.14	15384.47	1229	0	3
2024.02.22	15:45:00	15387.29	15399.71	15377.85	15384.29	4647	0	1
2024.02.22	15:50:00	15385.26	15390.02	15384.3	15389.91	4595	0	1
2024.02.22	15:55:00	15374.52	15383.03	15365.79	15377.39	4311	0	4
2024.02.23	09:30:00	15379.78	15384.63	15376.44	15378.19	4894	0	3
2024.02.23	09:35:00	15354.92	15362.09	15349.56	15350.66	4959	0	4
2024.02.23	09:40:00	15367.83	15378.69	15364.57	15375.5	4632	0	1
2024.02.23	09:45:00	15368.72	15385.5	15361.44	15363.94	4840	0	2
2024.02.23	09:50:00	15399.14	15401.82	15385.08	15399.63	3850	0	3
2024.02.23	09:55:00	15392.8	15407.23	15389.58	15399.37	1915	0	3
2024.02.23	10:00:00	15407.14	15423.67	15404.48	15417.62	2562	0	2
2024.02.23	10:05:00	15411.65	15419.67	15407.05	15416.99	2212	0	4
2024.02.23	10:10:00	15416.7	15418.39	15407.89	15416.76	2792	0	3
2024.02.23	10:15:00	15406.65	15411.66	15399.9	15406.88	3642	0	1
2024.02.23	10:20:00	15411.48	15418.14	15403.0	15409.27	1587	0	1
2024.02.23	10:25:00	15413.21	15426.93	15400.14	15415.13	571	0	1
2024.02.23	10:30:00	15397.89	15403.91	15376.16	15401.75	3212	0	4
2024.02.23	10:35:00	15398.44	15401.48	15387.32	15399.88	4972	0	4
2024.02.23	10:40:00	15389.67	15393.08	15385.73	15389.55	4378	0	2
2024.02.23	10:45:00	15430.79	15442.11	15429.8	15429.98	548	0	3
2024.02.23	10:50:00	15425.97	15435.13	15419.9	15428.73	3194	0	4
2024.02.23	10:55:00	15459.21	15471.42	15439.19	15456.05	2891	0	1
2024.02.23	11:00:00	15450.76	15459.9	15438.4	15452.94	2412	0	4
2024.02.23	11:05:00	15454.74	15470.22	15446.32	15457.79	3509	0	2
2024.02.23	11:10:00	15433.09	15451.83	15425.34	15434.98	2419	0	2
2024.02.23	11:15:00	15431.24	15439.17	15420.87	15427.48	4613	0	1
2024.02.23	11:20:00	15431.0	15432.86	15410.16	15431.47	4584	0	3
2024.02.23	11:25:00	15457.08	15463.65	15451.54	15459.51	3398	0	3
2024.02.23	11:30:00	15466.95	15470.83	15454.0	15463.71	2563	0	1
2024.02.23	11:35:00	15495.78	15507.93	15477.83	15488.27	3186	0	3
2024.02.23	11:40:00	15500.55	15510.96	15493.89	15499.82	4550	0	1
2024.02.23	11:45:00	15533.05	15535.45	15527.36	15528.71	1851	0	2
2024.02.23	11:50:00	15531.63	15542.82	15523.03	15527.99	4408	0	3
2024.02.23	11:55:00	15568.24	15573.09	15560.97	15570.38	3159	0	4
2024.02.23	12:00:00	15562.23	15566.3	15560.7	15562.14	785	0	1
2024.02.23	12:05:00	15544.43	15550.58	15535.83	15548.95	3873	0	2
2024.02.23	12:10:00	15527.25	15529.33	15511.81	15527.97	1409	0	2
2024.02.23	12:15:00	15567.11	15572.73	15555.63	15569.32	2820	0	3
2024.02.23	12:20:00	15582.66	15588.49	15580.92	15584.08	4776	0	4
2024.02.23	12:25:00	15575.85	15581.53	15558.78	15578.5	4008	0	3
2024.02.23	12:30:00	15599.84	15602.48	15597.23	15600.86	3647	0	4
2024.02.23	12:35:00	15615.21	15617.29	15613.3	15613.32	813	0	2
2024.02.23	12:40:00	15648.01	15669.95	15644.85	15648.43	4365	0	3
2024.02.23	12:45:00	15614.75	15627.06	15606.5	15621.35	2009	0	2
2024.02.23	12:50:00	15614.33	15618.29	15614.3	15616.96	725	0	4
2024.02.23	12:55:00	15603.73	15614.08	15598.92	15609.1	4819	0	1
2024.02.23	13:00:00	15575.43	15586.78	15573.36	15574.57	1358	0	4
2024.02.23	13:05:00	15595.37	15598.16	15576.31	15593.59	1955	0	3
2024.02.23	13:10:00	15590.03	15599.67	15587.61	15589.13	1139	0	4
2024.02.23	13:15:00	15599.72	15609.08	15595.01	15602.5	3298	0	3
2024.02.23	13:20:00	15645.43	15657.88	15640.44	15644.56	4405	0	2
2024.02.23	13:25:00	15636.95	15646.84	15630.01	15638.62	2839	0	2
2024.02.23	13:30:00	15627.44	15636.2	15627.24	15631.47	4411	0	1
2024.02.23	13:35:00	15636.51	15642.08	15611.72	15633.89	4714	0	4
2024.02.23	13:40:00	15654.58	15662.81	15649.14	15651.68	4426	0	1
2024.02.23	13:45:00	15645.32	15653.35	15638.76	15641.96	1232	0	4
2024.02.23	13:50:00	15628.94	15639.49	15621.62	15631.1	1427	0	3
2024.02.23	13:55:00	15654.31	15660.71	15625.72	15650.13	1847	0	1
2024.02.23	14:00:00	15655.41	15664.68	15648.41	15657.16	3371	0	4
2024.02.23	14:05:00	15623.57	15625.62	15600.21	15621.26	4380	0	1
2024.02.23	14:10:00	15598.11	15601.72	15592.85	15599.92	1907	0	1
2024.02.23	14:15:00	15625.97	15632.5	15611.46	15626.77	3497	0	3
2024.02.23	14:20:00	15625.62	15635.68	15622.55	15634.19	1342	0	1
2024.02.23	14:25:00	15619.95	15625.69	15599.11	15621.02	2943	0	1
2024.02.23	14:30:00	15618.64	15622.47	15608.51	15618.32	4008	0	3
2024.02.23	14:35:00	15617.41	15624.17	15613.9	15618.86	2277	0	4
2024.02.23	14:40:00	15638.41	15648.9	15630.09	15632.19	1234	0	1
2024.02.23	14:45:00	15604.37	15612.0	15604.28	15608.48	2350	0	3
2024.02.23	14:50:00	15591.95	15609.78	15587.27	15593.94	3929	0	3
2024.02.23	14:55:00	15595.88	15605.3	15587.58	15599.07	4707	0	1
2024.02.23	15:00:00	15595.63	15613.85	15591.2	15597.62	3272	0	1
2024.02.23	15:05:00	15611.68	15618.0	15605.32	15608.04	3519	0	2
2024.02.23	15:10:00	15591.85	15598.66	15584.91	15586.63	2387	0	3
2024.02.23	15:15:00	15590.77	15595.67	15587.52	15593.25	4680	0	1
2024.02.23	15:20:00	15610.29	15628.49	15602.5	15612.85	4414	0	2
2024.02.23	15:25:00	15617.67	15629.72	15613.9	15621.77	4874	0	2
2024.02.23	15:30:00	15629.16	15642.45	15607.97	15624.54	4385	0	3
2024.02.23	15:35:00	15627.12	15630.97	15613.32	15623.16	2961	0	1
2024.02.23	15:40:00	15608.33	15612.19	15599.32	15608.71	4821	0	3
2024.02.23	15:45:00	15602.81	15608.54	15595.87	15607.75	3244	0	4
2024.02.23	15:50:00	15625.71	15641.31	15612.99	15630.34	3207	0	3
2024.02.23	15:55:00	15629.15	15635.14	15618.84	15628.54	3453	0	3
2024.02.26	09:30:00	15615.06	15629.4	15605.12	15613.12	1336	0	1
2024.02.26	09:35:00	15597.43	15610.1	15596.22	15604.73	4276	0	4
2024.02.26	09:40:00	15607.46	15609.58	15604.18	15608.59	2132	0	2
2024.02.26	09:45:00	15608.02	15608.89	15589.37	15602.3	3465	0	1
2024.02.26	09:50:00	15610.42	15611.39	15602.76	15611.19	4299	0	3
2024.02.26	09:55:00	15626.02	15627.83	15610.26	15620.75	1015	0	2
2024.02.26	10:00:00	15639.09	15645.22	15630.78	15636.79	1853	0	2
2024.02.26	10:05:00	15658.49	15663.95	15651.73	15662.33	4740	0	4
2024.02.26	10:10:00	15679.28	15690.83	15668.26	15680.32	2124	0	3
2024.02.26	10:15:00	15663.59	15670.29	15657.9	15664.05	3474	0	2
2024.02.26	10:20:00	15644.97	15657.47	15629.21	15648.35	3027	0	4
2024.02.26	10:25:00	15643.88	15647.86	15642.91	15647.32	4414	0	2
2024.02.26	10:30:00	15644.98	15654.99	15636.22	15639.64	2796	0	4
2024.02.26	10:35:00	15616.35	15635.04	15615.95	15619.81	2411	0	4
2024.02.26	10:40:00	15616.12	15619.17	15608.89	15612.31	573	0	2
2024.02.26	10:45:00	15602.69	15617.03	15592.74	15604.23	2636	0	4
2024.02.26	10:50:00	15592.59	15593.02	15584.77	15592.68	3133	0	3
2024.02.26	10:55:00	15589.4	15590.98	15577.82	15587.42	3599	0	4
2024.02.26	11:00:00	15606.43	15627.37	15604.8	15608.54	4010	0	2
2024.02.26	11:05:00	15614.38	15618.26	15608.34	15612.38	3993	0	2
2024.02.26	11:10:00	15649.19	15657.27	15649.11	15656.45	2566	0	2
2024.02.26	11:15:00	15661.34	15667.24	15656.01	15659.78	853	0	3
2024.02.26	11:20:00	15646.2	15656.55	15633.21	15654.95	1644	0	3
2024.02.26	11:25:00	15654.54	15656.85	15645.65	15655.34	2333	0	2
2024.02.26	11:30:00	15663.23	15672.62	15659.39	15660.2	4905	0	2
2024.02.26	11:35:00	15670.44	15673.39	15660.02	15668.23	3964	0	2
2024.02.26	11:40:00	15700.82	15716.08	15687.12	15705.43	4525	0	3
2024.02.26	11:45:00	15686.57	15692.75	15685.35	15690.72	4965	0	1
2024.02.26	11:50:00	15703.86	15714.02	15702.7	15706.31	1099	0	3
2024.02.26	11:55:00	15710.98	15712.56	15696.53	15710.31	552	0	4
2024.02.26	12:00:00	15675.49	15690.29	15670.96	15682.71	3082	0	2
2024.02.26	12:05:00	15696.66	15707.61	15693.83	15696.71	1691	0	2
2024.02.26	12:10:00	15720.68	15725.83	15717.52	15719.57	4409	0	1
2024.02.26	12:15:00	15703.63	15710.66	15691.92	15704.64	2591	0	3
2024.02.26	12:20:00	15706.66	15708.81	15701.98	15704.79	542	0	2
2024.02.26	12:25:00	15675.25	15680.26	15667.69	15674.45	1503	0	4
2024.02.26	12:30:00	15650.52	15657.47	15645.47	15652.44	2036	0	4
2024.02.26	12:35:00	15664.47	15684.85	15658.22	15671.34	621	0	4
2024.02.26	12:40:00	15663.85	15676.35	15658.17	15663.38	1928	0	1
2024.02.26	12:45:00	15640.66	15648.34	15633.24	15644.04	2927	0	1
2024.02.26	12:50:00	15646.37	15663.76	15644.18	15648.42	4519	0	2
2024.02.26	12:55:00	15641.17	15647.24	15638.1	15639.48	3422	0	3
2024.02.26	13:00:00	15636.47	15648.26	15631.03	15631.45	919	0	1
2024.02.26	13:05:00	15644.72	15656.21	15623.88	15644.86	2372	0	2
2024.02.26	13:10:00	15626.57	15633.22	15623.23	15624.61	3959	0	1
2024.02.26	13:15:00	15603.8	15610.3	15598.46	15608.91	2164	0	2
2024.02.26	13:20:00	15612.81	15614.81	15605.59	15611.94	3034	0	2
2024.02.26	13:25:00	15629.19	15640.66	15628.63	15629.4	4935	0	1
2024.02.26	13:30:00	15656.0	15663.73	15649.22	15651.64	1120	0	2
2024.02.26	13:35:00	15638.26	15647.36	15638.08	15640.17	2648	0	3
2024.02.26	13:40:00	15656.24	15658.7	15654.44	15657.1	3243	0	4
2024.02.26	13:45:00	15647.26	15664.85	15638.32	15643.51	4091	0	4
2024.02.26	13:50:00	15675.88	15684.49	15671.49	15676.21	4265	0	2
2024.02.26	13:55:00	15652.48	15665.07	15652.33	15656.41	1792	0	4
2024.02.26	14:00:00	15689.35	15699.42	15662.79	15680.29	2601	0	2
2024.02.26	14:05:00	15665.13	15674.59	15651.86	15668.95	4235	0	2
2024.02.26	14:10:00	15704.8	15705.39	15685.58	15705.03	4275	0	4
2024.02.26	14:15:00	15717.09	15725.07	15714.34	15715.86	4206	0	2
2024.02.26	14:20:00	15699.06	15702.28	15692.19	15698.1	3504	0	3
2024.02.26	14:25:00	15688.46	15696.17	15678.86	15689.14	1704	0	1
2024.02.26	14:30:00	15702.68	15705.97	15690.9	15703.34	2157	0	2
2024.02.26	14:35:00	15721.54	15746.27	15713.28	15722.38	3451	0	4
2024.02.26	14:40:00	15717.46	15726.34	15713.67	15721.43	1644	0	1
2024.02.26	14:45:00	15730.2	15731.03	15702.15	15722.54	3569	0	4
2024.02.26	14:50:00	15735.58	15742.29	15733.9	15736.36	2817	0	2
2024.02.26	14:55:00	15741.15	15753.13	15730.93	15739.03	2491	0	4
2024.02.26	15:00:00	15715.12	15722.83	15713.53	15716.31	2099	0	2
2024.02.26	15:05:00	15700.9	15708.2	15681.37	15702.16	3982	0	2
2024.02.26	15:10:00	15705.03	15710.8	15700.48	15706.65	2594	0	2
2024.02.26	15:15:00	15723.08	15739.41	15712.71	15728.6	1880	0	1
2024.02.26	15:20:00	15757.15	15757.91	15751.56	15757.72	2227	0	4
2024.02.26	15:25:00	15770.5	15778.87	15766.89	15771.95	2679	0	3
2024.02.26	15:30:00	15781.58	15784.23	15775.35	15777.4	3279	0	3
2024.02.26	15:35:00	15786.82	15792.68	15780.86	15791.1	4955	0	2
2024.02.26	15:40:00	15777.43	15788.03	15754.33	15779.5	2032	0	4
2024.02.26	15:45:00	15773.86	15778.37	15764.27	15777.07	1304	0	2
2024.02.26	15:50:00	15767.82	15775.34	15758.31	15762.67	4900	0	1
2024.02.26	15:55:00	15737.62	15745.25	15727.2	15740.72	1165	0	1
2024.02.27	09:30:00	15748.98	15752.9	15743.84	15746.98	4567	0	4
2024.02.27	09:35:00	15754.06	15763.72	15739.9	15750.6	1139	0	1
2024.02.27	09:40:00	15762.66	15770.15	15755.51	15763.18	2137	0	4
2024.02.27	09:45:00	15768.33	15776.04	15746.33	15773.25	4991	0	2
2024.02.27	09:50:00	15773.03	15788.64	15767.53	15777.9	1245	0	1
2024.02.27	09:55:00	15791.24	15793.24	15785.09	15788.16	1219	0	4
2024.02.27	10:00:00	15783.21	15796.04	15772.8	15787.72	3241	0	3
2024.02.27	10:05:00	15796.82	15808.08	15790.13	15795.41	1356	0	3
2024.02.27	10:10:00	15783.16	15792.73	15777.36	15782.75	609	0	3
2024.02.27	10:15:00	15791.02	15791.64	15787.24	15789.67	3626	0	4
2024.02.27	10:20:00	15803.63	15822.72	15793.78	15801.94	4817	0	1
2024.02.27	10:25:00	15786.94	15796.29	15783.07	15790.28	3917	0	1
2024.02.27	10:30:00	15788.03	15795.95	15771.95	15791.52	4839	0	3
2024.02.27	10:35:00	15783.25	15785.57	15775.42	15780.69	2871	0	3
2024.02.27	10:40:00	15769.36	15776.87	15756.28	15771.6	3263	0	3
2024.02.27	10:45:00	15742.03	15753.28	15729.22	15751.84	4922	0	2
2024.02.27	10:50:00	15777.07	15781.07	15773.71	15774.75	2766	0	3
2024.02.27	10:55:00	15790.41	15797.31	15785.63	15794.11	675	0	1
2024.02.27	11:00:00	15805.71	15820.58	15803.76	15804.04	1574	0	3
2024.02.27	11:05:00	15844.69	15844.9	15835.22	15839.69	3293	0	2
2024.02.27	11:10:00	15836.67	15844.73	15828.12	15836.61	4357	0	2
2024.02.27	11:15:00	15894.97	15895.49	15888.53	15891.39	3229	0	1
2024.02.27	11:20:00	15888.17	15897.97	15880.22	15887.61	2325	0	4
2024.02.27	11:25:00	15898.23	15903.46	15891.96	15892.52	1945	0	4
2024.02.27	11:30:00	15881.86	15886.22	15868.18	15885.68	3574	0	4
2024.02.27	11:35:00	15892.67	15898.35	15886.36	15892.7	4547	0	4
2024.02.27	11:40:00	15910.49	15914.87	15902.95	15908.06	1751	0	3
2024.02.27	11:45:00	15905.64	15919.57	15902.25	15906.33	2987	0	2
2024.02.27	11:50:00	15942.84	15945.25	15930.67	15938.68	2423	0	1
2024.02.27	11:55:00	15941.75	15944.63	15938.79	15943.31	1608	0	3
2024.02.27	12:00:00	15955.99	15971.49	15941.3	15948.52	2323	0	4
2024.02.27	12:05:00	15940.08	15944.85	15913.79	15932.43	897	0	2
2024.02.27	12:10:00	15941.32	15949.12	15935.85	15940.3	2885	0	4
2024.02.27	12:15:00	15940.19	15953.18	15928.24	15938.2	982	0	1
2024.02.27	12:20:00	15931.84	15933.71	15922.95	15927.54	2633	0	2
2024.02.27	12:25:00	15909.59	15921.18	15892.94	15913.87	4537	0	3
2024.02.27	12:30:00	15957.66	15964.39	15942.26	15962.4	1155	0	2
2024.02.27	12:35:00	15962.5	15967.4	15955.25	15957.96	1626	0	4
2024.02.27	12:40:00	15932.96	15934.59	15929.7	15931.97	3744	0	2
2024.02.27	12:45:00	15918.88	15926.16	15910.25	15919.7	4581	0	4
2024.02.27	12:50:00	15919.13	15933.52	15914.8	15919.09	4800	0	2
2024.02.27	12:55:00	15920.66	15943.73	15916.98	15929.26	1040	0	1
2024.02.27	13:00:00	15938.9	15949.63	15933.55	15939.59	1575	0	3
2024.02.27	13:05:00	15949.41	15959.3	15941.11	15952.13	4927	0	3
2024.02.27	13:10:00	15944.12	15946.57	15937.18	15940.8	2775	0	3
2024.02.27	13:15:00	15950.86	15951.91	15931.95	15947.27	4250	0	1
2024.02.27	13:20:00	15933.86	15936.03	15923.36	15931.78	564	0	2
2024.02.27	13:25:00	15922.35	15924.65	15918.01	15920.92	1023	0	1
2024.02.27	13:30:00	15899.31	15908.82	15890.18	15904.7	1419	0	4
2024.02.27	13:35:00	15885.76	15895.28	15880.52	15883.63	887	0	1
2024.02.27	13:40:00	15905.37	15918.05	15902.74	15903.1	4508	0	4
2024.02.27	13:45:00	15920.31	15923.3	15914.9	15915.83	4115	0	1
2024.02.27	13:50:00	15941.4	15956.86	15931.95	15933.75	2256	0	3
2024.02.27	13:55:00	15928.68	15935.62	15922.8	15934.78	851	0	2
2024.02.27	14:00:00	15947.72	15958.85	15946.46	15949.12	977	0	1
2024.02.27	14:05:00	15914.99	15921.53	15908.43	15917.67	1679	0	2
2024.02.27	14:10:00	15934.17	15939.13	15926.54	15933.55	3771	0	1
2024.02.27	14:15:00	15937.11	15938.75	15934.3	15937.06	4105	0	3
2024.02.27	14:20:00	15947.86	15953.25	15943.99	15948.7	2926	0	4
2024.02.27	14:25:00	15959.6	15959.89	15953.06	15955.89	4584	0	2
2024.02.27	14:30:00	15934.41	15942.11	15924.19	15938.38	4676	0	2
2024.02.27	14:35:00	15907.94	15919.48	15896.67	15911.69	3954	0	1
2024.02.27	14:40:00	15895.5	15899.39	15886.15	15899.18	854	0	2
2024.02.27	14:45:00	15908.38	15936.19	15890.48	15909.67	4504	0	4
2024.02.27	14:50:00	15918.0	15937.56	15905.93	15922.43	4587	0	3
2024.02.27	14:55:00	15897.93	15900.78	15896.05	15898.1	3019	0	4
2024.02.27	15:00:00	15880.18	15888.17	15878.47	15880.77	3196	0	4
2024.02.27	15:05:00	15865.26	15878.19	15855.04	15868.09	4008	0	1
2024.02.27	15:10:00	15865.13	15868.15	15847.15	15861.99	3165	0	1
2024.02.27	15:15:00	15837.65	15842.91	15828.65	15837.86	2048	0	2
2024.02.27	15:20:00	15816.5	15823.1	15810.54	15812.7	3636	0	4
2024.02.27	15:25:00	15797.61	15804.4	15785.3	15798.3	4033	0	1
2024.02.27	15:30:00	15800.08	15804.9	15781.95	15800.16	1136	0	1
2024.02.27	15:35:00	15777.36	15797.51	15769.52	15779.37	3558	0	4
2024.02.27	15:40:00	15777.59	15784.95	15765.61	15777.62	1279	0	1
2024.02.27	15:45:00	15799.4	15809.44	15789.57	15796.86	3086	0	2
2024.02.27	15:50:00	15772.43	15777.27	15770.03	15773.9	985	0	4
2024.02.27	15:55:00	15772.38	15773.32	15765.56	15770.53	4965	0	1
2024.02.28	09:30:00	15786.25	15792.97	15781.03	15789.16	3505	0	1
2024.02.28	09:35:00	15784.71	15790.6	15772.39	15782.0	2614	0	3
2024.02.28	09:40:00	15769.99	15775.87	15768.04	15772.07	2767	0	1
2024.02.28	09:45:00	15796.22	15803.86	15791.12	15793.17	3286	0	3
2024.02.28	09:50:00	15788.23	15797.98	15764.26	15788.01	1060	0	3
2024.02.28	09:55:00	15813.53	15814.14	15795.25	15808.09	2794	0	1
2024.02.28	10:00:00	15811.95	15826.78	15807.05	15816.08	3721	0	3
2024.02.28	10:05:00	15804.98	15812.91	15795.59	15810.26	1672	0	2
2024.02.28	10:10:00	15816.96	15832.08	15815.55	15819.17	2657	0	4
2024.02.28	10:15:00	15820.26	15825.9	15818.93	15825.22	1986	0	2
2024.02.28	10:20:00	15838.88	15846.14	15831.31	15843.84	1224	0	3
2024.02.28	10:25:00	15836.56	15838.98	15831.99	15834.33	4904	0	2
2024.02.28	10:30:00	15835.37	15837.55	15832.08	15835.38	3167	0	4
2024.02.28	10:35:00	15832.88	15838.33	15830.37	15834.6	2264	0	2
2024.02.28	10:40:00	15846.15	15849.85	15836.47	15847.54	2022	0	3
2024.02.28	10:45:00	15827.33	15840.24	15821.67	15829.47	3557	0	4
2024.02.28	10:50:00	15853.95	15856.23	15845.51	15848.03	986	0	4
2024.02.28	10:55:00	15854.08	15860.4	15850.17	15856.72	3051	0	4
2024.02.28	11:00:00	15828.67	15847.56	15828.04	15833.41	1536	0	3
2024.02.28	11:05:00	15858.26	15860.7	15853.67	15855.4	4504	0	3
2024.02.28	11:10:00	15895.1	15900.83	15884.52	15895.88	4029	0	2
2024.02.28	11:15:00	15921.58	15929.5	15905.03	15914.24	3909	0	3
2024.02.28	11:20:00	15938.39	15942.06	15925.62	15940.29	1156	0	3
2024.02.28	11:25:00	15945.2	15955.57	15938.79	15942.15	862	0	3
2024.02.28	11:30:00	15916.4	15927.24	15900.32	15912.5	2562	0	2
2024.02.28	11:35:00	15877.76	15892.04	15874.02	15879.63	2099	0	2
2024.02.28	11:40:00	15881.86	15888.66	15880.06	15884.54	3759	0	1
2024.02.28	11:45:00	15876.87	15898.09	15863.47	15874.21	3703	0	3
2024.02.28	11:50:00	15860.16	15865.69	15850.52	15858.1	2287	0	1
2024.02.28	11:55:00	15852.22	15876.36	15849.61	15857.29	1226	0	1
2024.02.28	12:00:00	15864.61	15875.56	15855.21	15868.66	1958	0	2
2024.02.28	12:05:00	15833.8	15854.92	15831.97	15842.9	2765	0	1
2024.02.28	12:10:00	15837.3	15840.17	15829.02	15835.16	1640	0	3
2024.02.28	12:15:00	15861.63	15870.16	15846.15	15862.57	1929	0	1
2024.02.28	12:20:00	15843.01	15856.39	15836.19	15843.59	1583	0	2
2024.02.28	12:25:00	15853.44	15869.28	15846.57	15859.52	791	0	3
2024.02.28	12:30:00	15847.19	15852.6	15837.82	15851.13	3205	0	3
2024.02.28	12:35:00	15859.53	15880.48	15852.54	15861.25	4987	0	3
2024.02.28	12:40:00	15878.87	15882.89	15873.84	15881.29	4783	0	2
2024.02.28	12:45:00	15895.36	15902.71	15893.44	15894.94	4682	0	2
2024.02.28	12:50:00	15913.73	15915.69	15901.59	15911.63	3465	0	4
2024.02.28	12:55:00	15899.38	15925.7	15882.52	15891.21	3863	0	2
2024.02.28	13:00:00	15911.51	15927.06	15890.89	15911.58	788	0	3
2024.02.28	13:05:00	15900.56	15913.52	15888.06	15896.54	1404	0	4
2024.02.28	13:10:00	15898.55	15906.54	15885.86	15901.54	3677	0	1
2024.02.28	13:15:00	15900.47	15913.7	15885.27	15906.5	4948	0	1
2024.02.28	13:20:00	15914.29	15918.61	15902.39	15915.56	4587	0	2
2024.02.28	13:25:00	15916.19	15923.56	15914.55	15921.95	3338	0	2
2024.02.28	13:30:00	15907.12	15909.61	15903.63	15907.07	990	0	1
2024.02.28	13:35:00	15880.28	15895.2	15876.63	15883.09	4847	0	4
2024.02.28	13:40:00	15892.07	15908.39	15890.84	15899.1	1930	0	3
2024.02.28	13:45:00	15909.02	15910.57	15891.1	15902.77	691	0	3
2024.02.28	13:50:00	15921.86	15924.69	15899.49	15923.8	3956	0	3
2024.02.28	13:55:00	15917.4	15929.7	15909.79	15923.31	1280	0	2
2024.02.28	14:00:00	15901.55	15908.7	15881.97	15898.31	1857	0	3
2024.02.28	14:05:00	15913.4	15916.84	15896.69	15916.03	3547	0	1
2024.02.28	14:10:00	15913.6	15921.59	15907.32	15909.68	4844	0	3
2024.02.28	14:15:00	15913.51	15916.85	15904.88	15916.16	4582	0	4
2024.02.28	14:20:00	15902.86	15919.42	15900.36	15904.81	1236	0	4
2024.02.28	14:25:00	15936.01	15942.29	15930.81	15934.77	1291	0	2
2024.02.28	14:30:00	15921.42	15923.16	15913.87	15919.28	4140	0	1
2024.02.28	14:35:00	15916.29	15919.48	15890.75	15913.52	1926	0	4
2024.02.28	14:40:00	15915.45	15921.07	15887.0	15915.77	850	0	3
2024.02.28	14:45:00	15898.32	15905.36	15886.23	15896.42	3146	0	4
2024.02.28	14:50:00	15905.37	15922.73	15900.91	15902.69	3456	0	2
2024.02.28	14:55:00	15932.78	15948.03	15925.58	15932.06	4998	0	4
2024.02.28	15:00:00	15923.02	15938.99	15914.12	15923.53	2688	0	4
2024.02.28	15:05:00	15925.76	15931.79	15921.29	15930.97	4098	0	1
2024.02.28	15:10:00	15883.93	15888.9	15880.95	15881.77	2904	0	3
2024.02.28	15:15:00	15881.54	15893.54	15877.27	15881.39	4656	0	2
2024.02.28	15:20:00	15874.59	15883.79	15873.58	15876.08	2693	0	3
2024.02.28	15:25:00	15866.28	15872.84	15858.08	15861.69	3537	0	2
2024.02.28	15:30:00	15876.31	15886.84	15869.78	15881.44	4834	0	1
2024.02.28	15:35:00	15881.81	15898.6	15872.81	15875.9	4448	0	2
2024.02.28	15:40:00	15872.94	15881.0	15870.33	15873.02	2304	0	3
2024.02.28	15:45:00	15867.7	15886.73	15854.05	15866.56	2781	0	2
2024.02.28	15:50:00	15831.06	15835.94	15816.75	15832.48	3167	0	2
2024.02.28	15:55:00	15806.55	15816.4	15799.41	15812.52	1058	0	2
2024.02.29	09:30:00	15829.55	15838.06	15829.31	15830.05	1550	0	3
2024.02.29	09:35:00	15793.79	15795.79	15786.07	15792.59	3693	0	2
2024.02.29	09:40:00	15781.63	15799.1	15775.67	15779.21	822	0	1
2024.02.29	09:45:00	15771.68	15776.09	15760.18	15772.39	3206	0	3
2024.02.29	09:50:00	15796.03	15806.23	15794.69	15803.87	2681	0	1
2024.02.29	09:55:00	15812.43	15827.57	15796.05	15817.95	2684	0	2
2024.02.29	10:00:00	15815.63	15822.33	15804.5	15808.29	4306	0	3
2024.02.29	10:05:00	15828.06	15833.93	15827.54	15831.97	1737	0	2
2024.02.29	10:10:00	15824.13	15829.83	15818.66	15819.02	4058	0	1
2024.02.29	10:15:00	15834.07	15840.34	15829.09	15837.42	4028	0	2
2024.02.29	10:20:00	15812.74	15816.57	15808.49	15813.39	4966	0	2
2024.02.29	10:25:00	15835.18	15835.83	15831.69	15832.93	4191	0	3
2024.02.29	10:30:00	15823.03	15832.25	15812.34	15825.97	2781	0	3
2024.02.29	10:35:00	15813.57	15814.69	15803.92	15807.87	2138	0	1
2024.02.29	10:40:00	15804.57	15805.02	15798.73	15804.3	4014	0	4
2024.02.29	10:45:00	15811.23	15821.43	15807.03	15809.58	4674	0	3
2024.02.29	10:50:00	15800.08	15803.62	15793.9	15801.04	1763	0	1
2024.02.29	10:55:00	15813.63	15818.82	15807.65	15811.27	2163	0	2
2024.02.29	11:00:00	15806.8	15811.92	15793.78	15801.15	2736	0	4
2024.02.29	11:05:00	15812.1	15814.63	15808.66	15812.57	984	0	3
2024.02.29	11:10:00	15827.01	15833.07	15807.3	15820.81	1913	0	2
2024.02.29	11:15:00	15817.84	15828.81	15811.82	15820.03	1249	0	4
2024.02.29	11:20:00	15815.18	15823.68	15811.44	15812.44	3975	0	3
2024.02.29	11:25:00	15817.23	15819.48	15810.07	15815.47	2725	0	3
2024.02.29	11:30:00	15821.82	15839.07	15815.77	15825.65	3217	0	1
2024.02.29	11:35:00	15863.72	15865.19	15844.02	15862.95	859	0	3
2024.02.29	11:40:00	15880.18	15882.66	15874.7	15880.15	3080	0	1
2024.02.29	11:45:00	15894.96	15911.93	15888.23	15898.03	3732	0	4
2024.02.29	11:50:00	15955.34	15957.93	15953.32	15954.04	3602	0	1
2024.02.29	11:55:00	15964.21	15984.41	15962.45	15963.69	4077	0	1
2024.02.29	12:00:00	15972.5	15977.39	15964.84	15972.77	1013	0	2
2024.02.29	12:05:00	15985.58	15994.98	15967.88	15985.82	2972	0	2
2024.02.29	12:10:00	15967.57	15969.4	15954.69	15967.89	2669	0	2
2024.02.29	12:15:00	15958.86	15962.44	15956.98	15960.19	4520	0	4
2024.02.29	12:20:00	15951.87	15959.16	15947.48	15951.36	3607	0	2
2024.02.29	12:25:00	15961.05	15986.9	15954.99	15963.38	4794	0	4
2024.02.29	12:30:00	15970.16	15973.04	15949.22	15960.55	614	0	1
2024.02.29	12:35:00	15958.28	15967.57	15950.31	15963.37	2514	0	3
2024.02.29	12:40:00	15981.24	15987.54	15972.49	15983.36	3664	0	1
2024.02.29	12:45:00	15997.47	16004.54	15986.93	15999.31	901	0	1
2024.02.29	12:50:00	16004.09	16013.38	15995.38	15996.7	3430	0	1
2024.02.29	12:55:00	15980.11	16000.05	15974.58	15984.89	1540	0	2
2024.02.29	13:00:00	16007.31	16017.67	16003.11	16005.77	834	0	2
2024.02.29	13:05:00	16021.02	16023.26	16013.01	16020.12	3459	0	4
2024.02.29	13:10:00	15992.54	16004.77	15979.37	15991.33	2418	0	4
2024.02.29	13:15:00	15990.46	15993.85	15978.96	15985.98	2326	0	3
2024.02.29	13:20:00	15993.7	15997.47	15987.3	15989.3	1964	0	2
2024.02.29	13:25:00	16002.09	16003.97	15996.5	16003.72	3582	0	2
2024.02.29	13:30:00	16021.25	16033.0	16017.94	16020.54	3284	0	2
2024.02.29	13:35:00	16019.25	16040.39	16014.27	16026.01	3500	0	1
2024.02.29	13:40:00	16037.32	16044.0	16018.38	16036.96	4044	0	3
2024.02.29	13:45:00	16035.56	16040.25	16027.69	16038.44	3224	0	4
2024.02.29	13:50:00	16025.85	16034.92	16020.69	16026.53	836	0	3
2024.02.29	13:55:00	16016.0	16029.54	16004.44	16022.11	1210	0	3
2024.02.29	14:00:00	16024.25	16024.47	16019.39	16022.78	4961	0	2
2024.02.29	14:05:00	16016.31	16023.4	16003.7	16022.47	1786	0	4
2024.02.29	14:10:00	15989.15	15998.23	15988.47	15988.62	2424	0	4
2024.02.29	14:15:00	15977.3	15993.33	15962.74	15981.74	2200	0	2
2024.02.29	14:20:00	15980.0	15988.33	15973.0	15983.08	4956	0	4
2024.02.29	14:25:00	15982.49	15983.66	15961.57	15978.31	4209	0	2
2024.02.29	14:30:00	15976.29	15983.13	15966.49	15974.16	2675	0	1
2024.02.29	14:35:00	15987.47	15990.46	15966.82	15983.31	3570	0	2
2024.02.29	14:40:00	15969.75	15986.8	15938.84	15964.11	2982	0	4
2024.02.29	14:45:00	15932.24	15938.38	15927.96	15935.03	3402	0	2
2024.02.29	14:50:00	15934.48	15943.71	15916.77	15929.07	4792	0	4
2024.02.29	14:55:00	15937.89	15949.54	15933.96	15943.18	3524	0	2
2024.02.29	15:00:00	15976.69	15977.47	15959.56	15973.99	1007	0	2
2024.02.29	15:05:00	15986.68	15990.67	15984.98	15988.46	2764	0	1
2024.02.29	15:10:00	15958.86	15969.71	15949.43	15962.22	4188	0	4
2024.02.29	15:15:00	15960.56	15975.24	15950.76	15958.34	678	0	2
2024.02.29	15:20:00	15966.72	15985.41	15959.93	15963.3	2106	0	1
2024.02.29	15:25:00	15970.14	15971.63	15944.32	15966.83	1405	0	1
2024.02.29	15:30:00	15977.68	16001.11	15968.31	15976.9	3744	0	3
2024.02.29	15:35:00	15961.12	15967.26	15960.58	15960.64	1131	0	4
2024.02.29	15:40:00	15964.04	15975.34	15958.85	15962.13	3308	0	4
2024.02.29	15:45:00	15971.15	15977.57	15958.29	15970.05	787	0	1
2024.02.29	15:50:00	15987.27	15989.25	15980.79	15985.31	4657	0	3
2024.02.29	15:55:00	15971.79	15992.69	15968.07	15971.05	1937	0	2
2024.03.01	09:30:00	15968.18	15970.72	15964.35	15965.13	2334	0	3
2024.03.01	09:35:00	15910.78	15924.39	15910.23	15916.65	4044	0	3
2024.03.01	09:40:00	15905.29	15913.86	15898.7	15905.77	2208	0	1
2024.03.01	09:45:00	15891.66	15906.9	15888.57	15896.64	1018	0	1
2024.03.01	09:50:00	15879.61	15888.58	15866.4	15878.62	4571	0	3
2024.03.01	09:55:00	15887.82	15892.19	15873.02	15881.92	1001	0	3
2024.03.01	10:00:00	15879.52	15898.09	15862.19	15881.23	2736	0	4
2024.03.01	10:05:00	15841.43	15851.55	15830.99	15840.97	1059	0	4
2024.03.01	10:10:00	15847.87	15863.31	15841.96	15845.15	3640	0	1
2024.03.01	10:15:00	15821.41	15835.0	15818.82	15828.82	1714	0	3
2024.03.01	10:20:00	15835.97	15838.43	15834.12	15837.85	4695	0	2
2024.03.01	10:25:00	15816.5	15833.23	15809.83	15815.19	1409	0	2
2024.03.01	10:30:00	15805.67	15833.58	15795.88	15816.05	3513	0	1
2024.03.01	10:35:00	15807.8	15811.61	15795.8	15811.29	562	0	4
2024.03.01	10:40:00	15820.98	15821.14	15813.12	15817.04	1009	0	1
2024.03.01	10:45:00	15823.18	15828.39	15800.63	15819.59	1744	0	4
2024.03.01	10:50:00	15816.67	15819.22	15813.75	15815.33	4477	0	4
2024.03.01	10:55:00	15791.32	15804.6	15775.17	15788.16	4983	0	4
2024.03.01	11:00:00	15762.86	15776.16	15749.44	15762.09	3261	0	1
2024.03.01	11:05:00	15753.97	15769.33	15737.73	15751.99	2014	0	2
2024.03.01	11:10:00	15751.03	15761.83	15749.06	15752.16	1904	0	1
2024.03.01	11:15:00	15742.04	15755.96	15729.26	15741.63	1450	0	3
2024.03.01	11:20:00	15750.83	15770.48	15747.93	15753.09	2032	0	4
2024.03.01	11:25:00	15752.93	15759.44	15731.44	15748.42	2730	0	3
2024.03.01	11:30:00	15736.96	15752.44	15716.55	15731.54	3583	0	1
2024.03.01	11:35:00	15731.82	15735.07	15726.03	15726.9	1532	0	2
2024.03.01	11:40:00	15729.79	15745.19	15719.28	15731.24	661	0	1
2024.03.01	11:45:00	15733.94	15748.78	15732.73	15737.34	3018	0	2
2024.03.01	11:50:00	15775.73	15788.25	15769.41	15771.16	1592	0	2
2024.03.01	11:55:00	15761.48	15769.57	15755.17	15759.54	2302	0	4
2024.03.01	12:00:00	15759.72	15762.68	15742.35	15758.54	3702	0	1
2024.03.01	12:05:00	15764.2	15774.55	15758.93	15766.46	4535	0	2
2024.03.01	12:10:00	15767.88	15768.96	15755.55	15766.36	2904	0	1
2024.03.01	12:15:00	15753.87	15758.7	15745.66	15757.74	4675	0	4
2024.03.01	12:20:00	15732.7	15735.83	15729.1	15730.44	1710	0	2
2024.03.01	12:25:00	15726.57	15742.76	15719.93	15721.66	3708	0	4
2024.03.01	12:30:00	15708.67	15713.84	15700.22	15702.87	4908	0	3
2024.03.01	12:35:00	15675.03	15681.27	15666.47	15672.51	1470	0	2
2024.03.01	12:40:00	15653.81	15660.57	15648.05	15658.71	3822	0	3
2024.03.01	12:45:00	15641.17	15644.07	15625.2	15640.47	2632	0	1
2024.03.01	12:50:00	15658.71	15666.96	15644.52	15651.13	4463	0	4
2024.03.01	12:55:00	15659.02	15667.51	15657.11	15662.1	1874	0	4
2024.03.01	13:00:00	15646.18	15658.87	15644.15	15646.39	4822	0	2
2024.03.01	13:05:00	15647.1	15657.2	15638.1	15642.09	4092	0	1
2024.03.01	13:10:00	15611.71	15618.08	15590.33	15609.53	3672	0	2
2024.03.01	13:15:00	15609.87	15610.28	15597.23	15601.1	631	0	4
2024.03.01	13:20:00	15605.88	15610.63	15603.18	15608.47	872	0	3
2024.03.01	13:25:00	15619.86	15629.84	15613.99	15623.36	3481	0	1
2024.03.01	13:30:00	15615.4	15618.51	15610.71	15611.07	2655	0	1
2024.03.01	13:35:00	15625.75	15630.03	15624.86	15629.98	1954	0	1
2024.03.01	13:40:00	15602.8	15608.09	15592.91	15603.5	4288	0	4
2024.03.01	13:45:00	15581.55	15584.7	15577.8	15581.78	2664	0	2
2024.03.01	13:50:00	15598.28	15602.32	15589.23	15594.62	2565	0	4
2024.03.01	13:55:00	15626.64	15645.86	15615.38	15624.47	1953	0	2
2024.03.01	14:00:00	15635.13	15637.59	15633.3	15633.51	4917	0	4
2024.03.01	14:05:00	15631.68	15650.03	15631.16	15633.11	2141	0	4
2024.03.01	14:10:00	15598.9	15609.17	15591.42	15594.61	1667	0	3
2024.03.01	14:15:00	15573.44	15575.23	15554.83	15559.25	3534	0	1
2024.03.01	14:20:00	15564.28	15582.01	15553.74	15561.84	653	0	1
2024.03.01	14:25:00	15556.2	15569.15	15542.14	15555.85	3179	0	1
2024.03.01	14:30:00	15532.13	15541.14	15525.95	15536.69	3040	0	3
2024.03.01	14:35:00	15535.91	15544.51	15527.96	15538.16	1598	0	3
2024.03.01	14:40:00	15539.74	15545.72	15536.01	15540.49	3960	0	4
2024.03.01	14:45:00	15555.55	15557.45	15552.5	15557.43	696	0	4
2024.03.01	14:50:00	15560.09	15566.1	15556.87	15560.15	4917	0	2
2024.03.01	14:55:00	15588.39	15598.21	15571.14	15582.12	4352	0	2
2024.03.01	15:00:00	15586.97	15594.87	15574.38	15582.57	1289	0	4
2024.03.01	15:05:00	15580.29	15581.51	15577.84	15580.85	2715	0	4
2024.03.01	15:10:00	15595.68	15621.88	15595.07	15599.95	1386	0	2
2024.03.01	15:15:00	15587.7	15590.93	15582.39	15582.99	3284	0	1
2024.03.01	15:20:00	15632.86	15647.26	15630.7	15633.04	2086	0	1
2024.03.01	15:25:00	15633.88	15652.52	15633.37	15639.99	2698	0	4
2024.03.01	15:30:00	15649.58	15662.63	15640.03	15647.05	4806	0	2
2024.03.01	15:35:00	15660.31	15660.99	15656.41	15656.67	3285	0	3
2024.03.01	15:40:00	15681.68	15691.71	15666.19	15690.3	4402	0	4
2024.03.01	15:45:00	15701.76	15709.52	15701.37	15704.7	3321	0	4
2024.03.01	15:50:00	15676.1	15680.51	15660.98	15676.49	2635	0	2
2024.03.01	15:55:00	15704.35	15711.35	15696.07	15701.74	567	0	3
2024.03.04	09:30:00	15694.16	15700.18	15690.68	15695.99	901	0	1
2024.03.04	09:35:00	15695.25	15699.08	15694.97	15698.21	2899	0	4
2024.03.04	09:40:00	15678.39	15682.25	15673.5	15675.8	2767	0	4
2024.03.04	09:45:00	15683.8	15688.47	15665.02	15685.46	2759	0	2
2024.03.04	09:50:00	15676.13	15679.91	15656.93	15674.21	4304	0	2
2024.03.04	09:55:00	15672.36	15689.25	15657.74	15676.3	931	0	3
2024.03.04	10:00:00	15666.77	15685.29	15661.58	15671.57	3464	0	2
2024.03.04	10:05:00	15708.77	15735.69	15697.5	15706.08	3856	0	3
2024.03.04	10:10:00	15742.59	15755.76	15727.4	15741.69	3405	0	1
2024.03.04	10:15:00	15746.12	15758.07	15733.5	15742.83	1561	0	2
2024.03.04	10:20:00	15742.39	15750.3	15736.34	15744.29	2328	0	4
2024.03.04	10:25:00	15735.11	15738.03	15734.2	15737.95	745	0	4
2024.03.04	10:30:00	15762.84	15770.12	15753.19	15757.98	1297	0	1
2024.03.04	10:35:00	15747.0	15764.13	15746.88	15752.43	4114	0	4
2024.03.04	10:40:00	15749.69	15754.94	15743.38	15745.23	3278	0	1
2024.03.04	10:45:00	15767.72	15779.56	15756.93	15763.0	4393	0	4
2024.03.04	10:50:00	15756.78	15764.28	15743.06	15753.71	3612	0	2
2024.03.04	10:55:00	15750.9	15762.01	15738.39	15753.36	1583	0	2
2024.03.04	11:00:00	15722.58	15728.29	15708.63	15725.49	4159	0	3
2024.03.04	11:05:00	15737.6	15745.02	15728.34	15738.35	3593	0	4
2024.03.04	11:10:00	15768.66	15778.39	15758.81	15773.29	1362	0	2
2024.03.04	11:15:00	15783.05	15787.2	15779.94	15786.49	522	0	2
2024.03.04	11:20:00	15815.27	15818.86	15809.91	15812.96	3936	0	4
2024.03.04	11:25:00	15800.45	15803.95	15796.5	15798.13	3745	0	4
2024.03.04	11:30:00	15798.92	15804.95	15794.45	15802.67	904	0	3
2024.03.04	11:35:00	15788.54	15794.38	15785.68	15786.12	2591	0	1
2024.03.04	11:40:00	15783.99	15788.92	15781.34	15782.37	4612	0	4
2024.03.04	11:45:00	15801.89	15812.03	15774.91	15796.49	4066	0	3
2024.03.04	11:50:00	15800.66	15814.63	15793.93	15798.63	4177	0	3
2024.03.04	11:55:00	15777.47	15778.5	15759.05	15773.69	2268	0	1
2024.03.04	12:00:00	15752.24	15759.52	15737.64	15750.54	1045	0	4
2024.03.04	12:05:00	15729.73	15742.02	15721.75	15726.24	2079	0	3
2024.03.04	12:10:00	15730.72	15737.74	15713.57	15735.31	3590	0	1
2024.03.04	12:15:00	15772.0	15779.45	15771.73	15772.44	4283	0	2
2024.03.04	12:20:00	15796.97	15813.53	15792.36	15797.11	3398	0	2
2024.03.04	12:25:00	15762.67	15765.96	15762.49	15763.54	673	0	4
2024.03.04	12:30:00	15790.83	15805.55	15779.74	15789.24	3157	0	2
2024.03.04	12:35:00	15808.58	15813.52	15799.54	15806.31	1342	0	4
2024.03.04	12:40:00	15780.4	15797.11	15770.2	15778.99	3243	0	3
2024.03.04	12:45:00	15773.26	15779.77	15762.81	15773.89	2354	0	2
2024.03.04	12:50:00	15791.16	15800.47	15787.74	15793.79	2898	0	2
2024.03.04	12:55:00	15807.88	15814.06	15794.47	15803.95	3183	0	4
2024.03.04	13:00:00	15782.11	15788.27	15777.72	15780.86	3371	0	2
2024.03.04	13:05:00	15788.45	15792.56	15772.75	15792.09	523	0	3
2024.03.04	13:10:00	15753.54	15759.03	15752.92	15754.23	4847	0	1
2024.03.04	13:15:00	15744.35	15750.6	15740.32	15750.57	3088	0	2
2024.03.04	13:20:00	15771.32	15776.39	15769.1	15771.19	2782	0	3
2024.03.04	13:25:00	15771.13	15773.83	15766.63	15771.84	2203	0	2
2024.03.04	13:30:00	15761.2	15773.74	15755.32	15763.25	970	0	4
2024.03.04	13:35:00	15785.11	15789.49	15778.5	15779.44	3335	0	1
2024.03.04	13:40:00	15793.05	15798.75	15789.44	15797.18	2134	0	4
2024.03.04	13:45:00	15823.48	15837.96	15816.4	15820.95	4581	0	1
2024.03.04	13:50:00	15844.78	15853.69	15833.82	15836.94	3460	0	2
2024.03.04	13:55:00	15860.53	15862.11	15851.65	15856.66	2483	0	3
2024.03.04	14:00:00	15870.03	15871.59	15862.36	15870.14	642	0	2
2024.03.04	14:05:00	15871.15	15882.1	15862.94	15875.23	2995	0	3
2024.03.04	14:10:00	15872.26	15880.11	15871.88	15877.16	4303	0	4
2024.03.04	14:15:00	15871.73	15883.68	15871.56	15873.21	2582	0	2
2024.03.04	14:20:00	15849.28	15854.38	15844.6	15851.75	3426	0	3
2024.03.04	14:25:00	15832.35	15844.2	15830.19	15834.93	1033	0	4
2024.03.04	14:30:00	15829.02	15831.29	15820.88	15830.19	2330	0	4
2024.03.04	14:35:00	15834.47	15839.39	15823.82	15834.84	4069	0	1
2024.03.04	14:40:00	15862.75	15866.37	15848.33	15861.01	2406	0	3
2024.03.04	14:45:00	15856.13	15871.71	15844.33	15860.57	4483	0	4
2024.03.04	14:50:00	15876.47	15885.41	15866.02	15878.92	2342	0	4
2024.03.04	14:55:00	15898.08	15902.64	15895.48	15898.66	4151	0	4
2024.03.04	15:00:00	15894.11	15900.58	15893.38	15894.81	3397	0	1
2024.03.04	15:05:00	15912.45	15912.9	15903.69	15905.83	4764	0	4
2024.03.04	15:10:00	15902.6	15909.45	15896.79	15901.77	2898	0	4
2024.03.04	15:15:00	15920.09	15935.4	15917.35	15925.91	2606	0	3
2024.03.04	15:20:00	15939.21	15958.41	15933.34	15937.7	2091	0	1
2024.03.04	15:25:00	15918.51	15932.48	15904.57	15916.55	3435	0	1
2024.03.04	15:30:00	15919.33	15937.67	15898.21	15919.78	4910	0	2
2024.03.04	15:35:00	15945.45	15955.76	15945.26	15949.83	1257	0	4
2024.03.04	15:40:00	15953.23	15970.42	15937.39	15946.88	4713	0	1
2024.03.04	15:45:00	15951.42	15958.92	15946.18	15955.28	4895	0	3
2024.03.04	15:50:00	15967.86	15968.31	15960.28	15965.47	3960	0	1
2024.03.04	15:55:00	15947.78	15961.33	15946.15	15947.06	3112	0	4
2024.03.05	09:30:00	15958.77	15958.81	15948.86	15956.6	4383	0	1
2024.03.05	09:35:00	15937.91	15954.99	15929.97	15931.76	1677	0	1
2024.03.05	09:40:00	15922.82	15936.86	15906.81	15920.79	3352	0	1
2024.03.05	09:45:00	15938.5	15942.99	15925.04	15940.52	4124	0	3
2024.03.05	09:50:00	15951.27	15961.64	15938.7	15947.28	4123	0	4
2024.03.05	09:55:00	15939.82	15950.74	15938.75	15942.1	3139	0	2
2024.03.05	10:00:00	15951.07	15958.77	15941.28	15950.48	2234	0	3
2024.03.05	10:05:00	15945.04	15961.25	15927.42	15949.71	4773	0	3
2024.03.05	10:10:00	15946.52	15964.99	15929.84	15950.26	3531	0	2
2024.03.05	10:15:00	15962.63	15964.4	15943.7	15962.44	3964	0	4
2024.03.05	10:20:00	15950.95	15953.69	15948.02	15949.62	3304	0	2
2024.03.05	10:25:00	15944.52	15964.65	15938.15	15950.67	4447	0	1
2024.03.05	10:30:00	15947.14	15955.98	15941.36	15945.35	2649	0	1
2024.03.05	10:35:00	15914.11	15917.53	15900.46	15917.07	2959	0	1
2024.03.05	10:40:00	15905.41	15909.58	15889.03	15900.8	4117	0	1
2024.03.05	10:45:00	15928.11	15937.16	15925.72	15929.38	2827	0	1
2024.03.05	10:50:00	15932.59	15942.38	15912.05	15936.64	1602	0	1
2024.03.05	10:55:00	15913.37	15919.8	15904.65	15913.09	3907	0	1
2024.03.05	11:00:00	15882.38	15898.42	15879.22	15885.68	2189	0	3
2024.03.05	11:05:00	15888.55	15905.77	15879.01	15883.98	972	0	1
2024.03.05	11:10:00	15912.4	15913.44	15901.2	15912.4	2177	0	3
2024.03.05	11:15:00	15908.81	15911.77	15901.67	15909.36	743	0	1
2024.03.05	11:20:00	15935.37	15940.78	15929.54	15933.24	4452	0	4
2024.03.05	11:25:00	15936.28	15939.92	15934.12	15939.9	4926	0	2
2024.03.05	11:30:00	15944.08	15953.7	15940.87	15948.73	1699	0	2
2024.03.05	11:35:00	15926.42	15927.29	15923.2	15924.95	4623	0	3
2024.03.05	11:40:00	15938.21	15945.91	15926.33	15942.18	3701	0	4
2024.03.05	11:45:00	15932.48	15940.11	15922.0	15936.45	4800	0	4
2024.03.05	11:50:00	15955.38	15957.09	15948.7	15952.35	1232	0	2
2024.03.05	11:55:00	15939.87	15941.54	15919.75	15937.97	780	0	2
2024.03.05	12:00:00	15936.96	15944.35	15934.22	15941.49	4641	0	2
2024.03.05	12:05:00	15945.93	15952.15	15934.49	15948.16	1711	0	1
2024.03.05	12:10:00	15942.44	15952.58	15936.74	15945.7	3183	0	2
2024.03.05	12:15:00	15959.74	15975.74	15941.45	15953.32	4556	0	4
2024.03.05	12:20:00	15952.1	15966.32	15943.68	15948.83	2043	0	2
2024.03.05	12:25:00	15935.92	15938.66	15933.79	15937.43	902	0	2
2024.03.05	12:30:00	15968.84	15974.35	15956.87	15966.75	4060	0	1
2024.03.05	12:35:00	15981.14	15992.61	15958.65	15986.05	2531	0	2
2024.03.05	12:40:00	15970.17	15979.0	15967.73	15972.6	601	0	1
2024.03.05	12:45:00	15983.58	15991.86	15976.01	15983.2	2035	0	2
2024.03.05	12:50:00	15971.72	15981.06	15970.04	15970.09	2885	0	2
2024.03.05	12:55:00	15948.65	15951.23	15944.08	15949.0	4459	0	4
2024.03.05	13:00:00	15968.9	15975.22	15967.62	15968.0	1517	0	3
2024.03.05	13:05:00	15937.82	15943.09	15918.07	15937.54	2831	0	2
2024.03.05	13:10:00	15954.0	15960.08	15952.19	15954.59	1316	0	3
2024.03.05	13:15:00	15949.27	15971.73	15940.25	15950.34	1806	0	4
2024.03.05	13:20:00	15945.3	15950.32	15938.4	15946.84	1687	0	1
2024.03.05	13:25:00	15955.4	15965.94	15946.24	15954.56	2859	0	2
2024.03.05	13:30:00	15966.87	15968.42	15963.73	15965.38	3485	0	3
2024.03.05	13:35:00	15951.49	15958.98	15949.04	15950.77	1006	0	1
2024.03.05	13:40:00	15959.8	15970.0	15951.61	15964.06	841	0	3
2024.03.05	13:45:00	15962.82	15993.8	15956.66	15966.43	3790	0	1
2024.03.05	13:50:00	15945.5	15954.63	15940.26	15944.06	1822	0	4
2024.03.05	13:55:00	15946.62	15956.17	15932.14	15941.31	3282	0	4
2024.03.05	14:00:00	15967.13	15972.4	15964.74	15966.58	845	0	1
2024.03.05	14:05:00	15995.75	16001.45	15980.85	15997.24	3203	0	3
2024.03.05	14:10:00	16011.37	16032.51	16007.13	16010.56	4592	0	1
2024.03.05	14:15:00	15985.2	16004.08	15968.87	15989.31	2470	0	3
2024.03.05	14:20:00	16003.26	16014.04	15992.56	15998.52	3100	0	3
2024.03.05	14:25:00	16014.94	16020.53	16006.13	16014.26	1824	0	4
2024.03.05	14:30:00	16025.31	16039.52	16016.77	16027.74	1786	0	1
2024.03.05	14:35:00	16041.71	16048.04	16037.27	16042.32	794	0	3
2024.03.05	14:40:00	16047.32	16049.5	16038.53	16049.24	2655	0	4
2024.03.05	14:45:00	16053.01	16063.88	16033.92	16048.24	4761	0	1
2024.03.05	14:50:00	16036.78	16055.71	16035.8	16037.51	1022	0	2
2024.03.05	14:55:00	16003.97	16005.41	15990.58	16003.4	2374	0	3
2024.03.05	15:00:00	16011.96	16017.15	16006.63	16009.88	4266	0	1
2024.03.05	15:05:00	16010.89	16018.94	15996.24	16013.57	2731	0	1
2024.03.05	15:10:00	16024.71	16032.65	16014.09	16024.01	3921	0	4
2024.03.05	15:15:00	16001.07	16015.15	15994.08	16000.08	2190	0	3
2024.03.05	15:20:00	16006.45	16012.61	16004.81	16012.09	3211	0	1
2024.03.05	15:25:00	16050.62	16053.06	16040.67	16049.7	4945	0	4
2024.03.05	15:30:00	16051.28	16052.24	16049.58	16051.45	3190	0	3
2024.03.05	15:35:00	16051.12	16053.04	16040.56	16050.65	4082	0	2
2024.03.05	15:40:00	16056.72	16062.72	16052.86	16056.59	3621	0	4
2024.03.05	15:45:00	16094.84	16122.34	16079.45	16093.9	930	0	2
2024.03.05	15:50:00	16080.45	16091.02	16074.63	16075.58	1221	0	2
2024.03.05	15:55:00	16075.3	16082.6	16057.89	16079.6	3236	0	3
2024.03.06	09:30:00	16064.12	16078.87	16056.81	16065.37	2066	0	1
2024.03.06	09:35:00	16058.17	16062.47	16049.44	16055.74	2680	0	1
2024.03.06	09:40:00	16056.91	16060.98	16044.04	16055.16	2675	0	1
2024.03.06	09:45:00	16081.67	16085.48	16072.55	16079.99	4070	0	2
2024.03.06	09:50:00	16123.19	16130.2	16108.04	16113.14	4958	0	1
2024.03.06	09:55:00	16123.88	16128.78	16119.52	16121.64	4987	0	3
2024.03.06	10:00:00	16119.22	16126.52	16095.09	16115.09	858	0	4
2024.03.06	10:05:00	16159.84	16171.0	16154.03	16160.96	3849	0	2
2024.03.06	10:10:00	16149.83	16163.81	16143.93	16153.46	3763	0	1
2024.03.06	10:15:00	16142.19	16144.98	16137.45	16143.34	4392	0	1
2024.03.06	10:20:00	16113.85	16115.2	16108.65	16111.25	2420	0	1
2024.03.06	10:25:00	16138.55	16144.88	16125.49	16137.07	2761	0	3
2024.03.06	10:30:00	16156.56	16162.67	16152.52	16155.09	2532	0	2
2024.03.06	10:35:00	16198.91	16203.99	16195.43	16199.7	2181	0	2
2024.03.06	10:40:00	16173.19	16177.36	16159.98	16174.56	1610	0	4
2024.03.06	10:45:00	16200.95	16215.75	16200.39	16201.61	3394	0	2
2024.03.06	10:50:00	16205.88	16207.91	16202.7	16203.22	575	0	3
2024.03.06	10:55:00	16221.43	16228.37	16208.94	16218.34	3872	0	4
2024.03.06	11:00:00	16184.74	16196.27	16182.71	16188.43	4287	0	1
2024.03.06	11:05:00	16218.49	16223.51	16211.69	16215.69	1523	0	1
2024.03.06	11:10:00	16228.07	16234.27	16228.03	16230.46	1461	0	1
2024.03.06	11:15:00	16231.79	16246.56	16217.09	16230.07	2765	0	1
2024.03.06	11:20:00	16241.55	16243.2	16239.04	16242.25	4308	0	4
2024.03.06	11:25:00	16234.26	16245.08	16224.21	16228.51	1012	0	4
2024.03.06	11:30:00	16216.65	16218.53	16214.88	16218.19	2443	0	3
2024.03.06	11:35:00	16210.66	16231.91	16209.22	16210.0	1473	0	1
2024.03.06	11:40:00	16178.58	16192.69	16172.59	16176.36	4334	0	4
2024.03.06	11:45:00	16189.27	16203.37	16185.14	16192.47	4468	0	4
2024.03.06	11:50:00	16214.39	16218.05	16213.77	16214.66	878	0	2
2024.03.06	11:55:00	16201.13	16205.36	16192.3	16202.11	1151	0	3
2024.03.06	12:00:00	16206.94	16217.16	16204.38	16208.83	1207	0	3
2024.03.06	12:05:00	16202.66	16214.22	16189.61	16204.28	4151	0	3
2024.03.06	12:10:00	16214.71	16216.54	16200.23	16210.62	4552	0	2
2024.03.06	12:15:00	16197.24	16202.59	16183.51	16199.43	2176	0	2
2024.03.06	12:20:00	16185.64	16199.81	16171.02	16183.56	1208	0	2
2024.03.06	12:25:00	16204.33	16206.02	16188.84	16203.18	3485	0	2
2024.03.06	12:30:00	16197.2	16202.87	16186.63	16202.33	4507	0	4
2024.03.06	12:35:00	16241.7	16254.47	16233.84	16239.79	4596	0	4
2024.03.06	12:40:00	16235.77	16244.28	16224.57	16240.97	2502	0	1
2024.03.06	12:45:00	16226.58	16228.21	16211.42	16224.27	4014	0	1
2024.03.06	12:50:00	16245.29	16250.58	16238.2	16247.15	4801	0	2
2024.03.06	12:55:00	16259.12	16263.59	16253.03	16259.09	4216	0	4
2024.03.06	13:00:00	16268.03	16275.81	16267.34	16272.8	2636	0	3
2024.03.06	13:05:00	16295.53	16309.5	16278.04	16295.08	1675	0	4
2024.03.06	13:10:00	16286.78	16288.12	16270.57	16283.36	2173	0	3
2024.03.06	13:15:00	16278.37	16291.89	16271.28	16281.34	2127	0	3
2024.03.06	13:20:00	16276.27	16284.23	16259.58	16278.51	4944	0	3
2024.03.06	13:25:00	16256.73	16266.71	16253.73	16255.06	3797	0	1
2024.03.06	13:30:00	16252.3	16257.91	16229.7	16250.53	4363	0	1
2024.03.06	13:35:00	16266.49	16277.37	16266.09	16275.47	3997	0	3
2024.03.06	13:40:00	16287.6	16289.47	16279.23	16280.17	2643	0	2
2024.03.06	13:45:00	16257.64	16262.67	16250.63	16255.7	4055	0	3
2024.03.06	13:50:00	16229.97	16237.25	16226.34	16227.41	3379	0	2
2024.03.06	13:55:00	16257.82	16259.5	16254.46	16258.35	3830	0	1
2024.03.06	14:00:00	16250.18	16265.08	16246.58	16257.02	1853	0	3
2024.03.06	14:05:00	16247.91	16253.09	16237.65	16245.43	1542	0	4
2024.03.06	14:10:00	16238.63	16248.85	16237.77	16240.71	1311	0	2
2024.03.06	14:15:00	16215.89	16225.22	16207.08	16213.89	1800	0	1
2024.03.06	14:20:00	16239.56	16246.59	16231.02	16240.37	4903	0	2
2024.03.06	14:25:00	16234.34	16235.57	16221.53	16233.46	4739	0	4
2024.03.06	14:30:00	16256.09	16265.51	16253.0	16258.94	1158	0	2
2024.03.06	14:35:00	16263.4	16271.63	16256.94	16260.22	2992	0	1
2024.03.06	14:40:00	16282.5	16288.71	16275.59	16286.89	4731	0	4
2024.03.06	14:45:00	16300.23	16303.0	16286.46	16291.95	3895	0	1
2024.03.06	14:50:00	16316.28	16328.56	16302.15	16308.02	3254	0	1
2024.03.06	14:55:00	16327.66	16332.05	16320.48	16321.63	3196	0	3
2024.03.06	15:00:00	16338.2	16349.75	16321.69	16333.48	1967	0	2
2024.03.06	15:05:00	16339.93	16344.2	16336.16	16340.24	4660	0	1
2024.03.06	15:10:00	16340.58	16340.94	16326.56	16336.26	873	0	1
2024.03.06	15:15:00	16371.7	16378.83	16365.12	16372.06	4409	0	1
2024.03.06	15:20:00	16349.83	16356.34	16345.8	16355.58	4420	0	1
2024.03.06	15:25:00	16361.55	16362.17	16350.16	16355.99	1676	0	1
2024.03.06	15:30:00	16360.77	16368.37	16347.18	16356.59	2803	0	2
2024.03.06	15:35:00	16364.26	16369.63	16345.21	16364.37	4481	0	4
2024.03.06	15:40:00	16352.2	16363.82	16342.93	16356.74	2634	0	2
2024.03.06	15:45:00	16360.73	16384.1	16348.88	16362.9	1850	0	1
2024.03.06	15:50:00	16353.35	16361.11	16351.36	16360.1	815	0	4
2024.03.06	15:55:00	16334.64	16345.48	16328.67	16331.15	2484	0	3
2024.03.07	09:30:00	16325.72	16340.75	16319.55	16331.65	1749	0	4
2024.03.07	09:35:00	16312.7	16323.3	16293.16	16311.64	4330	0	3
2024.03.07	09:40:00	16276.85	16283.73	16269.69	16279.96	4375	0	2
2024.03.07	09:45:00	16277.55	16295.38	16272.22	16282.81	1958	0	3
2024.03.07	09:50:00	16293.01	16300.89	16277.3	16292.13	1447	0	1
2024.03.07	09:55:00	16300.95	16306.02	16292.28	16302.18	1808	0	2
2024.03.07	10:00:00	16316.08	16322.11	16305.59	16312.98	2308	0	2
2024.03.07	10:05:00	16272.97	16286.27	16267.54	16277.65	3508	0	2
2024.03.07	10:10:00	16250.12	16255.43	16239.76	16252.91	1185	0	4
2024.03.07	10:15:00	16280.78	16311.69	16273.38	16289.59	4998	0	4
2024.03.07	10:20:00	16262.56	16286.5	16260.82	16270.61	3651	0	2
2024.03.07	10:25:00	16288.83	16296.37	16276.8	16282.2	1089	0	4
2024.03.07	10:30:00	16277.54	16279.9	16268.88	16269.86	1916	0	1
2024.03.07	10:35:00	16272.0	16292.83	16256.47	16271.66	3654	0	4
2024.03.07	10:40:00	16257.28	16276.87	16247.22	16260.32	2767	0	3
2024.03.07	10:45:00	16269.89	16282.86	16262.52	16270.98	2871	0	3
2024.03.07	10:50:00	16277.05	16284.37	16268.05	16273.83	686	0	3
2024.03.07	10:55:00	16264.0	16272.14	16260.22	16265.9	2347	0	4
2024.03.07	11:00:00	16247.77	16255.39	16246.75	16246.89	3265	0	3
2024.03.07	11:05:00	16252.1	16259.35	16243.28	16252.14	3874	0	4
2024.03.07	11:10:00	16228.08	16243.88	16223.84	16230.17	2511	0	3
2024.03.07	11:15:00	16236.42	16240.59	16235.86	16238.35	2996	0	2
2024.03.07	11:20:00	16288.12	16289.15	16284.49	16287.04	1499	0	1
2024.03.07	11:25:00	16308.67	16319.43	16302.91	16312.28	4090	0	4
2024.03.07	11:30:00	16327.55	16342.93	16310.34	16325.88	3640	0	1
2024.03.07	11:35:00	16322.88	16325.11	16312.98	16324.63	3847	0	1
2024.03.07	11:40:00	16289.63	16299.74	16281.54	16289.16	3505	0	1
2024.03.07	11:45:00	16270.21	16272.92	16261.03	16265.11	4933	0	1
2024.03.07	11:50:00	16288.46	16294.49	16285.32	16289.08	4459	0	1
2024.03.07	11:55:00	16278.24	16284.12	16274.15	16274.85	4148	0	2
2024.03.07	12:00:00	16255.69	16264.37	16251.21	16262.29	2008	0	2
2024.03.07	12:05:00	16257.83	16261.6	16256.53	16259.57	800	0	2
2024.03.07	12:10:00	16240.45	16242.47	16237.69	16240.35	503	0	2
2024.03.07	12:15:00	16225.19	16228.6	16204.09	16218.13	4008	0	2
2024.03.07	12:20:00	16210.33	16225.5	16203.83	16217.53	4545	0	1
2024.03.07	12:25:00	16201.14	16207.74	16198.37	16201.49	3423	0	3
2024.03.07	12:30:00	16193.57	16195.46	16181.88	16188.23	3745	0	2
2024.03.07	12:35:00	16171.36	16178.67	16164.9	16174.24	904	0	3
2024.03.07	12:40:00	16183.35	16191.41	16163.42	16184.13	3044	0	1
2024.03.07	12:45:00	16181.42	16183.63	16170.24	16180.2	3224	0	4
2024.03.07	12:50:00	16177.93	16195.06	16176.22	16177.25	1204	0	3
2024.03.07	12:55:00	16194.25	16194.83	16185.89	16188.51	3878	0	2
2024.03.07	13:00:00	16187.88	16198.37	16183.26	16186.23	2008	0	2
2024.03.07	13:05:00	16186.32	16194.74	16177.3	16181.46	1387	0	2
2024.03.07	13:10:00	16189.09	16194.73	16182.01	16190.4	3631	0	4
2024.03.07	13:15:00	16200.27	16205.59	16189.37	16202.98	2457	0	3
2024.03.07	13:20:00	16199.78	16206.16	16188.73	16200.61	2912	0	2
2024.03.07	13:25:00	16198.16	16214.16	16189.14	16202.41	2941	0	3
2024.03.07	13:30:00	16190.17	16195.59	16182.46	16188.4	3301	0	1
2024.03.07	13:35:00	16171.54	16185.75	16168.05	16172.95	2359	0	4
2024.03.07	13:40:00	16184.91	16196.98	16180.03	16187.37	4165	0	3
2024.03.07	13:45:00	16197.68	16200.37	16194.4	16195.85	4442	0	2
2024.03.07	13:50:00	16200.33	16217.37	16190.23	16204.53	2676	0	3
2024.03.07	13:55:00	16212.83	16214.38	16200.0	16210.0	1260	0	1
2024.03.07	14:00:00	16209.42	16232.02	16203.41	16211.18	1755	0	2
2024.03.07	14:05:00	16228.55	16231.02	16218.75	16224.29	3971	0	4
2024.03.07	14:10:00	16240.36	16244.16	16238.13	16241.8	1654	0	4
2024.03.07	14:15:00	16261.22	16278.76	16255.29	16258.89	4001	0	1
2024.03.07	14:20:00	16258.02	16271.96	16255.61	16257.36	3479	0	3
2024.03.07	14:25:00	16285.98	16301.08	16280.24	16283.24	2516	0	3
2024.03.07	14:30:00	16288.18	16295.52	16271.67	16287.78	1069	0	3
2024.03.07	14:35:00	16293.63	16307.28	16293.07	16299.77	2927	0	2
2024.03.07	14:40:00	16309.03	16323.89	16300.48	16305.3	3617	0	3
2024.03.07	14:45:00	16309.87	16315.7	16309.24	16310.19	1191	0	2
2024.03.07	14:50:00	16299.85	16304.71	16280.61	16296.94	4212	0	4
2024.03.07	14:55:00	16312.76	16331.36	16300.93	16310.21	1378	0	4
2024.03.07	15:00:00	16360.3	16372.85	16354.18	16363.17	2356	0	4
2024.03.07	15:05:00	16353.16	16359.92	16351.93	16356.55	2892	0	2
2024.03.07	15:10:00	16360.62	16373.21	16355.94	16358.19	3825	0	3
2024.03.07	15:15:00	16349.13	16355.25	16331.54	16350.26	1511	0	1
2024.03.07	15:20:00	16345.02	16349.27	16335.98	16341.55	2011	0	4
2024.03.07	15:25:00	16369.82	16381.09	16367.52	16370.48	4129	0	4
2024.03.07	15:30:00	16362.13	16367.4	16338.71	16358.34	1983	0	4
2024.03.07	15:35:00	16351.45	16351.83	16348.81	16349.89	3272	0	1
2024.03.07	15:40:00	16321.92	16323.53	16313.38	16320.85	2290	0	2
2024.03.07	15:45:00	16305.8	16326.9	16301.62	16307.18	754	0	2
2024.03.07	15:50:00	16276.85	16278.88	16263.67	16276.0	2815	0	4
2024.03.07	15:55:00	16292.37	16292.63	16284.13	16287.97	2110	0	3
2024.03.08	09:30:00	16339.81	16345.08	16323.51	16340.01	1692	0	3
2024.03.08	09:35:00	16335.52	16350.56	16331.1	16333.55	4362	0	2
2024.03.08	09:40:00	16303.26	16304.97	16283.15	16303.08	3984	0	1
2024.03.08	09:45:00	16320.49	16328.9	16317.39	16320.03	1748	0	3
2024.03.08	09:50:00	16313.3	16330.09	16305.14	16306.93	2857	0	3
2024.03.08	09:55:00	16335.71	16342.07	16321.09	16331.27	3738	0	2
2024.03.08	10:00:00	16326.67	16334.71	16323.11	16326.38	739	0	3
2024.03.08	10:05:00	16315.82	16323.83	16306.9	16315.03	922	0	2
2024.03.08	10:10:00	16309.48	16324.97	16303.3	16312.07	2929	0	3
2024.03.08	10:15:00	16325.76	16340.67	16310.57	16326.4	4687	0	2
2024.03.08	10:20:00	16323.66	16328.78	16303.93	16322.52	4673	0	4
2024.03.08	10:25:00	16316.81	16328.75	16307.52	16313.67	2522	0	4
2024.03.08	10:30:00	16313.09	16322.5	16308.89	16310.32	3668	0	2
2024.03.08	10:35:00	16283.09	16306.51	16278.33	16287.18	2712	0	1
2024.03.08	10:40:00	16298.43	16306.31	16288.52	16294.83	4571	0	3
2024.03.08	10:45:00	16261.89	16274.01	16256.66	16262.22	3064	0	4
2024.03.08	10:50:00	16250.74	16259.19	16246.48	16254.37	4510	0	3
2024.03.08	10:55:00	16273.6	16277.41	16266.84	16268.68	2135	0	2
2024.03.08	11:00:00	16279.98	16304.84	16267.06	16274.59	4689	0	3
2024.03.08	11:05:00	16286.77	16289.54	16279.74	16285.79	3763	0	2
2024.03.08	11:10:00	16287.53	16294.92	16274.83	16284.92	3954	0	4
2024.03.08	11:15:00	16309.66	16311.03	16302.01	16306.83	565	0	3
2024.03.08	11:20:00	16329.4	16330.75	16318.77	16324.24	4128	0	3
2024.03.08	11:25:00	16335.51	16338.88	16313.85	16332.81	1229	0	2
2024.03.08	11:30:00	16345.39	16360.1	16340.34	16350.3	4712	0	1
2024.03.08	11:35:00	16371.98	16372.13	16354.29	16364.53	1349	0	3
2024.03.08	11:40:00	16360.66	16361.14	16349.3	16356.71	4216	0	2
2024.03.08	11:45:00	16330.29	16337.86	16325.43	16332.17	3359	0	4
2024.03.08	11:50:00	16336.46	16346.72	16335.25	16340.27	2266	0	1
2024.03.08	11:55:00	16352.58	16353.37	16337.29	16350.71	4507	0	4
2024.03.08	12:00:00	16370.2	16381.38	16360.38	16371.23	2246	0	4
2024.03.08	12:05:00	16355.44	16358.91	16345.28	16354.21	786	0	3
2024.03.08	12:10:00	16340.52	16353.87	16327.37	16337.77	840	0	4
2024.03.08	12:15:00	16344.51	16351.02	16344.25	16346.6	4336	0	3
2024.03.08	12:20:00	16341.48	16346.78	16335.27	16345.61	2230	0	1
2024.03.08	12:25:00	16312.5	16317.09	16305.98	16311.07	4187	0	2
2024.03.08	12:30:00	16316.36	16330.01	16312.31	16318.33	590	0	4
2024.03.08	12:35:00	16285.0	16301.51	16276.74	16284.46	844	0	4
2024.03.08	12:40:00	16262.42	16273.91	16254.45	16267.37	4946	0	1
2024.03.08	12:45:00	16291.68	16295.27	16288.72	16292.61	1144	0	1
2024.03.08	12:50:00	16329.28	16337.93	16324.74	16326.64	3594	0	4
2024.03.08	12:55:00	16306.74	16316.69	16290.51	16304.51	2075	0	1
2024.03.08	13:00:00	16295.84	16308.92	16293.17	16298.75	2750	0	4
2024.03.08	13:05:00	16295.55	16320.73	16292.72	16299.86	1016	0	3
2024.03.08	13:10:00	16333.16	16338.83	16319.79	16333.1	1700	0	4
2024.03.08	13:15:00	16326.39	16342.29	16315.2	16324.31	3912	0	1
2024.03.08	13:20:00	16317.32	16319.03	16314.49	16315.83	2910	0	2
2024.03.08	13:25:00	16342.89	16359.42	16328.45	16344.79	2768	0	3
2024.03.08	13:30:00	16339.28	16346.08	16330.67	16338.18	4751	0	1
2024.03.08	13:35:00	16357.44	16357.61	16342.12	16351.88	2348	0	1
2024.03.08	13:40:00	16325.63	16333.07	16324.54	16324.88	4116	0	3
2024.03.08	13:45:00	16316.0	16328.16	16311.31	16322.04	3762	0	1
2024.03.08	13:50:00	16292.47	16302.62	16276.94	16291.72	2573	0	4
2024.03.08	13:55:00	16280.12	16284.61	16258.11	16272.59	1818	0	3
2024.03.08	14:00:00	16283.64	16289.17	16272.93	16288.38	2093	0	3
2024.03.08	14:05:00	16287.9	16299.41	16285.53	16287.79	4421	0	3
2024.03.08	14:10:00	16281.4	16288.73	16276.59	16282.23	1876	0	3
2024.03.08	14:15:00	16269.11	16274.38	16244.93	16268.76	3442	0	4
2024.03.08	14:20:00	16265.73	16267.75	16249.04	16265.02	1060	0	1
2024.03.08	14:25:00	16275.09	16276.99	16268.46	16270.89	2059	0	1
2024.03.08	14:30:00	16289.65	16290.43	16276.83	16289.34	4705	0	3
2024.03.08	14:35:00	16246.01	16253.26	16223.96	16241.31	2929	0	1
2024.03.08	14:40:00	16225.92	16228.74	16222.11	16226.35	4201	0	1
2024.03.08	14:45:00	16228.31	16230.93	16226.74	16229.6	1667	0	1
2024.03.08	14:50:00	16225.65	16229.05	16217.96	16228.11	3925	0	1
2024.03.08	14:55:00	16229.16	16250.3	16223.35	16235.84	4932	0	2
2024.03.08	15:00:00	16242.1	16251.39	16227.03	16241.09	4663	0	3
2024.03.08	15:05:00	16243.36	16246.03	16224.26	16235.81	2460	0	1
2024.03.08	15:10:00	16228.13	16235.14	16226.18	16226.45	3568	0	4
2024.03.08	15:15:00	16224.79	16232.36	16214.56	16222.26	4535	0	4
2024.03.08	15:20:00	16242.18	16261.85	16242.11	16243.7	4161	0	3
2024.03.08	15:25:00	16229.67	16239.85	16216.98	16230.57	4901	0	1
2024.03.08	15:30:00	16233.36	16234.4	16226.06	16229.74	640	0	3
2024.03.08	15:35:00	16240.82	16244.14	16216.75	16233.43	2911	0	4
2024.03.08	15:40:00	16267.94	16270.81	16259.15	16262.46	4062	0	1
2024.03.08	15:45:00	16260.23	16269.45	16254.69	16257.26	3784	0	3
2024.03.08	15:50:00	16275.38	16282.61	16258.46	16275.25	1191	0	3
2024.03.08	15:55:00	16299.06	16304.11	16296.15	16298.29	3075	0	3
2024.03.11	09:30:00	16294.66	16303.99	16289.99	16297.44	1244	0	4
2024.03.11	09:35:00	16288.53	16306.13	16271.38	16293.88	912	0	1
2024.03.11	09:40:00	16283.98	16288.22	16271.69	16288.13	1001	0	1
2024.03.11	09:45:00	16283.93	16288.75	16277.01	16283.74	4785	0	1
2024.03.11	09:50:00	16298.75	16300.81	16289.83	16299.83	1724	0	2
2024.03.11	09:55:00	16298.99	16310.58	16294.2	16304.42	2554	0	2
2024.03.11	10:00:00	16308.95	16312.27	16299.65	16309.09	1653	0	4
2024.03.11	10:05:00	16287.47	16296.96	16277.65	16288.65	4523	0	3
2024.03.11	10:10:00	16266.82	16282.85	16265.92	16271.14	4500	0	3
2024.03.11	10:15:00	16309.64	16321.82	16308.8	16311.0	3450	0	3
2024.03.11	10:20:00	16306.86	16308.13	16301.69	16308.04	4228	0	4
2024.03.11	10:25:00	16291.8	16294.51	16279.88	16294.07	973	0	2
2024.03.11	10:30:00	16324.25	16330.65	16317.12	16320.82	4999	0	3
2024.03.11	10:35:00	16319.32	16337.71	16301.83	16326.36	2376	0	2
2024.03.11	10:40:00	16330.03	16352.79	16327.96	16337.37	2302	0	1
2024.03.11	10:45:00	16335.16	16342.21	16330.71	16335.15	1381	0	4
2024.03.11	10:50:00	16329.94	16335.37	16326.42	16329.58	4446	0	1
2024.03.11	10:55:00	16328.27	16337.15	16323.68	16326.77	1264	0	2
2024.03.11	11:00:00	16299.57	16315.85	16285.78	16301.56	4360	0	2
2024.03.11	11:05:00	16296.87	16308.65	16286.59	16300.26	3717	0	1
2024.03.11	11:10:00	16306.02	16309.6	16302.11	16306.05	3974	0	4
2024.03.11	11:15:00	16338.94	16343.77	16324.65	16340.58	635	0	2
2024.03.11	11:20:00	16348.24	16349.43	16324.29	16342.5	3823	0	2
2024.03.11	11:25:00	16298.49	16309.22	16297.99	16299.69	4847	0	2
2024.03.11	11:30:00	16298.08	16309.81	16286.74	16298.28	2274	0	4
2024.03.11	11:35:00	16358.4	16376.98	16338.0	16349.24	2524	0	2
2024.03.11	11:40:00	16364.89	16380.67	16358.77	16365.61	1004	0	4
2024.03.11	11:45:00	16352.98	16360.9	16344.58	16350.92	2703	0	3
2024.03.11	11:50:00	16364.59	16371.06	16352.55	16362.19	3530	0	4
2024.03.11	11:55:00	16351.49	16355.69	16336.07	16348.78	1847	0	3
2024.03.11	12:00:00	16325.14	16333.09	16312.97	16324.07	3836	0	4
2024.03.11	12:05:00	16318.67	16320.58	16307.42	16317.95	885	0	3
2024.03.11	12:10:00	16320.34	16334.93	16316.39	16319.97	3533	0	1
2024.03.11	12:15:00	16283.61	16295.35	16279.07	16285.74	3147	0	1
2024.03.11	12:20:00	16266.09	16275.86	16262.98	16264.89	1533	0	4
2024.03.11	12:25:00	16272.88	16276.67	16261.44	16265.4	2051	0	1
2024.03.11	12:30:00	16262.67	16263.57	16241.85	16258.21	1579	0	1
2024.03.11	12:35:00	16266.93	16269.74	16261.81	16265.81	3308	0	4
2024.03.11	12:40:00	16246.92	16260.78	16238.09	16243.78	3365	0	2
2024.03.11	12:45:00	16254.04	16270.79	16247.82	16257.24	3000	0	1
2024.03.11	12:50:00	16234.83	16242.64	16227.19	16235.79	1373	0	1
2024.03.11	12:55:00	16269.83	16273.01	16257.93	16266.34	1476	0	2
2024.03.11	13:00:00	16240.57	16252.56	16234.5	16235.1	4148	0	4
2024.03.11	13:05:00	16212.52	16221.14	16208.84	16215.35	2577	0	2
2024.03.11	13:10:00	16221.56	16240.22	16205.21	16223.34	2460	0	4
2024.03.11	13:15:00	16262.29	16271.57	16233.55	16254.26	1886	0	3
2024.03.11	13:20:00	16260.74	16272.51	16246.57	16260.39	4685	0	2
2024.03.11	13:25:00	16277.8	16279.6	16255.0	16271.08	1578	0	1
2024.03.11	13:30:00	16272.49	16274.39	16261.15	16271.73	3959	0	4
2024.03.11	13:35:00	16254.06	16257.61	16246.42	16253.15	3963	0	4
2024.03.11	13:40:00	16243.34	16252.26	16237.44	16244.46	1595	0	1
2024.03.11	13:45:00	16225.97	16231.31	16220.31	16222.51	553	0	2
2024.03.11	13:50:00	16204.34	16209.39	16198.95	16199.36	1624	0	3
2024.03.11	13:55:00	16203.26	16214.31	16188.18	16207.06	1709	0	4
2024.03.11	14:00:00	16185.49	16189.48	16180.14	16186.78	3852	0	4
2024.03.11	14:05:00	16196.32	16210.13	16189.44	16192.97	2889	0	2
2024.03.11	14:10:00	16168.96	16183.74	16157.09	16169.44	2436	0	4
2024.03.11	14:15:00	16173.38	16188.03	16167.58	16175.19	2642	0	3
2024.03.11	14:20:00	16170.26	16173.43	16156.79	16166.56	4786	0	2
2024.03.11	14:25:00	16196.7	16208.8	16184.39	16192.66	4730	0	2
2024.03.11	14:30:00	16197.27	16205.61	16189.11	16198.92	615	0	4
2024.03.11	14:35:00	16222.7	16222.83	16220.5	16221.92	4296	0	4
2024.03.11	14:40:00	16203.94	16213.23	16199.93	16208.37	2125	0	4
2024.03.11	14:45:00	16206.44	16220.23	16198.46	16209.73	3882	0	2
2024.03.11	14:50:00	16192.51	16194.59	16184.66	16192.06	4932	0	2
2024.03.11	14:55:00	16184.91	16189.16	16176.4	16184.8	2813	0	4
2024.03.11	15:00:00	16176.78	16181.54	16173.42	16180.32	3308	0	2
2024.03.11	15:05:00	16164.73	16178.51	16162.64	16167.35	2430	0	4
2024.03.11	15:10:00	16141.54	16153.75	16137.6	16145.44	836	0	3
2024.03.11	15:15:00	16121.6	16131.99	16115.49	16119.94	664	0	3
2024.03.11	15:20:00	16070.45	16083.81	16060.81	16077.61	2121	0	1
2024.03.11	15:25:00	16055.04	16063.03	16045.13	16058.71	4197	0	1
2024.03.11	15:30:00	16063.67	16073.66	16061.59	16070.45	2036	0	3
2024.03.11	15:35:00	16043.23	16052.77	16034.67	16041.71	2438	0	2
2024.03.11	15:40:00	16010.66	16023.99	16002.68	16017.2	2890	0	3
2024.03.11	15:45:00	16050.15	16058.24	16034.63	16050.03	1944	0	4
2024.03.11	15:50:00	16044.75	16056.59	16024.87	16038.79	2704	0	1
2024.03.11	15:55:00	16051.02	16055.84	16026.57	16044.94	3229	0	4
2024.03.12	09:30:00	16050.37	16067.23	16047.75	16056.94	4330	0	1
2024.03.12	09:35:00	16070.4	16075.21	16060.34	16069.31	3893	0	1
2024.03.12	09:40:00	16038.36	16046.92	16030.48	16041.96	4179	0	4
2024.03.12	09:45:00	16033.75	16039.53	16028.15	16038.08	2853	0	1
2024.03.12	09:50:00	16008.63	16010.89	15993.57	16009.04	3643	0	3
2024.03.12	09:55:00	16058.23	16068.65	16043.93	16053.77	1173	0	1
2024.03.12	10:00:00	16027.3	16039.95	16023.7	16025.12	1164	0	1
2024.03.12	10:05:00	16003.85	16011.42	15996.12	16006.44	4647	0	1
2024.03.12	10:10:00	15990.47	15993.06	15972.56	15987.91	3218	0	3
2024.03.12	10:15:00	15953.05	15962.12	15947.08	15961.16	1007	0	2
2024.03.12	10:20:00	15983.22	15988.39	15966.27	15985.94	2335	0	1
2024.03.12	10:25:00	16027.18	16035.79	16025.61	16030.17	4863	0	4
2024.03.12	10:30:00	16022.14	16023.81	16003.87	16021.86	594	0	1
2024.03.12	10:35:00	15997.51	16021.24	15978.62	15998.24	2491	0	1
2024.03.12	10:40:00	15957.58	15968.71	15930.52	15958.09	4266	0	1
2024.03.12	10:45:00	15953.37	15956.61	15936.16	15954.0	4759	0	4
2024.03.12	10:50:00	15948.69	15953.41	15927.32	15948.61	2158	0	2
2024.03.12	10:55:00	15939.12	15964.93	15934.24	15937.17	4615	0	4
2024.03.12	11:00:00	15942.02	15951.67	15939.42	15941.48	3722	0	4
2024.03.12	11:05:00	15947.91	15956.04	15945.25	15948.94	2328	0	2
2024.03.12	11:10:00	15956.54	15961.46	15955.09	15955.09	4007	0	4
2024.03.12	11:15:00	15952.69	15965.62	15948.35	15949.7	4100	0	2
2024.03.12	11:20:00	15928.13	15940.56	15921.35	15930.14	1737	0	3
2024.03.12	11:25:00	15942.26	15946.48	15938.05	15942.47	903	0	3
2024.03.12	11:30:00	15947.21	15948.02	15930.58	15943.02	4013	0	4
2024.03.12	11:35:00	15955.39	15965.63	15952.11	15959.38	872	0	1
2024.03.12	11:40:00	15980.51	15981.29	15967.72	15973.98	4003	0	1
2024.03.12	11:45:00	15943.77	15957.34	15938.45	15948.61	2101	0	3
2024.03.12	11:50:00	15921.8	15926.38	15920.51	15923.05	3663	0	4
2024.03.12	11:55:00	15906.33	15917.21	15902.97	15909.75	3244	0	3
2024.03.12	12:00:00	15898.92	15917.73	15881.06	15891.05	672	0	1
2024.03.12	12:05:00	15903.15	15916.08	15901.65	15904.96	541	0	1
2024.03.12	12:10:00	15909.8	15914.89	15899.35	15911.61	3333	0	3
2024.03.12	12:15:00	15930.41	15941.48	15928.55	15931.74	2818	0	4
2024.03.12	12:20:00	15939.56	15956.53	15938.42	15939.22	696	0	3
2024.03.12	12:25:00	15942.12	15944.78	15940.69	15943.3	4890	0	2
2024.03.12	12:30:00	15964.81	15970.82	15953.14	15965.29	1573	0	3
2024.03.12	12:35:00	15961.34	15991.79	15958.28	15974.11	4363	0	1
2024.03.12	12:40:00	15975.86	15983.67	15967.98	15975.66	1025	0	2
2024.03.12	12:45:00	16002.84	16007.83	15993.8	16002.78	1546	0	4
2024.03.12	12:50:00	16008.95	16035.76	15992.93	16005.19	2879	0	3
2024.03.12	12:55:00	16004.74	16011.44	15986.23	15999.99	2876	0	1
2024.03.12	13:00:00	15984.46	16004.19	15979.6	15985.14	3216	0	1
2024.03.12	13:05:00	16001.15	16007.93	15985.65	15998.19	1271	0	1
2024.03.12	13:10:00	16016.94	16030.26	16014.93	16020.93	1688	0	2
2024.03.12	13:15:00	16023.12	16025.23	16013.31	16020.34	1684	0	1
2024.03.12	13:20:00	16042.32	16051.41	16029.13	16044.4	2482	0	4
2024.03.12	13:25:00	16004.68	16011.01	15998.48	16008.97	4653	0	2
2024.03.12	13:30:00	16007.61	16015.88	16000.8	16008.29	2580	0	1
2024.03.12	13:35:00	16012.96	16020.35	15999.4	16007.88	4990	0	2
2024.03.12	13:40:00	15995.68	16001.09	15985.86	15995.03	1632	0	3
2024.03.12	13:45:00	16044.02	16044.17	16029.05	16038.58	1591	0	3
2024.03.12	13:50:00	16034.98	16048.37	16028.14	16037.7	954	0	4
2024.03.12	13:55:00	16034.42	16035.12	16024.71	16030.62	1454	0	2
2024.03.12	14:00:00	16029.04	16033.01	16018.34	16031.41	1902	0	3
2024.03.12	14:05:00	15996.23	16013.22	15994.66	15995.42	2227	0	3
2024.03.12	14:10:00	15982.76	15984.3	15978.9	15981.98	3711	0	1
2024.03.12	14:15:00	16002.5	16003.38	15998.62	16000.1	2506	0	1
2024.03.12	14:20:00	15989.94	16001.68	15973.55	15989.03	3588	0	4
2024.03.12	14:25:00	15971.68	15977.36	15970.49	15974.35	901	0	2
2024.03.12	14:30:00	16001.57	16004.39	15992.61	15998.38	4761	0	3
2024.03.12	14:35:00	16029.28	16046.79	16008.66	16022.99	1164	0	4
2024.03.12	14:40:00	16030.58	16034.69	16024.51	16032.7	650	0	1
2024.03.12	14:45:00	16018.1	16034.16	16013.15	16024.76	2411	0	4
2024.03.12	14:50:00	16022.54	16023.61	16018.84	16020.73	3430	0	1
2024.03.12	14:55:00	16005.27	16023.45	16002.63	16006.47	1559	0	3
2024.03.12	15:00:00	15988.3	15994.86	15987.42	15988.77	1233	0	1
2024.03.12	15:05:00	15972.21	15978.16	15964.73	15970.2	4302	0	2
2024.03.12	15:10:00	15957.69	15962.38	15947.53	15959.34	4210	0	2
2024.03.12	15:15:00	15940.0	15950.48	15936.42	15940.97	3881	0	2
2024.03.12	15:20:00	15912.73	15913.75	15906.05	15913.09	1493	0	1
2024.03.12	15:25:00	15922.66	15932.27	15916.07	15917.37	2913	0	4
2024.03.12	15:30:00	15922.02	15930.43	15906.52	15921.91	3602	0	1
2024.03.12	15:35:00	15948.46	15967.25	15935.83	15952.92	2446	0	4
2024.03.12	15:40:00	15936.86	15956.77	15934.34	15941.17	1305	0	1
2024.03.12	15:45:00	15947.34	15965.81	15935.33	15946.84	4239	0	3
2024.03.12	15:50:00	15948.73	15963.59	15947.34	15952.81	4722	0	3
2024.03.12	15:55:00	15942.9	15964.87	15933.44	15948.54	1246	0	2
2024.03.13	09:30:00	15964.6	15970.32	15960.77	15962.31	3663	0	3
2024.03.13	09:35:00	15979.12	15985.39	15975.59	15976.64	4493	0	1
2024.03.13	09:40:00	15981.55	15987.31	15969.54	15982.89	2935	0	4
2024.03.13	09:45:00	15979.64	15981.6	15975.59	15978.58	720	0	1
2024.03.13	09:50:00	15973.11	15976.57	15965.02	15972.43	3607	0	3
2024.03.13	09:55:00	15950.21	15963.62	15941.58	15948.04	4655	0	1
2024.03.13	10:00:00	15935.99	15947.35	15907.86	15933.81	1676	0	3
2024.03.13	10:05:00	15913.51	15922.92	15912.82	15922.91	1124	0	2
2024.03.13	10:10:00	15902.11	15913.77	15892.4	15902.97	1636	0	2
2024.03.13	10:15:00	15913.08	15913.31	15903.75	15911.22	4154	0	1
2024.03.13	10:20:00	15931.63	15940.25	15918.33	15933.11	3007	0	1
2024.03.13	10:25:00	15917.18	15936.54	15913.68	15917.05	581	0	2
2024.03.13	10:30:00	15925.19	15933.78	15905.42	15922.48	3144	0	3
2024.03.13	10:35:00	15904.46	15911.08	15891.49	15904.17	4167	0	3
2024.03.13	10:40:00	15904.42	15914.75	15889.24	15898.99	1333	0	2
2024.03.13	10:45:00	15890.94	15906.38	15880.03	15886.89	3128	0	3
2024.03.13	10:50:00	15897.61	15910.99	15894.54	15898.04	1529	0	1
2024.03.13	10:55:00	15885.43	15894.79	15882.66	15886.14	585	0	3
2024.03.13	11:00:00	15894.4	15906.82	15893.39	15904.67	2302	0	3
2024.03.13	11:05:00	15899.38	15911.44	15898.1	15900.56	3983	0	1
2024.03.13	11:10:00	15884.32	15890.86	15881.58	15889.19	3510	0	1
2024.03.13	11:15:00	15867.77	15869.98	15865.36	15866.97	957	0	3
2024.03.13	11:20:00	15872.39	15892.36	15866.07	15871.84	1336	0	3
2024.03.13	11:25:00	15890.76	15906.09	15873.73	15888.25	2929	0	4
2024.03.13	11:30:00	15898.52	15899.97	15891.67	15893.49	1943	0	2
2024.03.13	11:35:00	15934.05	15935.72	15930.5	15934.15	1994	0	2
2024.03.13	11:40:00	15968.53	15977.84	15955.56	15960.28	2462	0	2
2024.03.13	11:45:00	15955.89	15956.75	15941.77	15955.05	3916	0	4
2024.03.13	11:50:00	15944.89	15956.57	15938.66	15949.62	3090	0	2
2024.03.13	11:55:00	15956.39	15959.3	15939.24	15958.43	4339	0	2
2024.03.13	12:00:00	15942.26	15956.11	15924.73	15943.61	959	0	2
2024.03.13	12:05:00	15967.14	15986.82	15957.49	15965.0	2589	0	3
2024.03.13	12:10:00	15968.43	15979.47	15966.35	15971.85	2976	0	3
2024.03.13	12:15:00	15975.73	15990.15	15975.43	15976.81	3910	0	2
2024.03.13	12:20:00	15988.98	15997.82	15984.32	15989.56	2819	0	2
2024.03.13	12:25:00	16019.48	16026.01	16017.89	16021.11	4624	0	3
2024.03.13	12:30:00	16027.47	16038.66	16011.85	16024.53	4270	0	2
2024.03.13	12:35:00	16025.12	16042.51	16015.79	16022.8	3601	0	4
2024.03.13	12:40:00	16054.75	16061.99	16049.81	16050.51	2288	0	3
2024.03.13	12:45:00	16067.22	16078.11	16056.81	16068.43	1948	0	2
2024.03.13	12:50:00	16067.29	16073.28	16047.92	16062.91	2900	0	1
2024.03.13	12:55:00	16058.37	16087.24	16057.59	16063.33	2584	0	4
2024.03.13	13:00:00	16062.15	16068.99	16060.9	16067.2	631	0	3
2024.03.13	13:05:00	16069.69	16094.06	16064.21	16074.11	1534	0	4
2024.03.13	13:10:00	16049.79	16053.25	16034.17	16049.76	4258	0	3
2024.03.13	13:15:00	16026.43	16032.96	16019.71	16022.07	2562	0	4
2024.03.13	13:20:00	16004.12	16016.86	16000.49	16006.3	4773	0	1
2024.03.13	13:25:00	15987.42	15994.1	15983.1	15989.14	1606	0	1
2024.03.13	13:30:00	15977.03	15983.22	15966.3	15977.81	4855	0	3
2024.03.13	13:35:00	15991.69	16005.3	15982.73	15989.62	4132	0	1
2024.03.13	13:40:00	15985.15	15995.38	15984.6	15986.88	2113	0	4
2024.03.13	13:45:00	15988.82	15998.25	15982.71	15990.76	3244	0	4
2024.03.13	13:50:00	15964.06	15970.3	15962.24	15968.92	4947	0	3
2024.03.13	13:55:00	15958.83	15965.57	15957.51	15960.9	3349	0	3
2024.03.13	14:00:00	15976.09	15979.39	15964.65	15971.83	4692	0	2
2024.03.13	14:05:00	15983.25	15986.27	15982.51	15982.92	996	0	4
2024.03.13	14:10:00	15967.45	15970.46	15964.18	15970.13	1236	0	1
2024.03.13	14:15:00	15977.84	15987.48	15964.68	15973.37	506	0	2
2024.03.13	14:20:00	16011.39	16033.75	16004.93	16013.51	1963	0	3
2024.03.13	14:25:00	16018.66	16020.83	16002.33	16013.51	4051	0	4
2024.03.13	14:30:00	16006.35	16024.38	15980.18	16001.27	4837	0	1
2024.03.13	14:35:00	15998.64	16007.64	15992.07	15998.44	2940	0	4
2024.03.13	14:40:00	15995.0	16016.48	15990.82	16000.43	2401	0	2
2024.03.13	14:45:00	16006.31	16021.24	15993.38	15998.01	4691	0	4
2024.03.13	14:50:00	15999.17	16003.03	15993.52	15997.76	3147	0	2
2024.03.13	14:55:00	15970.79	15973.97	15965.24	15971.96	2917	0	3
2024.03.13	15:00:00	15958.33	15960.67	15941.37	15954.88	882	0	1
2024.03.13	15:05:00	15955.04	15966.92	15937.29	15952.5	1466	0	1
2024.03.13	15:10:00	15954.57	15960.49	15936.16	15949.83	3639	0	3
2024.03.13	15:15:00	15937.54	15943.33	15920.84	15939.93	3643	0	3
2024.03.13	15:20:00	15938.2	15938.67	15931.93	15937.05	2731	0	2
2024.03.13	15:25:00	15934.19	15945.9	15928.85	15938.47	3654	0	3
2024.03.13	15:30:00	15957.26	15965.98	15952.67	15954.85	3610	0	4
2024.03.13	15:35:00	15953.3	15955.66	15953.24	15953.38	794	0	2
2024.03.13	15:40:00	15961.93	15978.66	15954.6	15960.91	4257	0	3
2024.03.13	15:45:00	15950.91	15958.28	15945.19	15951.44	3621	0	1
2024.03.13	15:50:00	15961.19	15962.98	15954.68	15962.1	1487	0	3
2024.03.13	15:55:00	15966.07	15976.23	15960.41	15969.21	1456	0	4
2024.03.14	09:30:00	15988.05	15997.6	15977.06	15985.19	4811	0	3
2024.03.14	09:35:00	16003.83	16004.46	15991.31	15998.43	1645	0	1
2024.03.14	09:40:00	16007.4	16031.45	15998.12	16009.42	645	0	3
2024.03.14	09:45:00	16009.96	16014.39	16000.41	16007.96	641	0	2
2024.03.14	09:50:00	16014.28	16014.31	15995.87	16012.72	1527	0	1
2024.03.14	09:55:00	16032.36	16044.27	16032.09	16032.33	3323	0	3
2024.03.14	10:00:00	16015.28	16032.1	16001.69	16020.82	2553	0	2
2024.03.14	10:05:00	16005.03	16017.67	15996.71	16009.74	3792	0	4
2024.03.14	10:10:00	16010.52	16020.66	16010.25	16013.35	1544	0	4
2024.03.14	10:15:00	16013.45	16033.54	16007.63	16021.21	1537	0	3
2024.03.14	10:20:00	16011.69	16015.56	15994.08	16006.58	2319	0	3
2024.03.14	10:25:00	16006.88	16009.62	15990.68	16005.55	4066	0	2
2024.03.14	10:30:00	16004.06	16019.66	16003.16	16004.16	2763	0	1
2024.03.14	10:35:00	15956.47	15970.11	15945.89	15964.39	3929	0	1
2024.03.14	10:40:00	15954.15	15980.79	15939.24	15960.74	921	0	2
2024.03.14	10:45:00	15958.21	15962.33	15957.91	15958.22	2343	0	2
2024.03.14	10:50:00	15962.76	15968.02	15954.47	15955.64	2468	0	4
2024.03.14	10:55:00	15979.03	15989.69	15972.4	15981.56	807	0	2
2024.03.14	11:00:00	15963.02	15966.71	15952.28	15959.89	1913	0	1
2024.03.14	11:05:00	15943.59	15961.03	15942.59	15945.32	1760	0	4
2024.03.14	11:10:00	15898.74	15901.16	15879.26	15898.54	2550	0	4
2024.03.14	11:15:00	15894.58	15896.47	15885.71	15890.21	1244	0	2
2024.03.14	11:20:00	15882.16	15886.68	15874.49	15883.41	1713	0	1
2024.03.14	11:25:00	15872.08	15879.73	15867.37	15874.56	4814	0	1
2024.03.14	11:30:00	15899.9	15913.37	15893.32	15894.8	1143	0	3
2024.03.14	11:35:00	15910.78	15914.5	15908.62	15910.61	4179	0	4
2024.03.14	11:40:00	15916.26	15916.47	15896.54	15912.33	2942	0	2
2024.03.14	11:45:00	15903.51	15916.31	15898.52	15905.97	852	0	1
2024.03.14	11:50:00	15929.86	15950.08	15918.39	15924.79	2303	0	2
2024.03.14	11:55:00	15925.73	15933.99	15910.32	15924.75	2810	0	1
2024.03.14	12:00:00	15911.89	15913.74	15907.71	15910.32	1747	0	2
2024.03.14	12:05:00	15880.22	15884.11	15870.34	15879.75	1700	0	2
2024.03.14	12:10:00	15870.32	15874.43	15854.43	15872.13	3704	0	3
2024.03.14	12:15:00	15886.01	15886.18	15884.78	15886.02	644	0	1
2024.03.14	12:20:00	15925.74	15946.86	15917.69	15927.34	4677	0	2
2024.03.14	12:25:00	15932.23	15938.99	15921.89	15928.77	1950	0	1
2024.03.14	12:30:00	15914.56	15925.69	15911.06	15915.29	2217	0	2
2024.03.14	12:35:00	15888.88	15895.4	15879.01	15894.27	1074	0	4
2024.03.14	12:40:00	15898.47	15917.85	15897.9	15904.52	4464	0	3
2024.03.14	12:45:00	15866.89	15874.79	15861.07	15873.09	1502	0	4
2024.03.14	12:50:00	15885.53	15890.45	15875.41	15883.31	4116	0	1
2024.03.14	12:55:00	15894.19	15903.53	15891.46	15898.34	1969	0	4
2024.03.14	13:00:00	15907.59	15908.41	15885.86	15906.51	642	0	4
2024.03.14	13:05:00	15903.36	15912.57	15892.43	15902.87	2340	0	3
2024.03.14	13:10:00	15913.13	15926.62	15906.08	15913.37	2854	0	4
2024.03.14	13:15:00	15918.34	15928.17	15913.63	15916.76	2607	0	1
2024.03.14	13:20:00	15903.64	15917.92	15893.39	15903.07	4941	0	3
2024.03.14	13:25:00	15926.96	15938.88	15922.02	15936.74	2840	0	4
2024.03.14	13:30:00	15929.55	15931.04	15921.63	15930.71	4005	0	1
2024.03.14	13:35:00	15946.57	15952.92	15938.51	15945.03	2165	0	2
2024.03.14	13:40:00	15907.65	15912.85	15900.7	15901.74	1151	0	2
2024.03.14	13:45:00	15931.14	15932.32	15922.13	15925.06	2742	0	1
2024.03.14	13:50:00	15946.96	15953.47	15946.14	15951.89	3019	0	1
2024.03.14	13:55:00	15951.48	15965.94	15928.37	15952.74	2380	0	2
2024.03.14	14:00:00	15957.5	15964.31	15950.64	15963.16	3949	0	1
2024.03.14	14:05:00	15979.07	15983.06	15971.53	15973.58	4839	0	3
2024.03.14	14:10:00	15965.94	15968.13	15955.21	15962.27	863	0	1
2024.03.14	14:15:00	15973.75	15977.04	15963.78	15972.49	804	0	1
2024.03.14	14:20:00	15958.79	15970.28	15943.78	15958.19	1732	0	3
2024.03.14	14:25:00	15952.5	15960.16	15942.08	15947.51	3136	0	2
2024.03.14	14:30:00	15972.57	15975.62	15961.33	15968.19	691	0	2
2024.03.14	14:35:00	15990.34	15997.26	15983.05	15986.14	1371	0	2
2024.03.14	14:40:00	15975.33	15982.84	15971.59	15973.68	2340	0	2
2024.03.14	14:45:00	15959.48	15966.11	15951.25	15960.74	2189	0	2
2024.03.14	14:50:00	15952.17	15953.94	15942.11	15949.4	4309	0	1
2024.03.14	14:55:00	15965.9	15971.2	15962.15	15962.95	2959	0	1
2024.03.14	15:00:00	15944.52	15948.1	15930.85	15945.21	4425	0	2
2024.03.14	15:05:00	15950.7	15961.51	15947.8	15951.97	3919	0	3
2024.03.14	15:10:00	15969.88	15981.58	15963.71	15965.78	2363	0	4
2024.03.14	15:15:00	15970.52	15979.06	15957.31	15964.5	4899	0	1
2024.03.14	15:20:00	15980.38	15991.25	15970.02	15983.09	4296	0	1
2024.03.14	15:25:00	15976.95	15988.98	15975.22	15977.91	2721	0	3
2024.03.14	15:30:00	15975.63	15978.58	15962.8	15974.36	4327	0	4
2024.03.14	15:35:00	15958.77	15960.18	15954.79	15957.01	1656	0	1
2024.03.14	15:40:00	15973.83	15978.96	15960.43	15975.72	1436	0	1
2024.03.14	15:45:00	15968.99	15969.22	15959.28	15962.18	4062	0	2
2024.03.14	15:50:00	15970.35	15975.28	15956.47	15968.82	4050	0	3
2024.03.14	15:55:00	15969.77	15971.47	15961.7	15967.85	1497	0	3
2024.03.15	09:30:00	15955.5	15958.55	15934.6	15949.15	3892	0	1
2024.03.15	09:35:00	15936.85	15956.75	15925.16	15938.47	2785	0	3
2024.03.15	09:40:00	15963.44	15968.53	15957.38	15963.76	3013	0	2
2024.03.15	09:45:00	15963.2	15971.11	15950.13	15967.73	4310	0	1
2024.03.15	09:50:00	15949.19	15956.84	15946.37	15949.81	1220	0	4
2024.03.15	09:55:00	15950.27	15960.0	15950.04	15955.65	2317	0	3
2024.03.15	10:00:00	15956.03	15959.17	15948.53	15953.33	1804	0	2
2024.03.15	10:05:00	16017.69	16026.96	16014.1	16016.16	3006	0	4
2024.03.15	10:10:00	16020.65	16023.51	16012.14	16021.65	1210	0	4
2024.03.15	10:15:00	16014.71	16016.55	16007.08	16015.07	1037	0	1
2024.03.15	10:20:00	16043.93	16045.18	16034.82	16041.16	3632	0	4
2024.03.15	10:25:00	16003.96	16023.34	16000.46	16008.08	751	0	3
2024.03.15	10:30:00	16010.85	16017.31	16005.53	16010.11	2377	0	2
2024.03.15	10:35:00	16049.17	16052.1	16040.36	16046.63	4938	0	2
2024.03.15	10:40:00	16038.36	16056.07	16033.42	16044.83	4995	0	1
2024.03.15	10:45:00	16016.18	16022.77	15989.93	16013.7	1305	0	4
2024.03.15	10:50:00	16000.77	16012.12	15998.47	16006.84	4671	0	2
2024.03.15	10:55:00	16033.12	16037.81	16017.28	16033.54	2009	0	2
2024.03.15	11:00:00	16036.47	16045.39	16033.37	16040.69	1393	0	1
2024.03.15	11:05:00	16030.98	16031.55	16024.8	16025.79	2771	0	4
2024.03.15	11:10:00	16009.48	16025.02	16006.29	16013.68	2697	0	2
2024.03.15	11:15:00	15997.87	16024.18	15993.34	16003.85	2185	0	3
2024.03.15	11:20:00	16011.2	16015.35	16004.19	16010.72	2422	0	2
2024.03.15	11:25:00	16033.81	16054.5	16026.79	16035.32	938	0	3
2024.03.15	11:30:00	16049.29	16062.52	16041.93	16054.76	1686	0	3
2024.03.15	11:35:00	16065.28	16079.46	16063.04	16063.37	1386	0	2
2024.03.15	11:40:00	16032.26	16040.98	16018.24	16039.49	4694	0	2
2024.03.15	11:45:00	16011.95	16027.49	16007.63	16015.71	2720	0	3
2024.03.15	11:50:00	16023.62	16025.92	16011.39	16025.7	2957	0	1
2024.03.15	11:55:00	16004.54	16019.03	15987.98	16001.63	2474	0	1
2024.03.15	12:00:00	16002.56	16006.69	15994.78	15997.86	4480	0	1
2024.03.15	12:05:00	16007.69	16029.12	15998.33	16003.69	4091	0	2
2024.03.15	12:10:00	15982.86	15984.14	15964.71	15983.41	3602	0	1
2024.03.15	12:15:00	15956.43	15980.64	15951.57	15965.21	1903	0	2
2024.03.15	12:20:00	15965.24	15970.07	15959.49	15963.82	1887	0	3
2024.03.15	12:25:00	15978.57	15983.23	15963.93	15973.25	4731	0	3
2024.03.15	12:30:00	15997.25	16000.23	15992.69	15992.78	4685	0	4
2024.03.15	12:35:00	16005.77	16014.57	16001.65	16004.1	1772	0	4
2024.03.15	12:40:00	16001.44	16006.53	15993.41	16005.75	2014	0	2
2024.03.15	12:45:00	15990.65	16016.33	15981.7	15992.55	1990	0	4
2024.03.15	12:50:00	15980.49	15985.17	15971.04	15973.49	4028	0	4
2024.03.15	12:55:00	15959.45	15973.64	15951.76	15964.57	4771	0	1
2024.03.15	13:00:00	15968.15	15979.2	15965.19	15972.31	4494	0	1
2024.03.15	13:05:00	15982.12	15988.46	15976.51	15978.71	4282	0	4
2024.03.15	13:10:00	15939.53	15944.92	15937.61	15941.09	2067	0	4
2024.03.15	13:15:00	15922.97	15936.41	15909.83	15927.23	1926	0	4
2024.03.15	13:20:00	15954.8	15956.11	15948.24	15949.29	4500	0	2
2024.03.15	13:25:00	15952.7	15955.75	15950.96	15951.04	2278	0	4
2024.03.15	13:30:00	15924.4	15940.53	15920.27	15925.78	1469	0	4
2024.03.15	13:35:00	15964.5	15974.57	15959.83	15968.64	4290	0	3
2024.03.15	13:40:00	15975.84	15978.44	15966.29	15968.43	2658	0	3
2024.03.15	13:45:00	15975.62	15976.28	15968.2	15975.7	887	0	2
2024.03.15	13:50:00	15988.31	15991.58	15977.06	15983.25	4532	0	3
2024.03.15	13:55:00	15980.15	15983.86	15975.78	15976.92	1826	0	4
2024.03.15	14:00:00	15962.2	15969.43	15960.54	15964.08	1890	0	4
2024.03.15	14:05:00	16000.94	16004.99	15997.7	16002.8	2892	0	3
2024.03.15	14:10:00	16026.56	16030.77	16005.82	16021.31	1716	0	1
2024.03.15	14:15:00	16041.86	16061.66	16028.15	16036.55	4230	0	3
2024.03.15	14:20:00	16040.52	16055.62	16028.11	16047.34	3612	0	2
2024.03.15	14:25:00	16031.43	16040.22	16029.14	16029.44	3040	0	1
2024.03.15	14:30:00	16052.52	16071.47	16044.33	16052.96	1400	0	1
2024.03.15	14:35:00	16034.21	16041.89	16029.71	16037.96	2704	0	1
2024.03.15	14:40:00	16044.38	16044.65	16032.58	16043.43	1725	0	2
2024.03.15	14:45:00	16009.1	16022.13	16005.45	16014.0	4829	0	2
2024.03.15	14:50:00	15975.67	15995.17	15965.5	15977.35	4067	0	2
2024.03.15	14:55:00	15980.54	15985.58	15973.69	15983.43	1023	0	3
2024.03.15	15:00:00	15967.31	15974.3	15962.98	15969.12	2876	0	3
2024.03.15	15:05:00	15933.25	15935.36	15931.9	15933.51	4010	0	2
2024.03.15	15:10:00	15939.92	15946.92	15937.19	15943.58	2854	0	2
2024.03.15	15:15:00	15987.92	15988.62	15963.79	15982.22	1071	0	4
2024.03.15	15:20:00	16009.5	16010.62	16003.56	16007.71	1129	0	2
2024.03.15	15:25:00	16009.87	16019.52	15996.47	16003.37	3797	0	1
2024.03.15	15:30:00	16003.27	16006.58	16001.03	16003.85	2858	0	4
2024.03.15	15:35:00	16018.27	16020.64	16012.65	16020.26	2943	0	1
2024.03.15	15:40:00	16047.34	16048.68	16038.0	16040.95	1714	0	4
2024.03.15	15:45:00	16032.93	16051.7	16021.47	16035.03	1690	0	2
2024.03.15	15:50:00	16035.32	16037.54	16030.17	16035.97	2332	0	4
2024.03.15	15:55:00	16044.37	16049.04	16036.21	16041.75	2945	0	1
2024.03.18	09:30:00	16047.64	16069.49	16038.21	16052.14	2609	0	1
2024.03.18	09:35:00	16052.62	16065.66	16048.53	16050.04	4457	0	2
2024.03.18	09:40:00	16050.3	16054.54	16045.93	16048.18	1350	0	2
2024.03.18	09:45:00	16078.21	16079.2	16056.79	16073.59	2624	0	3
2024.03.18	09:50:00	16099.19	16104.25	16090.68	16095.94	1558	0	3
2024.03.18	09:55:00	16109.71	16112.91	16103.23	16104.97	529	0	4
2024.03.18	10:00:00	16136.27	16141.86	16130.0	16136.67	2366	0	3
2024.03.18	10:05:00	16126.78	16138.28	16114.67	16129.93	754	0	1
2024.03.18	10:10:00	16167.65	16173.25	16158.03	16159.92	2174	0	1
2024.03.18	10:15:00	16164.59	16182.71	16164.36	16170.18	3346	0	2
2024.03.18	10:20:00	16225.26	16240.68	16219.05	16230.5	2191	0	4
2024.03.18	10:25:00	16211.0	16213.24	16200.85	16208.93	3550	0	4
2024.03.18	10:30:00	16202.56	16220.04	16191.56	16196.6	1827	0	3
2024.03.18	10:35:00	16205.31	16218.83	16196.5	16204.61	2307	0	2
2024.03.18	10:40:00	16215.89	16221.3	16208.08	16212.22	4438	0	2
2024.03.18	10:45:00	16241.04	16258.83	16235.94	16248.39	1592	0	3
2024.03.18	10:50:00	16234.58	16243.58	16227.86	16236.42	2754	0	4
2024.03.18	10:55:00	16246.49	16260.9	16229.84	16253.39	3721	0	3
2024.03.18	11:00:00	16278.0	16278.33	16263.76	16275.12	2129	0	1
2024.03.18	11:05:00	16282.73	16288.78	16279.88	16288.44	1868	0	4
2024.03.18	11:10:00	16266.34	16278.28	16254.03	16271.05	3639	0	4
2024.03.18	11:15:00	16299.23	16317.56	16296.43	16297.33	833	0	1
2024.03.18	11:20:00	16324.28	16326.74	16315.08	16320.36	1694	0	2
2024.03.18	11:25:00	16331.18	16332.82	16329.93	16331.77	2343	0	4
2024.03.18	11:30:00	16337.98	16341.7	16332.71	16335.88	1478	0	4
2024.03.18	11:35:00	16342.38	16346.45	16331.54	16340.39	2926	0	4
2024.03.18	11:40:00	16338.46	16350.68	16338.19	16339.26	3287	0	4
2024.03.18	11:45:00	16347.39	16366.84	16334.49	16351.44	4845	0	1
2024.03.18	11:50:00	16354.44	16361.49	16340.2	16352.34	3207	0	1
2024.03.18	11:55:00	16339.24	16349.42	16329.07	16336.97	3164	0	2
2024.03.18	12:00:00	16321.21	16326.29	16309.96	16317.91	3766	0	3
2024.03.18	12:05:00	16305.5	16314.49	16303.63	16304.35	1437	0	2
2024.03.18	12:10:00	16304.46	16309.62	16303.06	16308.77	2616	0	2
2024.03.18	12:15:00	16311.15	16312.88	16299.16	16308.6	4244	0	2
2024.03.18	12:20:00	16312.9	16321.55	16305.57	16312.91	1290	0	3
2024.03.18	12:25:00	16320.7	16331.31	16315.9	16322.49	1811	0	4
2024.03.18	12:30:00	16310.13	16325.68	16304.2	16311.22	1489	0	4
2024.03.18	12:35:00	16336.09	16340.48	16332.87	16338.64	4816	0	1
2024.03.18	12:40:00	16337.3	16338.29	16321.63	16334.01	2093	0	1
2024.03.18	12:45:00	16321.08	16349.06	16305.37	16326.33	1963	0	2
2024.03.18	12:50:00	16331.9	16350.47	16320.86	16335.57	4168	0	3
2024.03.18	12:55:00	16300.75	16305.6	16288.15	16301.97	4592	0	1
2024.03.18	13:00:00	16293.66	16303.82	16274.78	16287.71	522	0	3
2024.03.18	13:05:00	16310.03	16317.55	16300.46	16306.14	4455	0	3
2024.03.18	13:10:00	16268.37	16286.48	16265.36	16274.41	3682	0	3
2024.03.18	13:15:00	16300.33	16304.96	16280.45	16295.35	4387	0	4
2024.03.18	13:20:00	16328.57	16332.84	16321.15	16323.58	890	0	3
2024.03.18	13:25:00	16312.74	16328.21	16304.74	16317.08	677	0	3
2024.03.18	13:30:00	16313.48	16328.42	16311.14	16322.8	2011	0	2
2024.03.18	13:35:00	16343.55	16348.01	16342.55	16343.82	4324	0	3
2024.03.18	13:40:00	16339.66	16341.47	16321.04	16335.51	2743	0	2
2024.03.18	13:45:00	16357.79	16366.15	16348.86	16351.9	3745	0	1
2024.03.18	13:50:00	16336.58	16347.67	16335.22	16339.8	1602	0	1
2024.03.18	13:55:00	16337.77	16338.08	16322.12	16331.29	2004	0	3
2024.03.18	14:00:00	16308.61	16332.52	16302.57	16316.85	4450	0	3
2024.03.18	14:05:00	16322.14	16325.65	16313.97	16323.5	2705	0	2
2024.03.18	14:10:00	16343.7	16345.43	16338.81	16345.25	4008	0	3
2024.03.18	14:15:00	16346.43	16349.08	16335.45	16342.17	3379	0	2
2024.03.18	14:20:00	16323.79	16330.6	16317.97	16318.99	1290	0	2
2024.03.18	14:25:00	16302.84	16313.37	16288.74	16299.32	4745	0	3
2024.03.18	14:30:00	16301.94	16307.06	16283.17	16306.93	4757	0	2
2024.03.18	14:35:00	16344.54	16353.05	16331.22	16341.34	4010	0	4
2024.03.18	14:40:00	16350.84	16355.08	16341.83	16348.96	2612	0	3
2024.03.18	14:45:00	16335.94	16359.97	16323.87	16342.12	2428	0	3
2024.03.18	14:50:00	16348.98	16362.79	16339.99	16356.63	1839	0	3
2024.03.18	14:55:00	16356.37	16366.08	16347.2	16352.53	3404	0	3
2024.03.18	15:00:00	16345.18	16355.49	16339.76	16345.85	1895	0	4
2024.03.18	15:05:00	16323.69	16334.81	16322.47	16328.45	1336	0	2
2024.03.18	15:10:00	16354.06	16361.14	16350.76	16354.83	773	0	4
2024.03.18	15:15:00	16309.55	16311.25	16306.38	16308.21	2407	0	1
2024.03.18	15:20:00	16322.97	16324.88	16315.22	16323.27	4169	0	3
2024.03.18	15:25:00	16309.3	16319.55	16291.79	16315.03	4060	0	3
2024.03.18	15:30:00	16314.74	16318.1	16298.79	16307.78	4322	0	1
2024.03.18	15:35:00	16343.1	16350.45	16333.19	16339.38	3229	0	3
2024.03.18	15:40:00	16325.26	16328.17	16320.15	16326.5	4404	0	1
2024.03.18	15:45:00	16313.17	16324.54	16303.4	16314.26	4024	0	3
2024.03.18	15:50:00	16313.51	16327.48	16307.01	16312.18	4130	0	3
2024.03.18	15:55:00	16315.98	16323.35	16303.72	16320.15	2794	0	3
2024.03.19	09:30:00	16313.51	16326.25	16311.86	16312.32	884	0	3
2024.03.19	09:35:00	16278.69	16285.29	16269.4	16283.6	2210	0	2
2024.03.19	09:40:00	16267.71	16272.84	16259.65	16267.97	4312	0	3
2024.03.19	09:45:00	16287.6	16300.44	16271.71	16291.91	3841	0	1
2024.03.19	09:50:00	16289.49	16302.7	16281.32	16293.62	556	0	4
2024.03.19	09:55:00	16308.35	16308.55	16301.91	16302.27	921	0	1
2024.03.19	10:00:00	16297.99	16307.58	16287.71	16297.77	3463	0	1
2024.03.19	10:05:00	16286.7	16303.94	16284.87	16285.93	4903	0	3
2024.03.19	10:10:00	16309.79	16318.63	16293.66	16317.22	3791	0	1
2024.03.19	10:15:00	16311.87	16325.74	16307.77	16314.07	4767	0	4
2024.03.19	10:20:00	16307.91	16308.02	16297.17	16306.21	798	0	1
2024.03.19	10:25:00	16327.5	16337.81	16315.04	16326.79	4461	0	3
2024.03.19	10:30:00	16305.81	16330.89	16289.86	16313.76	1077	0	4
2024.03.19	10:35:00	16303.87	16304.74	16292.12	16303.11	4479	0	3
2024.03.19	10:40:00	16304.98	16314.39	16295.92	16303.62	4884	0	3
2024.03.19	10:45:00	16308.69	16312.38	16300.88	16303.95	2799	0	3
2024.03.19	10:50:00	16306.65	16312.61	16301.31	16309.07	2896	0	3
2024.03.19	10:55:00	16339.77	16365.89	16338.28	16348.07	2740	0	1
2024.03.19	11:00:00	16350.93	16369.68	16348.19	16354.63	2989	0	2
2024.03.19	11:05:00	16306.92	16320.66	16303.4	16310.97	4190	0	1
2024.03.19	11:10:00	16320.05	16332.83	16316.05	16317.33	1766	0	1
2024.03.19	11:15:00	16308.31	16323.31	16301.3	16318.35	1774	0	1
2024.03.19	11:20:00	16317.83	16328.5	16309.98	16319.48	4858	0	3
2024.03.19	11:25:00	16329.63	16332.51	16323.38	16324.35	4324	0	4
2024.03.19	11:30:00	16324.18	16343.89	16322.99	16324.15	2931	0	3
2024.03.19	11:35:00	16326.82	16341.01	16319.54	16323.51	1403	0	1
2024.03.19	11:40:00	16329.09	16339.91	16318.91	16335.17	4799	0	3
2024.03.19	11:45:00	16319.55	16332.05	16316.37	16325.47	4455	0	3
2024.03.19	11:50:00	16313.6	16314.52	16300.8	16308.29	1977	0	4
2024.03.19	11:55:00	16364.92	16366.45	16344.34	16364.55	2934	0	2
2024.03.19	12:00:00	16352.0	16363.1	16344.5	16351.61	2387	0	2
2024.03.19	12:05:00	16349.65	16360.64	16337.21	16353.8	4294	0	3
2024.03.19	12:10:00	16326.82	16342.46	16319.7	16326.45	3592	0	3
2024.03.19	12:15:00	16324.69	16333.17	16322.45	16328.93	2719	0	1
2024.03.19	12:20:00	16316.4	16318.05	16311.23	16312.01	4855	0	3
2024.03.19	12:25:00	16314.24	16314.58	16287.02	16304.17	3237	0	4
2024.03.19	12:30:00	16325.59	16327.89	16319.33	16323.8	2678	0	1
2024.03.19	12:35:00	16330.5	16343.93	16312.85	16332.85	4670	0	2
2024.03.19	12:40:00	16334.32	16352.74	16327.7	16343.69	2524	0	3
2024.03.19	12:45:00	16305.05	16318.2	16295.03	16311.27	2381	0	4
2024.03.19	12:50:00	16351.32	16351.86	16342.24	16345.56	2248	0	4
2024.03.19	12:55:00	16320.04	16327.99	16310.11	16323.84	1491	0	3
2024.03.19	13:00:00	16351.08	16368.02	16346.92	16352.45	1756	0	3
2024.03.19	13:05:00	16374.13	16375.14	16371.59	16371.7	909	0	2
2024.03.19	13:10:00	16388.23	16405.35	16376.91	16382.73	3776	0	2
2024.03.19	13:15:00	16366.47	16383.07	16357.19	16367.21	3154	0	3
2024.03.19	13:20:00	16368.85	16370.57	16364.98	16370.35	4696	0	3
2024.03.19	13:25:00	16362.21	16362.73	16352.63	16361.95	3249	0	3
2024.03.19	13:30:00	16360.49	16365.48	16346.28	16362.81	861	0	4
2024.03.19	13:35:00	16356.39	16367.43	16346.0	16358.51	3293	0	1
2024.03.19	13:40:00	16322.64	16335.81	16318.96	16321.12	1288	0	4
2024.03.19	13:45:00	16342.88	16355.63	16333.02	16342.19	667	0	3
2024.03.19	13:50:00	16348.91	16361.22	16338.91	16341.02	3481	0	3
2024.03.19	13:55:00	16334.0	16343.09	16326.83	16332.38	623	0	3
2024.03.19	14:00:00	16326.6	16331.22	16317.04	16322.34	2340	0	3
2024.03.19	14:05:00	16325.34	16348.75	16319.23	16329.3	4529	0	3
2024.03.19	14:10:00	16315.05	16321.83	16301.06	16313.11	1652	0	2
2024.03.19	14:15:00	16269.17	16274.98	16263.86	16271.83	3629	0	3
2024.03.19	14:20:00	16281.12	16290.92	16273.62	16279.66	2194	0	2
2024.03.19	14:25:00	16292.1	16301.46	16281.36	16289.56	1009	0	3
2024.03.19	14:30:00	16286.38	16298.66	16282.95	16286.2	1386	0	3
2024.03.19	14:35:00	16274.24	16280.81	16254.31	16265.37	835	0	2
2024.03.19	14:40:00	16272.6	16275.38	16251.41	16267.33	1179	0	4
2024.03.19	14:45:00	16245.04	16262.78	16236.26	16240.71	1228	0	2
2024.03.19	14:50:00	16224.96	16231.95	16208.5	16222.15	4474	0	3
2024.03.19	14:55:00	16215.17	16219.7	16206.3	16208.69	4131	0	2
2024.03.19	15:00:00	16219.23	16228.37	16209.87	16224.51	2090	0	1
2024.03.19	15:05:00	16223.21	16228.9	16211.67	16218.18	3753	0	3
2024.03.19	15:10:00	16206.64	16216.52	16188.5	16210.28	1419	0	4
2024.03.19	15:15:00	16244.45	16254.31	16235.56	16246.52	3373	0	2
2024.03.19	15:20:00	16255.4	16260.3	16242.09	16253.33	1410	0	1
2024.03.19	15:25:00	16264.44	16266.42	16243.49	16259.9	3383	0	1
2024.03.19	15:30:00	16249.17	16265.03	16241.08	16253.42	2109	0	2
2024.03.19	15:35:00	16240.89	16244.96	16221.86	16242.77	4364	0	4
2024.03.19	15:40:00	16203.29	16203.5	16200.57	16202.93	4257	0	3
2024.03.19	15:45:00	16220.36	16230.46	16212.51	16221.04	2000	0	1
2024.03.19	15:50:00	16232.74	16249.86	16215.96	16229.6	685	0	4
2024.03.19	15:55:00	16239.26	16240.68	16224.72	16226.63	1950	0	1
2024.03.20	09:30:00	16225.98	16235.88	16224.2	16224.44	1768	0	3
2024.03.20	09:35:00	16235.59	16238.57	16233.33	16238.29	2414	0	4
2024.03.20	09:40:00	16205.3	16210.84	16200.36	16210.05	3084	0	4
2024.03.20	09:45:00	16198.36	16213.32	16190.34	16199.56	4953	0	3
2024.03.20	09:50:00	16175.61	16198.75	16171.38	16179.05	782	0	2
2024.03.20	09:55:00	16213.58	16225.07	16207.94	16211.86	2997	0	4
2024.03.20	10:00:00	16229.93	16230.64	16227.8	16228.27	1272	0	2
2024.03.20	10:05:00	16186.47	16190.06	16171.87	16188.17	2961	0	2
2024.03.20	10:10:00	16168.03	16179.46	16152.55	16160.77	3365	0	3
2024.03.20	10:15:00	16155.98	16166.93	16144.23	16158.67	4143	0	3
2024.03.20	10:20:00	16149.91	16160.06	16144.25	16150.35	3019	0	1
2024.03.20	10:25:00	16128.81	16144.7	16119.57	16126.47	1301	0	4
2024.03.20	10:30:00	16165.61	16171.3	16151.91	16162.34	4611	0	4
2024.03.20	10:35:00	16173.07	16179.21	16162.83	16168.39	2324	0	2
2024.03.20	10:40:00	16178.98	16180.72	16157.98	16177.41	2657	0	1
2024.03.20	10:45:00	16168.91	16170.01	16164.33	16165.06	3386	0	1
2024.03.20	10:50:00	16176.17	16195.57	16165.0	16178.61	1692	0	2
2024.03.20	10:55:00	16175.33	16179.48	16164.63	16171.96	4946	0	1
2024.03.20	11:00:00	16170.41	16181.77	16160.03	16167.1	700	0	4
2024.03.20	11:05:00	16184.16	16187.65	16161.02	16178.61	1195	0	4
2024.03.20	11:10:00	16143.02	16149.28	16138.27	16149.12	4955	0	4
2024.03.20	11:15:00	16175.35	16191.24	16166.96	16178.67	2534	0	2
2024.03.20	11:20:00	16185.36	16188.01	16179.4	16182.34	4519	0	3
2024.03.20	11:25:00	16196.42	16207.04	16188.97	16206.15	4575	0	2
2024.03.20	11:30:00	16188.56	16201.2	16180.27	16186.75	4956	0	2
2024.03.20	11:35:00	16174.05	16185.49	16168.49	16170.17	3764	0	3
2024.03.20	11:40:00	16147.12	16160.22	16123.45	16149.23	3574	0	1
2024.03.20	11:45:00	16152.56	16189.69	16149.06	16154.13	3262	0	4
2024.03.20	11:50:00	16151.73	16159.69	16149.08	16155.66	3574	0	1
2024.03.20	11:55:00	16145.58	16149.43	16132.63	16147.49	1656	0	2
2024.03.20	12:00:00	16127.48	16129.6	16123.87	16129.28	4168	0	1
2024.03.20	12:05:00	16104.0	16112.05	16097.1	16106.49	1342	0	3
2024.03.20	12:10:00	16103.24	16108.3	16096.76	16105.93	2657	0	3
2024.03.20	12:15:00	16096.77	16103.94	16089.57	16097.76	2183	0	4
2024.03.20	12:20:00	16084.56	16088.03	16084.33	16085.59	3926	0	2
2024.03.20	12:25:00	16120.95	16134.63	16110.83	16114.11	1647	0	1
2024.03.20	12:30:00	16111.5	16120.04	16099.29	16112.94	1429	0	1
2024.03.20	12:35:00	16137.7	16142.66	16135.05	16136.45	4138	0	3
2024.03.20	12:40:00	16124.92	16131.54	16113.74	16127.03	2690	0	4
2024.03.20	12:45:00	16129.67	16142.39	16122.11	16131.82	3743	0	1
2024.03.20	12:50:00	16124.9	16140.46	16116.09	16131.13	4454	0	4
2024.03.20	12:55:00	16094.75	16101.5	16093.22	16100.48	4258	0	2
2024.03.20	13:00:00	16122.45	16135.9	16120.44	16126.86	2299	0	4
2024.03.20	13:05:00	16125.38	16126.97	16115.03	16124.71	1269	0	1
2024.03.20	13:10:00	16142.6	16160.12	16130.31	16138.67	4820	0	4
2024.03.20	13:15:00	16118.73	16135.28	16098.33	16125.26	1894	0	2
2024.03.20	13:20:00	16120.56	16128.28	16112.78	16122.57	3961	0	2
2024.03.20	13:25:00	16102.09	16128.33	16099.88	16107.07	3958	0	1
2024.03.20	13:30:00	16128.99	16149.15	16126.71	16129.95	2491	0	1
2024.03.20	13:35:00	16139.9	16145.72	16121.71	16135.96	1235	0	4
2024.03.20	13:40:00	16141.36	16149.36	16132.08	16143.0	2624	0	1
2024.03.20	13:45:00	16167.99	16185.39	16166.49	16168.16	1155	0	2
2024.03.20	13:50:00	16195.0	16197.32	16186.1	16189.67	2084	0	4
2024.03.20	13:55:00	16205.71	16212.99	16200.18	16204.03	2223	0	2
2024.03.20	14:00:00	16175.5	16180.73	16163.61	16178.29	2832	0	4
2024.03.20	14:05:00	16166.46	16172.99	16163.1	16165.87	1338	0	3
2024.03.20	14:10:00	16144.81	16150.63	16136.51	16147.83	4306	0	4
2024.03.20	14:15:00	16163.0	16166.01	16151.03	16161.46	855	0	4
2024.03.20	14:20:00	16166.8	16173.67	16158.31	16164.91	4935	0	1
2024.03.20	14:25:00	16134.8	16142.27	16130.12	16139.8	1907	0	2
2024.03.20	14:30:00	16137.31	16140.89	16120.8	16136.67	2702	0	2
2024.03.20	14:35:00	16109.29	16118.81	16109.16	16109.72	4440	0	1
2024.03.20	14:40:00	16111.06	16126.19	16100.35	16109.07	3444	0	1
2024.03.20	14:45:00	16082.26	16085.09	16067.56	16079.23	754	0	1
2024.03.20	14:50:00	16090.92	16095.77	16078.89	16089.18	3218	0	4
2024.03.20	14:55:00	16095.29	16103.04	16086.62	16096.39	3047	0	4
2024.03.20	15:00:00	16134.93	16139.97	16131.1	16131.52	4696	0	3
2024.03.20	15:05:00	16144.15	16161.72	16141.88	16147.34	3033	0	4
2024.03.20	15:10:00	16135.11	16149.04	16126.88	16139.93	4964	0	2
2024.03.20	15:15:00	16143.52	16179.72	16128.21	16155.21	2888	0	2
2024.03.20	15:20:00	16129.73	16158.31	16109.56	16129.99	1365	0	4
2024.03.20	15:25:00	16109.75	16128.78	16109.4	16112.74	2774	0	1
2024.03.20	15:30:00	16120.6	16140.65	16096.04	16119.15	4628	0	1
2024.03.20	15:35:00	16072.95	16080.19	16071.5	16080.12	577	0	3
2024.03.20	15:40:00	16077.41	16084.36	16072.02	16079.77	2295	0	2
2024.03.20	15:45:00	16063.24	16063.93	16050.29	16061.53	713	0	3
2024.03.20	15:50:00	16059.94	16070.09	16054.28	16063.69	4288	0	3
2024.03.20	15:55:00	16045.91	16048.36	16042.96	16044.42	2800	0	2
2024.03.21	09:30:00	16050.42	16058.76	16044.5	16052.45	3722	0	1
2024.03.21	09:35:00	16053.0	16058.06	16042.32	16053.12	4857	0	1
2024.03.21	09:40:00	16081.08	16082.91	16070.59	16078.92	4245	0	2
2024.03.21	09:45:00	16082.83	16090.51	16076.86	16079.36	2335	0	2
2024.03.21	09:50:00	16066.03	16070.46	16060.19	16065.7	4706	0	1
2024.03.21	09:55:00	16058.57	16064.15	16057.28	16061.53	2625	0	3
2024.03.21	10:00:00	16035.76	16042.6	16034.49	16037.42	4903	0	4
2024.03.21	10:05:00	16047.43	16049.24	16038.03	16045.12	4919	0	4
2024.03.21	10:10:00	16052.44	16066.31	16049.17	16056.16	1497	0	1
2024.03.21	10:15:00	16100.78	16109.81	16098.71	16101.43	4006	0	1
2024.03.21	10:20:00	16089.02	16100.77	16083.36	16090.42	3640	0	2
2024.03.21	10:25:00	16085.49	16088.64	16076.95	16085.86	3965	0	4
2024.03.21	10:30:00	16072.03	16079.38	16070.47	16075.7	1254	0	3
2024.03.21	10:35:00	16073.14	16087.76	16064.98	16079.89	2771	0	2
2024.03.21	10:40:00	16089.06	16101.29	16079.87	16087.16	1181	0	4
2024.03.21	10:45:00	16090.02	16107.55	16081.11	16086.51	4540	0	3
2024.03.21	10:50:00	16100.09	16112.35	16093.12	16106.63	4429	0	4
2024.03.21	10:55:00	16097.05	16110.6	16093.75	16095.7	3115	0	4
2024.03.21	11:00:00	16117.96	16139.7	16106.99	16114.01	1084	0	4
2024.03.21	11:05:00	16126.33	16136.16	16109.51	16124.16	3455	0	3
2024.03.21	11:10:00	16122.74	16132.09	16117.29	16124.26	2476	0	2
2024.03.21	11:15:00	16115.39	16127.74	16114.93	16118.84	4043	0	1
2024.03.21	11:20:00	16163.8	16172.6	16158.74	16163.51	946	0	3
2024.03.21	11:25:00	16149.79	16150.42	16147.52	16148.89	2329	0	2
2024.03.21	11:30:00	16155.01	16162.42	16146.36	16154.66	2127	0	1
2024.03.21	11:35:00	16140.61	16143.22	16131.64	16141.26	4789	0	4
2024.03.21	11:40:00	16170.29	16191.01	16166.84	16174.25	1842	0	2
2024.03.21	11:45:00	16192.38	16193.37	16175.76	16190.83	4946	0	3
2024.03.21	11:50:00	16180.45	16199.78	16161.03	16178.72	4649	0	4
2024.03.21	11:55:00	16189.17	16192.71	16184.29	16188.44	3142	0	2
2024.03.21	12:00:00	16193.89	16207.57	16183.66	16193.48	1286	0	4
2024.03.21	12:05:00	16190.49	16205.39	16182.55	16184.34	1499	0	3
2024.03.21	12:10:00	16196.27	16201.19	16192.29	16198.56	577	0	3
2024.03.21	12:15:00	16210.73	16215.65	16200.5	16206.03	3987	0	2
2024.03.21	12:20:00	16207.62	16224.42	16205.27	16210.31	3764	0	4
2024.03.21	12:25:00	16213.94	16215.64	16197.88	16209.87	1949	0	1
2024.03.21	12:30:00	16222.63	16241.81	16212.7	16218.1	3790	0	3
2024.03.21	12:35:00	16221.56	16234.67	16221.56	16222.64	3096	0	4
2024.03.21	12:40:00	16230.15	16239.46	16217.26	16224.05	4174	0	1
2024.03.21	12:45:00	16214.33	16222.9	16190.27	16212.6	890	0	2
2024.03.21	12:50:00	16240.82	16251.45	16234.36	16244.05	1394	0	3
2024.03.21	12:55:00	16223.69	16227.83	16214.39	16225.07	4133	0	2
2024.03.21	13:00:00	16237.41	16242.46	16232.39	16233.25	2163	0	1
2024.03.21	13:05:00	16231.08	16237.66	16226.03	16227.69	4815	0	2
2024.03.21	13:10:00	16256.48	16270.78	16251.7	16260.38	4463	0	2
2024.03.21	13:15:00	16243.56	16248.29	16239.24	16244.08	923	0	4
2024.03.21	13:20:00	16231.63	16235.05	16210.01	16230.88	2316	0	4
2024.03.21	13:25:00	16211.53	16215.91	16206.45	16213.39	3792	0	1
2024.03.21	13:30:00	16228.32	16231.97	16215.28	16219.66	1113	0	2
2024.03.21	13:35:00	16195.64	16196.58	16193.78	16194.78	4373	0	1
2024.03.21	13:40:00	16186.11	16190.89	16172.68	16186.34	941	0	4
2024.03.21	13:45:00	16151.61	16163.81	16135.73	16147.26	992	0	2
2024.03.21	13:50:00	16150.64	16157.6	16148.15	16151.98	2945	0	4
2024.03.21	13:55:00	16146.84	16156.22	16135.9	16143.16	1610	0	1
2024.03.21	14:00:00	16110.22	16119.23	16108.66	16116.3	3376	0	3
2024.03.21	14:05:00	16134.79	16141.94	16120.04	16136.45	2263	0	1
2024.03.21	14:10:00	16116.72	16117.73	16100.58	16112.89	1718	0	3
2024.03.21	14:15:00	16133.5	16141.64	16125.83	16127.76	4265	0	1
2024.03.21	14:20:00	16112.47	16115.88	16107.66	16115.29	1217	0	1
2024.03.21	14:25:00	16141.61	16155.36	16138.77	16144.86	2720	0	1
2024.03.21	14:30:00	16160.97	16168.47	16155.4	16158.89	1258	0	3
2024.03.21	14:35:00	16138.51	16155.72	16127.63	16140.78	1116	0	3
2024.03.21	14:40:00	16123.37	16126.94	16121.87	16124.35	1423	0	3
2024.03.21	14:45:00	16138.94	16142.45	16130.28	16135.74	1653	0	1
2024.03.21	14:50:00	16129.28	16135.36	16123.15	16131.27	2354	0	2
2024.03.21	14:55:00	16121.32	16130.07	16116.59	16128.5	2603	0	2
2024.03.21	15:00:00	16147.31	16158.55	16132.45	16152.07	1124	0	4
2024.03.21	15:05:00	16138.74	16143.42	16136.77	16138.7	676	0	3
2024.03.21	15:10:00	16133.88	16141.21	16126.55	16140.7	925	0	1
2024.03.21	15:15:00	16157.39	16164.12	16143.94	16158.48	3339	0	1
2024.03.21	15:20:00	16168.51	16185.86	16148.43	16173.61	4882	0	2
2024.03.21	15:25:00	16177.01	16178.89	16164.95	16171.01	613	0	1
2024.03.21	15:30:00	16173.97	16179.75	16159.71	16166.04	656	0	2
2024.03.21	15:35:00	16130.7	16147.51	16115.24	16134.57	4013	0	4
2024.03.21	15:40:00	16116.54	16129.32	16103.23	16115.61	3762	0	1
2024.03.21	15:45:00	16118.23	16127.03	16105.9	16121.74	3802	0	3
2024.03.21	15:50:00	16118.42	16122.31	16111.54	16119.55	1278	0	2
2024.03.21	15:55:00	16127.82	16140.87	16120.03	16121.24	4394	0	3
2024.03.22	09:30:00	16138.83	16142.43	16129.06	16140.54	3306	0	3
2024.03.22	09:35:00	16118.13	16129.17	16117.25	16119.18	1209	0	3
2024.03.22	09:40:00	16111.75	16118.42	16105.26	16115.19	1020	0	2
2024.03.22	09:45:00	16123.14	16154.58	16106.42	16118.96	3211	0	4
2024.03.22	09:50:00	16094.53	16114.37	16091.86	16106.43	4005	0	2
2024.03.22	09:55:00	16131.26	16141.39	16120.59	16132.88	4014	0	1
2024.03.22	10:00:00	16149.64	16152.56	16145.98	16149.81	3143	0	1
2024.03.22	10:05:00	16153.02	16164.48	16152.33	16155.44	2820	0	1
2024.03.22	10:10:00	16191.78	16197.54	16182.49	16188.62	3629	0	2
2024.03.22	10:15:00	16165.89	16172.16	16153.89	16161.49	1088	0	4
2024.03.22	10:20:00	16156.5	16173.3	16145.74	16161.67	2142	0	1
2024.03.22	10:25:00	16176.36	16187.97	16166.48	16168.7	945	0	1
2024.03.22	10:30:00	16147.08	16152.81	16146.85	16152.29	4274	0	3
2024.03.22	10:35:00	16162.83	16164.26	16147.81	16158.11	3226	0	3
2024.03.22	10:40:00	16138.75	16146.29	16132.88	16138.2	3997	0	3
2024.03.22	10:45:00	16149.31	16153.93	16144.76	16151.15	2739	0	1
2024.03.22	10:50:00	16169.33	16182.82	16157.96	16170.83	4684	0	1
2024.03.22	10:55:00	16176.02	16187.57	16172.01	16176.14	4683	0	2
2024.03.22	11:00:00	16143.32	16149.94	16138.69	16142.56	3273	0	3
2024.03.22	11:05:00	16121.86	16140.71	16113.99	16125.22	4252	0	3
2024.03.22	11:10:00	16135.0	16148.06	16128.0	16135.86	3468	0	4
2024.03.22	11:15:00	16133.75	16138.09	16128.85	16136.57	3756	0	3
2024.03.22	11:20:00	16083.32	16088.06	16073.27	16087.74	1612	0	2
2024.03.22	11:25:00	16107.74	16115.26	16098.49	16110.72	4920	0	3
2024.03.22	11:30:00	16109.34	16130.92	16101.17	16113.54	1329	0	2
2024.03.22	11:35:00	16097.39	16099.89	16095.88	16098.92	3625	0	1
2024.03.22	11:40:00	16118.97	16123.92	16108.67	16117.39	3230	0	3
2024.03.22	11:45:00	16105.79	16114.8	16102.08	16105.35	915	0	2
2024.03.22	11:50:00	16100.32	16100.82	16093.12	16093.13	3985	0	2
2024.03.22	11:55:00	16091.92	16123.6	16090.5	16099.98	849	0	3
2024.03.22	12:00:00	16134.52	16143.11	16120.13	16132.8	2793	0	1
2024.03.22	12:05:00	16162.83	16168.38	16150.86	16162.81	4171	0	1
2024.03.22	12:10:00	16172.7	16181.34	16159.16	16169.72	1063	0	2
2024.03.22	12:15:00	16181.13	16195.45	16172.75	16178.51	2123	0	3
2024.03.22	12:20:00	16192.73	16200.69	16183.69	16193.34	2787	0	4
2024.03.22	12:25:00	16171.26	16176.25	16163.67	16170.63	4659	0	3
2024.03.22	12:30:00	16180.03	16190.67	16167.42	16182.75	2218	0	2
2024.03.22	12:35:00	16171.88	16184.56	16158.99	16169.63	1032	0	2
2024.03.22	12:40:00	16168.9	16179.1	16168.78	16175.79	1091	0	2
2024.03.22	12:45:00	16174.79	16187.71	16165.28	16171.94	1394	0	2
2024.03.22	12:50:00	16181.36	16182.0	16174.54	16181.45	4399	0	3
2024.03.22	12:55:00	16182.15	16188.62	16180.79	16183.94	3979	0	4
2024.03.22	13:00:00	16127.2	16130.79	16125.44	16128.04	2380	0	3
2024.03.22	13:05:00	16131.05	16137.33	16130.16	16131.63	4313	0	2
2024.03.22	13:10:00	16148.43	16149.75	16136.49	16143.69	4632	0	2
2024.03.22	13:15:00	16163.99	16174.83	16145.89	16152.17	4402	0	1
2024.03.22	13:20:00	16155.08	16159.59	16144.2	16150.61	520	0	4
2024.03.22	13:25:00	16178.92	16187.97	16164.28	16181.0	946	0	4
2024.03.22	13:30:00	16189.33	16198.41	16185.72	16187.02	3764	0	1
2024.03.22	13:35:00	16197.84	16203.95	16195.0	16195.37	2218	0	1
2024.03.22	13:40:00	16211.46	16216.04	16204.47	16214.86	1214	0	1
2024.03.22	13:45:00	16217.21	16236.1	16205.64	16221.84	3408	0	4
2024.03.22	13:50:00	16205.45	16213.87	16193.3	16205.68	2099	0	1
2024.03.22	13:55:00	16164.28	16176.99	16148.35	16161.33	4634	0	1
2024.03.22	14:00:00	16147.02	16166.19	16140.1	16152.92	3095	0	2
2024.03.22	14:05:00	16164.53	16168.32	16151.42	16167.17	1575	0	2
2024.03.22	14:10:00	16163.12	16166.67	16152.51	16161.03	4705	0	2
2024.03.22	14:15:00	16176.17	16183.26	16163.36	16176.02	3201	0	3
2024.03.22	14:20:00	16184.26	16194.78	16164.81	16179.07	1833	0	1
2024.03.22	14:25:00	16197.83	16213.34	16193.38	16203.0	1145	0	1
2024.03.22	14:30:00	16206.54	16218.46	16179.6	16197.91	2997	0	1
2024.03.22	14:35:00	16201.17	16207.81	16197.82	16206.82	3862	0	3
2024.03.22	14:40:00	16208.97	16219.49	16203.88	16216.43	4261	0	3
2024.03.22	14:45:00	16244.13	16257.55	16232.61	16244.35	1073	0	2
2024.03.22	14:50:00	16209.14	16214.68	16196.03	16213.31	2444	0	4
2024.03.22	14:55:00	16205.08	16206.1	16196.73	16205.22	4999	0	3
2024.03.22	15:00:00	16220.85	16231.98	16215.46	16221.12	3473	0	4
2024.03.22	15:05:00	16249.14	16268.38	16239.68	16249.87	915	0	4
2024.03.22	15:10:00	16251.51	16258.81	16246.59	16254.61	4626	0	2
2024.03.22	15:15:00	16251.14	16257.55	16242.26	16249.55	3584	0	3
2024.03.22	15:20:00	16262.64	16269.76	16249.06	16263.81	2570	0	3
2024.03.22	15:25:00	16284.21	16284.29	16264.43	16280.14	3996	0	2
2024.03.22	15:30:00	16273.17	16276.05	16267.95	16273.84	3417	0	3
2024.03.22	15:35:00	16276.69	16288.19	16273.75	16280.25	1660	0	2
2024.03.22	15:40:00	16296.12	16306.64	16294.21	16302.35	4084	0	1
2024.03.22	15:45:00	16336.97	16339.26	16328.42	16337.61	1646	0	1
2024.03.22	15:50:00	16346.98	16359.12	16327.9	16351.68	1530	0	2
2024.03.22	15:55:00	16347.83	16357.56	16342.91	16352.83	3182	0	4
2024.03.25	09:30:00	16354.1	16371.01	16347.39	16352.15	583	0	1
2024.03.25	09:35:00	16356.21	16369.05	16345.92	16362.8	3337	0	3
2024.03.25	09:40:00	16366.22	16370.15	16353.73	16360.99	2977	0	1
2024.03.25	09:45:00	16365.42	16368.26	16360.63	16364.83	3742	0	3
2024.03.25	09:50:00	16345.4	16355.16	16333.44	16345.56	1216	0	1
2024.03.25	09:55:00	16366.08	16375.2	16361.63	16369.91	3111	0	2
2024.03.25	10:00:00	16351.95	16358.43	16328.41	16349.12	2487	0	4
2024.03.25	10:05:00	16341.44	16365.14	16322.06	16341.45	1285	0	2
2024.03.25	10:10:00	16341.04	16352.92	16339.74	16343.58	2533	0	4
2024.03.25	10:15:00	16381.54	16396.4	16354.88	16380.8	4658	0	1
2024.03.25	10:20:00	16367.05	16376.7	16360.4	16373.29	4209	0	1
2024.03.25	10:25:00	16355.21	16364.76	16347.1	16361.27	1249	0	1
2024.03.25	10:30:00	16347.25	16355.09	16341.18	16351.4	4310	0	1
2024.03.25	10:35:00	16383.76	16401.88	16379.08	16382.47	3043	0	2
2024.03.25	10:40:00	16330.7	16333.32	16324.57	16330.71	712	0	4
2024.03.25	10:45:00	16316.38	16328.18	16304.96	16312.5	4640	0	1
2024.03.25	10:50:00	16359.95	16364.48	16349.22	16363.36	2866	0	2
2024.03.25	10:55:00	16376.77	16393.2	16367.02	16374.64	4608	0	1
2024.03.25	11:00:00	16354.05	16358.3	16342.93	16354.47	942	0	3
2024.03.25	11:05:00	16350.53	16365.87	16348.17	16354.02	1255	0	3
2024.03.25	11:10:00	16357.02	16359.42	16355.43	16355.6	4558	0	1
2024.03.25	11:15:00	16371.36	16384.75	16360.92	16371.6	1573	0	2
2024.03.25	11:20:00	16403.73	16428.06	16403.07	16406.06	2972	0	1
2024.03.25	11:25:00	16413.77	16425.42	16411.48	16413.61	3208	0	2
2024.03.25	11:30:00	16403.43	16406.17	16401.39	16403.91	4767	0	2
2024.03.25	11:35:00	16418.29	16428.51	16414.61	16418.87	2017	0	4
2024.03.25	11:40:00	16404.68	16415.84	16401.82	16406.22	3891	0	1
2024.03.25	11:45:00	16382.52	16391.56	16372.74	16387.36	3788	0	3
2024.03.25	11:50:00	16355.34	16361.23	16344.02	16355.07	3654	0	4
2024.03.25	11:55:00	16323.47	16338.36	16321.55	16326.43	2850	0	1
2024.03.25	12:00:00	16306.43	16313.76	16290.96	16310.2	819	0	4
2024.03.25	12:05:00	16287.9	16298.1	16284.02	16288.79	1697	0	4
2024.03.25	12:10:00	16297.6	16302.01	16276.71	16294.89	3024	0	2
2024.03.25	12:15:00	16273.79	16278.47	16262.27	16273.1	2349	0	2
2024.03.25	12:20:00	16213.65	16217.81	16211.57	16215.6	1330	0	3
2024.03.25	12:25:00	16194.68	16199.3	16188.05	16196.77	3609	0	3
2024.03.25	12:30:00	16190.78	16191.81	16182.02	16188.45	2575	0	4
2024.03.25	12:35:00	16168.89	16178.57	16164.02	16177.67	4033	0	4
2024.03.25	12:40:00	16208.78	16210.45	16204.54	16205.86	2967	0	2
2024.03.25	12:45:00	16188.05	16204.74	16182.66	16194.93	2163	0	1
2024.03.25	12:50:00	16206.22	16231.87	16198.57	16211.41	989	0	2
2024.03.25	12:55:00	16209.5	16213.04	16209.14	16211.39	972	0	3
2024.03.25	13:00:00	16218.9	16218.96	16203.24	16210.94	2782	0	4
2024.03.25	13:05:00	16202.09	16204.43	16186.99	16195.93	2089	0	2
2024.03.25	13:10:00	16197.77	16203.8	16186.02	16195.18	3731	0	4
2024.03.25	13:15:00	16182.79	16189.79	16176.89	16181.48	3337	0	1
2024.03.25	13:20:00	16178.09	16188.96	16167.12	16184.92	1779	0	3
2024.03.25	13:25:00	16181.49	16185.34	16171.96	16180.91	3919	0	2
2024.03.25	13:30:00	16161.93	16172.19	16161.15	16163.94	3046	0	3
2024.03.25	13:35:00	16179.43	16182.6	16177.92	16182.43	4458	0	2
2024.03.25	13:40:00	16191.14	16200.03	16174.23	16190.57	4789	0	4
2024.03.25	13:45:00	16180.96	16185.91	16178.3	16182.68	4828	0	1
2024.03.25	13:50:00	16188.86	16191.03	16178.82	16185.67	1071	0	4
2024.03.25	13:55:00	16177.37	16193.26	16173.87	16184.46	2882	0	2
2024.03.25	14:00:00	16169.17	16176.78	16151.85	16168.89	629	0	3
2024.03.25	14:05:00	16167.29	16171.51	16156.06	16170.51	4460	0	2
2024.03.25	14:10:00	16157.97	16163.78	16154.25	16159.47	3661	0	2
2024.03.25	14:15:00	16143.62	16143.64	16136.1	16142.51	1679	0	2
2024.03.25	14:20:00	16109.12	16116.51	16105.39	16113.2	3232	0	2
2024.03.25	14:25:00	16107.58	16111.99	16096.53	16106.98	3018	0	1
2024.03.25	14:30:00	16116.87	16120.39	16113.3	16117.64	2944	0	2
2024.03.25	14:35:00	16102.88	16106.12	16095.82	16105.29	2927	0	2
2024.03.25	14:40:00	16149.93	16160.76	16144.49	16151.65	4928	0	3
2024.03.25	14:45:00	16167.61	16174.35	16166.06	16168.18	3959	0	2
2024.03.25	14:50:00	16189.58	16215.13	16184.31	16192.4	2311	0	3
2024.03.25	14:55:00	16207.33	16214.34	16202.97	16207.31	3979	0	2
2024.03.25	15:00:00	16240.65	16252.04	16239.92	16241.67	1134	0	2
2024.03.25	15:05:00	16225.28	16229.23	16219.73	16227.53	1784	0	3
2024.03.25	15:10:00	16186.7	16193.78	16179.24	16180.87	1028	0	3
2024.03.25	15:15:00	16174.54	16177.74	16160.08	16173.02	4486	0	4
2024.03.25	15:20:00	16182.17	16197.27	16169.52	16183.57	607	0	2
2024.03.25	15:25:00	16187.21	16196.73	16184.95	16186.67	4511	0	1
2024.03.25	15:30:00	16188.28	16197.01	16187.76	16192.04	4245	0	3
2024.03.25	15:35:00	16215.0	16232.71	16201.85	16216.6	4767	0	2
2024.03.25	15:40:00	16222.77	16237.26	16206.98	16223.95	3946	0	1
2024.03.25	15:45:00	16234.37	16243.89	16224.84	16238.95	2559	0	4
2024.03.25	15:50:00	16223.43	16225.48	16215.11	16222.01	4152	0	3
2024.03.25	15:55:00	16200.37	16208.61	16179.51	16202.23	4943	0	3
