<DATE>	<TIME>	<OPEN>	<HIGH>	<LOW>	<CLOSE>	<TICKVOL>	<VOL>	<SPREAD>
2024.01.02	09:30:00	16000.0	16015.12	15982.18	16009.88	3214	0	3
2024.01.02	09:45:00	16009.88	16012.8	15977.07	15977.58	1151	0	4
2024.01.02	10:00:00	15977.58	16012.23	15969.99	16001.44	1211	0	3
2024.01.02	10:15:00	16001.44	16039.89	15982.19	16031.3	3570	0	4
2024.01.02	10:30:00	16031.3	16035.11	15946.1	15970.4	2546	0	2
2024.01.02	10:45:00	15970.4	15979.11	15910.37	15929.98	1039	0	2
2024.01.02	11:00:00	15929.98	15934.96	15916.66	15934.3	3242	0	1
2024.01.02	11:15:00	15934.3	15940.75	15917.0	15924.73	831	0	1
2024.01.02	11:30:00	15924.73	15936.07	15896.21	15924.53	1537	0	4
2024.01.02	11:45:00	15924.53	15930.3	15894.47	15898.23	3709	0	2
2024.01.02	12:00:00	15898.23	15936.43	15894.06	15925.99	1500	0	1
2024.01.02	12:15:00	15925.99	15961.09	15914.77	15950.62	785	0	2
2024.01.02	12:30:00	15950.62	15953.81	15934.86	15953.0	4819	0	2
2024.01.02	12:45:00	15953.0	15998.41	15944.06	15988.63	1510	0	3
2024.01.02	13:00:00	15988.63	16011.88	15985.19	16003.62	2816	0	1
2024.01.02	13:15:00	16003.62	16021.27	15962.47	15976.99	4211	0	1
2024.01.02	13:30:00	15976.99	16008.71	15958.81	15988.87	4954	0	3
2024.01.02	13:45:00	15988.87	16005.58	15958.95	15959.15	4143	0	1
2024.01.02	14:00:00	15959.15	15995.41	15941.71	15986.98	2028	0	2
2024.01.02	14:15:00	15986.98	16017.9	15970.32	15985.74	4343	0	3
2024.01.02	14:30:00	15985.74	15988.71	15971.44	15980.26	557	0	3
2024.01.02	14:45:00	15980.26	16027.77	15951.79	15959.26	1967	0	1
2024.01.02	15:00:00	15959.26	16001.46	15954.22	15997.89	1397	0	3
2024.01.02	15:15:00	15997.89	16001.89	15983.19	15993.36	2876	0	1
2024.01.02	15:30:00	15993.36	15999.6	15979.44	15980.25	4512	0	1
2024.01.02	15:45:00	15980.25	15986.08	15951.58	15969.54	3980	0	1
2024.01.03	09:30:00	15969.54	15999.64	15962.82	15986.54	4992	0	3
2024.01.03	09:45:00	15986.54	16000.11	15968.8	15998.32	1116	0	3
2024.01.03	10:00:00	15998.32	16039.49	15997.08	16011.59	3884	0	3
2024.01.03	10:15:00	16011.59	16029.21	16008.41	16025.45	3759	0	1
2024.01.03	10:30:00	16025.45	16097.49	16019.58	16093.22	2554	0	2
2024.01.03	10:45:00	16093.22	16107.57	16048.73	16080.72	938	0	1
2024.01.03	11:00:00	16080.72	16087.32	16056.44	16064.9	970	0	2
2024.01.03	11:15:00	16064.9	16067.01	15990.81	16039.6	4609	0	1
2024.01.03	11:30:00	16039.6	16068.89	16037.67	16059.31	1828	0	3
2024.01.03	11:45:00	16059.31	16107.48	16057.43	16095.23	3367	0	4
2024.01.03	12:00:00	16095.23	16137.39	16080.22	16091.95	4754	0	4
2024.01.03	12:15:00	16091.95	16096.11	16039.86	16065.78	2719	0	1
2024.01.03	12:30:00	16065.78	16088.73	16024.81	16040.14	1444	0	1
2024.01.03	12:45:00	16040.14	16071.94	16006.24	16060.94	2681	0	1
2024.01.03	13:00:00	16060.94	16085.51	16052.07	16084.69	1532	0	4
2024.01.03	13:15:00	16084.69	16110.79	16044.13	16102.16	1316	0	4
2024.01.03	13:30:00	16102.16	16110.92	16071.66	16081.48	4149	0	1
2024.01.03	13:45:00	16081.48	16099.8	16063.27	16089.12	2056	0	4
2024.01.03	14:00:00	16089.12	16103.3	16084.68	16093.13	3581	0	3
2024.01.03	14:15:00	16093.13	16105.73	16072.92	16100.35	3772	0	1
2024.01.03	14:30:00	16100.35	16142.07	16080.89	16128.21	2972	0	2
2024.01.03	14:45:00	16128.21	16145.42	16113.1	16135.61	2934	0	2
2024.01.03	15:00:00	16135.61	16171.97	16134.44	16157.43	1312	0	4
2024.01.03	15:15:00	16157.43	16178.73	16143.84	16159.9	2881	0	1
2024.01.03	15:30:00	16159.9	16186.26	16151.24	16169.39	3881	0	1
2024.01.03	15:45:00	16169.39	16200.67	16145.82	16189.74	1378	0	3
2024.01.04	09:30:00	16189.74	16205.25	16142.23	16143.86	1544	0	2
2024.01.04	09:45:00	16143.86	16144.49	16125.22	16134.07	3606	0	2
2024.01.04	10:00:00	16134.07	16146.36	16101.41	16119.51	4918	0	4
2024.01.04	10:15:00	16119.51	16147.35	16070.1	16099.65	2264	0	4
2024.01.04	10:30:00	16099.65	16113.28	16071.55	16091.29	4227	0	3
2024.01.04	10:45:00	16091.29	16141.66	16089.52	16138.86	1322	0	4
2024.01.04	11:00:00	16138.86	16148.78	16096.31	16111.8	3063	0	4
2024.01.04	11:15:00	16111.8	16148.76	16102.95	16142.75	4747	0	3
2024.01.04	11:30:00	16142.75	16158.37	16065.1	16089.88	2487	0	4
2024.01.04	11:45:00	16089.88	16113.51	16068.32	16079.64	2780	0	1
2024.01.04	12:00:00	16079.64	16096.32	16075.88	16085.09	1197	0	1
2024.01.04	12:15:00	16085.09	16112.84	16068.06	16103.92	2876	0	4
2024.01.04	12:30:00	16103.92	16137.63	16088.27	16126.72	3135	0	1
2024.01.04	12:45:00	16126.72	16173.82	16093.55	16152.15	4916	0	3
2024.01.04	13:00:00	16152.15	16167.69	16113.55	16141.43	1404	0	2
2024.01.04	13:15:00	16141.43	16152.88	16121.65	16127.12	2148	0	4
2024.01.04	13:30:00	16127.12	16160.27	16107.12	16154.61	3412	0	3
2024.01.04	13:45:00	16154.61	16176.18	16125.96	16148.87	4743	0	1
2024.01.04	14:00:00	16148.87	16171.39	16099.89	16108.84	1570	0	2
2024.01.04	14:15:00	16108.84	16121.82	16054.15	16073.4	3627	0	3
2024.01.04	14:30:00	16073.4	16074.76	16043.53	16044.76	4457	0	4
2024.01.04	14:45:00	16044.76	16079.33	16036.11	16060.74	3348	0	4
2024.01.04	15:00:00	16060.74	16067.37	16033.0	16065.54	2420	0	4
2024.01.04	15:15:00	16065.54	16104.33	16034.85	16087.64	1554	0	4
2024.01.04	15:30:00	16087.64	16108.17	16073.51	16074.48	1796	0	4
2024.01.04	15:45:00	16074.48	16083.06	16066.09	16079.8	732	0	3
2024.01.05	09:30:00	16079.8	16116.04	16065.3	16099.86	1184	0	2
2024.01.05	09:45:00	16099.86	16106.47	16075.01	16090.42	2470	0	3
2024.01.05	10:00:00	16090.42	16114.22	16068.78	16105.16	1132	0	4
2024.01.05	10:15:00	16105.16	16123.54	16080.61	16084.59	545	0	2
2024.01.05	10:30:00	16084.59	16089.42	16071.85	16073.47	3617	0	4
2024.01.05	10:45:00	16073.47	16090.87	16053.84	16061.76	819	0	3
2024.01.05	11:00:00	16061.76	16068.51	16020.06	16024.45	1135	0	1
2024.01.05	11:15:00	16024.45	16045.48	15984.16	16040.09	3178	0	4
2024.01.05	11:30:00	16040.09	16047.63	16023.74	16025.65	4648	0	4
2024.01.05	11:45:00	16025.65	16031.4	16018.81	16026.36	3760	0	3
2024.01.05	12:00:00	16026.36	16057.86	16010.4	16041.8	646	0	1
2024.01.05	12:15:00	16041.8	16064.81	16038.03	16056.17	1255	0	1
2024.01.05	12:30:00	16056.17	16078.11	16033.51	16077.46	3831	0	4
2024.01.05	12:45:00	16077.46	16078.43	16072.08	16074.68	3796	0	1
2024.01.05	13:00:00	16074.68	16085.78	16057.75	16061.66	2259	0	2
2024.01.05	13:15:00	16061.66	16077.81	16031.38	16059.47	4773	0	3
2024.01.05	13:30:00	16059.47	16075.49	15981.31	16006.74	4498	0	1
2024.01.05	13:45:00	16006.74	16014.06	15932.96	15961.69	3844	0	4
2024.01.05	14:00:00	15961.69	15982.3	15914.74	15920.66	3867	0	3
2024.01.05	14:15:00	15920.66	15939.52	15868.64	15889.87	4031	0	1
2024.01.05	14:30:00	15889.87	15937.49	15870.31	15902.65	1167	0	2
2024.01.05	14:45:00	15902.65	15918.27	15874.28	15874.75	3653	0	2
2024.01.05	15:00:00	15874.75	15896.97	15859.5	15863.3	4729	0	1
2024.01.05	15:15:00	15863.3	15905.42	15850.18	15904.09	1511	0	4
2024.01.05	15:30:00	15904.09	15930.0	15883.6	15893.3	565	0	2
2024.01.05	15:45:00	15893.3	15945.41	15880.76	15916.62	2124	0	3
2024.01.08	09:30:00	15916.62	15920.61	15872.47	15887.83	1713	0	3
2024.01.08	09:45:00	15887.83	15897.05	15863.24	15881.74	4771	0	1
2024.01.08	10:00:00	15881.74	15895.99	15846.99	15852.5	2506	0	3
2024.01.08	10:15:00	15852.5	15853.47	15838.63	15842.28	3475	0	2
2024.01.08	10:30:00	15842.28	15878.3	15832.31	15868.72	4918	0	1
2024.01.08	10:45:00	15868.72	15891.33	15815.24	15815.38	4050	0	2
2024.01.08	11:00:00	15815.38	15836.14	15809.44	15829.17	3870	0	3
2024.01.08	11:15:00	15829.17	15860.32	15816.49	15836.87	4859	0	1
2024.01.08	11:30:00	15836.87	15853.57	15786.63	15818.74	3599	0	4
2024.01.08	11:45:00	15818.74	15832.24	15765.3	15774.26	1541	0	3
2024.01.08	12:00:00	15774.26	15784.31	15750.19	15776.81	3770	0	2
2024.01.08	12:15:00	15776.81	15785.25	15757.83	15760.75	1947	0	3
2024.01.08	12:30:00	15760.75	15785.23	15748.28	15768.26	1989	0	2
2024.01.08	12:45:00	15768.26	15780.71	15756.91	15769.25	3401	0	3
2024.01.08	13:00:00	15769.25	15833.28	15751.52	15819.18	1919	0	1
2024.01.08	13:15:00	15819.18	15837.04	15799.04	15812.07	609	0	3
2024.01.08	13:30:00	15812.07	15829.34	15764.04	15780.68	4998	0	1
2024.01.08	13:45:00	15780.68	15799.75	15752.11	15786.55	3070	0	1
2024.01.08	14:00:00	15786.55	15797.7	15782.54	15793.68	3515	0	2
2024.01.08	14:15:00	15793.68	15840.16	15793.14	15836.15	4139	0	1
2024.01.08	14:30:00	15836.15	15869.97	15828.02	15862.42	3355	0	2
2024.01.08	14:45:00	15862.42	15879.09	15857.03	15873.85	3246	0	1
2024.01.08	15:00:00	15873.85	15932.96	15847.21	15919.78	4063	0	1
2024.01.08	15:15:00	15919.78	15940.86	15867.39	15883.03	1829	0	1
2024.01.08	15:30:00	15883.03	15896.62	15848.78	15863.43	4227	0	4
2024.01.08	15:45:00	15863.43	15866.32	15809.94	15834.95	3758	0	3
2024.01.09	09:30:00	15834.95	15852.8	15813.47	15823.16	1319	0	1
2024.01.09	09:45:00	15823.16	15823.86	15748.0	15780.82	1157	0	1
2024.01.09	10:00:00	15780.82	15822.57	15773.85	15800.8	4458	0	4
2024.01.09	10:15:00	15800.8	15815.77	15792.28	15794.23	4526	0	3
2024.01.09	10:30:00	15794.23	15799.97	15738.85	15749.06	4971	0	4
2024.01.09	10:45:00	15749.06	15754.34	15715.82	15718.03	954	0	1
2024.01.09	11:00:00	15718.03	15738.0	15690.69	15728.01	4530	0	2
2024.01.09	11:15:00	15728.01	15779.6	15717.45	15754.2	4385	0	1
2024.01.09	11:30:00	15754.2	15829.93	15749.21	15816.33	3954	0	2
2024.01.09	11:45:00	15816.33	15912.56	15815.44	15907.29	2740	0	1
2024.01.09	12:00:00	15907.29	15922.22	15901.2	15920.54	2788	0	1
2024.01.09	12:15:00	15920.54	15937.6	15876.05	15890.0	2428	0	3
2024.01.09	12:30:00	15890.0	15895.15	15812.72	15824.01	631	0	4
2024.01.09	12:45:00	15824.01	15857.66	15805.84	15832.64	2752	0	3
2024.01.09	13:00:00	15832.64	15840.25	15799.8	15807.73	1567	0	4
2024.01.09	13:15:00	15807.73	15813.86	15763.05	15795.18	1400	0	4
2024.01.09	13:30:00	15795.18	15837.76	15753.56	15776.54	751	0	4
2024.01.09	13:45:00	15776.54	15777.14	15749.22	15772.5	2559	0	1
2024.01.09	14:00:00	15772.5	15810.68	15764.2	15805.83	715	0	2
2024.01.09	14:15:00	15805.83	15823.7	15799.29	15811.01	4323	0	3
2024.01.09	14:30:00	15811.01	15827.78	15805.32	15806.41	4502	0	4
2024.01.09	14:45:00	15806.41	15811.47	15753.01	15774.65	4104	0	4
2024.01.09	15:00:00	15774.65	15777.4	15717.3	15723.24	1854	0	3
2024.01.09	15:15:00	15723.24	15729.06	15708.42	15708.57	1233	0	2
2024.01.09	15:30:00	15708.57	15738.1	15677.74	15707.23	2770	0	2
2024.01.09	15:45:00	15707.23	15779.59	15703.33	15762.1	3530	0	1
2024.01.10	09:30:00	15762.1	15781.3	15744.04	15766.44	592	0	2
2024.01.10	09:45:00	15766.44	15829.86	15746.85	15797.17	4355	0	1
2024.01.10	10:00:00	15797.17	15809.04	15766.12	15782.03	2473	0	4
2024.01.10	10:15:00	15782.03	15788.21	15734.57	15745.71	4188	0	1
2024.01.10	10:30:00	15745.71	15772.63	15699.55	15716.25	850	0	2
2024.01.10	10:45:00	15716.25	15728.09	15679.49	15694.22	2415	0	4
2024.01.10	11:00:00	15694.22	15768.8	15693.85	15760.19	2562	0	4
2024.01.10	11:15:00	15760.19	15780.35	15713.82	15735.14	716	0	2
2024.01.10	11:30:00	15735.14	15772.79	15732.34	15761.35	3683	0	2
2024.01.10	11:45:00	15761.35	15776.94	15720.87	15733.78	4690	0	3
2024.01.10	12:00:00	15733.78	15783.87	15727.07	15762.86	2932	0	4
2024.01.10	12:15:00	15762.86	15791.69	15759.01	15775.08	2281	0	4
2024.01.10	12:30:00	15775.08	15781.37	15753.08	15770.55	3362	0	3
2024.01.10	12:45:00	15770.55	15786.46	15759.58	15769.61	2124	0	2
2024.01.10	13:00:00	15769.61	15772.97	15722.53	15749.69	2118	0	2
2024.01.10	13:15:00	15749.69	15768.07	15748.56	15763.79	3917	0	3
2024.01.10	13:30:00	15763.79	15771.43	15734.56	15750.04	3159	0	4
2024.01.10	13:45:00	15750.04	15758.6	15707.69	15712.54	1687	0	1
2024.01.10	14:00:00	15712.54	15721.53	15648.98	15673.53	2333	0	4
2024.01.10	14:15:00	15673.53	15688.68	15657.94	15679.15	4256	0	2
2024.01.10	14:30:00	15679.15	15734.91	15658.23	15728.09	2879	0	1
2024.01.10	14:45:00	15728.09	15734.28	15725.9	15733.34	842	0	1
2024.01.10	15:00:00	15733.34	15740.15	15700.83	15730.0	4356	0	2
2024.01.10	15:15:00	15730.0	15741.47	15728.53	15739.13	3833	0	1
2024.01.10	15:30:00	15739.13	15788.33	15738.58	15779.81	1700	0	1
2024.01.10	15:45:00	15779.81	15818.84	15769.9	15786.92	4846	0	2
2024.01.11	09:30:00	15786.92	15801.46	15733.18	15774.52	4783	0	4
2024.01.11	09:45:00	15774.52	15824.22	15771.35	15809.09	4980	0	3
2024.01.11	10:00:00	15809.09	15870.63	15808.33	15822.71	2200	0	1
2024.01.11	10:15:00	15822.71	15878.78	15799.65	15870.75	4657	0	3
2024.01.11	10:30:00	15870.75	15884.32	15855.74	15876.78	4128	0	2
2024.01.11	10:45:00	15876.78	15887.74	15821.4	15839.01	4418	0	3
2024.01.11	11:00:00	15839.01	15854.68	15777.65	15796.89	2961	0	1
2024.01.11	11:15:00	15796.89	15855.33	15792.82	15848.43	1754	0	1
2024.01.11	11:30:00	15848.43	15910.31	15834.38	15902.42	1520	0	2
2024.01.11	11:45:00	15902.42	15912.51	15894.06	15897.14	4849	0	4
2024.01.11	12:00:00	15897.14	15899.85	15882.35	15885.51	2760	0	3
2024.01.11	12:15:00	15885.51	15933.58	15861.55	15931.42	4675	0	1
2024.01.11	12:30:00	15931.42	15948.41	15891.88	15897.19	2996	0	4
2024.01.11	12:45:00	15897.19	15910.65	15866.44	15869.64	2904	0	4
2024.01.11	13:00:00	15869.64	15892.51	15855.62	15889.99	829	0	3
2024.01.11	13:15:00	15889.99	15900.43	15861.0	15878.02	2309	0	3
2024.01.11	13:30:00	15878.02	15895.85	15865.82	15878.17	3002	0	1
2024.01.11	13:45:00	15878.17	15890.22	15851.31	15873.4	991	0	3
2024.01.11	14:00:00	15873.4	15909.25	15863.93	15884.23	1229	0	4
2024.01.11	14:15:00	15884.23	15933.35	15881.62	15928.46	3157	0	2
2024.01.11	14:30:00	15928.46	15934.19	15909.1	15931.61	1616	0	1
2024.01.11	14:45:00	15931.61	15964.24	15930.19	15952.06	3652	0	4
2024.01.11	15:00:00	15952.06	15966.29	15887.85	15888.37	2571	0	3
2024.01.11	15:15:00	15888.37	15892.79	15860.35	15887.17	2317	0	3
2024.01.11	15:30:00	15887.17	15896.28	15836.01	15861.23	1028	0	3
2024.01.11	15:45:00	15861.23	15862.23	15823.55	15823.68	2327	0	1
2024.01.12	09:30:00	15823.68	15834.14	15789.74	15796.77	2939	0	1
2024.01.12	09:45:00	15796.77	15800.81	15764.09	15786.74	3079	0	4
2024.01.12	10:00:00	15786.74	15815.73	15774.35	15815.43	1715	0	4
2024.01.12	10:15:00	15815.43	15815.97	15769.78	15774.66	625	0	1
2024.01.12	10:30:00	15774.66	15805.1	15769.68	15775.93	4706	0	3
2024.01.12	10:45:00	15775.93	15782.08	15756.14	15761.27	4810	0	3
2024.01.12	11:00:00	15761.27	15762.14	15751.12	15751.46	4568	0	2
2024.01.12	11:15:00	15751.46	15787.14	15741.2	15782.78	1804	0	3
2024.01.12	11:30:00	15782.78	15803.59	15780.78	15799.76	3211	0	4
2024.01.12	11:45:00	15799.76	15849.15	15795.65	15841.57	1134	0	4
2024.01.12	12:00:00	15841.57	15858.33	15831.26	15837.09	4575	0	1
2024.01.12	12:15:00	15837.09	15862.37	15801.79	15815.81	524	0	2
2024.01.12	12:30:00	15815.81	15821.21	15789.2	15809.18	2618	0	4
2024.01.12	12:45:00	15809.18	15828.87	15794.15	15817.02	4356	0	1
2024.01.12	13:00:00	15817.02	15849.0	15812.73	15822.81	3765	0	4
2024.01.12	13:15:00	15822.81	15834.95	15777.81	15789.51	4384	0	2
2024.01.12	13:30:00	15789.51	15815.37	15788.31	15792.63	2733	0	3
2024.01.12	13:45:00	15792.63	15803.62	15773.5	15800.02	928	0	2
2024.01.12	14:00:00	15800.02	15882.53	15789.6	15878.54	535	0	4
2024.01.12	14:15:00	15878.54	15940.18	15876.26	15937.41	1185	0	3
2024.01.12	14:30:00	15937.41	15945.84	15870.62	15911.08	758	0	3
2024.01.12	14:45:00	15911.08	15925.39	15879.71	15902.43	2515	0	2
2024.01.12	15:00:00	15902.43	15903.45	15846.12	15857.17	727	0	1
2024.01.12	15:15:00	15857.17	15863.71	15835.26	15839.13	1335	0	4
2024.01.12	15:30:00	15839.13	15862.09	15836.59	15849.26	2387	0	2
2024.01.12	15:45:00	15849.26	15899.65	15833.66	15887.1	3811	0	1
2024.01.15	09:30:00	15887.1	15892.48	15837.66	15864.72	3534	0	4
2024.01.15	09:45:00	15864.72	15906.78	15831.14	15844.69	761	0	1
2024.01.15	10:00:00	15844.69	15854.35	15777.69	15778.43	4564	0	3
2024.01.15	10:15:00	15778.43	15786.54	15741.14	15773.71	2973	0	2
2024.01.15	10:30:00	15773.71	15789.48	15732.79	15741.19	2069	0	4
2024.01.15	10:45:00	15741.19	15743.75	15721.35	15725.17	2222	0	1
2024.01.15	11:00:00	15725.17	15726.03	15695.15	15698.47	4317	0	4
2024.01.15	11:15:00	15698.47	15733.24	15685.69	15695.88	2592	0	1
2024.01.15	11:30:00	15695.88	15699.19	15636.94	15642.18	1606	0	4
2024.01.15	11:45:00	15642.18	15656.42	15571.18	15597.55	2411	0	2
2024.01.15	12:00:00	15597.55	15670.59	15587.42	15663.13	807	0	1
2024.01.15	12:15:00	15663.13	15682.82	15615.36	15623.95	1189	0	2
2024.01.15	12:30:00	15623.95	15624.41	15589.64	15590.69	1915	0	1
2024.01.15	12:45:00	15590.69	15651.61	15590.25	15647.27	1491	0	2
2024.01.15	13:00:00	15647.27	15741.66	15635.48	15736.98	2071	0	3
2024.01.15	13:15:00	15736.98	15738.91	15689.34	15701.18	791	0	3
2024.01.15	13:30:00	15701.18	15705.11	15674.61	15690.16	3245	0	3
2024.01.15	13:45:00	15690.16	15724.64	15683.7	15700.99	1018	0	4
2024.01.15	14:00:00	15700.99	15777.44	15684.13	15754.62	1476	0	2
2024.01.15	14:15:00	15754.62	15763.64	15723.81	15724.48	4900	0	3
2024.01.15	14:30:00	15724.48	15724.6	15715.41	15717.23	526	0	1
2024.01.15	14:45:00	15717.23	15750.91	15686.82	15741.52	1759	0	2
2024.01.15	15:00:00	15741.52	15764.92	15740.89	15755.26	2750	0	3
2024.01.15	15:15:00	15755.26	15759.58	15730.56	15743.96	1881	0	1
2024.01.15	15:30:00	15743.96	15758.86	15733.18	15740.14	1942	0	2
2024.01.15	15:45:00	15740.14	15744.44	15663.75	15698.07	1071	0	1
2024.01.16	09:30:00	15698.07	15701.55	15671.81	15691.06	2405	0	4
2024.01.16	09:45:00	15691.06	15696.06	15660.89	15683.17	3898	0	3
2024.01.16	10:00:00	15683.17	15719.53	15640.11	15690.63	3145	0	3
2024.01.16	10:15:00	15690.63	15700.92	15662.21	15673.87	4658	0	3
2024.01.16	10:30:00	15673.87	15689.81	15671.36	15688.68	3648	0	1
2024.01.16	10:45:00	15688.68	15726.75	15673.7	15720.19	4053	0	1
2024.01.16	11:00:00	15720.19	15725.65	15711.56	15725.29	2442	0	2
2024.01.16	11:15:00	15725.29	15744.18	15723.63	15736.46	3256	0	1
2024.01.16	11:30:00	15736.46	15762.32	15726.46	15738.41	3101	0	2
2024.01.16	11:45:00	15738.41	15746.62	15732.27	15738.73	4159	0	2
2024.01.16	12:00:00	15738.73	15755.3	15706.74	15716.79	2754	0	4
2024.01.16	12:15:00	15716.79	15753.49	15706.2	15726.86	2319	0	2
2024.01.16	12:30:00	15726.86	15739.13	15717.8	15724.18	815	0	1
2024.01.16	12:45:00	15724.18	15805.39	15722.05	15789.17	4367	0	4
2024.01.16	13:00:00	15789.17	15847.35	15759.33	15838.28	2459	0	1
2024.01.16	13:15:00	15838.28	15859.93	15815.68	15850.59	4093	0	1
2024.01.16	13:30:00	15850.59	15864.64	15809.4	15827.21	3551	0	2
2024.01.16	13:45:00	15827.21	15831.24	15779.36	15793.03	507	0	1
2024.01.16	14:00:00	15793.03	15859.13	15786.61	15830.28	3431	0	4
2024.01.16	14:15:00	15830.28	15846.44	15826.88	15838.76	2695	0	2
2024.01.16	14:30:00	15838.76	15860.2	15822.21	15854.0	1578	0	4
2024.01.16	14:45:00	15854.0	15866.82	15788.5	15800.16	1690	0	1
2024.01.16	15:00:00	15800.16	15840.31	15783.56	15829.24	3370	0	3
2024.01.16	15:15:00	15829.24	15860.02	15819.8	15843.67	888	0	1
2024.01.16	15:30:00	15843.67	15867.22	15806.27	15809.52	3228	0	1
2024.01.16	15:45:00	15809.52	15828.87	15778.2	15795.23	4307	0	2
2024.01.17	09:30:00	15795.23	15814.71	15780.99	15803.71	890	0	4
2024.01.17	09:45:00	15803.71	15831.56	15797.89	15805.66	535	0	2
2024.01.17	10:00:00	15805.66	15813.3	15777.23	15796.92	772	0	4
2024.01.17	10:15:00	15796.92	15797.54	15757.7	15794.03	3785	0	1
2024.01.17	10:30:00	15794.03	15828.03	15782.05	15786.54	4315	0	2
2024.01.17	10:45:00	15786.54	15822.9	15781.81	15791.58	4946	0	3
2024.01.17	11:00:00	15791.58	15839.55	15773.73	15837.54	629	0	2
2024.01.17	11:15:00	15837.54	15843.1	15734.05	15758.33	2669	0	3
2024.01.17	11:30:00	15758.33	15775.42	15728.93	15751.33	716	0	3
2024.01.17	11:45:00	15751.33	15758.11	15729.53	15757.1	2170	0	1
2024.01.17	12:00:00	15757.1	15768.34	15739.0	15766.56	1885	0	3
2024.01.17	12:15:00	15766.56	15781.16	15737.75	15755.38	3226	0	4
2024.01.17	12:30:00	15755.38	15757.49	15697.9	15701.51	4590	0	4
2024.01.17	12:45:00	15701.51	15730.85	15696.61	15711.93	4121	0	2
2024.01.17	13:00:00	15711.93	15765.68	15687.92	15765.56	786	0	2
2024.01.17	13:15:00	15765.56	15767.34	15708.5	15718.52	1581	0	4
2024.01.17	13:30:00	15718.52	15761.92	15708.05	15745.48	1737	0	4
2024.01.17	13:45:00	15745.48	15760.59	15719.39	15735.66	1628	0	4
2024.01.17	14:00:00	15735.66	15779.08	15727.39	15734.08	2089	0	4
2024.01.17	14:15:00	15734.08	15739.87	15701.33	15701.94	3232	0	2
2024.01.17	14:30:00	15701.94	15707.8	15691.49	15691.96	3828	0	1
2024.01.17	14:45:00	15691.96	15740.43	15665.98	15732.33	4729	0	1
2024.01.17	15:00:00	15732.33	15779.62	15688.61	15750.63	3663	0	2
2024.01.17	15:15:00	15750.63	15816.83	15735.85	15804.55	1842	0	4
2024.01.17	15:30:00	15804.55	15866.33	15804.46	15841.4	1328	0	2
2024.01.17	15:45:00	15841.4	15877.19	15824.54	15855.37	2195	0	2
2024.01.18	09:30:00	15855.37	15915.32	15851.35	15910.01	4098	0	4
2024.01.18	09:45:00	15910.01	15925.7	15908.04	15924.03	4969	0	1
2024.01.18	10:00:00	15924.03	15970.23	15913.76	15950.22	2265	0	3
2024.01.18	10:15:00	15950.22	15958.45	15940.26	15941.27	1292	0	3
2024.01.18	10:30:00	15941.27	15953.85	15931.45	15943.67	522	0	4
2024.01.18	10:45:00	15943.67	15945.23	15918.51	15922.2	846	0	2
2024.01.18	11:00:00	15922.2	15957.89	15915.12	15953.44	3365	0	3
2024.01.18	11:15:00	15953.44	15983.56	15914.35	15916.94	3153	0	4
2024.01.18	11:30:00	15916.94	15972.69	15916.82	15941.7	3394	0	4
2024.01.18	11:45:00	15941.7	15942.43	15908.86	15936.06	609	0	3
2024.01.18	12:00:00	15936.06	15974.03	15928.85	15973.02	2466	0	3
2024.01.18	12:15:00	15973.02	16002.74	15965.96	15996.88	1311	0	4
2024.01.18	12:30:00	15996.88	16071.84	15977.1	16054.43	2014	0	4
2024.01.18	12:45:00	16054.43	16082.96	16045.12	16077.77	3299	0	3
2024.01.18	13:00:00	16077.77	16084.41	16010.21	16028.6	1740	0	2
2024.01.18	13:15:00	16028.6	16043.98	16010.93	16026.82	3467	0	3
2024.01.18	13:30:00	16026.82	16035.28	15984.52	15990.34	1801	0	1
2024.01.18	13:45:00	15990.34	15990.93	15954.95	15974.42	2796	0	3
2024.01.18	14:00:00	15974.42	16046.99	15963.37	16022.15	2565	0	2
2024.01.18	14:15:00	16022.15	16053.59	16002.48	16042.52	2226	0	4
2024.01.18	14:30:00	16042.52	16073.05	15997.49	16020.86	1067	0	3
2024.01.18	14:45:00	16020.86	16032.19	15971.36	15989.36	3092	0	4
2024.01.18	15:00:00	15989.36	16013.63	15982.18	15990.71	4955	0	4
2024.01.18	15:15:00	15990.71	16003.98	15951.73	15952.92	3395	0	4
2024.01.18	15:30:00	15952.92	15956.62	15923.11	15932.26	3856	0	1
2024.01.18	15:45:00	15932.26	15957.07	15904.77	15942.33	4115	0	4
2024.01.19	09:30:00	15942.33	15982.38	15917.27	15978.81	671	0	2
2024.01.19	09:45:00	15978.81	16010.33	15971.14	15998.22	4067	0	3
2024.01.19	10:00:00	15998.22	15999.82	15896.37	15926.81	1591	0	2
2024.01.19	10:15:00	15926.81	15958.71	15919.83	15936.64	3491	0	2
2024.01.19	10:30:00	15936.64	15959.76	15934.11	15939.21	4927	0	4
2024.01.19	10:45:00	15939.21	15974.08	15932.71	15952.47	4524	0	4
2024.01.19	11:00:00	15952.47	16011.15	15950.25	16003.44	2364	0	3
2024.01.19	11:15:00	16003.44	16035.82	15933.41	15939.13	4271	0	1
2024.01.19	11:30:00	15939.13	15960.42	15907.8	15920.98	3283	0	1
2024.01.19	11:45:00	15920.98	15969.4	15916.53	15939.76	1099	0	1
2024.01.19	12:00:00	15939.76	15961.97	15880.63	15890.71	1579	0	4
2024.01.19	12:15:00	15890.71	15951.73	15890.13	15937.1	4805	0	2
2024.01.19	12:30:00	15937.1	15973.1	15931.11	15948.93	4618	0	1
2024.01.19	12:45:00	15948.93	15980.5	15922.06	15975.75	4512	0	3
2024.01.19	13:00:00	15975.75	15992.92	15945.89	15958.19	2228	0	4
2024.01.19	13:15:00	15958.19	15992.63	15939.19	15984.0	1944	0	3
2024.01.19	13:30:00	15984.0	16038.41	15974.43	16017.85	4127	0	2
2024.01.19	13:45:00	16017.85	16035.09	16009.62	16025.49	590	0	1
2024.01.19	14:00:00	16025.49	16066.78	16021.79	16033.18	4538	0	4
2024.01.19	14:15:00	16033.18	16045.51	16030.92	16042.0	3217	0	1
2024.01.19	14:30:00	16042.0	16059.9	15999.35	16015.18	3347	0	4
2024.01.19	14:45:00	16015.18	16015.47	15991.0	16010.87	2472	0	1
2024.01.19	15:00:00	16010.87	16018.7	15992.54	16006.4	4906	0	1
2024.01.19	15:15:00	16006.4	16032.73	16001.61	16018.76	3873	0	2
2024.01.19	15:30:00	16018.76	16065.87	16008.68	16050.52	742	0	1
2024.01.19	15:45:00	16050.52	16071.14	16014.06	16017.56	2860	0	1
2024.01.22	09:30:00	16017.56	16031.29	16002.65	16013.95	4368	0	1
2024.01.22	09:45:00	16013.95	16077.9	15992.84	16060.87	844	0	3
2024.01.22	10:00:00	16060.87	16072.41	16035.49	16037.78	3815	0	4
2024.01.22	10:15:00	16037.78	16041.96	16011.35	16012.26	1601	0	1
2024.01.22	10:30:00	16012.26	16020.34	16002.47	16018.94	2779	0	3
2024.01.22	10:45:00	16018.94	16049.54	16009.07	16045.81	4471	0	2
2024.01.22	11:00:00	16045.81	16065.57	16006.47	16046.49	2715	0	2
2024.01.22	11:15:00	16046.49	16103.76	16029.47	16088.69	669	0	2
2024.01.22	11:30:00	16088.69	16120.52	16087.72	16116.07	593	0	4
2024.01.22	11:45:00	16116.07	16146.84	16115.06	16143.02	3815	0	3
2024.01.22	12:00:00	16143.02	16183.73	16116.36	16160.89	4689	0	3
2024.01.22	12:15:00	16160.89	16235.83	16151.66	16235.16	1813	0	4
2024.01.22	12:30:00	16235.16	16251.13	16227.66	16228.95	4709	0	3
2024.01.22	12:45:00	16228.95	16246.13	16165.12	16165.63	2536	0	1
2024.01.22	13:00:00	16165.63	16220.58	16148.13	16216.9	764	0	1
2024.01.22	13:15:00	16216.9	16226.36	16193.3	16202.67	2889	0	2
2024.01.22	13:30:00	16202.67	16210.3	16200.44	16206.43	4881	0	1
2024.01.22	13:45:00	16206.43	16269.49	16189.12	16248.43	1625	0	3
2024.01.22	14:00:00	16248.43	16258.56	16175.24	16197.77	4822	0	2
2024.01.22	14:15:00	16197.77	16216.68	16152.17	16158.38	3433	0	1
2024.01.22	14:30:00	16158.38	16160.94	16096.87	16108.04	2282	0	2
2024.01.22	14:45:00	16108.04	16134.08	16081.49	16083.3	3620	0	4
2024.01.22	15:00:00	16083.3	16100.35	16075.26	16097.49	2303	0	4
2024.01.22	15:15:00	16097.49	16121.45	16093.53	16114.37	882	0	4
2024.01.22	15:30:00	16114.37	16132.06	16105.93	16123.43	4418	0	4
2024.01.22	15:45:00	16123.43	16139.82	16068.82	16079.14	2182	0	3
2024.01.23	09:30:00	16079.14	16087.19	16001.46	16006.78	3045	0	4
2024.01.23	09:45:00	16006.78	16030.68	16001.16	16008.8	3849	0	4
2024.01.23	10:00:00	16008.8	16018.62	15987.2	15994.32	873	0	3
2024.01.23	10:15:00	15994.32	16025.94	15973.36	16009.05	3747	0	2
2024.01.23	10:30:00	16009.05	16037.04	16007.84	16031.43	2143	0	4
2024.01.23	10:45:00	16031.43	16040.88	16028.58	16036.1	2950	0	2
2024.01.23	11:00:00	16036.1	16067.37	16031.04	16060.34	2557	0	1
2024.01.23	11:15:00	16060.34	16068.83	16057.21	16067.88	3999	0	1
2024.01.23	11:30:00	16067.88	16085.12	16056.1	16084.92	1343	0	3
2024.01.23	11:45:00	16084.92	16095.28	16051.97	16063.03	984	0	1
2024.01.23	12:00:00	16063.03	16074.48	16048.99	16057.69	2349	0	1
2024.01.23	12:15:00	16057.69	16064.84	16053.9	16064.21	1031	0	1
2024.01.23	12:30:00	16064.21	16095.33	16055.28	16090.4	1592	0	3
2024.01.23	12:45:00	16090.4	16115.42	16061.84	16078.3	3458	0	2
2024.01.23	13:00:00	16078.3	16109.59	16068.95	16095.07	4184	0	3
2024.01.23	13:15:00	16095.07	16119.82	16086.69	16087.0	3620	0	3
2024.01.23	13:30:00	16087.0	16093.07	16071.21	16083.61	1929	0	4
2024.01.23	13:45:00	16083.61	16131.03	16082.1	16110.12	4165	0	1
2024.01.23	14:00:00	16110.12	16134.46	16032.4	16047.6	2327	0	2
2024.01.23	14:15:00	16047.6	16049.36	15981.09	16007.17	1314	0	3
2024.01.23	14:30:00	16007.17	16031.67	15948.2	15961.02	3903	0	2
2024.01.23	14:45:00	15961.02	15963.95	15881.07	15888.46	2825	0	1
2024.01.23	15:00:00	15888.46	15908.82	15854.63	15867.66	2167	0	1
2024.01.23	15:15:00	15867.66	15896.8	15850.64	15891.31	3473	0	2
2024.01.23	15:30:00	15891.31	15898.66	15876.17	15882.75	3761	0	2
2024.01.23	15:45:00	15882.75	15910.05	15861.34	15889.23	1506	0	1
2024.01.24	09:30:00	15889.23	15938.17	15882.95	15923.53	1027	0	2
2024.01.24	09:45:00	15923.53	15970.61	15920.17	15965.37	2826	0	3
2024.01.24	10:00:00	15965.37	15978.88	15946.75	15963.52	731	0	4
2024.01.24	10:15:00	15963.52	16019.05	15935.18	16006.27	3373	0	3
2024.01.24	10:30:00	16006.27	16012.27	15975.4	16009.49	2479	0	1
2024.01.24	10:45:00	16009.49	16015.01	15945.23	15983.54	1465	0	3
2024.01.24	11:00:00	15983.54	15985.95	15922.87	15965.23	3193	0	1
2024.01.24	11:15:00	15965.23	15971.57	15917.74	15919.26	2190	0	1
2024.01.24	11:30:00	15919.26	15923.42	15880.67	15891.88	2247	0	3
2024.01.24	11:45:00	15891.88	15901.99	15876.92	15881.04	1473	0	2
2024.01.24	12:00:00	15881.04	15931.45	15874.53	15906.41	3542	0	2
2024.01.24	12:15:00	15906.41	15976.91	15893.74	15960.5	4563	0	4
2024.01.24	12:30:00	15960.5	15972.4	15915.85	15917.61	3284	0	1
2024.01.24	12:45:00	15917.61	15939.07	15903.39	15930.2	1565	0	1
2024.01.24	13:00:00	15930.2	15941.8	15895.35	15898.04	4250	0	3
2024.01.24	13:15:00	15898.04	15931.65	15890.01	15913.16	1043	0	2
2024.01.24	13:30:00	15913.16	15929.3	15890.92	15909.39	1803	0	4
2024.01.24	13:45:00	15909.39	15935.98	15827.09	15852.68	658	0	1
2024.01.24	14:00:00	15852.68	15896.32	15821.71	15881.89	4317	0	2
2024.01.24	14:15:00	15881.89	15885.82	15853.38	15863.37	702	0	1
2024.01.24	14:30:00	15863.37	15866.66	15844.95	15847.09	2958	0	1
2024.01.24	14:45:00	15847.09	15853.46	15808.03	15814.19	1362	0	2
2024.01.24	15:00:00	15814.19	15823.21	15785.74	15794.23	1454	0	3
2024.01.24	15:15:00	15794.23	15820.62	15766.77	15807.81	3236	0	1
2024.01.24	15:30:00	15807.81	15818.93	15793.27	15802.26	4116	0	4
2024.01.24	15:45:00	15802.26	15814.52	15778.73	15812.76	579	0	3
2024.01.25	09:30:00	15812.76	15843.8	15791.3	15824.31	1213	0	2
2024.01.25	09:45:00	15824.31	15868.3	15818.11	15865.66	1790	0	4
2024.01.25	10:00:00	15865.66	15887.15	15851.15	15855.32	4746	0	2
2024.01.25	10:15:00	15855.32	15881.38	15783.08	15809.78	761	0	1
2024.01.25	10:30:00	15809.78	15854.36	15797.07	15843.22	1303	0	4
2024.01.25	10:45:00	15843.22	15861.71	15816.37	15833.24	2316	0	1
2024.01.25	11:00:00	15833.24	15875.84	15810.05	15868.2	1965	0	4
2024.01.25	11:15:00	15868.2	15893.71	15839.87	15880.46	718	0	4
2024.01.25	11:30:00	15880.46	15891.76	15872.82	15876.69	2930	0	4
2024.01.25	11:45:00	15876.69	15900.1	15869.86	15887.87	3233	0	2
2024.01.25	12:00:00	15887.87	15954.78	15868.68	15949.1	1296	0	3
2024.01.25	12:15:00	15949.1	16015.65	15939.34	16014.52	3597	0	4
2024.01.25	12:30:00	16014.52	16026.57	16006.69	16017.02	755	0	1
2024.01.25	12:45:00	16017.02	16052.19	15999.94	16022.37	3791	0	2
2024.01.25	13:00:00	16022.37	16061.89	16017.82	16056.54	1666	0	2
2024.01.25	13:15:00	16056.54	16059.47	16022.94	16030.26	1509	0	3
2024.01.25	13:30:00	16030.26	16049.82	16025.15	16041.05	1383	0	3
2024.01.25	13:45:00	16041.05	16062.09	16025.62	16040.56	4408	0	4
2024.01.25	14:00:00	16040.56	16060.91	16028.21	16050.76	2759	0	2
2024.01.25	14:15:00	16050.76	16083.09	15997.6	16024.87	3606	0	1
2024.01.25	14:30:00	16024.87	16026.1	15954.55	15975.31	1417	0	1
2024.01.25	14:45:00	15975.31	15976.27	15885.61	15910.81	754	0	4
2024.01.25	15:00:00	15910.81	15915.63	15860.48	15876.3	671	0	2
2024.01.25	15:15:00	15876.3	15907.94	15862.33	15862.34	2483	0	3
2024.01.25	15:30:00	15862.34	15878.27	15845.92	15853.54	1969	0	3
2024.01.25	15:45:00	15853.54	15917.38	15848.2	15914.21	3954	0	4
2024.01.26	09:30:00	15914.21	15961.59	15901.7	15949.08	4047	0	1
2024.01.26	09:45:00	15949.08	15957.64	15895.92	15919.33	1899	0	1
2024.01.26	10:00:00	15919.33	15931.29	15900.75	15930.51	2451	0	3
2024.01.26	10:15:00	15930.51	15951.56	15911.8	15918.12	2217	0	2
2024.01.26	10:30:00	15918.12	15946.23	15906.69	15909.56	3537	0	4
2024.01.26	10:45:00	15909.56	15922.66	15897.36	15915.66	3333	0	1
2024.01.26	11:00:00	15915.66	15941.2	15900.19	15935.32	3429	0	2
2024.01.26	11:15:00	15935.32	15974.27	15907.14	15925.04	749	0	4
2024.01.26	11:30:00	15925.04	15965.31	15918.21	15958.62	2020	0	4
2024.01.26	11:45:00	15958.62	15967.56	15919.34	15923.24	4851	0	1
2024.01.26	12:00:00	15923.24	15951.47	15893.39	15923.75	2038	0	4
2024.01.26	12:15:00	15923.75	16027.32	15923.03	16005.4	1285	0	1
2024.01.26	12:30:00	16005.4	16027.93	15981.61	16012.73	1398	0	1
2024.01.26	12:45:00	16012.73	16096.19	15995.11	16058.12	620	0	4
2024.01.26	13:00:00	16058.12	16083.21	16048.91	16061.32	4013	0	1
2024.01.26	13:15:00	16061.32	16102.94	16039.32	16079.95	523	0	2
2024.01.26	13:30:00	16079.95	16081.06	16071.23	16078.48	3182	0	1
2024.01.26	13:45:00	16078.48	16091.19	16036.9	16073.43	2297	0	3
2024.01.26	14:00:00	16073.43	16099.4	16031.73	16049.2	926	0	1
2024.01.26	14:15:00	16049.2	16086.19	16045.84	16063.07	4479	0	2
2024.01.26	14:30:00	16063.07	16075.46	16007.79	16036.59	3838	0	2
2024.01.26	14:45:00	16036.59	16058.47	16009.43	16057.85	4188	0	3
2024.01.26	15:00:00	16057.85	16102.57	16043.4	16092.39	4714	0	2
2024.01.26	15:15:00	16092.39	16116.37	16090.8	16104.28	4604	0	1
2024.01.26	15:30:00	16104.28	16113.44	16090.34	16095.57	3652	0	2
2024.01.26	15:45:00	16095.57	16117.55	16073.95	16110.23	2902	0	2
2024.01.29	09:30:00	16110.23	16139.5	16091.39	16100.8	3636	0	2
2024.01.29	09:45:00	16100.8	16144.32	16090.12	16130.69	2519	0	3
2024.01.29	10:00:00	16130.69	16149.54	16045.04	16073.18	1315	0	2
2024.01.29	10:15:00	16073.18	16084.23	16047.05	16062.93	2236	0	2
2024.01.29	10:30:00	16062.93	16068.41	15991.33	16000.65	2601	0	4
2024.01.29	10:45:00	16000.65	16004.82	15938.42	15954.13	708	0	2
2024.01.29	11:00:00	15954.13	16002.33	15932.72	15997.18	4313	0	2
2024.01.29	11:15:00	15997.18	16035.47	15974.07	16025.61	4592	0	1
2024.01.29	11:30:00	16025.61	16039.49	15991.12	16003.33	2389	0	3
2024.01.29	11:45:00	16003.33	16019.84	15933.4	15956.56	2732	0	3
2024.01.29	12:00:00	15956.56	15957.56	15856.21	15864.38	4284	0	3
2024.01.29	12:15:00	15864.38	15895.83	15842.67	15847.79	2547	0	1
2024.01.29	12:30:00	15847.79	15924.24	15843.03	15923.52	3596	0	2
2024.01.29	12:45:00	15923.52	15951.9	15913.2	15937.42	2818	0	2
2024.01.29	13:00:00	15937.42	15956.6	15920.02	15920.26	1720	0	4
2024.01.29	13:15:00	15920.26	15944.97	15914.5	15935.11	4073	0	2
2024.01.29	13:30:00	15935.11	15946.47	15875.88	15886.72	1367	0	2
2024.01.29	13:45:00	15886.72	15905.27	15875.53	15877.78	1510	0	2
2024.01.29	14:00:00	15877.78	15891.36	15865.35	15881.19	3611	0	4
2024.01.29	14:15:00	15881.19	15883.17	15869.49	15878.83	3694	0	3
2024.01.29	14:30:00	15878.83	15906.46	15877.83	15903.79	4795	0	4
2024.01.29	14:45:00	15903.79	15935.01	15896.17	15914.86	3698	0	2
2024.01.29	15:00:00	15914.86	15940.17	15907.78	15936.05	611	0	4
2024.01.29	15:15:00	15936.05	15956.94	15896.0	15914.87	4322	0	4
2024.01.29	15:30:00	15914.87	15946.95	15887.8	15943.24	2362	0	3
2024.01.29	15:45:00	15943.24	16015.68	15919.06	15994.57	539	0	3
2024.01.30	09:30:00	15994.57	16018.97	15950.65	15964.49	3105	0	4
2024.01.30	09:45:00	15964.49	15990.55	15930.98	15937.04	1266	0	4
2024.01.30	10:00:00	15937.04	15980.58	15932.35	15979.16	2371	0	2
2024.01.30	10:15:00	15979.16	15989.31	15951.84	15973.49	2619	0	3
2024.01.30	10:30:00	15973.49	16022.15	15967.95	16017.85	833	0	2
2024.01.30	10:45:00	16017.85	16041.05	15994.34	16004.27	4327	0	1
2024.01.30	11:00:00	16004.27	16072.72	15974.89	16050.33	2796	0	2
2024.01.30	11:15:00	16050.33	16060.97	16049.58	16054.79	4843	0	4
2024.01.30	11:30:00	16054.79	16084.78	16026.95	16063.24	2591	0	4
2024.01.30	11:45:00	16063.24	16113.75	16041.21	16112.93	3176	0	4
2024.01.30	12:00:00	16112.93	16135.52	16093.64	16101.83	4155	0	4
2024.01.30	12:15:00	16101.83	16105.88	16039.81	16072.46	1454	0	3
2024.01.30	12:30:00	16072.46	16085.9	16058.17	16058.64	4590	0	4
2024.01.30	12:45:00	16058.64	16084.55	16054.49	16073.22	1330	0	1
2024.01.30	13:00:00	16073.22	16083.04	16005.91	16024.26	4981	0	2
2024.01.30	13:15:00	16024.26	16050.1	16007.25	16044.62	3377	0	1
2024.01.30	13:30:00	16044.62	16048.29	16015.9	16028.0	2834	0	4
2024.01.30	13:45:00	16028.0	16094.61	16026.51	16064.44	1445	0	3
2024.01.30	14:00:00	16064.44	16078.73	15970.15	15989.51	3060	0	4
2024.01.30	14:15:00	15989.51	15989.57	15940.81	15965.18	2988	0	2
2024.01.30	14:30:00	15965.18	15965.41	15894.76	15912.78	4926	0	2
2024.01.30	14:45:00	15912.78	15919.06	15886.84	15887.34	4256	0	3
2024.01.30	15:00:00	15887.34	15902.07	15869.36	15895.37	2673	0	3
2024.01.30	15:15:00	15895.37	15900.28	15866.17	15890.1	2254	0	2
2024.01.30	15:30:00	15890.1	15892.74	15876.83	15882.53	2241	0	2
2024.01.30	15:45:00	15882.53	15907.17	15860.68	15877.89	2203	0	3
2024.01.31	09:30:00	15877.89	15884.69	15850.45	15884.54	561	0	1
2024.01.31	09:45:00	15884.54	15901.68	15843.43	15853.47	662	0	1
2024.01.31	10:00:00	15853.47	15902.78	15830.86	15875.78	3881	0	1
2024.01.31	10:15:00	15875.78	15898.88	15866.08	15896.74	1643	0	1
2024.01.31	10:30:00	15896.74	15916.68	15885.14	15909.07	2350	0	1
2024.01.31	10:45:00	15909.07	15934.99	15903.21	15926.76	3641	0	1
2024.01.31	11:00:00	15926.76	15945.2	15921.21	15936.34	3233	0	1
2024.01.31	11:15:00	15936.34	16030.71	15925.04	16000.39	2121	0	4
2024.01.31	11:30:00	16000.39	16021.75	15996.96	15997.98	3885	0	1
2024.01.31	11:45:00	15997.98	16028.94	15958.55	15988.67	1212	0	3
2024.01.31	12:00:00	15988.67	16005.09	15959.92	15965.38	2626	0	1
2024.01.31	12:15:00	15965.38	15974.94	15927.4	15933.41	975	0	4
2024.01.31	12:30:00	15933.41	15944.14	15870.48	15894.89	2892	0	1
2024.01.31	12:45:00	15894.89	15896.13	15843.87	15867.52	927	0	3
2024.01.31	13:00:00	15867.52	15877.37	15858.21	15865.64	4737	0	3
2024.01.31	13:15:00	15865.64	15885.1	15849.3	15876.36	3466	0	4
2024.01.31	13:30:00	15876.36	15880.4	15874.44	15878.27	1604	0	3
2024.01.31	13:45:00	15878.27	15885.25	15845.26	15854.77	3256	0	3
2024.01.31	14:00:00	15854.77	15899.46	15844.34	15883.1	2074	0	4
2024.01.31	14:15:00	15883.1	15910.64	15876.05	15906.47	2833	0	4
2024.01.31	14:30:00	15906.47	15925.38	15884.78	15901.81	1253	0	2
2024.01.31	14:45:00	15901.81	15908.47	15869.95	15881.77	2751	0	4
2024.01.31	15:00:00	15881.77	15940.13	15869.66	15899.18	980	0	4
2024.01.31	15:15:00	15899.18	15926.42	15893.1	15905.36	1189	0	3
2024.01.31	15:30:00	15905.36	15916.57	15855.14	15860.57	3128	0	4
2024.01.31	15:45:00	15860.57	15861.91	15851.59	15858.78	2752	0	1
2024.02.01	09:30:00	15858.78	15897.41	15858.0	15867.25	1821	0	3
2024.02.01	09:45:00	15867.25	15887.82	15822.9	15839.59	769	0	3
2024.02.01	10:00:00	15839.59	15865.74	15835.75	15845.81	2405	0	4
2024.02.01	10:15:00	15845.81	15858.08	15800.29	15800.98	4666	0	1
2024.02.01	10:30:00	15800.98	15853.62	15792.61	15842.75	3686	0	4
2024.02.01	10:45:00	15842.75	15884.47	15841.9	15881.89	761	0	1
2024.02.01	11:00:00	15881.89	15898.43	15872.26	15874.35	4720	0	2
2024.02.01	11:15:00	15874.35	15905.09	15864.75	15885.98	2405	0	3
2024.02.01	11:30:00	15885.98	15886.77	15809.4	15811.4	3091	0	2
2024.02.01	11:45:00	15811.4	15825.22	15760.34	15775.89	502	0	4
2024.02.01	12:00:00	15775.89	15787.36	15730.86	15767.12	1895	0	4
2024.02.01	12:15:00	15767.12	15779.2	15717.98	15734.32	4037	0	1
2024.02.01	12:30:00	15734.32	15764.77	15730.11	15756.7	1988	0	2
2024.02.01	12:45:00	15756.7	15822.45	15738.59	15818.85	1247	0	1
2024.02.01	13:00:00	15818.85	15821.62	15752.08	15782.71	907	0	3
2024.02.01	13:15:00	15782.71	15791.95	15717.6	15757.12	4662	0	4
2024.02.01	13:30:00	15757.12	15766.91	15750.95	15764.72	4157	0	3
2024.02.01	13:45:00	15764.72	15819.24	15743.4	15814.92	697	0	1
2024.02.01	14:00:00	15814.92	15822.22	15773.71	15777.37	4663	0	1
2024.02.01	14:15:00	15777.37	15795.74	15774.19	15785.39	4193	0	1
2024.02.01	14:30:00	15785.39	15844.48	15771.15	15842.19	2119	0	2
2024.02.01	14:45:00	15842.19	15843.45	15773.65	15791.27	3454	0	3
2024.02.01	15:00:00	15791.27	15803.38	15745.79	15751.97	1660	0	1
2024.02.01	15:15:00	15751.97	15765.26	15738.98	15739.2	1623	0	4
2024.02.01	15:30:00	15739.2	15751.07	15718.1	15723.45	3715	0	2
2024.02.01	15:45:00	15723.45	15755.72	15715.44	15748.85	1410	0	3
2024.02.02	09:30:00	15748.85	15763.66	15727.49	15756.63	2098	0	3
2024.02.02	09:45:00	15756.63	15760.97	15700.59	15702.19	2109	0	3
2024.02.02	10:00:00	15702.19	15719.09	15674.87	15718.38	1176	0	2
2024.02.02	10:15:00	15718.38	15729.12	15688.73	15700.9	4227	0	2
2024.02.02	10:30:00	15700.9	15754.94	15689.47	15740.51	3532	0	2
2024.02.02	10:45:00	15740.51	15754.57	15720.54	15721.46	4378	0	1
2024.02.02	11:00:00	15721.46	15723.02	15697.11	15702.16	2857	0	2
2024.02.02	11:15:00	15702.16	15740.53	15692.42	15719.15	1288	0	4
2024.02.02	11:30:00	15719.15	15746.53	15714.54	15743.0	1757	0	4
2024.02.02	11:45:00	15743.0	15766.93	15701.91	15757.15	2090	0	4
2024.02.02	12:00:00	15757.15	15761.51	15658.3	15705.47	4738	0	2
2024.02.02	12:15:00	15705.47	15726.17	15685.87	15722.36	1568	0	2
2024.02.02	12:30:00	15722.36	15733.7	15671.89	15690.82	3618	0	1
2024.02.02	12:45:00	15690.82	15709.17	15661.78	15698.37	1051	0	2
2024.02.02	13:00:00	15698.37	15742.17	15654.64	15654.91	4801	0	3
2024.02.02	13:15:00	15654.91	15674.69	15635.07	15668.93	3409	0	2
2024.02.02	13:30:00	15668.93	15670.03	15638.04	15644.48	2438	0	3
2024.02.02	13:45:00	15644.48	15651.33	15605.31	15605.49	2056	0	1
2024.02.02	14:00:00	15605.49	15635.14	15590.08	15627.66	2095	0	2
2024.02.02	14:15:00	15627.66	15659.06	15602.4	15635.38	1514	0	2
2024.02.02	14:30:00	15635.38	15645.7	15582.59	15616.88	3199	0	2
2024.02.02	14:45:00	15616.88	15668.98	15609.56	15661.7	4396	0	1
2024.02.02	15:00:00	15661.7	15686.08	15648.32	15648.49	1585	0	2
2024.02.02	15:15:00	15648.49	15661.41	15628.62	15649.79	3867	0	4
2024.02.02	15:30:00	15649.79	15684.59	15626.05	15658.35	3047	0	4
2024.02.02	15:45:00	15658.35	15668.06	15638.48	15639.65	3981	0	2
2024.02.05	09:30:00	15639.65	15697.4	15635.22	15654.42	3963	0	2
2024.02.05	09:45:00	15654.42	15660.05	15630.99	15638.36	676	0	3
2024.02.05	10:00:00	15638.36	15663.92	15617.08	15626.06	595	0	2
2024.02.05	10:15:00	15626.06	15682.01	15623.81	15668.18	4618	0	3
2024.02.05	10:30:00	15668.18	15679.35	15614.44	15636.56	1199	0	2
2024.02.05	10:45:00	15636.56	15656.48	15546.46	15563.05	3086	0	4
2024.02.05	11:00:00	15563.05	15616.93	15561.46	15612.61	3888	0	3
2024.02.05	11:15:00	15612.61	15700.9	15594.87	15691.18	2767	0	4
2024.02.05	11:30:00	15691.18	15693.91	15675.93	15679.02	527	0	4
2024.02.05	11:45:00	15679.02	15690.67	15617.81	15619.89	547	0	2
2024.02.05	12:00:00	15619.89	15623.38	15592.14	15610.7	3512	0	2
2024.02.05	12:15:00	15610.7	15618.3	15590.63	15602.25	4539	0	1
2024.02.05	12:30:00	15602.25	15605.29	15583.36	15596.75	2045	0	3
2024.02.05	12:45:00	15596.75	15616.2	15555.62	15563.04	2947	0	3
2024.02.05	13:00:00	15563.04	15587.12	15563.03	15581.05	4701	0	2
2024.02.05	13:15:00	15581.05	15624.73	15579.2	15597.4	4213	0	1
2024.02.05	13:30:00	15597.4	15604.19	15526.05	15552.07	2932	0	4
2024.02.05	13:45:00	15552.07	15585.32	15548.55	15573.72	3449	0	1
2024.02.05	14:00:00	15573.72	15641.5	15561.57	15636.85	4825	0	3
2024.02.05	14:15:00	15636.85	15651.49	15631.05	15642.44	4085	0	1
2024.02.05	14:30:00	15642.44	15643.44	15628.96	15632.41	2371	0	1
2024.02.05	14:45:00	15632.41	15650.34	15625.88	15628.37	3618	0	4
2024.02.05	15:00:00	15628.37	15661.74	15626.44	15647.55	1980	0	3
2024.02.05	15:15:00	15647.55	15654.39	15579.08	15594.84	4644	0	1
2024.02.05	15:30:00	15594.84	15614.37	15594.28	15600.18	920	0	1
2024.02.05	15:45:00	15600.18	15611.66	15573.36	15588.55	1514	0	2
2024.02.06	09:30:00	15588.55	15652.2	15572.48	15645.46	2057	0	3
2024.02.06	09:45:00	15645.46	15666.08	15634.68	15640.43	1409	0	2
2024.02.06	10:00:00	15640.43	15698.45	15619.24	15691.98	3177	0	4
2024.02.06	10:15:00	15691.98	15700.39	15643.91	15658.37	3706	0	3
2024.02.06	10:30:00	15658.37	15693.49	15656.95	15676.73	4506	0	3
2024.02.06	10:45:00	15676.73	15701.26	15663.66	15686.86	2756	0	2
2024.02.06	11:00:00	15686.86	15700.81	15659.05	15660.46	3296	0	3
2024.02.06	11:15:00	15660.46	15673.29	15641.98	15666.22	3196	0	4
2024.02.06	11:30:00	15666.22	15704.93	15650.35	15703.84	515	0	1
2024.02.06	11:45:00	15703.84	15732.88	15671.71	15694.18	3688	0	3
2024.02.06	12:00:00	15694.18	15699.95	15626.14	15642.5	604	0	4
2024.02.06	12:15:00	15642.5	15670.92	15621.46	15642.28	2963	0	2
2024.02.06	12:30:00	15642.28	15656.78	15603.71	15614.93	4999	0	4
2024.02.06	12:45:00	15614.93	15635.63	15597.63	15604.76	4044	0	2
2024.02.06	13:00:00	15604.76	15632.69	15589.78	15602.58	2779	0	1
2024.02.06	13:15:00	15602.58	15621.18	15539.2	15550.79	1934	0	4
2024.02.06	13:30:00	15550.79	15555.81	15486.3	15501.9	4267	0	2
2024.02.06	13:45:00	15501.9	15517.52	15501.3	15516.87	4365	0	4
2024.02.06	14:00:00	15516.87	15543.97	15500.48	15501.28	2156	0	2
2024.02.06	14:15:00	15501.28	15508.78	15388.61	15423.82	984	0	2
2024.02.06	14:30:00	15423.82	15455.11	15414.28	15447.89	3120	0	3
2024.02.06	14:45:00	15447.89	15479.92	15438.91	15456.45	3353	0	2
2024.02.06	15:00:00	15456.45	15462.13	15424.77	15435.13	4703	0	4
2024.02.06	15:15:00	15435.13	15446.06	15363.35	15395.63	4505	0	1
2024.02.06	15:30:00	15395.63	15443.53	15371.03	15421.2	1530	0	1
2024.02.06	15:45:00	15421.2	15434.67	15408.46	15432.07	1637	0	1
2024.02.07	09:30:00	15432.07	15529.89	15428.49	15504.66	4986	0	2
2024.02.07	09:45:00	15504.66	15533.81	15498.32	15517.75	1970	0	1
2024.02.07	10:00:00	15517.75	15542.65	15512.69	15529.87	2562	0	2
2024.02.07	10:15:00	15529.87	15530.63	15505.24	15525.1	1874	0	1
2024.02.07	10:30:00	15525.1	15555.16	15503.72	15550.3	2270	0	4
2024.02.07	10:45:00	15550.3	15581.11	15528.6	15569.68	3039	0	1
2024.02.07	11:00:00	15569.68	15611.64	15566.62	15608.26	1816	0	4
2024.02.07	11:15:00	15608.26	15612.87	15576.63	15592.62	2357	0	4
2024.02.07	11:30:00	15592.62	15607.65	15579.17	15579.63	2086	0	3
2024.02.07	11:45:00	15579.63	15619.73	15550.36	15565.31	985	0	4
2024.02.07	12:00:00	15565.31	15602.49	15544.72	15589.78	4040	0	4
2024.02.07	12:15:00	15589.78	15638.41	15586.26	15635.97	4510	0	4
2024.02.07	12:30:00	15635.97	15637.48	15610.62	15622.22	2714	0	3
2024.02.07	12:45:00	15622.22	15628.4	15606.38	15609.52	1421	0	3
2024.02.07	13:00:00	15609.52	15623.55	15588.07	15619.45	3393	0	2
2024.02.07	13:15:00	15619.45	15624.12	15599.79	15612.24	2903	0	3
2024.02.07	13:30:00	15612.24	15649.81	15610.47	15641.73	2980	0	2
2024.02.07	13:45:00	15641.73	15645.49	15570.22	15573.11	3176	0	1
2024.02.07	14:00:00	15573.11	15590.66	15526.23	15548.2	3730	0	4
2024.02.07	14:15:00	15548.2	15559.36	15518.0	15524.67	683	0	3
2024.02.07	14:30:00	15524.67	15525.62	15443.49	15454.49	947	0	3
2024.02.07	14:45:00	15454.49	15457.27	15417.34	15425.62	930	0	2
2024.02.07	15:00:00	15425.62	15449.22	15395.36	15398.27	1195	0	4
2024.02.07	15:15:00	15398.27	15402.8	15391.13	15392.5	4872	0	3
2024.02.07	15:30:00	15392.5	15440.95	15379.97	15426.45	3785	0	1
2024.02.07	15:45:00	15426.45	15445.08	15388.75	15419.34	3490	0	4
2024.02.08	09:30:00	15419.34	15420.31	15380.05	15388.51	3644	0	4
2024.02.08	09:45:00	15388.51	15391.69	15381.67	15387.1	651	0	4
2024.02.08	10:00:00	15387.1	15424.08	15385.04	15419.1	1459	0	2
2024.02.08	10:15:00	15419.1	15422.97	15371.82	15389.92	4073	0	1
2024.02.08	10:30:00	15389.92	15402.82	15333.31	15362.77	2582	0	1
2024.02.08	10:45:00	15362.77	15383.4	15351.33	15379.92	2788	0	3
2024.02.08	11:00:00	15379.92	15383.47	15352.7	15373.55	3876	0	4
2024.02.08	11:15:00	15373.55	15410.37	15361.99	15393.39	838	0	1
2024.02.08	11:30:00	15393.39	15407.99	15367.47	15393.28	4093	0	3
2024.02.08	11:45:00	15393.28	15447.19	15365.35	15414.79	3563	0	1
2024.02.08	12:00:00	15414.79	15417.48	15369.49	15383.84	2316	0	4
2024.02.08	12:15:00	15383.84	15395.52	15373.12	15383.78	2747	0	1
2024.02.08	12:30:00	15383.78	15405.37	15374.64	15377.73	834	0	4
2024.02.08	12:45:00	15377.73	15381.98	15340.79	15341.41	1422	0	1
2024.02.08	13:00:00	15341.41	15350.11	15289.68	15294.75	1608	0	2
2024.02.08	13:15:00	15294.75	15317.71	15285.43	15315.64	4449	0	3
2024.02.08	13:30:00	15315.64	15320.43	15294.6	15305.41	1007	0	4
2024.02.08	13:45:00	15305.41	15307.95	15272.2	15275.06	1811	0	2
2024.02.08	14:00:00	15275.06	15295.77	15237.21	15272.48	1092	0	4
2024.02.08	14:15:00	15272.48	15307.93	15246.68	15306.61	1780	0	1
2024.02.08	14:30:00	15306.61	15311.06	15235.31	15238.61	547	0	2
2024.02.08	14:45:00	15238.61	15266.26	15187.46	15194.25	1727	0	4
2024.02.08	15:00:00	15194.25	15195.53	15145.4	15167.08	3756	0	2
2024.02.08	15:15:00	15167.08	15245.72	15162.61	15210.91	3953	0	3
2024.02.08	15:30:00	15210.91	15221.04	15189.36	15219.64	2207	0	2
2024.02.08	15:45:00	15219.64	15283.81	15201.11	15242.87	3677	0	2
2024.02.09	09:30:00	15242.87	15255.82	15173.37	15209.13	3284	0	4
2024.02.09	09:45:00	15209.13	15221.22	15159.9	15176.07	4564	0	3
2024.02.09	10:00:00	15176.07	15198.52	15172.96	15189.71	4120	0	3
2024.02.09	10:15:00	15189.71	15202.8	15168.48	15191.75	1532	0	3
2024.02.09	10:30:00	15191.75	15228.6	15174.34	15208.41	3148	0	4
2024.02.09	10:45:00	15208.41	15213.61	15198.82	15203.12	4038	0	2
2024.02.09	11:00:00	15203.12	15213.08	15181.59	15211.72	1875	0	4
2024.02.09	11:15:00	15211.72	15244.68	15183.87	15216.74	3078	0	3
2024.02.09	11:30:00	15216.74	15257.45	15208.38	15240.27	2301	0	4
2024.02.09	11:45:00	15240.27	15264.87	15232.32	15264.72	1889	0	4
2024.02.09	12:00:00	15264.72	15270.83	15187.22	15216.61	1397	0	1
2024.02.09	12:15:00	15216.61	15222.5	15126.48	15149.99	659	0	2
2024.02.09	12:30:00	15149.99	15198.17	15126.08	15180.09	3874	0	2
2024.02.09	12:45:00	15180.09	15226.45	15171.76	15215.8	4185	0	2
2024.02.09	13:00:00	15215.8	15233.46	15179.02	15185.67	3432	0	2
2024.02.09	13:15:00	15185.67	15210.14	15112.56	15130.69	1584	0	1
2024.02.09	13:30:00	15130.69	15159.39	15114.55	15133.93	584	0	4
2024.02.09	13:45:00	15133.93	15178.13	15127.94	15161.89	3342	0	4
2024.02.09	14:00:00	15161.89	15221.96	15145.35	15215.74	1399	0	3
2024.02.09	14:15:00	15215.74	15256.31	15204.69	15231.46	2969	0	2
2024.02.09	14:30:00	15231.46	15236.16	15210.77	15220.66	4866	0	4
2024.02.09	14:45:00	15220.66	15229.06	15176.25	15194.33	520	0	2
2024.02.09	15:00:00	15194.33	15195.23	15186.46	15194.97	3097	0	2
2024.02.09	15:15:00	15194.97	15210.27	15181.35	15186.36	4974	0	4
2024.02.09	15:30:00	15186.36	15193.66	15152.34	15156.46	2004	0	4
2024.02.09	15:45:00	15156.46	15235.87	15155.95	15217.79	4164	0	3
2024.02.12	09:30:00	15217.79	15290.61	15207.4	15271.46	4226	0	1
2024.02.12	09:45:00	15271.46	15311.86	15255.25	15305.83	2689	0	1
2024.02.12	10:00:00	15305.83	15322.69	15273.87	15278.52	1880	0	4
2024.02.12	10:15:00	15278.52	15309.26	15262.88	15304.47	3561	0	2
2024.02.12	10:30:00	15304.47	15343.55	15303.33	15323.98	3287	0	3
2024.02.12	10:45:00	15323.98	15342.05	15316.91	15337.6	2644	0	2
2024.02.12	11:00:00	15337.6	15382.91	15315.63	15375.54	1367	0	2
2024.02.12	11:15:00	15375.54	15416.25	15362.11	15395.02	3850	0	4
2024.02.12	11:30:00	15395.02	15422.58	15384.16	15417.69	1451	0	3
2024.02.12	11:45:00	15417.69	15455.97	15414.54	15437.26	1104	0	2
2024.02.12	12:00:00	15437.26	15459.34	15425.74	15447.89	802	0	2
2024.02.12	12:15:00	15447.89	15448.74	15383.59	15394.26	2508	0	1
2024.02.12	12:30:00	15394.26	15411.91	15370.03	15397.09	1040	0	3
2024.02.12	12:45:00	15397.09	15403.34	15356.79	15380.61	2009	0	3
2024.02.12	13:00:00	15380.61	15384.57	15337.34	15342.37	1588	0	1
2024.02.12	13:15:00	15342.37	15404.32	15339.72	15393.36	2568	0	2
2024.02.12	13:30:00	15393.36	15464.36	15371.4	15445.95	3999	0	3
2024.02.12	13:45:00	15445.95	15508.96	15436.76	15487.49	2527	0	1
2024.02.12	14:00:00	15487.49	15531.11	15481.4	15495.56	3006	0	4
2024.02.12	14:15:00	15495.56	15553.06	15489.58	15536.97	1143	0	4
2024.02.12	14:30:00	15536.97	15547.2	15534.65	15537.64	1008	0	3
2024.02.12	14:45:00	15537.64	15568.5	15527.56	15544.14	4894	0	1
2024.02.12	15:00:00	15544.14	15564.99	15488.67	15511.15	3289	0	3
2024.02.12	15:15:00	15511.15	15550.8	15503.72	15523.54	569	0	4
2024.02.12	15:30:00	15523.54	15535.38	15511.25	15525.69	3043	0	1
2024.02.12	15:45:00	15525.69	15530.58	15484.95	15486.38	545	0	4
2024.02.13	09:30:00	15486.38	15496.14	15483.26	15485.14	847	0	4
2024.02.13	09:45:00	15485.14	15495.2	15464.59	15483.03	2180	0	1
2024.02.13	10:00:00	15483.03	15561.21	15473.91	15538.02	3454	0	1
2024.02.13	10:15:00	15538.02	15569.13	15526.33	15565.6	3291	0	3
2024.02.13	10:30:00	15565.6	15590.96	15564.96	15566.26	4059	0	4
2024.02.13	10:45:00	15566.26	15611.53	15543.5	15574.17	1308	0	4
2024.02.13	11:00:00	15574.17	15600.19	15554.46	15575.83	1362	0	3
2024.02.13	11:15:00	15575.83	15591.84	15566.94	15569.95	2899	0	3
2024.02.13	11:30:00	15569.95	15585.83	15533.24	15537.24	4409	0	3
2024.02.13	11:45:00	15537.24	15560.04	15525.23	15532.95	3752	0	3
2024.02.13	12:00:00	15532.95	15553.55	15507.8	15510.55	3511	0	4
2024.02.13	12:15:00	15510.55	15547.39	15447.38	15472.87	923	0	1
2024.02.13	12:30:00	15472.87	15495.93	15471.68	15488.7	4451	0	1
2024.02.13	12:45:00	15488.7	15520.97	15482.54	15500.9	4929	0	1
2024.02.13	13:00:00	15500.9	15534.9	15440.03	15446.99	3120	0	4
2024.02.13	13:15:00	15446.99	15450.69	15425.21	15443.58	2015	0	3
2024.02.13	13:30:00	15443.58	15478.88	15435.15	15474.08	3481	0	1
2024.02.13	13:45:00	15474.08	15516.47	15461.64	15506.57	3390	0	1
2024.02.13	14:00:00	15506.57	15541.48	15489.87	15538.11	4680	0	2
2024.02.13	14:15:00	15538.11	15545.62	15518.41	15539.6	998	0	1
2024.02.13	14:30:00	15539.6	15544.53	15512.24	15514.18	2818	0	3
2024.02.13	14:45:00	15514.18	15518.99	15464.09	15481.55	3692	0	2
2024.02.13	15:00:00	15481.55	15509.06	15448.88	15492.33	2070	0	2
2024.02.13	15:15:00	15492.33	15514.29	15461.67	15504.17	4282	0	1
2024.02.13	15:30:00	15504.17	15543.86	15497.7	15543.67	791	0	3
2024.02.13	15:45:00	15543.67	15591.12	15541.52	15577.55	973	0	4
2024.02.14	09:30:00	15577.55	15589.62	15565.09	15573.82	4058	0	3
2024.02.14	09:45:00	15573.82	15595.53	15525.11	15536.18	1066	0	4
2024.02.14	10:00:00	15536.18	15558.03	15522.6	15526.77	2383	0	4
2024.02.14	10:15:00	15526.77	15545.2	15511.58	15533.69	1764	0	4
2024.02.14	10:30:00	15533.69	15549.78	15519.95	15527.85	3596	0	3
2024.02.14	10:45:00	15527.85	15539.35	15483.79	15510.57	553	0	1
2024.02.14	11:00:00	15510.57	15523.92	15502.63	15518.58	2105	0	2
2024.02.14	11:15:00	15518.58	15535.3	15473.69	15503.56	4937	0	2
2024.02.14	11:30:00	15503.56	15509.58	15471.1	15484.78	2159	0	3
2024.02.14	11:45:00	15484.78	15497.72	15457.36	15494.55	3192	0	4
2024.02.14	12:00:00	15494.55	15512.78	15443.01	15482.65	4946	0	3
2024.02.14	12:15:00	15482.65	15497.51	15473.93	15490.38	3234	0	2
2024.02.14	12:30:00	15490.38	15500.02	15467.66	15498.99	3897	0	4
2024.02.14	12:45:00	15498.99	15521.49	15464.29	15464.7	4815	0	3
2024.02.14	13:00:00	15464.7	15466.45	15434.35	15450.42	3277	0	4
2024.02.14	13:15:00	15450.42	15498.98	15439.99	15494.36	4244	0	3
2024.02.14	13:30:00	15494.36	15507.09	15449.91	15459.4	2787	0	3
2024.02.14	13:45:00	15459.4	15470.05	15391.84	15395.66	4164	0	2
2024.02.14	14:00:00	15395.66	15414.34	15316.11	15339.86	3388	0	2
2024.02.14	14:15:00	15339.86	15341.8	15333.26	15341.04	2027	0	2
2024.02.14	14:30:00	15341.04	15361.95	15326.96	15342.28	3012	0	2
2024.02.14	14:45:00	15342.28	15371.91	15306.49	15339.05	2006	0	3
2024.02.14	15:00:00	15339.05	15376.76	15337.76	15375.92	2286	0	2
2024.02.14	15:15:00	15375.92	15376.53	15289.68	15295.84	1812	0	1
2024.02.14	15:30:00	15295.84	15318.94	15292.49	15308.03	2709	0	1
2024.02.14	15:45:00	15308.03	15391.18	15293.6	15355.28	2060	0	4
2024.02.15	09:30:00	15355.28	15356.28	15316.17	15321.67	3317	0	2
2024.02.15	09:45:00	15321.67	15327.79	15309.83	15310.56	2162	0	3
2024.02.15	10:00:00	15310.56	15310.95	15270.57	15288.28	2709	0	4
2024.02.15	10:15:00	15288.28	15318.3	15227.69	15261.79	1130	0	1
2024.02.15	10:30:00	15261.79	15273.16	15243.52	15252.34	2239	0	4
2024.02.15	10:45:00	15252.34	15310.15	15247.34	15295.4	2101	0	3
2024.02.15	11:00:00	15295.4	15360.39	15281.72	15350.92	4824	0	3
2024.02.15	11:15:00	15350.92	15363.4	15336.06	15341.12	2510	0	2
2024.02.15	11:30:00	15341.12	15418.62	15322.65	15398.85	596	0	3
2024.02.15	11:45:00	15398.85	15420.47	15383.16	15400.23	1892	0	1
2024.02.15	12:00:00	15400.23	15461.43	15398.19	15453.6	3782	0	2
2024.02.15	12:15:00	15453.6	15460.5	15437.81	15451.08	1244	0	4
2024.02.15	12:30:00	15451.08	15458.99	15437.93	15455.36	1233	0	2
2024.02.15	12:45:00	15455.36	15478.95	15454.04	15466.75	2180	0	3
2024.02.15	13:00:00	15466.75	15578.97	15456.24	15563.79	2105	0	4
2024.02.15	13:15:00	15563.79	15606.07	15554.09	15590.11	2664	0	3
2024.02.15	13:30:00	15590.11	15599.55	15556.02	15568.81	653	0	2
2024.02.15	13:45:00	15568.81	15614.56	15568.16	15598.73	3743	0	4
2024.02.15	14:00:00	15598.73	15622.65	15571.99	15587.98	1462	0	4
2024.02.15	14:15:00	15587.98	15591.34	15547.6	15573.33	3700	0	3
2024.02.15	14:30:00	15573.33	15605.0	15560.63	15601.42	3040	0	1
2024.02.15	14:45:00	15601.42	15628.7	15593.05	15602.68	1412	0	2
2024.02.15	15:00:00	15602.68	15621.75	15597.62	15611.52	2612	0	2
2024.02.15	15:15:00	15611.52	15616.79	15592.54	15612.26	664	0	1
2024.02.15	15:30:00	15612.26	15627.67	15592.22	15622.88	3658	0	2
2024.02.15	15:45:00	15622.88	15640.11	15622.19	15636.22	1867	0	1
2024.02.16	09:30:00	15636.22	15647.63	15574.64	15577.24	2225	0	3
2024.02.16	09:45:00	15577.24	15609.79	15571.44	15597.93	1207	0	2
2024.02.16	10:00:00	15597.93	15602.94	15549.32	15568.23	2142	0	3
2024.02.16	10:15:00	15568.23	15572.14	15504.33	15524.57	2281	0	2
2024.02.16	10:30:00	15524.57	15530.01	15514.43	15523.1	1512	0	3
2024.02.16	10:45:00	15523.1	15546.79	15507.4	15525.97	4907	0	3
2024.02.16	11:00:00	15525.97	15538.24	15502.34	15505.18	1759	0	1
2024.02.16	11:15:00	15505.18	15540.25	15503.09	15530.78	1314	0	2
2024.02.16	11:30:00	15530.78	15547.9	15483.91	15490.26	2966	0	3
2024.02.16	11:45:00	15490.26	15496.94	15472.98	15478.21	1934	0	3
2024.02.16	12:00:00	15478.21	15496.38	15451.95	15460.78	2542	0	1
2024.02.16	12:15:00	15460.78	15474.55	15451.17	15459.68	3763	0	4
2024.02.16	12:30:00	15459.68	15472.74	15444.79	15468.44	852	0	1
2024.02.16	12:45:00	15468.44	15484.13	15423.22	15438.21	2791	0	4
2024.02.16	13:00:00	15438.21	15465.08	15420.54	15460.46	597	0	3
2024.02.16	13:15:00	15460.46	15473.15	15457.64	15462.68	697	0	2
2024.02.16	13:30:00	15462.68	15471.81	15383.15	15405.72	916	0	1
2024.02.16	13:45:00	15405.72	15415.98	15345.24	15346.97	1227	0	4
2024.02.16	14:00:00	15346.97	15362.19	15343.98	15346.9	2072	0	3
2024.02.16	14:15:00	15346.9	15350.6	15323.34	15340.56	4708	0	4
2024.02.16	14:30:00	15340.56	15350.33	15332.34	15337.76	4577	0	4
2024.02.16	14:45:00	15337.76	15356.61	15316.02	15337.22	964	0	1
2024.02.16	15:00:00	15337.22	15348.12	15328.09	15344.31	4960	0	3
2024.02.16	15:15:00	15344.31	15386.66	15341.82	15373.17	3357	0	2
2024.02.16	15:30:00	15373.17	15377.29	15315.25	15340.01	2991	0	4
2024.02.16	15:45:00	15340.01	15373.69	15299.82	15305.1	4065	0	1
2024.02.19	09:30:00	15305.1	15326.56	15271.78	15272.62	2679	0	1
2024.02.19	09:45:00	15272.62	15286.19	15264.89	15281.58	1694	0	3
2024.02.19	10:00:00	15281.58	15324.02	15275.72	15319.25	2883	0	3
2024.02.19	10:15:00	15319.25	15326.3	15294.57	15306.6	3762	0	3
2024.02.19	10:30:00	15306.6	15319.18	15220.48	15231.99	3572	0	2
2024.02.19	10:45:00	15231.99	15249.41	15173.46	15181.48	1264	0	2
2024.02.19	11:00:00	15181.48	15186.86	15156.72	15157.0	4721	0	4
2024.02.19	11:15:00	15157.0	15160.81	15138.53	15140.73	1781	0	4
2024.02.19	11:30:00	15140.73	15150.93	15126.08	15128.91	4189	0	4
2024.02.19	11:45:00	15128.91	15155.92	15122.63	15130.36	1903	0	2
2024.02.19	12:00:00	15130.36	15132.89	15116.2	15121.41	785	0	4
2024.02.19	12:15:00	15121.41	15154.55	15084.23	15152.87	4983	0	2
2024.02.19	12:30:00	15152.87	15175.28	15121.66	15133.09	3149	0	4
2024.02.19	12:45:00	15133.09	15147.45	15099.56	15107.83	1465	0	4
2024.02.19	13:00:00	15107.83	15127.08	15059.03	15122.32	501	0	1
2024.02.19	13:15:00	15122.32	15122.4	15070.93	15077.15	1081	0	4
2024.02.19	13:30:00	15077.15	15091.87	15056.75	15088.98	1264	0	3
2024.02.19	13:45:00	15088.98	15097.67	15076.51	15092.32	4665	0	4
2024.02.19	14:00:00	15092.32	15112.39	15074.79	15088.25	1296	0	3
2024.02.19	14:15:00	15088.25	15158.52	15074.8	15135.63	1228	0	1
2024.02.19	14:30:00	15135.63	15148.8	15114.34	15117.47	4270	0	4
2024.02.19	14:45:00	15117.47	15193.34	15110.95	15178.98	4456	0	1
2024.02.19	15:00:00	15178.98	15188.57	15148.64	15172.58	1440	0	4
2024.02.19	15:15:00	15172.58	15182.02	15126.52	15134.93	3427	0	1
2024.02.19	15:30:00	15134.93	15139.81	15120.49	15137.31	2905	0	4
2024.02.19	15:45:00	15137.31	15140.22	15099.25	15105.69	3095	0	2
2024.02.20	09:30:00	15105.69	15123.83	15077.17	15083.74	1900	0	1
2024.02.20	09:45:00	15083.74	15102.62	15074.7	15095.79	3881	0	1
2024.02.20	10:00:00	15095.79	15121.25	15077.89	15112.55	4464	0	2
2024.02.20	10:15:00	15112.55	15121.37	15092.43	15094.42	3766	0	4
2024.02.20	10:30:00	15094.42	15134.73	15067.76	15123.98	4564	0	4
2024.02.20	10:45:00	15123.98	15161.06	15111.37	15158.66	997	0	3
2024.02.20	11:00:00	15158.66	15234.5	15155.51	15201.72	3456	0	3
2024.02.20	11:15:00	15201.72	15218.08	15197.97	15217.82	4997	0	2
2024.02.20	11:30:00	15217.82	15269.24	15215.77	15258.87	2910	0	4
2024.02.20	11:45:00	15258.87	15261.47	15184.34	15202.99	4738	0	2
2024.02.20	12:00:00	15202.99	15204.37	15192.48	15193.82	2067	0	4
2024.02.20	12:15:00	15193.82	15196.07	15165.02	15168.31	4534	0	2
2024.02.20	12:30:00	15168.31	15172.63	15162.12	15172.16	4724	0	2
2024.02.20	12:45:00	15172.16	15193.64	15150.45	15155.47	3300	0	2
2024.02.20	13:00:00	15155.47	15169.78	15150.52	15150.84	3670	0	3
2024.02.20	13:15:00	15150.84	15209.4	15139.34	15207.17	2852	0	3
2024.02.20	13:30:00	15207.17	15209.63	15192.53	15202.41	1926	0	4
2024.02.20	13:45:00	15202.41	15223.51	15199.92	15215.06	2913	0	1
2024.02.20	14:00:00	15215.06	15217.7	15188.05	15208.43	4830	0	1
2024.02.20	14:15:00	15208.43	15211.91	15181.73	15211.0	567	0	4
2024.02.20	14:30:00	15211.0	15224.75	15208.88	15211.48	1422	0	4
2024.02.20	14:45:00	15211.48	15226.65	15210.27	15225.17	2747	0	1
2024.02.20	15:00:00	15225.17	15266.28	15220.05	15260.31	2027	0	4
2024.02.20	15:15:00	15260.31	15318.13	15253.0	15309.99	3306	0	2
2024.02.20	15:30:00	15309.99	15328.19	15286.81	15319.6	2122	0	4
2024.02.20	15:45:00	15319.6	15343.28	15298.78	15337.63	3464	0	4
2024.02.21	09:30:00	15337.63	15350.65	15296.69	15303.36	978	0	3
2024.02.21	09:45:00	15303.36	15314.06	15299.41	15301.03	1994	0	1
2024.02.21	10:00:00	15301.03	15338.42	15291.74	15329.58	3617	0	4
2024.02.21	10:15:00	15329.58	15357.42	15328.47	15355.94	2620	0	1
2024.02.21	10:30:00	15355.94	15366.31	15353.07	15362.62	3711	0	2
2024.02.21	10:45:00	15362.62	15405.71	15357.53	15389.66	3363	0	3
2024.02.21	11:00:00	15389.66	15414.63	15383.0	15404.78	1978	0	1
2024.02.21	11:15:00	15404.78	15450.91	15400.97	15441.4	2427	0	2
2024.02.21	11:30:00	15441.4	15453.22	15438.31	15450.47	4841	0	4
2024.02.21	11:45:00	15450.47	15456.76	15430.88	15440.01	4829	0	1
2024.02.21	12:00:00	15440.01	15462.97	15430.63	15450.49	660	0	2
2024.02.21	12:15:00	15450.49	15451.62	15351.55	15362.25	3674	0	1
2024.02.21	12:30:00	15362.25	15375.52	15348.6	15374.1	2709	0	3
2024.02.21	12:45:00	15374.1	15407.5	15256.22	15264.79	505	0	1
2024.02.21	13:00:00	15264.79	15268.08	15205.7	15213.59	3353	0	2
2024.02.21	13:15:00	15213.59	15229.73	15197.6	15227.38	604	0	3
2024.02.21	13:30:00	15227.38	15244.35	15212.21	15241.95	1934	0	1
2024.02.21	13:45:00	15241.95	15263.11	15193.1	15207.55	3606	0	1
2024.02.21	14:00:00	15207.55	15225.68	15176.22	15186.63	4156	0	4
2024.02.21	14:15:00	15186.63	15240.12	15167.93	15227.81	2356	0	4
2024.02.21	14:30:00	15227.81	15266.81	15205.15	15213.66	4139	0	1
2024.02.21	14:45:00	15213.66	15288.24	15210.86	15281.04	4277	0	4
2024.02.21	15:00:00	15281.04	15287.21	15265.87	15281.28	2513	0	2
2024.02.21	15:15:00	15281.28	15301.47	15268.8	15293.82	1278	0	1
2024.02.21	15:30:00	15293.82	15359.37	15281.13	15342.7	3466	0	4
2024.02.21	15:45:00	15342.7	15359.91	15331.59	15346.95	562	0	2
2024.02.22	09:30:00	15346.95	15348.13	15309.05	15317.12	4519	0	2
2024.02.22	09:45:00	15317.12	15322.69	15313.03	15314.13	2246	0	1
2024.02.22	10:00:00	15314.13	15329.54	15305.49	15313.37	3920	0	4
2024.02.22	10:15:00	15313.37	15313.67	15260.54	15272.74	3812	0	2
2024.02.22	10:30:00	15272.74	15285.0	15246.08	15265.39	2627	0	3
2024.02.22	10:45:00	15265.39	15291.08	15232.06	15243.49	4872	0	1
2024.02.22	11:00:00	15243.49	15278.06	15233.13	15271.45	4083	0	4
2024.02.22	11:15:00	15271.45	15284.1	15270.86	15272.8	4476	0	4
2024.02.22	11:30:00	15272.8	15306.89	15260.14	15264.63	922	0	3
2024.02.22	11:45:00	15264.63	15265.55	15244.87	15261.76	2678	0	2
2024.02.22	12:00:00	15261.76	15280.2	15259.1	15268.74	4783	0	3
2024.02.22	12:15:00	15268.74	15305.29	15262.52	15287.53	4157	0	2
2024.02.22	12:30:00	15287.53	15295.81	15243.64	15257.89	2543	0	4
2024.02.22	12:45:00	15257.89	15284.29	15204.98	15227.06	816	0	3
2024.02.22	13:00:00	15227.06	15268.63	15203.71	15260.39	1769	0	1
2024.02.22	13:15:00	15260.39	15272.63	15242.81	15248.36	3075	0	4
2024.02.22	13:30:00	15248.36	15254.88	15205.09	15206.35	3388	0	1
2024.02.22	13:45:00	15206.35	15223.18	15193.3	15219.9	4659	0	2
2024.02.22	14:00:00	15219.9	15242.48	15210.19	15234.04	917	0	2
2024.02.22	14:15:00	15234.04	15236.6	15187.71	15188.68	2283	0	1
2024.02.22	14:30:00	15188.68	15207.42	15180.09	15195.82	1724	0	4
2024.02.22	14:45:00	15195.82	15245.68	15193.1	15218.06	4820	0	4
2024.02.22	15:00:00	15218.06	15234.8	15206.32	15229.55	1247	0	1
2024.02.22	15:15:00	15229.55	15260.34	15227.84	15248.74	1493	0	2
2024.02.22	15:30:00	15248.74	15284.9	15188.28	15207.11	1840	0	2
2024.02.22	15:45:00	15207.11	15236.33	15199.06	15217.29	975	0	3
2024.02.23	09:30:00	15217.29	15239.2	15194.59	15208.56	3395	0	3
2024.02.23	09:45:00	15208.56	15209.01	15180.79	15194.47	2861	0	3
2024.02.23	10:00:00	15194.47	15229.08	15189.43	15220.74	3009	0	1
2024.02.23	10:15:00	15220.74	15273.63	15204.88	15265.27	4582	0	3
2024.02.23	10:30:00	15265.27	15329.04	15248.46	15319.39	2448	0	1
2024.02.23	10:45:00	15319.39	15367.49	15309.21	15359.25	1900	0	1
2024.02.23	11:00:00	15359.25	15371.43	15350.51	15356.25	2189	0	4
2024.02.23	11:15:00	15356.25	15376.36	15338.62	15367.18	4100	0	1
2024.02.23	11:30:00	15367.18	15407.63	15342.07	15390.62	2877	0	1
2024.02.23	11:45:00	15390.62	15409.3	15389.99	15394.58	1261	0	2
2024.02.23	12:00:00	15394.58	15409.51	15366.84	15398.84	3604	0	3
2024.02.23	12:15:00	15398.84	15435.14	15394.47	15424.05	3855	0	3
2024.02.23	12:30:00	15424.05	15433.81	15405.94	15422.56	1624	0	1
2024.02.23	12:45:00	15422.56	15433.64	15386.6	15400.83	3006	0	4
2024.02.23	13:00:00	15400.83	15415.93	15382.28	15388.62	3036	0	2
2024.02.23	13:15:00	15388.62	15413.46	15353.29	15408.07	1287	0	3
2024.02.23	13:30:00	15408.07	15419.76	15391.13	15408.47	541	0	1
2024.02.23	13:45:00	15408.47	15420.4	15401.42	15419.06	3731	0	4
2024.02.23	14:00:00	15419.06	15454.94	15399.22	15439.65	3269	0	2
2024.02.23	14:15:00	15439.65	15444.26	15422.15	15428.61	3711	0	4
2024.02.23	14:30:00	15428.61	15455.06	15414.9	15451.82	2198	0	2
2024.02.23	14:45:00	15451.82	15478.43	15444.22	15463.61	2819	0	3
2024.02.23	15:00:00	15463.61	15479.04	15411.86	15426.52	4917	0	3
2024.02.23	15:15:00	15426.52	15482.15	15419.35	15470.53	1514	0	1
2024.02.23	15:30:00	15470.53	15475.83	15441.01	15455.65	3437	0	1
2024.02.23	15:45:00	15455.65	15456.73	15404.34	15405.87	1095	0	2
2024.02.26	09:30:00	15405.87	15421.78	15373.1	15374.64	795	0	1
2024.02.26	09:45:00	15374.64	15383.82	15339.58	15344.19	4807	0	3
2024.02.26	10:00:00	15344.19	15366.87	15319.0	15346.07	1084	0	1
2024.02.26	10:15:00	15346.07	15349.1	15327.31	15338.13	3451	0	3
2024.02.26	10:30:00	15338.13	15353.31	15307.4	15328.31	2813	0	1
2024.02.26	10:45:00	15328.31	15351.85	15312.66	15347.26	4141	0	1
2024.02.26	11:00:00	15347.26	15360.0	15346.16	15357.8	2959	0	2
2024.02.26	11:15:00	15357.8	15419.68	15339.98	15367.63	3636	0	3
2024.02.26	11:30:00	15367.63	15384.59	15350.58	15380.29	4523	0	2
2024.02.26	11:45:00	15380.29	15404.94	15373.95	15399.2	4232	0	2
2024.02.26	12:00:00	15399.2	15420.64	15327.63	15335.97	3748	0	2
2024.02.26	12:15:00	15335.97	15363.66	15318.99	15325.32	1231	0	2
2024.02.26	12:30:00	15325.32	15326.74	15252.16	15260.24	1262	0	2
2024.02.26	12:45:00	15260.24	15291.47	15251.02	15261.62	2736	0	4
2024.02.26	13:00:00	15261.62	15263.53	15233.75	15261.79	3464	0	3
2024.02.26	13:15:00	15261.79	15319.42	15254.73	15293.42	3502	0	2
2024.02.26	13:30:00	15293.42	15335.34	15284.93	15329.39	4040	0	3
2024.02.26	13:45:00	15329.39	15357.67	15319.29	15335.8	965	0	3
2024.02.26	14:00:00	15335.8	15341.45	15299.11	15321.06	1280	0	4
2024.02.26	14:15:00	15321.06	15348.57	15314.15	15335.95	1174	0	3
2024.02.26	14:30:00	15335.95	15346.26	15305.11	15320.39	2934	0	1
2024.02.26	14:45:00	15320.39	15329.06	15311.53	15320.65	3352	0	3
2024.02.26	15:00:00	15320.65	15356.06	15288.17	15350.62	1019	0	4
2024.02.26	15:15:00	15350.62	15370.76	15330.33	15334.14	4409	0	1
2024.02.26	15:30:00	15334.14	15374.55	15323.01	15358.7	1865	0	1
2024.02.26	15:45:00	15358.7	15386.3	15341.34	15379.42	3471	0	3
2024.02.27	09:30:00	15379.42	15399.51	15336.69	15350.96	3882	0	4
2024.02.27	09:45:00	15350.96	15400.64	15344.22	15380.61	662	0	2
2024.02.27	10:00:00	15380.61	15410.06	15361.78	15402.01	4391	0	3
2024.02.27	10:15:00	15402.01	15425.72	15401.36	15405.4	4866	0	3
2024.02.27	10:30:00	15405.4	15408.8	15359.13	15382.69	4813	0	3
2024.02.27	10:45:00	15382.69	15387.28	15348.91	15357.1	1127	0	1
2024.02.27	11:00:00	15357.1	15374.23	15335.26	15341.22	2266	0	2
2024.02.27	11:15:00	15341.22	15373.28	15318.05	15357.86	1546	0	4
2024.02.27	11:30:00	15357.86	15359.28	15320.3	15329.41	2528	0	4
2024.02.27	11:45:00	15329.41	15350.45	15313.61	15342.88	4887	0	4
2024.02.27	12:00:00	15342.88	15358.85	15279.21	15305.86	3934	0	1
2024.02.27	12:15:00	15305.86	15314.97	15287.28	15300.05	3969	0	2
2024.02.27	12:30:00	15300.05	15304.75	15297.15	15303.64	2398	0	1
2024.02.27	12:45:00	15303.64	15388.76	15297.81	15377.51	4714	0	2
2024.02.27	13:00:00	15377.51	15393.66	15323.44	15336.34	4640	0	4
2024.02.27	13:15:00	15336.34	15388.69	15332.27	15380.98	4129	0	2
2024.02.27	13:30:00	15380.98	15392.0	15377.59	15385.81	4165	0	1
2024.02.27	13:45:00	15385.81	15403.61	15382.11	15398.53	3432	0	3
2024.02.27	14:00:00	15398.53	15434.13	15397.79	15402.41	929	0	4
2024.02.27	14:15:00	15402.41	15428.04	15401.34	15416.16	1780	0	3
2024.02.27	14:30:00	15416.16	15434.37	15409.35	15411.82	3959	0	4
2024.02.27	14:45:00	15411.82	15457.34	15402.77	15456.14	1970	0	3
2024.02.27	15:00:00	15456.14	15477.62	15434.22	15442.62	1275	0	3
2024.02.27	15:15:00	15442.62	15513.01	15440.83	15477.26	4762	0	4
2024.02.27	15:30:00	15477.26	15477.7	15457.34	15458.02	2697	0	2
2024.02.27	15:45:00	15458.02	15463.85	15449.85	15456.51	4372	0	2
2024.02.28	09:30:00	15456.51	15462.56	15419.45	15424.35	1778	0	3
2024.02.28	09:45:00	15424.35	15444.0	15396.91	15438.43	2117	0	3
2024.02.28	10:00:00	15438.43	15493.61	15427.38	15482.56	2044	0	2
2024.02.28	10:15:00	15482.56	15514.77	15476.27	15480.52	2179	0	2
2024.02.28	10:30:00	15480.52	15495.75	15461.86	15474.85	2469	0	1
2024.02.28	10:45:00	15474.85	15487.33	15416.7	15441.37	1839	0	3
2024.02.28	11:00:00	15441.37	15450.1	15434.45	15434.74	4163	0	1
2024.02.28	11:15:00	15434.74	15449.92	15384.24	15386.91	1967	0	2
2024.02.28	11:30:00	15386.91	15406.18	15352.41	15359.69	2486	0	2
2024.02.28	11:45:00	15359.69	15379.54	15359.46	15366.83	4373	0	4
2024.02.28	12:00:00	15366.83	15411.22	15348.52	15406.94	2467	0	2
2024.02.28	12:15:00	15406.94	15517.27	15404.38	15492.37	547	0	1
2024.02.28	12:30:00	15492.37	15523.37	15460.65	15474.87	502	0	3
2024.02.28	12:45:00	15474.87	15523.64	15470.66	15518.8	2462	0	1
2024.02.28	13:00:00	15518.8	15538.85	15479.84	15526.53	3418	0	2
2024.02.28	13:15:00	15526.53	15556.81	15505.07	15522.23	4742	0	2
2024.02.28	13:30:00	15522.23	15543.96	15499.95	15535.72	1088	0	1
2024.02.28	13:45:00	15535.72	15570.22	15523.07	15537.92	2941	0	4
2024.02.28	14:00:00	15537.92	15562.77	15517.82	15541.59	1800	0	2
2024.02.28	14:15:00	15541.59	15545.51	15508.33	15529.46	2527	0	3
2024.02.28	14:30:00	15529.46	15529.6	15477.03	15487.25	2491	0	4
2024.02.28	14:45:00	15487.25	15500.73	15433.89	15440.74	1905	0	2
2024.02.28	15:00:00	15440.74	15477.86	15425.04	15460.85	582	0	4
2024.02.28	15:15:00	15460.85	15466.06	15435.39	15452.77	832	0	2
2024.02.28	15:30:00	15452.77	15453.29	15434.05	15435.02	2850	0	4
2024.02.28	15:45:00	15435.02	15440.14	15397.28	15435.59	1510	0	2
2024.02.29	09:30:00	15435.59	15468.38	15430.06	15459.98	1971	0	1
2024.02.29	09:45:00	15459.98	15467.78	15430.07	15465.76	907	0	4
2024.02.29	10:00:00	15465.76	15467.58	15443.81	15446.18	723	0	4
2024.02.29	10:15:00	15446.18	15504.64	15425.95	15483.69	1070	0	4
2024.02.29	10:30:00	15483.69	15550.45	15457.92	15532.02	2197	0	1
2024.02.29	10:45:00	15532.02	15554.69	15516.44	15547.41	1235	0	4
2024.02.29	11:00:00	15547.41	15603.69	15540.01	15577.43	1541	0	2
2024.02.29	11:15:00	15577.43	15621.65	15561.66	15615.74	1859	0	4
2024.02.29	11:30:00	15615.74	15675.6	15596.9	15650.7	1810	0	4
2024.02.29	11:45:00	15650.7	15678.21	15640.46	15669.87	549	0	1
2024.02.29	12:00:00	15669.87	15738.9	15666.85	15688.58	1028	0	2
2024.02.29	12:15:00	15688.58	15723.26	15687.78	15704.89	4775	0	2
2024.02.29	12:30:00	15704.89	15715.51	15662.9	15671.45	3505	0	2
2024.02.29	12:45:00	15671.45	15699.75	15642.9	15693.31	1057	0	3
2024.02.29	13:00:00	15693.31	15699.42	15632.2	15651.95	1776	0	2
2024.02.29	13:15:00	15651.95	15681.88	15622.54	15627.89	2224	0	3
2024.02.29	13:30:00	15627.89	15678.48	15619.73	15668.21	4575	0	3
2024.02.29	13:45:00	15668.21	15708.29	15658.67	15694.36	4457	0	1
2024.02.29	14:00:00	15694.36	15758.47	15673.27	15740.52	3966	0	1
2024.02.29	14:15:00	15740.52	15751.4	15730.84	15732.45	979	0	3
2024.02.29	14:30:00	15732.45	15747.28	15664.57	15697.26	2707	0	1
2024.02.29	14:45:00	15697.26	15718.93	15689.29	15690.17	2676	0	1
2024.02.29	15:00:00	15690.17	15712.54	15687.08	15693.62	3368	0	3
2024.02.29	15:15:00	15693.62	15705.6	15677.71	15696.37	4301	0	2
2024.02.29	15:30:00	15696.37	15734.77	15694.1	15731.62	1944	0	1
2024.02.29	15:45:00	15731.62	15735.11	15715.23	15720.79	3006	0	2
2024.03.01	09:30:00	15720.79	15733.18	15700.09	15731.97	1687	0	3
2024.03.01	09:45:00	15731.97	15741.85	15691.47	15701.81	1446	0	4
2024.03.01	10:00:00	15701.81	15716.47	15693.13	15715.99	1909	0	4
2024.03.01	10:15:00	15715.99	15729.48	15709.73	15716.4	3809	0	3
2024.03.01	10:30:00	15716.4	15732.56	15686.51	15693.62	2470	0	4
2024.03.01	10:45:00	15693.62	15705.2	15667.68	15686.68	3566	0	3
2024.03.01	11:00:00	15686.68	15690.1	15680.7	15681.33	3610	0	2
2024.03.01	11:15:00	15681.33	15681.74	15672.12	15673.34	2129	0	4
2024.03.01	11:30:00	15673.34	15731.52	15666.57	15728.19	4797	0	2
2024.03.01	11:45:00	15728.19	15735.92	15718.34	15725.47	708	0	4
2024.03.01	12:00:00	15725.47	15735.15	15697.47	15718.27	4536	0	4
2024.03.01	12:15:00	15718.27	15740.86	15644.11	15654.06	535	0	2
2024.03.01	12:30:00	15654.06	15658.17	15616.42	15626.94	2220	0	3
2024.03.01	12:45:00	15626.94	15633.58	15609.91	15619.19	4214	0	4
2024.03.01	13:00:00	15619.19	15626.58	15577.4	15598.51	3579	0	4
2024.03.01	13:15:00	15598.51	15669.32	15585.11	15641.15	1947	0	1
2024.03.01	13:30:00	15641.15	15653.27	15633.26	15636.4	4485	0	4
2024.03.01	13:45:00	15636.4	15691.36	15625.27	15676.28	1119	0	3
2024.03.01	14:00:00	15676.28	15705.2	15659.91	15678.49	3518	0	1
2024.03.01	14:15:00	15678.49	15697.13	15649.7	15679.95	2833	0	1
2024.03.01	14:30:00	15679.95	15703.18	15656.83	15677.53	1432	0	3
2024.03.01	14:45:00	15677.53	15683.64	15673.59	15677.96	4643	0	2
2024.03.01	15:00:00	15677.96	15735.71	15676.89	15731.21	3944	0	1
2024.03.01	15:15:00	15731.21	15748.47	15647.95	15660.12	538	0	3
2024.03.01	15:30:00	15660.12	15667.29	15597.88	15599.08	890	0	3
2024.03.01	15:45:00	15599.08	15612.36	15576.16	15582.79	752	0	1
2024.03.04	09:30:00	15582.79	15593.8	15566.12	15583.54	2369	0	2
2024.03.04	09:45:00	15583.54	15612.27	15581.07	15604.96	2376	0	2
2024.03.04	10:00:00	15604.96	15632.0	15594.31	15619.76	3757	0	4
2024.03.04	10:15:00	15619.76	15625.01	15605.19	15608.3	3541	0	3
2024.03.04	10:30:00	15608.3	15657.6	15586.85	15639.84	567	0	1
2024.03.04	10:45:00	15639.84	15674.61	15638.45	15671.79	2642	0	3
2024.03.04	11:00:00	15671.79	15697.3	15652.8	15677.76	4031	0	4
2024.03.04	11:15:00	15677.76	15724.37	15676.09	15707.7	4538	0	1
2024.03.04	11:30:00	15707.7	15722.49	15696.22	15716.41	1814	0	4
2024.03.04	11:45:00	15716.41	15744.83	15693.55	15699.43	698	0	1
2024.03.04	12:00:00	15699.43	15727.31	15678.77	15721.24	1187	0	3
2024.03.04	12:15:00	15721.24	15730.94	15721.02	15724.97	2030	0	2
2024.03.04	12:30:00	15724.97	15737.14	15716.14	15725.33	2494	0	3
2024.03.04	12:45:00	15725.33	15774.84	15711.33	15771.13	2081	0	4
2024.03.04	13:00:00	15771.13	15776.98	15684.06	15695.82	907	0	4
2024.03.04	13:15:00	15695.82	15710.58	15652.29	15652.56	2030	0	4
2024.03.04	13:30:00	15652.56	15674.18	15613.65	15616.47	1804	0	4
2024.03.04	13:45:00	15616.47	15655.36	15581.99	15605.66	2694	0	2
2024.03.04	14:00:00	15605.66	15617.87	15575.53	15598.19	856	0	2
2024.03.04	14:15:00	15598.19	15605.28	15538.56	15552.45	4057	0	3
2024.03.04	14:30:00	15552.45	15558.71	15480.06	15522.75	2376	0	1
2024.03.04	14:45:00	15522.75	15548.5	15492.72	15496.87	1930	0	3
2024.03.04	15:00:00	15496.87	15582.95	15468.14	15572.05	4579	0	3
2024.03.04	15:15:00	15572.05	15637.9	15563.15	15627.48	3850	0	4
2024.03.04	15:30:00	15627.48	15629.48	15572.78	15615.18	1115	0	1
2024.03.04	15:45:00	15615.18	15621.52	15600.68	15604.36	1159	0	1
2024.03.05	09:30:00	15604.36	15611.12	15557.18	15569.54	509	0	1
2024.03.05	09:45:00	15569.54	15593.57	15497.83	15511.7	3023	0	3
2024.03.05	10:00:00	15511.7	15524.87	15501.3	15508.46	2096	0	3
2024.03.05	10:15:00	15508.46	15527.94	15464.43	15478.45	2187	0	3
2024.03.05	10:30:00	15478.45	15479.58	15449.62	15476.18	2792	0	1
2024.03.05	10:45:00	15476.18	15483.02	15408.0	15428.0	2926	0	2
2024.03.05	11:00:00	15428.0	15431.95	15401.82	15405.27	504	0	2
2024.03.05	11:15:00	15405.27	15420.03	15393.9	15410.07	984	0	1
2024.03.05	11:30:00	15410.07	15446.81	15405.62	15421.45	4051	0	4
2024.03.05	11:45:00	15421.45	15437.23	15402.33	15434.38	4790	0	1
2024.03.05	12:00:00	15434.38	15441.1	15391.54	15394.77	4267	0	3
2024.03.05	12:15:00	15394.77	15437.48	15392.52	15420.91	4577	0	2
2024.03.05	12:30:00	15420.91	15431.83	15388.74	15397.03	2585	0	4
2024.03.05	12:45:00	15397.03	15425.46	15394.01	15416.46	4218	0	3
2024.03.05	13:00:00	15416.46	15416.62	15413.33	15416.45	4470	0	2
2024.03.05	13:15:00	15416.45	15416.46	15353.4	15375.2	4517	0	3
2024.03.05	13:30:00	15375.2	15379.12	15358.56	15365.98	1172	0	1
2024.03.05	13:45:00	15365.98	15408.84	15360.99	15377.3	1160	0	1
2024.03.05	14:00:00	15377.3	15401.18	15374.79	15396.1	2311	0	2
2024.03.05	14:15:00	15396.1	15432.01	15376.33	15392.15	2766	0	4
2024.03.05	14:30:00	15392.15	15443.71	15381.3	15438.77	4811	0	4
2024.03.05	14:45:00	15438.77	15470.19	15418.32	15469.62	1930	0	2
2024.03.05	15:00:00	15469.62	15470.28	15440.24	15462.14	4241	0	2
2024.03.05	15:15:00	15462.14	15488.95	15450.73	15485.21	4493	0	4
2024.03.05	15:30:00	15485.21	15544.8	15470.32	15544.36	4843	0	3
2024.03.05	15:45:00	15544.36	15605.36	15511.04	15604.56	1352	0	1
2024.03.06	09:30:00	15604.56	15613.94	15550.86	15567.33	1588	0	1
2024.03.06	09:45:00	15567.33	15575.61	15537.69	15539.38	1489	0	4
2024.03.06	10:00:00	15539.38	15599.5	15528.03	15585.01	3808	0	4
2024.03.06	10:15:00	15585.01	15631.22	15535.11	15553.01	3590	0	4
2024.03.06	10:30:00	15553.01	15563.93	15499.93	15513.03	2331	0	1
2024.03.06	10:45:00	15513.03	15514.56	15492.11	15498.56	900	0	4
2024.03.06	11:00:00	15498.56	15534.4	15490.58	15511.65	2843	0	1
2024.03.06	11:15:00	15511.65	15513.42	15491.91	15508.84	3795	0	4
2024.03.06	11:30:00	15508.84	15523.04	15487.72	15489.38	2634	0	4
2024.03.06	11:45:00	15489.38	15496.1	15452.7	15469.22	1706	0	2
2024.03.06	12:00:00	15469.22	15485.07	15444.74	15447.93	3164	0	1
2024.03.06	12:15:00	15447.93	15455.08	15402.76	15421.62	3474	0	3
2024.03.06	12:30:00	15421.62	15499.73	15404.48	15491.09	3160	0	1
2024.03.06	12:45:00	15491.09	15527.36	15490.97	15500.44	4428	0	3
2024.03.06	13:00:00	15500.44	15555.7	15464.92	15527.73	1912	0	2
2024.03.06	13:15:00	15527.73	15545.88	15496.34	15513.16	3243	0	2
2024.03.06	13:30:00	15513.16	15536.41	15496.2	15507.81	4347	0	4
2024.03.06	13:45:00	15507.81	15523.34	15462.89	15486.43	1457	0	4
2024.03.06	14:00:00	15486.43	15495.2	15401.48	15406.41	1767	0	2
2024.03.06	14:15:00	15406.41	15419.33	15360.04	15365.14	721	0	2
2024.03.06	14:30:00	15365.14	15367.43	15288.92	15310.98	2187	0	4
2024.03.06	14:45:00	15310.98	15318.06	15235.29	15243.88	700	0	2
2024.03.06	15:00:00	15243.88	15244.32	15198.9	15208.49	3858	0	1
2024.03.06	15:15:00	15208.49	15252.1	15207.71	15248.37	899	0	4
2024.03.06	15:30:00	15248.37	15278.85	15242.1	15247.34	3615	0	4
2024.03.06	15:45:00	15247.34	15303.11	15245.04	15286.29	3109	0	2
2024.03.07	09:30:00	15286.29	15300.14	15270.56	15298.92	4945	0	1
2024.03.07	09:45:00	15298.92	15330.01	15286.93	15322.73	2066	0	1
2024.03.07	10:00:00	15322.73	15331.15	15294.18	15295.98	2051	0	3
2024.03.07	10:15:00	15295.98	15317.4	15289.31	15312.02	1593	0	2
2024.03.07	10:30:00	15312.02	15347.66	15306.01	15334.22	2917	0	3
2024.03.07	10:45:00	15334.22	15368.13	15304.58	15317.2	1486	0	4
2024.03.07	11:00:00	15317.2	15340.44	15314.96	15334.32	1010	0	1
2024.03.07	11:15:00	15334.32	15359.48	15322.46	15351.66	4768	0	4
2024.03.07	11:30:00	15351.66	15354.67	15332.51	15335.43	3556	0	1
2024.03.07	11:45:00	15335.43	15352.69	15296.36	15302.01	1034	0	1
2024.03.07	12:00:00	15302.01	15303.34	15257.35	15266.82	3281	0	3
2024.03.07	12:15:00	15266.82	15291.64	15257.38	15269.72	1871	0	3
2024.03.07	12:30:00	15269.72	15295.21	15251.38	15279.82	1310	0	4
2024.03.07	12:45:00	15279.82	15291.06	15246.88	15256.39	2621	0	3
2024.03.07	13:00:00	15256.39	15270.12	15241.09	15257.49	4044	0	2
2024.03.07	13:15:00	15257.49	15280.31	15254.79	15274.88	502	0	3
2024.03.07	13:30:00	15274.88	15300.43	15239.32	15293.72	2098	0	4
2024.03.07	13:45:00	15293.72	15370.04	15285.11	15340.64	4644	0	3
2024.03.07	14:00:00	15340.64	15384.73	15326.18	15379.41	2274	0	2
2024.03.07	14:15:00	15379.41	15384.53	15347.67	15349.55	945	0	4
2024.03.07	14:30:00	15349.55	15406.21	15347.77	15400.62	2428	0	2
2024.03.07	14:45:00	15400.62	15409.63	15339.4	15384.9	3571	0	2
2024.03.07	15:00:00	15384.9	15449.82	15378.98	15416.77	4983	0	2
2024.03.07	15:15:00	15416.77	15433.78	15411.65	15419.13	3329	0	2
2024.03.07	15:30:00	15419.13	15425.91	15399.95	15406.98	727	0	1
2024.03.07	15:45:00	15406.98	15409.69	15338.28	15352.77	4140	0	3
2024.03.08	09:30:00	15352.77	15354.83	15344.74	15347.91	4010	0	3
2024.03.08	09:45:00	15347.91	15358.99	15298.86	15301.35	3431	0	2
2024.03.08	10:00:00	15301.35	15354.08	15281.36	15330.71	4534	0	4
2024.03.08	10:15:00	15330.71	15385.58	15327.63	15376.69	3962	0	2
2024.03.08	10:30:00	15376.69	15393.82	15333.99	15352.98	1545	0	2
2024.03.08	10:45:00	15352.98	15389.07	15325.16	15362.38	2395	0	1
2024.03.08	11:00:00	15362.38	15375.58	15324.53	15340.85	2783	0	4
2024.03.08	11:15:00	15340.85	15373.99	15299.59	15322.26	2699	0	1
2024.03.08	11:30:00	15322.26	15368.64	15318.2	15345.86	3374	0	1
2024.03.08	11:45:00	15345.86	15347.85	15341.7	15345.01	3657	0	4
2024.03.08	12:00:00	15345.01	15404.89	15337.28	15397.76	967	0	3
2024.03.08	12:15:00	15397.76	15417.75	15356.5	15383.51	3057	0	1
2024.03.08	12:30:00	15383.51	15443.39	15369.39	15414.0	674	0	2
2024.03.08	12:45:00	15414.0	15421.98	15381.17	15417.25	2801	0	3
2024.03.08	13:00:00	15417.25	15448.83	15408.86	15441.64	2399	0	1
2024.03.08	13:15:00	15441.64	15452.12	15427.59	15428.41	1425	0	4
2024.03.08	13:30:00	15428.41	15439.34	15423.73	15427.22	4958	0	3
2024.03.08	13:45:00	15427.22	15432.98	15413.05	15424.04	1661	0	1
2024.03.08	14:00:00	15424.04	15428.32	15371.32	15399.07	753	0	3
2024.03.08	14:15:00	15399.07	15428.63	15386.98	15419.39	2113	0	1
2024.03.08	14:30:00	15419.39	15464.04	15408.07	15439.38	3908	0	3
2024.03.08	14:45:00	15439.38	15481.87	15427.67	15457.67	541	0	2
2024.03.08	15:00:00	15457.67	15507.41	15442.96	15504.64	2717	0	1
2024.03.08	15:15:00	15504.64	15568.62	15486.19	15549.08	2378	0	3
2024.03.08	15:30:00	15549.08	15565.48	15533.38	15537.97	4395	0	2
2024.03.08	15:45:00	15537.97	15563.73	15535.55	15549.65	512	0	2
2024.03.11	09:30:00	15549.65	15567.37	15516.33	15530.95	577	0	4
2024.03.11	09:45:00	15530.95	15535.79	15528.93	15531.98	3042	0	3
2024.03.11	10:00:00	15531.98	15532.98	15501.99	15514.03	1307	0	2
2024.03.11	10:15:00	15514.03	15570.8	15511.41	15563.71	3668	0	1
2024.03.11	10:30:00	15563.71	15590.61	15557.08	15575.13	1751	0	3
2024.03.11	10:45:00	15575.13	15594.47	15545.83	15568.78	3029	0	1
2024.03.11	11:00:00	15568.78	15606.32	15528.5	15605.58	669	0	4
2024.03.11	11:15:00	15605.58	15612.7	15533.85	15539.6	3620	0	1
2024.03.11	11:30:00	15539.6	15550.05	15472.1	15478.65	2832	0	3
2024.03.11	11:45:00	15478.65	15526.65	15471.43	15503.14	500	0	2
2024.03.11	12:00:00	15503.14	15506.54	15495.16	15505.28	1696	0	3
2024.03.11	12:15:00	15505.28	15532.53	15482.63	15513.21	767	0	2
2024.03.11	12:30:00	15513.21	15521.32	15466.24	15473.22	701	0	1
2024.03.11	12:45:00	15473.22	15476.93	15466.44	15472.82	3643	0	4
2024.03.11	13:00:00	15472.82	15534.9	15463.8	15534.05	2425	0	4
2024.03.11	13:15:00	15534.05	15585.39	15507.87	15559.49	4113	0	1
2024.03.11	13:30:00	15559.49	15586.78	15554.65	15564.98	1659	0	1
2024.03.11	13:45:00	15564.98	15567.04	15541.94	15551.9	3729	0	3
2024.03.11	14:00:00	15551.9	15563.28	15517.35	15540.18	3268	0	4
2024.03.11	14:15:00	15540.18	15551.64	15452.17	15475.73	3483	0	3
2024.03.11	14:30:00	15475.73	15486.37	15469.34	15483.86	4226	0	1
2024.03.11	14:45:00	15483.86	15523.05	15476.98	15509.87	3683	0	3
2024.03.11	15:00:00	15509.87	15528.67	15415.07	15462.33	3855	0	2
2024.03.11	15:15:00	15462.33	15467.05	15437.67	15442.59	3828	0	3
2024.03.11	15:30:00	15442.59	15448.15	15388.21	15407.88	2511	0	2
2024.03.11	15:45:00	15407.88	15428.4	15376.09	15379.05	3759	0	1
2024.03.12	09:30:00	15379.05	15398.41	15364.35	15380.97	4289	0	1
2024.03.12	09:45:00	15380.97	15392.51	15312.58	15318.53	3821	0	3
2024.03.12	10:00:00	15318.53	15358.68	15312.48	15337.3	3234	0	3
2024.03.12	10:15:00	15337.3	15370.78	15328.47	15360.3	833	0	2
2024.03.12	10:30:00	15360.3	15375.42	15332.07	15353.04	2464	0	1
2024.03.12	10:45:00	15353.04	15364.0	15254.98	15278.84	784	0	4
2024.03.12	11:00:00	15278.84	15281.39	15244.85	15249.32	967	0	1
2024.03.12	11:15:00	15249.32	15307.38	15245.94	15286.54	2125	0	1
2024.03.12	11:30:00	15286.54	15289.37	15192.49	15203.79	2588	0	2
2024.03.12	11:45:00	15203.79	15226.06	15186.71	15193.73	2874	0	3
2024.03.12	12:00:00	15193.73	15194.52	15154.82	15158.91	4551	0	4
2024.03.12	12:15:00	15158.91	15207.8	15148.73	15183.16	3931	0	3
2024.03.12	12:30:00	15183.16	15191.03	15161.38	15163.37	2403	0	4
2024.03.12	12:45:00	15163.37	15181.31	15153.4	15175.69	2006	0	3
2024.03.12	13:00:00	15175.69	15221.26	15164.48	15192.83	3706	0	4
2024.03.12	13:15:00	15192.83	15260.62	15190.41	15247.95	1738	0	1
2024.03.12	13:30:00	15247.95	15254.27	15238.89	15242.18	4476	0	1
2024.03.12	13:45:00	15242.18	15265.97	15219.31	15253.73	4016	0	3
2024.03.12	14:00:00	15253.73	15274.64	15202.55	15209.68	3571	0	4
2024.03.12	14:15:00	15209.68	15259.92	15203.84	15245.53	1622	0	3
2024.03.12	14:30:00	15245.53	15250.51	15216.94	15223.12	3297	0	2
2024.03.12	14:45:00	15223.12	15255.33	15197.6	15206.69	4193	0	2
2024.03.12	15:00:00	15206.69	15207.24	15194.28	15206.33	823	0	1
2024.03.12	15:15:00	15206.33	15221.54	15154.83	15160.09	1297	0	2
2024.03.12	15:30:00	15160.09	15168.71	15152.78	15167.2	2818	0	3
2024.03.12	15:45:00	15167.2	15212.37	15145.51	15196.31	2117	0	1
2024.03.13	09:30:00	15196.31	15211.67	15186.6	15205.35	3693	0	2
2024.03.13	09:45:00	15205.35	15205.64	15154.39	15158.34	2304	0	2
2024.03.13	10:00:00	15158.34	15179.16	15136.15	15154.97	4984	0	2
2024.03.13	10:15:00	15154.97	15177.44	15146.73	15177.34	1847	0	4
2024.03.13	10:30:00	15177.34	15188.78	15083.3	15121.85	2120	0	4
2024.03.13	10:45:00	15121.85	15125.51	15080.82	15090.31	515	0	2
2024.03.13	11:00:00	15090.31	15136.5	15082.05	15116.57	1613	0	4
2024.03.13	11:15:00	15116.57	15130.91	15109.86	15124.88	1559	0	3
2024.03.13	11:30:00	15124.88	15146.17	15124.68	15137.41	3932	0	4
2024.03.13	11:45:00	15137.41	15229.81	15134.55	15193.02	2019	0	3
2024.03.13	12:00:00	15193.02	15216.56	15191.5	15207.29	1415	0	3
2024.03.13	12:15:00	15207.29	15231.23	15206.96	15227.23	1911	0	3
2024.03.13	12:30:00	15227.23	15317.35	15207.16	15308.7	3031	0	2
2024.03.13	12:45:00	15308.7	15311.89	15302.3	15302.59	4034	0	3
2024.03.13	13:00:00	15302.59	15308.32	15262.71	15278.97	4904	0	3
2024.03.13	13:15:00	15278.97	15292.9	15264.89	15292.1	713	0	3
2024.03.13	13:30:00	15292.1	15321.88	15282.1	15305.58	4284	0	1
2024.03.13	13:45:00	15305.58	15314.84	15263.29	15290.08	2250	0	3
2024.03.13	14:00:00	15290.08	15304.87	15242.75	15259.46	4137	0	3
2024.03.13	14:15:00	15259.46	15337.14	15252.61	15329.05	668	0	1
2024.03.13	14:30:00	15329.05	15339.36	15318.29	15339.18	3317	0	4
2024.03.13	14:45:00	15339.18	15343.92	15302.87	15317.48	4687	0	4
2024.03.13	15:00:00	15317.48	15381.84	15299.68	15345.32	676	0	3
2024.03.13	15:15:00	15345.32	15357.62	15312.61	15342.35	4055	0	4
2024.03.13	15:30:00	15342.35	15346.83	15320.65	15335.05	1014	0	4
2024.03.13	15:45:00	15335.05	15363.57	15317.81	15352.27	4919	0	2
2024.03.14	09:30:00	15352.27	15379.15	15311.95	15313.73	3849	0	4
2024.03.14	09:45:00	15313.73	15337.96	15307.42	15324.63	4595	0	4
2024.03.14	10:00:00	15324.63	15392.77	15323.96	15382.54	4539	0	1
2024.03.14	10:15:00	15382.54	15404.66	15362.91	15396.92	1921	0	4
2024.03.14	10:30:00	15396.92	15400.81	15385.66	15385.87	2371	0	1
2024.03.14	10:45:00	15385.87	15393.66	15354.56	15370.88	3612	0	2
2024.03.14	11:00:00	15370.88	15382.31	15352.87	15358.82	1286	0	4
2024.03.14	11:15:00	15358.82	15364.69	15337.56	15351.48	1879	0	3
2024.03.14	11:30:00	15351.48	15354.73	15336.6	15340.42	945	0	2
2024.03.14	11:45:00	15340.42	15368.95	15318.12	15368.32	4496	0	3
2024.03.14	12:00:00	15368.32	15374.82	15303.69	15316.48	1615	0	1
2024.03.14	12:15:00	15316.48	15346.15	15316.37	15342.7	2348	0	1
2024.03.14	12:30:00	15342.7	15343.59	15323.43	15331.58	2536	0	4
2024.03.14	12:45:00	15331.58	15352.87	15320.36	15343.23	2191	0	1
2024.03.14	13:00:00	15343.23	15368.71	15307.15	15309.66	4000	0	4
2024.03.14	13:15:00	15309.66	15365.72	15292.16	15349.91	4613	0	2
2024.03.14	13:30:00	15349.91	15394.22	15322.1	15387.76	3078	0	1
2024.03.14	13:45:00	15387.76	15421.9	15387.5	15417.06	4265	0	4
2024.03.14	14:00:00	15417.06	15443.66	15370.41	15371.63	998	0	1
2024.03.14	14:15:00	15371.63	15410.6	15365.53	15396.96	4848	0	2
2024.03.14	14:30:00	15396.96	15420.61	15379.14	15409.5	1021	0	1
2024.03.14	14:45:00	15409.5	15424.15	15353.46	15361.37	799	0	4
2024.03.14	15:00:00	15361.37	15366.24	15337.67	15360.94	600	0	2
2024.03.14	15:15:00	15360.94	15392.93	15350.72	15372.23	1595	0	3
2024.03.14	15:30:00	15372.23	15396.54	15352.24	15389.32	4267	0	1
2024.03.14	15:45:00	15389.32	15427.47	15376.76	15394.97	1853	0	3
2024.03.15	09:30:00	15394.97	15407.71	15391.13	15404.08	4059	0	3
2024.03.15	09:45:00	15404.08	15456.55	15383.34	15448.97	2409	0	2
2024.03.15	10:00:00	15448.97	15509.07	15437.64	15486.47	967	0	4
2024.03.15	10:15:00	15486.47	15502.96	15395.92	15399.95	2629	0	2
2024.03.15	10:30:00	15399.95	15419.69	15388.17	15390.67	1545	0	3
2024.03.15	10:45:00	15390.67	15402.7	15381.04	15386.01	1811	0	1
2024.03.15	11:00:00	15386.01	15396.58	15321.03	15333.54	2827	0	4
2024.03.15	11:15:00	15333.54	15360.76	15333.47	15336.68	4057	0	1
2024.03.15	11:30:00	15336.68	15385.89	15332.04	15374.59	3140	0	3
2024.03.15	11:45:00	15374.59	15389.79	15316.79	15342.17	1504	0	1
2024.03.15	12:00:00	15342.17	15366.41	15339.32	15352.6	3728	0	1
2024.03.15	12:15:00	15352.6	15361.72	15320.8	15325.36	3634	0	1
2024.03.15	12:30:00	15325.36	15329.3	15290.05	15305.48	1566	0	4
2024.03.15	12:45:00	15305.48	15352.75	15277.8	15350.2	4332	0	1
2024.03.15	13:00:00	15350.2	15369.35	15328.45	15334.18	4294	0	4
2024.03.15	13:15:00	15334.18	15359.66	15326.94	15348.4	3216	0	3
2024.03.15	13:30:00	15348.4	15349.77	15278.08	15292.48	1832	0	1
2024.03.15	13:45:00	15292.48	15363.11	15291.83	15348.74	2093	0	2
2024.03.15	14:00:00	15348.74	15379.39	15321.71	15367.2	2477	0	2
2024.03.15	14:15:00	15367.2	15369.61	15352.03	15362.01	1345	0	2
2024.03.15	14:30:00	15362.01	15384.02	15355.83	15379.67	1876	0	3
2024.03.15	14:45:00	15379.67	15405.89	15333.9	15337.51	1104	0	4
2024.03.15	15:00:00	15337.51	15389.35	15332.18	15373.43	1195	0	4
2024.03.15	15:15:00	15373.43	15378.23	15351.02	15363.97	3848	0	3
2024.03.15	15:30:00	15363.97	15366.05	15338.07	15358.13	1077	0	4
2024.03.15	15:45:00	15358.13	15359.26	15331.24	15343.63	2611	0	4
2024.03.18	09:30:00	15343.63	15359.27	15319.63	15326.48	2431	0	1
2024.03.18	09:45:00	15326.48	15365.55	15308.06	15347.68	708	0	3
2024.03.18	10:00:00	15347.68	15359.25	15314.54	15355.69	4240	0	4
2024.03.18	10:15:00	15355.69	15378.48	15334.99	15375.64	4927	0	1
2024.03.18	10:30:00	15375.64	15386.3	15373.53	15375.68	3372	0	3
2024.03.18	10:45:00	15375.68	15413.08	15347.28	15391.47	3520	0	4
2024.03.18	11:00:00	15391.47	15405.18	15333.87	15379.14	1547	0	2
2024.03.18	11:15:00	15379.14	15451.24	15356.08	15446.85	4298	0	4
2024.03.18	11:30:00	15446.85	15474.02	15399.43	15399.73	4029	0	4
2024.03.18	11:45:00	15399.73	15460.86	15398.74	15438.17	2471	0	3
2024.03.18	12:00:00	15438.17	15480.07	15428.58	15479.95	3676	0	3
2024.03.18	12:15:00	15479.95	15485.51	15446.08	15454.41	4799	0	3
2024.03.18	12:30:00	15454.41	15536.35	15437.62	15522.43	3212	0	2
2024.03.18	12:45:00	15522.43	15557.67	15516.15	15553.08	1397	0	2
2024.03.18	13:00:00	15553.08	15599.95	15552.57	15583.04	1987	0	3
2024.03.18	13:15:00	15583.04	15594.76	15579.51	15584.21	1333	0	2
2024.03.18	13:30:00	15584.21	15600.37	15565.83	15577.88	1991	0	4
2024.03.18	13:45:00	15577.88	15582.04	15558.03	15571.8	4506	0	4
2024.03.18	14:00:00	15571.8	15612.35	15562.31	15584.04	1353	0	2
2024.03.18	14:15:00	15584.04	15642.05	15570.75	15627.24	4512	0	3
2024.03.18	14:30:00	15627.24	15641.76	15618.92	15633.11	1783	0	1
2024.03.18	14:45:00	15633.11	15633.43	15589.05	15605.5	2745	0	1
2024.03.18	15:00:00	15605.5	15672.36	15603.47	15631.06	2877	0	2
2024.03.18	15:15:00	15631.06	15678.73	15620.42	15659.64	1066	0	1
2024.03.18	15:30:00	15659.64	15682.17	15645.42	15680.07	1328	0	4
2024.03.18	15:45:00	15680.07	15715.94	15647.13	15703.33	1873	0	1
2024.03.19	09:30:00	15703.33	15718.65	15692.07	15695.3	769	0	2
2024.03.19	09:45:00	15695.3	15705.73	15648.09	15667.05	3893	0	2
2024.03.19	10:00:00	15667.05	15677.62	15624.81	15640.7	2958	0	1
2024.03.19	10:15:00	15640.7	15646.2	15581.67	15590.93	4306	0	2
2024.03.19	10:30:00	15590.93	15625.73	15590.52	15598.49	4384	0	3
2024.03.19	10:45:00	15598.49	15623.32	15576.63	15596.25	2064	0	4
2024.03.19	11:00:00	15596.25	15601.75	15579.98	15583.11	4177	0	1
2024.03.19	11:15:00	15583.11	15590.17	15483.84	15493.35	775	0	1
2024.03.19	11:30:00	15493.35	15505.38	15449.7	15455.81	2433	0	2
2024.03.19	11:45:00	15455.81	15509.22	15444.44	15490.13	3495	0	2
2024.03.19	12:00:00	15490.13	15499.91	15465.91	15470.26	2598	0	4
2024.03.19	12:15:00	15470.26	15492.66	15462.19	15481.52	3827	0	1
2024.03.19	12:30:00	15481.52	15486.35	15437.85	15439.66	4363	0	2
2024.03.19	12:45:00	15439.66	15487.05	15411.43	15483.59	2408	0	3
2024.03.19	13:00:00	15483.59	15491.2	15468.2	15479.53	1735	0	2
2024.03.19	13:15:00	15479.53	15490.44	15456.47	15488.65	3123	0	3
2024.03.19	13:30:00	15488.65	15606.65	15484.94	15559.77	4408	0	4
2024.03.19	13:45:00	15559.77	15609.16	15552.09	15606.42	4943	0	3
2024.03.19	14:00:00	15606.42	15616.25	15593.43	15597.35	4169	0	2
2024.03.19	14:15:00	15597.35	15604.17	15567.5	15579.53	1602	0	4
2024.03.19	14:30:00	15579.53	15581.1	15566.13	15569.9	1423	0	4
2024.03.19	14:45:00	15569.9	15610.89	15562.72	15585.79	3078	0	4
2024.03.19	15:00:00	15585.79	15590.55	15565.49	15582.88	2309	0	1
2024.03.19	15:15:00	15582.88	15589.57	15559.79	15571.12	3249	0	4
2024.03.19	15:30:00	15571.12	15632.3	15558.63	15616.3	4654	0	4
2024.03.19	15:45:00	15616.3	15621.85	15598.59	15613.12	2970	0	4
2024.03.20	09:30:00	15613.12	15697.81	15603.8	15684.0	2099	0	3
2024.03.20	09:45:00	15684.0	15724.62	15665.86	15687.11	4411	0	2
2024.03.20	10:00:00	15687.11	15749.81	15679.51	15742.44	2476	0	3
2024.03.20	10:15:00	15742.44	15765.55	15732.36	15753.79	3222	0	3
2024.03.20	10:30:00	15753.79	15789.35	15745.9	15783.89	1108	0	4
2024.03.20	10:45:00	15783.89	15796.29	15758.33	15761.79	2785	0	2
2024.03.20	11:00:00	15761.79	15764.09	15698.38	15735.74	2418	0	3
2024.03.20	11:15:00	15735.74	15770.14	15731.08	15750.24	1053	0	4
2024.03.20	11:30:00	15750.24	15785.69	15748.84	15781.12	1452	0	4
2024.03.20	11:45:00	15781.12	15789.92	15774.78	15782.69	3664	0	1
2024.03.20	12:00:00	15782.69	15790.52	15716.12	15743.23	1312	0	4
2024.03.20	12:15:00	15743.23	15766.42	15683.71	15701.61	1094	0	1
2024.03.20	12:30:00	15701.61	15727.88	15649.38	15658.03	758	0	4
2024.03.20	12:45:00	15658.03	15665.07	15590.32	15604.16	619	0	1
2024.03.20	13:00:00	15604.16	15620.81	15595.53	15607.82	2454	0	1
2024.03.20	13:15:00	15607.82	15666.32	15592.04	15642.61	2698	0	3
2024.03.20	13:30:00	15642.61	15646.29	15619.84	15642.51	3309	0	3
2024.03.20	13:45:00	15642.51	15647.0	15562.93	15573.63	3076	0	3
2024.03.20	14:00:00	15573.63	15585.2	15557.08	15568.12	2915	0	2
2024.03.20	14:15:00	15568.12	15581.38	15545.8	15563.46	4995	0	1
2024.03.20	14:30:00	15563.46	15633.39	15543.53	15627.88	1624	0	3
2024.03.20	14:45:00	15627.88	15632.94	15566.47	15583.6	3705	0	3
2024.03.20	15:00:00	15583.6	15601.64	15570.35	15571.97	858	0	3
2024.03.20	15:15:00	15571.97	15653.43	15550.66	15624.47	4318	0	2
2024.03.20	15:30:00	15624.47	15649.96	15604.45	15638.58	2131	0	4
2024.03.20	15:45:00	15638.58	15656.85	15635.96	15656.17	2058	0	4
2024.03.21	09:30:00	15656.17	15660.84	15647.74	15660.01	1108	0	1
2024.03.21	09:45:00	15660.01	15679.02	15628.28	15670.46	2790	0	1
2024.03.21	10:00:00	15670.46	15696.47	15665.52	15694.69	2298	0	1
2024.03.21	10:15:00	15694.69	15697.6	15645.24	15670.1	4884	0	1
2024.03.21	10:30:00	15670.1	15713.71	15666.76	15697.42	1301	0	3
2024.03.21	10:45:00	15697.42	15717.39	15632.66	15655.53	2378	0	3
2024.03.21	11:00:00	15655.53	15683.44	15645.56	15665.93	4550	0	2
2024.03.21	11:15:00	15665.93	15678.37	15649.27	15671.73	4132	0	3
2024.03.21	11:30:00	15671.73	15673.23	15648.62	15653.11	3940	0	4
2024.03.21	11:45:00	15653.11	15683.67	15650.76	15652.73	2866	0	4
2024.03.21	12:00:00	15652.73	15659.22	15619.34	15633.94	4429	0	2
2024.03.21	12:15:00	15633.94	15644.15	15586.59	15601.43	1507	0	3
2024.03.21	12:30:00	15601.43	15609.86	15567.89	15590.93	4143	0	3
2024.03.21	12:45:00	15590.93	15616.29	15542.61	15557.52	3111	0	4
2024.03.21	13:00:00	15557.52	15610.61	15541.07	15567.68	2074	0	4
2024.03.21	13:15:00	15567.68	15582.99	15526.27	15532.92	1481	0	2
2024.03.21	13:30:00	15532.92	15596.6	15532.53	15554.94	2847	0	4
2024.03.21	13:45:00	15554.94	15563.95	15510.7	15519.25	513	0	2
2024.03.21	14:00:00	15519.25	15536.08	15493.23	15502.33	3716	0	4
2024.03.21	14:15:00	15502.33	15502.97	15475.04	15483.66	1561	0	4
2024.03.21	14:30:00	15483.66	15525.29	15452.59	15524.26	2251	0	4
2024.03.21	14:45:00	15524.26	15547.52	15517.57	15534.63	1369	0	1
2024.03.21	15:00:00	15534.63	15562.65	15490.91	15528.49	2594	0	1
2024.03.21	15:15:00	15528.49	15549.92	15525.04	15544.0	2169	0	4
2024.03.21	15:30:00	15544.0	15552.23	15467.24	15480.21	1344	0	1
2024.03.21	15:45:00	15480.21	15492.15	15469.76	15479.21	4498	0	1
2024.03.22	09:30:00	15479.21	15550.92	15459.5	15540.28	3917	0	2
2024.03.22	09:45:00	15540.28	15560.37	15522.45	15544.62	2245	0	2
2024.03.22	10:00:00	15544.62	15573.83	15534.12	15547.0	759	0	1
2024.03.22	10:15:00	15547.0	15587.92	15544.16	15564.03	4303	0	1
2024.03.22	10:30:00	15564.03	15605.41	15533.02	15591.71	3636	0	2
2024.03.22	10:45:00	15591.71	15609.71	15530.86	15531.06	3000	0	3
2024.03.22	11:00:00	15531.06	15535.83	15475.48	15480.21	3220	0	3
2024.03.22	11:15:00	15480.21	15505.12	15475.92	15486.91	534	0	4
2024.03.22	11:30:00	15486.91	15534.65	15457.55	15465.52	2632	0	4
2024.03.22	11:45:00	15465.52	15521.55	15462.13	15505.67	1349	0	1
2024.03.22	12:00:00	15505.67	15512.85	15488.17	15496.4	3430	0	3
2024.03.22	12:15:00	15496.4	15505.6	15408.72	15438.03	4690	0	1
2024.03.22	12:30:00	15438.03	15461.03	15397.98	15400.0	2888	0	2
2024.03.22	12:45:00	15400.0	15409.26	15303.16	15317.48	3218	0	2
2024.03.22	13:00:00	15317.48	15330.71	15302.07	15310.75	3503	0	3
2024.03.22	13:15:00	15310.75	15311.04	15298.21	15305.41	4682	0	2
2024.03.22	13:30:00	15305.41	15306.04	15271.72	15292.98	671	0	4
2024.03.22	13:45:00	15292.98	15338.23	15292.41	15325.67	1895	0	2
2024.03.22	14:00:00	15325.67	15362.93	15317.35	15362.05	1707	0	4
2024.03.22	14:15:00	15362.05	15373.57	15335.47	15357.22	3724	0	4
2024.03.22	14:30:00	15357.22	15359.78	15289.69	15293.37	2515	0	3
2024.03.22	14:45:00	15293.37	15315.75	15292.47	15312.2	3974	0	1
2024.03.22	15:00:00	15312.2	15343.39	15293.74	15329.19	2625	0	3
2024.03.22	15:15:00	15329.19	15353.72	15321.07	15338.8	4890	0	2
2024.03.22	15:30:00	15338.8	15375.1	15335.17	15368.66	3951	0	2
2024.03.22	15:45:00	15368.66	15375.42	15317.98	15333.9	581	0	2
2024.03.25	09:30:00	15333.9	15396.93	15332.52	15394.74	4948	0	2
2024.03.25	09:45:00	15394.74	15396.0	15349.4	15366.11	4785	0	2
2024.03.25	10:00:00	15366.11	15402.1	15327.66	15389.01	695	0	4
2024.03.25	10:15:00	15389.01	15390.07	15322.25	15338.47	2262	0	2
2024.03.25	10:30:00	15338.47	15347.81	15309.85	15310.82	4867	0	2
2024.03.25	10:45:00	15310.82	15370.96	15305.62	15356.73	4270	0	3
2024.03.25	11:00:00	15356.73	15381.17	15345.15	15349.18	2607	0	1
2024.03.25	11:15:00	15349.18	15380.2	15346.33	15374.79	2951	0	3
2024.03.25	11:30:00	15374.79	15390.8	15372.01	15382.25	633	0	4
2024.03.25	11:45:00	15382.25	15392.73	15375.85	15379.39	3040	0	4
2024.03.25	12:00:00	15379.39	15459.0	15362.56	15420.89	3498	0	1
2024.03.25	12:15:00	15420.89	15434.28	15381.54	15414.04	2117	0	2
2024.03.25	12:30:00	15414.04	15433.76	15357.3	15360.61	1880	0	1
2024.03.25	12:45:00	15360.61	15372.59	15327.76	15336.74	4228	0	3
2024.03.25	13:00:00	15336.74	15381.53	15331.71	15353.63	2519	0	2
2024.03.25	13:15:00	15353.63	15377.71	15348.29	15365.86	1688	0	4
2024.03.25	13:30:00	15365.86	15404.44	15312.17	15319.01	2186	0	1
2024.03.25	13:45:00	15319.01	15325.71	15274.32	15297.57	2715	0	4
2024.03.25	14:00:00	15297.57	15305.94	15278.03	15280.43	1667	0	2
2024.03.25	14:15:00	15280.43	15282.7	15263.7	15269.79	3020	0	4
2024.03.25	14:30:00	15269.79	15273.92	15211.45	15228.95	4375	0	1
2024.03.25	14:45:00	15228.95	15248.67	15192.65	15210.5	3841	0	2
2024.03.25	15:00:00	15210.5	15216.19	15180.48	15189.08	1541	0	2
2024.03.25	15:15:00	15189.08	15224.3	15175.7	15212.39	2622	0	4
2024.03.25	15:30:00	15212.39	15250.89	15190.87	15236.85	2946	0	3
2024.03.25	15:45:00	15236.85	15253.21	15219.81	15232.8	3561	0	4
2024.03.26	09:30:00	15232.8	15256.91	15213.0	15221.39	3903	0	3
2024.03.26	09:45:00	15221.39	15227.38	15206.91	15225.88	2683	0	4
2024.03.26	10:00:00	15225.88	15235.18	15199.64	15201.82	1917	0	3
2024.03.26	10:15:00	15201.82	15211.08	15147.49	15167.97	3466	0	3
2024.03.26	10:30:00	15167.97	15177.62	15120.07	15140.33	1065	0	4
2024.03.26	10:45:00	15140.33	15150.85	15109.04	15121.79	3533	0	4
2024.03.26	11:00:00	15121.79	15140.82	15068.98	15087.63	4533	0	3
2024.03.26	11:15:00	15087.63	15114.93	15081.83	15092.73	3692	0	2
2024.03.26	11:30:00	15092.73	15117.53	15091.03	15114.64	2451	0	3
2024.03.26	11:45:00	15114.64	15123.43	15062.4	15067.97	4204	0	3
2024.03.26	12:00:00	15067.97	15085.38	15061.0	15069.02	2894	0	4
2024.03.26	12:15:00	15069.02	15073.35	15049.03	15062.82	2933	0	3
2024.03.26	12:30:00	15062.82	15077.13	15048.41	15073.21	4334	0	4
2024.03.26	12:45:00	15073.21	15084.2	15062.56	15073.13	1369	0	3
2024.03.26	13:00:00	15073.13	15074.92	15021.25	15030.52	4008	0	4
2024.03.26	13:15:00	15030.52	15035.84	14953.22	14993.66	3558	0	4
2024.03.26	13:30:00	14993.66	15005.35	14984.12	14994.82	2880	0	4
2024.03.26	13:45:00	14994.82	15026.79	14979.59	15025.41	847	0	1
2024.03.26	14:00:00	15025.41	15041.31	14953.75	14960.6	3945	0	4
2024.03.26	14:15:00	14960.6	14971.17	14940.17	14971.05	1485	0	2
2024.03.26	14:30:00	14971.05	15017.98	14970.8	15006.32	4529	0	4
2024.03.26	14:45:00	15006.32	15013.53	14987.47	15002.12	4064	0	2
2024.03.26	15:00:00	15002.12	15045.31	14999.85	15018.61	2136	0	2
2024.03.26	15:15:00	15018.61	15022.56	14974.87	14998.22	2457	0	3
2024.03.26	15:30:00	14998.22	15008.89	14979.39	14995.01	614	0	3
2024.03.26	15:45:00	14995.01	15003.47	14947.59	14947.71	2741	0	3
2024.03.27	09:30:00	14947.71	14953.9	14869.62	14879.45	760	0	1
2024.03.27	09:45:00	14879.45	14912.38	14876.67	14907.28	4943	0	4
2024.03.27	10:00:00	14907.28	14919.07	14862.0	14878.81	3380	0	2
2024.03.27	10:15:00	14878.81	14886.86	14859.52	14865.82	1558	0	4
2024.03.27	10:30:00	14865.82	14872.04	14795.67	14825.75	4116	0	2
2024.03.27	10:45:00	14825.75	14833.9	14754.34	14785.11	587	0	3
2024.03.27	11:00:00	14785.11	14801.19	14776.27	14780.36	2971	0	3
2024.03.27	11:15:00	14780.36	14793.16	14751.53	14759.53	1001	0	1
2024.03.27	11:30:00	14759.53	14779.22	14742.28	14770.77	745	0	2
2024.03.27	11:45:00	14770.77	14807.9	14753.57	14784.18	1600	0	3
2024.03.27	12:00:00	14784.18	14806.38	14765.16	14793.78	1824	0	4
2024.03.27	12:15:00	14793.78	14806.19	14775.55	14801.0	3766	0	4
2024.03.27	12:30:00	14801.0	14851.35	14797.02	14847.16	4508	0	2
2024.03.27	12:45:00	14847.16	14849.42	14813.12	14816.41	3991	0	3
2024.03.27	13:00:00	14816.41	14856.3	14814.95	14815.11	3829	0	1
2024.03.27	13:15:00	14815.11	14861.55	14780.44	14848.35	3044	0	4
2024.03.27	13:30:00	14848.35	14886.26	14845.58	14885.52	2170	0	4
2024.03.27	13:45:00	14885.52	14890.72	14833.41	14844.37	1647	0	4
2024.03.27	14:00:00	14844.37	14847.96	14822.22	14835.57	4756	0	2
2024.03.27	14:15:00	14835.57	14891.91	14821.1	14875.44	2847	0	2
2024.03.27	14:30:00	14875.44	14895.26	14867.03	14890.56	3039	0	4
2024.03.27	14:45:00	14890.56	14912.02	14884.79	14896.57	567	0	3
2024.03.27	15:00:00	14896.57	14901.31	14868.64	14890.51	2560	0	1
2024.03.27	15:15:00	14890.51	14895.27	14870.98	14879.6	3568	0	3
2024.03.27	15:30:00	14879.6	14890.59	14870.42	14888.31	2728	0	3
2024.03.27	15:45:00	14888.31	14892.57	14863.07	14881.24	3264	0	2
2024.03.28	09:30:00	14881.24	14913.95	14849.39	14880.3	4143	0	2
2024.03.28	09:45:00	14880.3	14915.59	14855.6	14882.89	598	0	1
2024.03.28	10:00:00	14882.89	14888.55	14857.74	14863.41	4569	0	2
2024.03.28	10:15:00	14863.41	14879.28	14852.59	14879.22	4176	0	1
2024.03.28	10:30:00	14879.22	14976.27	14876.71	14964.81	2389	0	2
2024.03.28	10:45:00	14964.81	14978.01	14912.85	14913.04	3935	0	1
2024.03.28	11:00:00	14913.04	14934.72	14909.62	14922.82	799	0	2
2024.03.28	11:15:00	14922.82	14923.52	14885.87	14900.89	1887	0	3
2024.03.28	11:30:00	14900.89	14922.03	14884.79	14918.07	984	0	2
2024.03.28	11:45:00	14918.07	14921.37	14902.84	14919.73	3359	0	1
2024.03.28	12:00:00	14919.73	14943.87	14904.74	14942.34	4352	0	4
2024.03.28	12:15:00	14942.34	14978.27	14937.06	14977.12	3206	0	2
2024.03.28	12:30:00	14977.12	14985.84	14959.08	14983.08	3702	0	3
2024.03.28	12:45:00	14983.08	15020.4	14982.36	15016.68	1144	0	3
2024.03.28	13:00:00	15016.68	15027.77	14945.67	14948.1	4703	0	3
2024.03.28	13:15:00	14948.1	15013.18	14936.57	14995.09	1369	0	2
2024.03.28	13:30:00	14995.09	15021.89	14982.25	15006.43	2868	0	4
2024.03.28	13:45:00	15006.43	15064.27	15005.55	15038.48	3574	0	4
2024.03.28	14:00:00	15038.48	15051.26	14987.21	15002.85	4354	0	4
2024.03.28	14:15:00	15002.85	15006.53	14975.86	14978.72	4700	0	2
2024.03.28	14:30:00	14978.72	14990.73	14978.37	14983.31	3194	0	2
2024.03.28	14:45:00	14983.31	15004.31	14974.84	14983.11	3093	0	1
2024.03.28	15:00:00	14983.11	15017.97	14983.01	14991.73	2377	0	2
2024.03.28	15:15:00	14991.73	15032.92	14981.26	15023.95	3055	0	4
2024.03.28	15:30:00	15023.95	15026.43	14966.29	14972.33	3536	0	2
2024.03.28	15:45:00	14972.33	15013.82	14964.72	15001.25	3410	0	4
2024.03.29	09:30:00	15001.25	15016.31	14989.29	15001.79	3165	0	4
2024.03.29	09:45:00	15001.79	15009.83	14984.94	14996.1	2482	0	3
2024.03.29	10:00:00	14996.1	14998.73	14944.69	14953.2	1380	0	3
2024.03.29	10:15:00	14953.2	15010.2	14940.71	14968.25	743	0	4
2024.03.29	10:30:00	14968.25	14972.67	14896.96	14897.85	2393	0	1
2024.03.29	10:45:00	14897.85	14940.61	14875.63	14917.11	2284	0	1
2024.03.29	11:00:00	14917.11	14934.74	14856.99	14873.82	3236	0	1
2024.03.29	11:15:00	14873.82	14881.04	14852.29	14875.68	4551	0	4
2024.03.29	11:30:00	14875.68	14890.1	14863.51	14872.5	3656	0	2
2024.03.29	11:45:00	14872.5	14922.44	14852.3	14906.95	4122	0	1
2024.03.29	12:00:00	14906.95	14928.84	14881.82	14902.02	3101	0	1
2024.03.29	12:15:00	14902.02	14925.41	14872.98	14882.05	4673	0	2
2024.03.29	12:30:00	14882.05	14884.97	14867.51	14867.57	4727	0	2
2024.03.29	12:45:00	14867.57	14943.76	14860.57	14905.02	1187	0	1
2024.03.29	13:00:00	14905.02	14925.99	14899.37	14921.01	3376	0	1
2024.03.29	13:15:00	14921.01	14930.58	14901.29	14910.03	2776	0	4
2024.03.29	13:30:00	14910.03	14913.49	14879.29	14903.41	4874	0	4
2024.03.29	13:45:00	14903.41	14913.86	14847.26	14857.97	3131	0	1
2024.03.29	14:00:00	14857.97	14881.99	14838.71	14869.6	571	0	2
2024.03.29	14:15:00	14869.6	14888.64	14807.09	14818.66	1444	0	2
2024.03.29	14:30:00	14818.66	14841.86	14815.53	14840.82	1082	0	2
2024.03.29	14:45:00	14840.82	14845.32	14811.15	14844.86	1404	0	1
2024.03.29	15:00:00	14844.86	14919.91	14837.2	14914.82	931	0	4
2024.03.29	15:15:00	14914.82	14932.77	14870.62	14882.97	4019	0	3
2024.03.29	15:30:00	14882.97	14895.38	14864.48	14880.27	2723	0	4
2024.03.29	15:45:00	14880.27	14937.73	14872.66	14933.14	3523	0	2
2024.04.01	09:30:00	14933.14	14969.37	14922.26	14968.37	4999	0	4
2024.04.01	09:45:00	14968.37	14991.22	14937.38	14948.25	3412	0	3
2024.04.01	10:00:00	14948.25	14974.46	14939.82	14955.11	2656	0	1
2024.04.01	10:15:00	14955.11	14955.65	14934.43	14955.47	1701	0	2
2024.04.01	10:30:00	14955.47	14993.11	14938.92	14964.04	3895	0	4
2024.04.01	10:45:00	14964.04	14972.54	14906.68	14943.85	2780	0	4
2024.04.01	11:00:00	14943.85	14969.14	14932.81	14941.53	3906	0	3
2024.04.01	11:15:00	14941.53	14987.11	14891.25	14895.08	603	0	1
2024.04.01	11:30:00	14895.08	14910.03	14892.71	14899.32	1234	0	3
2024.04.01	11:45:00	14899.32	14914.18	14874.61	14912.78	1084	0	4
2024.04.01	12:00:00	14912.78	14929.47	14890.37	14906.42	3566	0	1
2024.04.01	12:15:00	14906.42	14919.3	14852.62	14859.58	2832	0	2
2024.04.01	12:30:00	14859.58	14893.83	14849.79	14888.72	1926	0	1
2024.04.01	12:45:00	14888.72	14912.02	14887.0	14899.66	1893	0	1
2024.04.01	13:00:00	14899.66	14906.2	14870.25	14878.76	3230	0	4
2024.04.01	13:15:00	14878.76	14884.98	14837.78	14870.87	4845	0	1
2024.04.01	13:30:00	14870.87	14871.24	14827.18	14827.47	4979	0	1
2024.04.01	13:45:00	14827.47	14835.36	14781.79	14797.97	2621	0	1
2024.04.01	14:00:00	14797.97	14798.18	14770.64	14782.67	3517	0	4
2024.04.01	14:15:00	14782.67	14832.78	14758.39	14818.62	876	0	2
2024.04.01	14:30:00	14818.62	14825.34	14795.23	14800.35	4754	0	4
2024.04.01	14:45:00	14800.35	14838.54	14777.16	14819.24	580	0	2
2024.04.01	15:00:00	14819.24	14847.96	14803.68	14803.9	2040	0	3
2024.04.01	15:15:00	14803.9	14820.17	14792.57	14811.39	3763	0	4
2024.04.01	15:30:00	14811.39	14819.65	14779.21	14807.58	4863	0	3
2024.04.01	15:45:00	14807.58	14834.21	14782.37	14833.25	1271	0	3
2024.04.02	09:30:00	14833.25	14834.23	14810.19	14818.0	3474	0	1
2024.04.02	09:45:00	14818.0	14823.62	14748.95	14772.67	1345	0	1
2024.04.02	10:00:00	14772.67	14772.92	14720.0	14732.98	726	0	3
2024.04.02	10:15:00	14732.98	14733.55	14707.4	14717.91	2407	0	2
2024.04.02	10:30:00	14717.91	14720.44	14666.5	14682.2	3094	0	1
2024.04.02	10:45:00	14682.2	14728.28	14671.64	14694.31	1688	0	1
2024.04.02	11:00:00	14694.31	14721.41	14673.4	14681.19	4878	0	2
2024.04.02	11:15:00	14681.19	14752.14	14676.22	14750.01	3274	0	1
2024.04.02	11:30:00	14750.01	14758.41	14691.57	14700.12	2472	0	3
2024.04.02	11:45:00	14700.12	14726.16	14689.05	14706.29	2685	0	2
2024.04.02	12:00:00	14706.29	14713.08	14672.8	14674.09	2589	0	2
2024.04.02	12:15:00	14674.09	14683.76	14652.59	14660.19	1001	0	1
2024.04.02	12:30:00	14660.19	14685.68	14649.47	14664.55	3228	0	3
2024.04.02	12:45:00	14664.55	14672.97	14595.24	14598.11	4031	0	1
2024.04.02	13:00:00	14598.11	14616.05	14596.07	14605.19	2395	0	3
2024.04.02	13:15:00	14605.19	14669.44	14584.49	14660.09	2416	0	4
2024.04.02	13:30:00	14660.09	14666.6	14638.75	14647.35	4597	0	4
2024.04.02	13:45:00	14647.35	14658.64	14646.75	14655.11	3248	0	3
2024.04.02	14:00:00	14655.11	14703.38	14649.17	14684.89	1840	0	4
2024.04.02	14:15:00	14684.89	14712.1	14662.07	14680.46	517	0	4
2024.04.02	14:30:00	14680.46	14699.4	14643.51	14664.04	4204	0	3
2024.04.02	14:45:00	14664.04	14692.04	14575.49	14599.03	3318	0	2
2024.04.02	15:00:00	14599.03	14633.27	14598.71	14617.69	3317	0	3
2024.04.02	15:15:00	14617.69	14629.32	14610.18	14614.73	1772	0	4
2024.04.02	15:30:00	14614.73	14637.87	14580.38	14586.03	1337	0	3
2024.04.02	15:45:00	14586.03	14600.45	14562.19	14589.94	2724	0	2
2024.04.03	09:30:00	14589.94	14618.77	14571.55	14573.54	3910	0	1
2024.04.03	09:45:00	14573.54	14588.09	14553.96	14558.74	1839	0	1
2024.04.03	10:00:00	14558.74	14593.51	14549.09	14576.35	2871	0	2
2024.04.03	10:15:00	14576.35	14582.12	14535.61	14538.43	4983	0	4
2024.04.03	10:30:00	14538.43	14571.29	14507.18	14568.62	1487	0	3
2024.04.03	10:45:00	14568.62	14582.94	14507.06	14529.03	1538	0	1
2024.04.03	11:00:00	14529.03	14550.91	14481.25	14510.45	1561	0	4
2024.04.03	11:15:00	14510.45	14581.83	14494.9	14565.56	4607	0	2
2024.04.03	11:30:00	14565.56	14598.71	14545.18	14598.09	2879	0	2
2024.04.03	11:45:00	14598.09	14613.61	14584.72	14601.18	4630	0	4
2024.04.03	12:00:00	14601.18	14614.1	14571.96	14574.57	4764	0	2
2024.04.03	12:15:00	14574.57	14583.58	14550.81	14559.74	2394	0	3
2024.04.03	12:30:00	14559.74	14572.65	14548.03	14562.12	747	0	4
2024.04.03	12:45:00	14562.12	14563.83	14539.38	14563.48	1868	0	3
2024.04.03	13:00:00	14563.48	14568.07	14560.1	14561.18	2947	0	3
2024.04.03	13:15:00	14561.18	14564.05	14554.01	14560.59	2214	0	2
2024.04.03	13:30:00	14560.59	14589.68	14550.94	14554.76	510	0	4
2024.04.03	13:45:00	14554.76	14579.91	14504.57	14513.95	4952	0	1
2024.04.03	14:00:00	14513.95	14517.29	14477.1	14499.54	1864	0	2
2024.04.03	14:15:00	14499.54	14543.13	14497.68	14525.87	3284	0	4
2024.04.03	14:30:00	14525.87	14546.75	14462.66	14487.23	4760	0	2
2024.04.03	14:45:00	14487.23	14496.37	14473.45	14482.13	2951	0	1
2024.04.03	15:00:00	14482.13	14489.65	14448.32	14459.16	3625	0	2
2024.04.03	15:15:00	14459.16	14465.77	14452.22	14462.61	661	0	2
2024.04.03	15:30:00	14462.61	14485.24	14436.73	14451.88	3635	0	3
2024.04.03	15:45:00	14451.88	14502.56	14448.85	14494.1	4315	0	1
2024.04.04	09:30:00	14494.1	14518.28	14493.99	14508.8	4632	0	2
2024.04.04	09:45:00	14508.8	14516.03	14459.7	14471.81	877	0	4
2024.04.04	10:00:00	14471.81	14503.53	14466.73	14491.16	1527	0	1
2024.04.04	10:15:00	14491.16	14492.39	14467.38	14469.45	711	0	4
2024.04.04	10:30:00	14469.45	14482.21	14452.35	14453.38	4630	0	1
2024.04.04	10:45:00	14453.38	14467.28	14452.4	14462.56	1736	0	2
2024.04.04	11:00:00	14462.56	14493.1	14447.64	14448.91	2891	0	3
2024.04.04	11:15:00	14448.91	14475.88	14443.7	14474.52	2641	0	4
2024.04.04	11:30:00	14474.52	14491.38	14450.86	14452.84	3599	0	2
2024.04.04	11:45:00	14452.84	14455.4	14426.48	14435.6	4528	0	1
2024.04.04	12:00:00	14435.6	14454.73	14379.76	14417.32	1956	0	4
2024.04.04	12:15:00	14417.32	14434.27	14381.72	14401.62	4055	0	4
2024.04.04	12:30:00	14401.62	14447.72	14393.36	14432.99	1809	0	3
2024.04.04	12:45:00	14432.99	14457.38	14425.83	14451.09	1389	0	1
2024.04.04	13:00:00	14451.09	14513.24	14422.17	14499.92	978	0	3
2024.04.04	13:15:00	14499.92	14573.1	14481.15	14564.84	2174	0	2
2024.04.04	13:30:00	14564.84	14572.31	14529.65	14535.72	3022	0	2
2024.04.04	13:45:00	14535.72	14553.68	14532.18	14538.02	4011	0	1
2024.04.04	14:00:00	14538.02	14545.73	14500.06	14504.81	4317	0	2
2024.04.04	14:15:00	14504.81	14508.68	14465.44	14483.0	2871	0	4
2024.04.04	14:30:00	14483.0	14491.92	14448.15	14465.4	2340	0	1
2024.04.04	14:45:00	14465.4	14469.35	14429.35	14435.73	1285	0	4
2024.04.04	15:00:00	14435.73	14441.98	14403.53	14406.27	4613	0	3
2024.04.04	15:15:00	14406.27	14411.2	14376.15	14402.48	2282	0	3
2024.04.04	15:30:00	14402.48	14405.67	14367.05	14368.44	3940	0	4
2024.04.04	15:45:00	14368.44	14414.96	14357.26	14392.48	3316	0	1
2024.04.05	09:30:00	14392.48	14394.91	14364.26	14366.89	4691	0	4
2024.04.05	09:45:00	14366.89	14463.26	14343.14	14446.55	4879	0	2
2024.04.05	10:00:00	14446.55	14454.48	14428.33	14434.06	3680	0	2
2024.04.05	10:15:00	14434.06	14457.16	14410.05	14436.39	3478	0	2
2024.04.05	10:30:00	14436.39	14451.99	14397.96	14400.05	1117	0	3
2024.04.05	10:45:00	14400.05	14460.41	14382.73	14448.6	572	0	2
2024.04.05	11:00:00	14448.6	14492.78	14436.56	14480.65	2957	0	4
2024.04.05	11:15:00	14480.65	14490.65	14464.25	14489.37	3672	0	1
2024.04.05	11:30:00	14489.37	14498.1	14443.11	14451.44	3857	0	3
2024.04.05	11:45:00	14451.44	14475.5	14435.15	14457.7	1628	0	3
2024.04.05	12:00:00	14457.7	14462.07	14404.16	14426.23	2764	0	3
2024.04.05	12:15:00	14426.23	14474.27	14415.29	14467.95	4379	0	3
2024.04.05	12:30:00	14467.95	14520.81	14446.68	14491.22	930	0	3
2024.04.05	12:45:00	14491.22	14495.22	14470.39	14494.22	2227	0	4
2024.04.05	13:00:00	14494.22	14494.59	14414.86	14425.42	4750	0	1
2024.04.05	13:15:00	14425.42	14428.01	14390.95	14397.91	1398	0	2
2024.04.05	13:30:00	14397.91	14447.41	14384.78	14417.63	1925	0	3
2024.04.05	13:45:00	14417.63	14469.84	14408.95	14452.26	2605	0	2
2024.04.05	14:00:00	14452.26	14495.17	14438.87	14484.02	3597	0	4
2024.04.05	14:15:00	14484.02	14497.68	14426.2	14439.16	1648	0	3
2024.04.05	14:30:00	14439.16	14455.25	14436.11	14447.99	4065	0	3
2024.04.05	14:45:00	14447.99	14478.43	14446.12	14477.08	1561	0	1
2024.04.05	15:00:00	14477.08	14488.09	14422.91	14430.36	2156	0	2
2024.04.05	15:15:00	14430.36	14437.51	14426.06	14430.43	3079	0	3
2024.04.05	15:30:00	14430.43	14443.52	14422.77	14438.47	554	0	2
2024.04.05	15:45:00	14438.47	14453.88	14427.36	14430.24	3953	0	4
2024.04.08	09:30:00	14430.24	14447.18	14366.33	14378.21	3509	0	1
2024.04.08	09:45:00	14378.21	14379.65	14346.39	14369.31	4257	0	1
2024.04.08	10:00:00	14369.31	14393.68	14358.53	14360.38	1736	0	2
2024.04.08	10:15:00	14360.38	14361.1	14337.02	14356.5	2289	0	2
2024.04.08	10:30:00	14356.5	14360.46	14337.04	14340.93	4543	0	4
2024.04.08	10:45:00	14340.93	14354.61	14305.69	14328.76	800	0	4
2024.04.08	11:00:00	14328.76	14333.5	14321.27	14327.93	2710	0	2
2024.04.08	11:15:00	14327.93	14352.3	14326.14	14340.66	2677	0	3
2024.04.08	11:30:00	14340.66	14343.29	14321.75	14332.38	2513	0	2
2024.04.08	11:45:00	14332.38	14350.87	14292.12	14321.16	2452	0	3
2024.04.08	12:00:00	14321.16	14343.92	14313.83	14324.04	3862	0	3
2024.04.08	12:15:00	14324.04	14339.81	14265.37	14270.47	1386	0	3
2024.04.08	12:30:00	14270.47	14300.86	14229.93	14284.11	4510	0	4
2024.04.08	12:45:00	14284.11	14288.9	14270.43	14284.38	4532	0	3
2024.04.08	13:00:00	14284.38	14306.73	14268.96	14285.78	1307	0	2
2024.04.08	13:15:00	14285.78	14327.84	14271.73	14313.01	4883	0	1
2024.04.08	13:30:00	14313.01	14322.6	14253.35	14258.58	1679	0	3
2024.04.08	13:45:00	14258.58	14271.32	14191.49	14203.78	732	0	4
2024.04.08	14:00:00	14203.78	14235.82	14200.78	14211.69	2291	0	3
2024.04.08	14:15:00	14211.69	14219.25	14203.95	14211.77	4080	0	4
2024.04.08	14:30:00	14211.77	14222.18	14207.38	14216.8	4300	0	2
2024.04.08	14:45:00	14216.8	14226.12	14202.59	14204.21	3405	0	1
2024.04.08	15:00:00	14204.21	14226.59	14195.4	14223.01	4150	0	3
2024.04.08	15:15:00	14223.01	14272.68	14205.39	14249.33	1676	0	1
2024.04.08	15:30:00	14249.33	14272.94	14228.07	14263.15	4455	0	1
2024.04.08	15:45:00	14263.15	14276.49	14236.85	14256.14	3358	0	3
2024.04.09	09:30:00	14256.14	14261.32	14191.94	14197.62	1101	0	2
2024.04.09	09:45:00	14197.62	14226.61	14184.34	14219.34	1078	0	3
2024.04.09	10:00:00	14219.34	14257.43	14201.53	14253.73	1702	0	3
2024.04.09	10:15:00	14253.73	14282.64	14246.13	14272.05	812	0	2
2024.04.09	10:30:00	14272.05	14274.31	14243.14	14247.73	1772	0	3
2024.04.09	10:45:00	14247.73	14293.29	14238.88	14266.86	4970	0	3
2024.04.09	11:00:00	14266.86	14310.65	14260.9	14291.24	1580	0	3
2024.04.09	11:15:00	14291.24	14340.27	14276.03	14335.29	3363	0	3
2024.04.09	11:30:00	14335.29	14335.64	14302.06	14310.96	4898	0	2
2024.04.09	11:45:00	14310.96	14322.81	14285.55	14304.89	1639	0	3
2024.04.09	12:00:00	14304.89	14342.03	14282.02	14326.16	3632	0	3
2024.04.09	12:15:00	14326.16	14339.72	14316.21	14328.06	2525	0	1
2024.04.09	12:30:00	14328.06	14329.15	14277.61	14296.98	1783	0	1
2024.04.09	12:45:00	14296.98	14334.46	14294.22	14308.9	4775	0	1
2024.04.09	13:00:00	14308.9	14341.21	14278.88	14325.43	3455	0	1
2024.04.09	13:15:00	14325.43	14357.21	14313.23	14328.19	2474	0	2
2024.04.09	13:30:00	14328.19	14335.78	14327.36	14334.65	4154	0	4
2024.04.09	13:45:00	14334.65	14364.52	14307.81	14327.67	4552	0	4
2024.04.09	14:00:00	14327.67	14378.13	14319.0	14369.55	4016	0	4
2024.04.09	14:15:00	14369.55	14382.29	14309.59	14344.48	4409	0	3
2024.04.09	14:30:00	14344.48	14353.81	14317.96	14328.25	1949	0	1
2024.04.09	14:45:00	14328.25	14337.65	14314.35	14328.85	2048	0	2
2024.04.09	15:00:00	14328.85	14357.44	14311.65	14353.86	1547	0	4
2024.04.09	15:15:00	14353.86	14360.73	14295.27	14312.05	3632	0	4
2024.04.09	15:30:00	14312.05	14321.17	14272.85	14275.61	4114	0	4
2024.04.09	15:45:00	14275.61	14277.37	14218.04	14218.96	3472	0	2
2024.04.10	09:30:00	14218.96	14225.86	14204.51	14220.15	3196	0	2
2024.04.10	09:45:00	14220.15	14235.62	14180.74	14189.28	3970	0	3
2024.04.10	10:00:00	14189.28	14193.91	14172.51	14178.87	1316	0	1
2024.04.10	10:15:00	14178.87	14202.28	14173.27	14197.56	2146	0	1
2024.04.10	10:30:00	14197.56	14200.04	14163.09	14179.99	3681	0	1
2024.04.10	10:45:00	14179.99	14206.37	14124.01	14186.7	735	0	3
2024.04.10	11:00:00	14186.7	14200.46	14169.05	14178.66	4599	0	1
2024.04.10	11:15:00	14178.66	14235.78	14177.28	14197.65	1269	0	3
2024.04.10	11:30:00	14197.65	14217.39	14179.58	14211.17	4041	0	2
2024.04.10	11:45:00	14211.17	14219.81	14183.31	14192.18	3274	0	4
2024.04.10	12:00:00	14192.18	14194.24	14184.8	14187.77	4314	0	1
2024.04.10	12:15:00	14187.77	14224.96	14180.33	14217.13	3987	0	2
2024.04.10	12:30:00	14217.13	14244.1	14216.9	14228.38	2821	0	1
2024.04.10	12:45:00	14228.38	14238.32	14165.0	14189.74	3902	0	2
2024.04.10	13:00:00	14189.74	14216.45	14172.39	14208.28	2059	0	3
2024.04.10	13:15:00	14208.28	14211.01	14176.17	14178.37	3126	0	1
2024.04.10	13:30:00	14178.37	14241.85	14161.57	14217.99	4617	0	3
2024.04.10	13:45:00	14217.99	14273.41	14199.34	14246.86	881	0	4
2024.04.10	14:00:00	14246.86	14275.36	14246.17	14255.24	2101	0	1
2024.04.10	14:15:00	14255.24	14265.79	14231.11	14259.93	577	0	1
2024.04.10	14:30:00	14259.93	14265.38	14244.41	14254.37	2904	0	4
2024.04.10	14:45:00	14254.37	14277.49	14240.03	14273.63	4019	0	3
2024.04.10	15:00:00	14273.63	14280.56	14229.61	14263.54	673	0	4
2024.04.10	15:15:00	14263.54	14282.0	14252.01	14270.42	2972	0	3
2024.04.10	15:30:00	14270.42	14317.0	14268.87	14295.13	2368	0	3
2024.04.10	15:45:00	14295.13	14296.05	14269.39	14279.67	4022	0	1
2024.04.11	09:30:00	14279.67	14287.57	14255.5	14262.71	1490	0	3
2024.04.11	09:45:00	14262.71	14272.18	14218.02	14229.63	1232	0	2
2024.04.11	10:00:00	14229.63	14235.61	14190.11	14200.24	926	0	4
2024.04.11	10:15:00	14200.24	14215.24	14143.19	14149.69	2333	0	1
2024.04.11	10:30:00	14149.69	14175.01	14142.17	14170.24	2693	0	1
2024.04.11	10:45:00	14170.24	14231.77	14154.8	14220.89	4636	0	3
2024.04.11	11:00:00	14220.89	14261.67	14202.03	14260.98	2596	0	4
2024.04.11	11:15:00	14260.98	14273.46	14205.33	14215.86	1272	0	4
2024.04.11	11:30:00	14215.86	14239.97	14212.34	14236.37	3645	0	3
2024.04.11	11:45:00	14236.37	14280.6	14223.49	14276.41	776	0	2
2024.04.11	12:00:00	14276.41	14286.16	14256.46	14263.91	2053	0	2
2024.04.11	12:15:00	14263.91	14273.03	14252.79	14267.04	3440	0	4
2024.04.11	12:30:00	14267.04	14270.32	14192.29	14211.25	1642	0	1
2024.04.11	12:45:00	14211.25	14241.15	14190.03	14218.97	3175	0	1
2024.04.11	13:00:00	14218.97	14242.0	14172.21	14189.63	2539	0	3
2024.04.11	13:15:00	14189.63	14201.38	14171.25	14195.47	4784	0	2
2024.04.11	13:30:00	14195.47	14206.82	14140.42	14152.35	1793	0	2
2024.04.11	13:45:00	14152.35	14171.91	14142.81	14167.71	4579	0	4
2024.04.11	14:00:00	14167.71	14207.36	14156.37	14196.49	3316	0	2
2024.04.11	14:15:00	14196.49	14214.18	14172.07	14174.99	3872	0	4
2024.04.11	14:30:00	14174.99	14194.61	14125.74	14143.7	1259	0	1
2024.04.11	14:45:00	14143.7	14166.92	14071.02	14084.3	586	0	2
2024.04.11	15:00:00	14084.3	14089.16	14068.33	14077.23	3788	0	1
2024.04.11	15:15:00	14077.23	14083.01	14052.51	14061.46	2661	0	3
2024.04.11	15:30:00	14061.46	14074.34	14004.61	14019.03	1889	0	4
2024.04.11	15:45:00	14019.03	14038.8	14009.74	14031.78	4532	0	4
2024.04.12	09:30:00	14031.78	14048.16	14013.43	14019.68	1969	0	1
2024.04.12	09:45:00	14019.68	14031.82	13969.7	13990.41	2451	0	4
2024.04.12	10:00:00	13990.41	14001.07	13967.68	13975.48	3758	0	1
2024.04.12	10:15:00	13975.48	14020.18	13960.98	14005.16	4829	0	3
2024.04.12	10:30:00	14005.16	14027.52	13998.61	14022.01	4545	0	3
2024.04.12	10:45:00	14022.01	14036.35	14005.24	14018.71	3436	0	1
2024.04.12	11:00:00	14018.71	14041.89	14001.02	14036.03	996	0	1
2024.04.12	11:15:00	14036.03	14072.14	14002.71	14004.39	992	0	1
2024.04.12	11:30:00	14004.39	14007.21	14003.85	14005.55	3617	0	3
2024.04.12	11:45:00	14005.55	14012.22	14002.21	14009.88	2791	0	3
2024.04.12	12:00:00	14009.88	14021.21	13991.17	13997.26	1098	0	1
2024.04.12	12:15:00	13997.26	14035.41	13988.55	14009.5	3630	0	3
2024.04.12	12:30:00	14009.5	14025.46	13982.97	13988.35	4740	0	4
2024.04.12	12:45:00	13988.35	14013.89	13985.92	14002.62	794	0	1
2024.04.12	13:00:00	14002.62	14035.28	13992.52	14018.07	4215	0	3
2024.04.12	13:15:00	14018.07	14018.79	13923.38	13938.38	2050	0	2
2024.04.12	13:30:00	13938.38	13985.12	13933.6	13971.23	2290	0	2
2024.04.12	13:45:00	13971.23	13991.39	13874.38	13888.26	3726	0	2
2024.04.12	14:00:00	13888.26	13897.97	13869.13	13871.76	1610	0	2
2024.04.12	14:15:00	13871.76	13910.47	13848.05	13899.96	1206	0	2
2024.04.12	14:30:00	13899.96	13922.47	13891.11	13891.6	4837	0	1
2024.04.12	14:45:00	13891.6	13906.91	13849.29	13851.99	2067	0	2
2024.04.12	15:00:00	13851.99	13852.06	13814.79	13822.58	1263	0	3
2024.04.12	15:15:00	13822.58	13861.92	13801.1	13850.72	3604	0	2
2024.04.12	15:30:00	13850.72	13855.83	13783.26	13798.9	1475	0	3
2024.04.12	15:45:00	13798.9	13854.29	13789.35	13829.77	3989	0	1
2024.04.15	09:30:00	13829.77	13858.61	13798.9	13828.55	817	0	1
2024.04.15	09:45:00	13828.55	13847.16	13781.95	13796.52	2833	0	4
2024.04.15	10:00:00	13796.52	13808.75	13780.61	13781.03	2313	0	2
2024.04.15	10:15:00	13781.03	13795.21	13738.55	13753.84	4805	0	3
2024.04.15	10:30:00	13753.84	13777.54	13735.47	13777.5	2845	0	3
2024.04.15	10:45:00	13777.5	13811.38	13771.94	13797.58	4663	0	1
2024.04.15	11:00:00	13797.58	13803.25	13742.15	13751.42	1618	0	4
2024.04.15	11:15:00	13751.42	13753.42	13731.12	13740.81	2630	0	2
2024.04.15	11:30:00	13740.81	13755.57	13713.45	13717.84	4162	0	4
2024.04.15	11:45:00	13717.84	13762.82	13716.47	13752.96	1221	0	2
2024.04.15	12:00:00	13752.96	13753.38	13710.34	13716.87	4674	0	2
2024.04.15	12:15:00	13716.87	13760.61	13700.22	13760.37	3978	0	3
2024.04.15	12:30:00	13760.37	13764.05	13750.54	13759.75	3545	0	1
2024.04.15	12:45:00	13759.75	13765.01	13726.55	13728.7	1594	0	3
2024.04.15	13:00:00	13728.7	13729.68	13708.12	13710.75	4181	0	4
2024.04.15	13:15:00	13710.75	13711.22	13664.84	13689.49	4292	0	3
2024.04.15	13:30:00	13689.49	13703.56	13652.47	13655.58	1816	0	1
2024.04.15	13:45:00	13655.58	13669.14	13633.98	13658.4	3142	0	3
2024.04.15	14:00:00	13658.4	13671.47	13620.23	13625.82	772	0	1
2024.04.15	14:15:00	13625.82	13628.73	13560.69	13567.95	2273	0	1
2024.04.15	14:30:00	13567.95	13571.88	13556.46	13558.12	1178	0	2
2024.04.15	14:45:00	13558.12	13562.88	13494.46	13510.54	3003	0	2
2024.04.15	15:00:00	13510.54	13538.61	13467.64	13490.89	2969	0	1
2024.04.15	15:15:00	13490.89	13502.68	13453.0	13467.13	2897	0	1
2024.04.15	15:30:00	13467.13	13476.07	13435.7	13444.41	3547	0	4
2024.04.15	15:45:00	13444.41	13513.69	13441.77	13497.54	4661	0	2
2024.04.16	09:30:00	13497.54	13505.64	13489.59	13499.31	1385	0	1
2024.04.16	09:45:00	13499.31	13506.72	13476.71	13506.07	1464	0	2
2024.04.16	10:00:00	13506.07	13531.42	13451.96	13459.37	1469	0	3
2024.04.16	10:15:00	13459.37	13463.03	13435.03	13442.39	4676	0	3
2024.04.16	10:30:00	13442.39	13464.67	13427.81	13448.34	916	0	2
2024.04.16	10:45:00	13448.34	13448.85	13413.3	13421.61	641	0	1
2024.04.16	11:00:00	13421.61	13451.28	13419.46	13445.8	1222	0	4
2024.04.16	11:15:00	13445.8	13446.72	13397.38	13414.39	3961	0	3
2024.04.16	11:30:00	13414.39	13425.55	13393.55	13407.13	3108	0	4
2024.04.16	11:45:00	13407.13	13416.14	13391.32	13392.0	4638	0	2
2024.04.16	12:00:00	13392.0	13409.51	13387.16	13396.58	1419	0	1
2024.04.16	12:15:00	13396.58	13404.97	13357.7	13380.03	2273	0	2
2024.04.16	12:30:00	13380.03	13381.34	13366.67	13373.19	2999	0	2
2024.04.16	12:45:00	13373.19	13376.09	13356.53	13367.27	828	0	3
2024.04.16	13:00:00	13367.27	13376.58	13331.55	13348.3	4633	0	3
2024.04.16	13:15:00	13348.3	13378.36	13343.69	13361.27	4121	0	1
2024.04.16	13:30:00	13361.27	13380.58	13346.55	13367.79	1146	0	3
2024.04.16	13:45:00	13367.79	13377.41	13364.74	13365.73	4292	0	2
2024.04.16	14:00:00	13365.73	13384.55	13342.72	13354.72	2519	0	3
2024.04.16	14:15:00	13354.72	13402.5	13338.1	13375.86	2013	0	2
2024.04.16	14:30:00	13375.86	13379.86	13369.94	13369.95	4757	0	3
2024.04.16	14:45:00	13369.95	13376.24	13360.19	13362.17	2833	0	3
2024.04.16	15:00:00	13362.17	13382.75	13354.42	13365.19	1522	0	2
2024.04.16	15:15:00	13365.19	13410.01	13352.02	13410.0	4142	0	1
2024.04.16	15:30:00	13410.0	13416.69	13358.15	13375.06	3720	0	3
2024.04.16	15:45:00	13375.06	13398.86	13369.71	13395.54	1364	0	4
2024.04.17	09:30:00	13395.54	13409.67	13331.77	13346.16	3548	0	2
2024.04.17	09:45:00	13346.16	13382.39	13331.77	13352.12	3330	0	4
2024.04.17	10:00:00	13352.12	13406.13	13341.16	13393.69	1739	0	1
2024.04.17	10:15:00	13393.69	13420.24	13386.8	13406.8	2437	0	4
2024.04.17	10:30:00	13406.8	13423.1	13390.32	13411.56	4276	0	4
2024.04.17	10:45:00	13411.56	13432.68	13388.96	13397.09	1284	0	2
2024.04.17	11:00:00	13397.09	13411.87	13385.22	13398.18	3750	0	1
2024.04.17	11:15:00	13398.18	13399.96	13368.5	13391.82	4241	0	3
2024.04.17	11:30:00	13391.82	13392.3	13359.59	13371.46	4715	0	4
2024.04.17	11:45:00	13371.46	13382.17	13358.62	13364.13	1961	0	1
2024.04.17	12:00:00	13364.13	13381.27	13356.58	13369.6	1699	0	3
2024.04.17	12:15:00	13369.6	13374.58	13332.01	13349.77	4704	0	4
2024.04.17	12:30:00	13349.77	13353.17	13320.15	13328.94	2582	0	1
2024.04.17	12:45:00	13328.94	13336.9	13292.33	13293.7	3060	0	3
2024.04.17	13:00:00	13293.7	13306.61	13287.8	13304.15	2808	0	1
2024.04.17	13:15:00	13304.15	13321.72	13302.88	13318.66	2815	0	1
2024.04.17	13:30:00	13318.66	13325.11	13315.42	13324.97	3310	0	2
2024.04.17	13:45:00	13324.97	13360.9	13323.95	13350.49	2404	0	2
2024.04.17	14:00:00	13350.49	13374.61	13348.35	13353.06	2264	0	1
2024.04.17	14:15:00	13353.06	13371.26	13349.18	13363.59	2303	0	4
2024.04.17	14:30:00	13363.59	13382.36	13358.01	13371.83	3453	0	1
2024.04.17	14:45:00	13371.83	13374.45	13366.65	13369.69	4180	0	4
2024.04.17	15:00:00	13369.69	13378.97	13350.67	13356.05	2998	0	1
2024.04.17	15:15:00	13356.05	13423.04	13353.45	13414.44	3548	0	3
2024.04.17	15:30:00	13414.44	13416.69	13387.33	13402.82	2358	0	3
2024.04.17	15:45:00	13402.82	13421.52	13372.49	13385.6	3981	0	2
2024.04.18	09:30:00	13385.6	13401.57	13380.36	13397.26	2272	0	2
2024.04.18	09:45:00	13397.26	13405.24	13377.93	13404.15	2394	0	4
2024.04.18	10:00:00	13404.15	13410.86	13365.54	13367.54	748	0	1
2024.04.18	10:15:00	13367.54	13416.74	13362.15	13397.27	1676	0	4
2024.04.18	10:30:00	13397.27	13403.58	13392.12	13395.07	3822	0	3
2024.04.18	10:45:00	13395.07	13413.1	13351.28	13366.18	890	0	4
2024.04.18	11:00:00	13366.18	13401.11	13349.03	13397.65	1507	0	2
2024.04.18	11:15:00	13397.65	13415.44	13395.2	13414.37	3994	0	2
2024.04.18	11:30:00	13414.37	13426.69	13372.62	13381.41	4429	0	3
2024.04.18	11:45:00	13381.41	13428.55	13379.22	13428.4	2368	0	3
2024.04.18	12:00:00	13428.4	13446.2	13421.46	13446.03	2331	0	4
2024.04.18	12:15:00	13446.03	13464.05	13428.73	13446.03	2791	0	4
2024.04.18	12:30:00	13446.03	13495.43	13443.36	13488.3	3965	0	1
2024.04.18	12:45:00	13488.3	13497.06	13486.24	13492.78	2612	0	1
2024.04.18	13:00:00	13492.78	13498.25	13484.72	13492.31	1280	0	4
2024.04.18	13:15:00	13492.31	13498.41	13465.33	13475.12	2440	0	2
2024.04.18	13:30:00	13475.12	13498.46	13472.56	13490.77	1645	0	3
2024.04.18	13:45:00	13490.77	13509.86	13487.14	13503.66	3577	0	1
2024.04.18	14:00:00	13503.66	13506.73	13483.08	13504.31	1142	0	1
2024.04.18	14:15:00	13504.31	13542.31	13480.34	13483.68	3239	0	2
2024.04.18	14:30:00	13483.68	13493.79	13483.07	13487.38	1084	0	3
2024.04.18	14:45:00	13487.38	13501.65	13484.09	13485.81	4874	0	4
2024.04.18	15:00:00	13485.81	13508.05	13450.39	13450.86	3380	0	4
2024.04.18	15:15:00	13450.86	13452.34	13408.95	13412.35	1125	0	1
2024.04.18	15:30:00	13412.35	13448.37	13394.77	13427.5	4815	0	1
2024.04.18	15:45:00	13427.5	13437.51	13343.97	13359.42	3080	0	3
2024.04.19	09:30:00	13359.42	13365.1	13354.94	13365.07	3229	0	3
2024.04.19	09:45:00	13365.07	13382.16	13344.09	13352.81	784	0	1
2024.04.19	10:00:00	13352.81	13408.75	13346.52	13387.38	1344	0	2
2024.04.19	10:15:00	13387.38	13388.48	13368.68	13374.7	4135	0	4
2024.04.19	10:30:00	13374.7	13392.89	13338.59	13392.28	2604	0	1
2024.04.19	10:45:00	13392.28	13410.06	13374.07	13382.13	3273	0	4
2024.04.19	11:00:00	13382.13	13394.06	13367.29	13385.38	4942	0	2
2024.04.19	11:15:00	13385.38	13416.51	13381.35	13405.0	2427	0	3
2024.04.19	11:30:00	13405.0	13413.51	13380.08	13393.12	2214	0	3
2024.04.19	11:45:00	13393.12	13426.1	13388.99	13419.59	4110	0	3
2024.04.19	12:00:00	13419.59	13427.8	13384.38	13393.73	797	0	3
2024.04.19	12:15:00	13393.73	13429.56	13388.39	13401.74	2547	0	1
2024.04.19	12:30:00	13401.74	13426.98	13396.44	13426.28	4346	0	2
2024.04.19	12:45:00	13426.28	13463.45	13423.46	13443.94	1525	0	4
2024.04.19	13:00:00	13443.94	13516.22	13439.01	13494.83	1868	0	1
2024.04.19	13:15:00	13494.83	13497.17	13472.53	13474.91	2626	0	3
2024.04.19	13:30:00	13474.91	13486.87	13429.24	13438.78	834	0	3
2024.04.19	13:45:00	13438.78	13447.99	13401.81	13412.87	818	0	1
2024.04.19	14:00:00	13412.87	13455.41	13399.64	13430.52	1631	0	1
2024.04.19	14:15:00	13430.52	13458.41	13420.48	13443.91	4540	0	4
2024.04.19	14:30:00	13443.91	13460.28	13435.33	13446.88	1498	0	1
2024.04.19	14:45:00	13446.88	13476.31	13411.4	13417.56	3789	0	1
2024.04.19	15:00:00	13417.56	13447.6	13415.04	13438.03	2417	0	1
2024.04.19	15:15:00	13438.03	13439.24	13385.48	13406.06	3921	0	3
2024.04.19	15:30:00	13406.06	13442.52	13400.56	13436.83	1985	0	4
2024.04.19	15:45:00	13436.83	13525.29	13434.48	13512.61	4435	0	1
2024.04.22	09:30:00	13512.61	13549.91	13504.58	13522.6	2168	0	4
2024.04.22	09:45:00	13522.6	13540.85	13511.01	13538.34	4062	0	3
2024.04.22	10:00:00	13538.34	13566.43	13524.57	13525.53	4241	0	1
2024.04.22	10:15:00	13525.53	13544.01	13474.35	13477.87	2443	0	1
2024.04.22	10:30:00	13477.87	13500.88	13455.43	13462.22	3501	0	2
2024.04.22	10:45:00	13462.22	13471.01	13427.87	13433.66	1033	0	1
2024.04.22	11:00:00	13433.66	13442.48	13381.26	13395.86	2733	0	1
2024.04.22	11:15:00	13395.86	13442.51	13388.0	13441.46	2180	0	2
2024.04.22	11:30:00	13441.46	13449.72	13433.99	13448.92	4794	0	4
2024.04.22	11:45:00	13448.92	13498.75	13444.77	13459.21	4703	0	4
2024.04.22	12:00:00	13459.21	13473.43	13432.9	13451.32	4025	0	3
2024.04.22	12:15:00	13451.32	13454.34	13440.19	13447.03	4770	0	2
2024.04.22	12:30:00	13447.03	13480.91	13428.39	13472.76	4891	0	2
2024.04.22	12:45:00	13472.76	13472.78	13463.88	13472.18	3955	0	3
2024.04.22	13:00:00	13472.18	13487.93	13465.48	13486.48	3172	0	1
2024.04.22	13:15:00	13486.48	13500.29	13481.45	13481.56	1419	0	3
2024.04.22	13:30:00	13481.56	13482.97	13455.69	13472.79	4169	0	4
2024.04.22	13:45:00	13472.79	13479.54	13434.32	13435.93	1375	0	4
2024.04.22	14:00:00	13435.93	13440.25	13372.02	13384.19	1333	0	1
2024.04.22	14:15:00	13384.19	13391.67	13367.01	13377.59	4458	0	2
2024.04.22	14:30:00	13377.59	13397.88	13369.63	13379.34	1014	0	2
2024.04.22	14:45:00	13379.34	13391.64	13339.96	13345.91	1138	0	3
2024.04.22	15:00:00	13345.91	13346.84	13338.99	13345.27	2799	0	1
2024.04.22	15:15:00	13345.27	13362.28	13313.42	13346.94	3128	0	4
2024.04.22	15:30:00	13346.94	13354.8	13264.63	13290.89	705	0	4
2024.04.22	15:45:00	13290.89	13293.76	13260.45	13267.33	2202	0	2
2024.04.23	09:30:00	13267.33	13281.48	13258.26	13278.19	1513	0	2
2024.04.23	09:45:00	13278.19	13294.78	13276.33	13288.54	1859	0	2
2024.04.23	10:00:00	13288.54	13300.74	13234.65	13258.78	1313	0	1
2024.04.23	10:15:00	13258.78	13278.62	13250.0	13263.16	3548	0	4
2024.04.23	10:30:00	13263.16	13311.57	13255.81	13290.05	2628	0	4
2024.04.23	10:45:00	13290.05	13313.65	13282.96	13310.58	4818	0	2
2024.04.23	11:00:00	13310.58	13329.77	13305.51	13308.36	537	0	3
2024.04.23	11:15:00	13308.36	13321.42	13293.32	13296.42	3999	0	2
2024.04.23	11:30:00	13296.42	13301.56	13270.19	13280.29	4593	0	1
2024.04.23	11:45:00	13280.29	13310.15	13269.03	13292.74	2687	0	2
2024.04.23	12:00:00	13292.74	13303.05	13277.25	13298.09	3647	0	1
2024.04.23	12:15:00	13298.09	13324.45	13268.81	13314.79	2483	0	4
2024.04.23	12:30:00	13314.79	13325.67	13285.57	13318.5	3177	0	3
2024.04.23	12:45:00	13318.5	13345.88	13297.17	13340.17	4584	0	4
2024.04.23	13:00:00	13340.17	13349.94	13323.48	13342.91	2886	0	1
2024.04.23	13:15:00	13342.91	13373.08	13341.8	13363.72	3101	0	3
2024.04.23	13:30:00	13363.72	13397.11	13348.44	13386.83	4940	0	3
2024.04.23	13:45:00	13386.83	13402.54	13364.74	13366.0	2734	0	3
2024.04.23	14:00:00	13366.0	13377.58	13298.66	13318.95	1279	0	4
2024.04.23	14:15:00	13318.95	13367.48	13299.32	13359.6	3572	0	2
2024.04.23	14:30:00	13359.6	13378.72	13344.81	13366.59	3617	0	1
2024.04.23	14:45:00	13366.59	13392.5	13321.58	13321.99	1567	0	1
2024.04.23	15:00:00	13321.99	13339.67	13287.63	13303.62	3779	0	2
2024.04.23	15:15:00	13303.62	13329.16	13295.97	13324.04	786	0	1
2024.04.23	15:30:00	13324.04	13337.24	13293.22	13317.0	1940	0	1
2024.04.23	15:45:00	13317.0	13322.05	13291.57	13303.9	4348	0	1
2024.04.24	09:30:00	13303.9	13341.4	13282.98	13340.76	3278	0	2
2024.04.24	09:45:00	13340.76	13344.37	13309.91	13313.66	3232	0	1
2024.04.24	10:00:00	13313.66	13318.45	13282.1	13293.1	3294	0	2
2024.04.24	10:15:00	13293.1	13302.94	13274.5	13298.88	1241	0	3
2024.04.24	10:30:00	13298.88	13320.66	13295.77	13309.33	4825	0	2
2024.04.24	10:45:00	13309.33	13343.29	13304.98	13322.56	1841	0	1
2024.04.24	11:00:00	13322.56	13353.74	13311.61	13346.66	4038	0	3
2024.04.24	11:15:00	13346.66	13378.89	13330.07	13352.12	4954	0	1
2024.04.24	11:30:00	13352.12	13373.42	13342.21	13365.21	1584	0	3
2024.04.24	11:45:00	13365.21	13368.34	13327.41	13358.69	3354	0	2
2024.04.24	12:00:00	13358.69	13372.16	13330.07	13360.6	690	0	2
2024.04.24	12:15:00	13360.6	13368.08	13337.04	13363.68	3362	0	1
2024.04.24	12:30:00	13363.68	13379.24	13336.38	13369.59	2484	0	2
2024.04.24	12:45:00	13369.59	13392.56	13368.37	13390.13	824	0	1
2024.04.24	13:00:00	13390.13	13416.14	13379.31	13404.98	3524	0	3
2024.04.24	13:15:00	13404.98	13415.6	13401.06	13406.41	4860	0	1
2024.04.24	13:30:00	13406.41	13416.78	13373.96	13385.42	873	0	3
2024.04.24	13:45:00	13385.42	13398.26	13378.67	13387.47	4517	0	2
2024.04.24	14:00:00	13387.47	13401.31	13383.88	13387.0	4295	0	3
2024.04.24	14:15:00	13387.0	13394.18	13386.83	13392.34	2965	0	3
2024.04.24	14:30:00	13392.34	13493.44	13384.87	13450.69	4556	0	3
2024.04.24	14:45:00	13450.69	13464.6	13430.21	13437.15	1892	0	4
2024.04.24	15:00:00	13437.15	13452.83	13433.28	13448.55	3740	0	3
2024.04.24	15:15:00	13448.55	13488.6	13435.66	13477.03	3641	0	4
2024.04.24	15:30:00	13477.03	13481.17	13471.06	13479.89	3112	0	2
2024.04.24	15:45:00	13479.89	13561.04	13473.65	13542.1	4250	0	4
2024.04.25	09:30:00	13542.1	13564.8	13530.65	13532.34	4443	0	2
2024.04.25	09:45:00	13532.34	13560.84	13513.97	13541.21	4037	0	3
2024.04.25	10:00:00	13541.21	13551.64	13518.06	13520.29	3147	0	2
2024.04.25	10:15:00	13520.29	13536.93	13499.05	13511.24	4896	0	4
2024.04.25	10:30:00	13511.24	13524.56	13487.5	13518.11	3000	0	2
2024.04.25	10:45:00	13518.11	13557.32	13511.87	13540.83	3365	0	3
2024.04.25	11:00:00	13540.83	13569.34	13540.47	13549.58	1349	0	1
2024.04.25	11:15:00	13549.58	13586.54	13524.03	13583.35	1945	0	3
2024.04.25	11:30:00	13583.35	13590.32	13554.99	13581.09	4571	0	1
2024.04.25	11:45:00	13581.09	13593.12	13571.24	13572.52	2740	0	2
2024.04.25	12:00:00	13572.52	13651.61	13553.13	13644.96	2800	0	1
2024.04.25	12:15:00	13644.96	13662.9	13634.46	13655.79	4173	0	2
2024.04.25	12:30:00	13655.79	13668.97	13633.96	13636.8	1967	0	2
2024.04.25	12:45:00	13636.8	13638.21	13614.09	13618.52	1694	0	2
2024.04.25	13:00:00	13618.52	13638.65	13591.18	13593.64	539	0	2
2024.04.25	13:15:00	13593.64	13645.66	13572.77	13618.9	1541	0	1
2024.04.25	13:30:00	13618.9	13628.79	13603.46	13609.45	2804	0	3
2024.04.25	13:45:00	13609.45	13623.17	13591.73	13613.12	3761	0	4
2024.04.25	14:00:00	13613.12	13624.77	13606.89	13611.7	1981	0	2
2024.04.25	14:15:00	13611.7	13646.32	13601.81	13631.51	2499	0	1
2024.04.25	14:30:00	13631.51	13639.79	13606.15	13609.16	1497	0	1
2024.04.25	14:45:00	13609.16	13617.04	13565.32	13580.76	4174	0	3
2024.04.25	15:00:00	13580.76	13595.81	13574.32	13587.01	2861	0	4
2024.04.25	15:15:00	13587.01	13627.92	13581.86	13603.3	1146	0	4
2024.04.25	15:30:00	13603.3	13614.09	13594.34	13612.45	3243	0	2
2024.04.25	15:45:00	13612.45	13618.73	13584.48	13591.13	2010	0	2
2024.04.26	09:30:00	13591.13	13615.34	13575.88	13609.47	4393	0	1
2024.04.26	09:45:00	13609.47	13635.83	13579.63	13589.9	1706	0	1
2024.04.26	10:00:00	13589.9	13610.23	13569.91	13576.28	4391	0	4
2024.04.26	10:15:00	13576.28	13581.38	13536.04	13551.44	3640	0	2
2024.04.26	10:30:00	13551.44	13599.59	13546.22	13586.34	1109	0	2
2024.04.26	10:45:00	13586.34	13615.61	13577.92	13603.5	3916	0	2
2024.04.26	11:00:00	13603.5	13623.91	13601.1	13619.92	3742	0	2
2024.04.26	11:15:00	13619.92	13658.63	13609.98	13653.55	2552	0	4
2024.04.26	11:30:00	13653.55	13742.06	13652.08	13729.34	1223	0	4
2024.04.26	11:45:00	13729.34	13739.65	13661.35	13683.67	2651	0	3
2024.04.26	12:00:00	13683.67	13696.11	13650.63	13664.15	3238	0	2
2024.04.26	12:15:00	13664.15	13687.87	13646.74	13647.92	1094	0	3
2024.04.26	12:30:00	13647.92	13654.34	13614.89	13625.44	2034	0	2
2024.04.26	12:45:00	13625.44	13637.43	13587.74	13596.94	3658	0	3
2024.04.26	13:00:00	13596.94	13601.46	13578.92	13589.23	2987	0	1
2024.04.26	13:15:00	13589.23	13621.57	13544.95	13557.11	4965	0	3
2024.04.26	13:30:00	13557.11	13567.66	13548.4	13566.3	1475	0	1
2024.04.26	13:45:00	13566.3	13587.39	13562.26	13567.94	4000	0	3
2024.04.26	14:00:00	13567.94	13590.88	13555.48	13581.02	2414	0	3
2024.04.26	14:15:00	13581.02	13595.38	13578.65	13594.82	1504	0	1
2024.04.26	14:30:00	13594.82	13619.45	13581.18	13611.18	4780	0	3
2024.04.26	14:45:00	13611.18	13616.48	13595.84	13601.49	3304	0	1
2024.04.26	15:00:00	13601.49	13668.72	13597.65	13658.46	2909	0	2
2024.04.26	15:15:00	13658.46	13675.86	13653.45	13665.01	1827	0	1
2024.04.26	15:30:00	13665.01	13678.26	13612.36	13615.46	4466	0	3
2024.04.26	15:45:00	13615.46	13631.37	13573.1	13589.0	635	0	3
2024.04.29	09:30:00	13589.0	13609.15	13542.24	13542.96	1018	0	2
2024.04.29	09:45:00	13542.96	13567.65	13535.91	13543.69	1309	0	4
2024.04.29	10:00:00	13543.69	13545.48	13540.11	13540.73	3438	0	3
2024.04.29	10:15:00	13540.73	13544.86	13526.91	13528.57	961	0	3
2024.04.29	10:30:00	13528.57	13600.29	13505.7	13582.3	4087	0	1
2024.04.29	10:45:00	13582.3	13606.71	13566.29	13597.2	1381	0	3
2024.04.29	11:00:00	13597.2	13629.97	13596.14	13616.85	3544	0	3
2024.04.29	11:15:00	13616.85	13630.65	13589.42	13592.28	4080	0	4
2024.04.29	11:30:00	13592.28	13598.84	13556.61	13565.94	4453	0	3
2024.04.29	11:45:00	13565.94	13569.55	13563.64	13567.19	1817	0	1
2024.04.29	12:00:00	13567.19	13572.42	13563.08	13572.07	836	0	3
2024.04.29	12:15:00	13572.07	13586.34	13511.74	13523.02	3906	0	1
2024.04.29	12:30:00	13523.02	13533.08	13508.58	13518.51	2519	0	2
2024.04.29	12:45:00	13518.51	13536.78	13503.8	13519.15	4769	0	4
2024.04.29	13:00:00	13519.15	13544.76	13500.77	13513.72	1346	0	4
2024.04.29	13:15:00	13513.72	13517.08	13491.27	13492.45	3084	0	4
2024.04.29	13:30:00	13492.45	13501.64	13465.4	13478.45	1036	0	2
2024.04.29	13:45:00	13478.45	13498.63	13456.39	13474.04	2684	0	3
2024.04.29	14:00:00	13474.04	13485.37	13454.71	13476.71	504	0	3
2024.04.29	14:15:00	13476.71	13504.1	13473.23	13492.98	3875	0	1
2024.04.29	14:30:00	13492.98	13522.17	13483.6	13521.88	3221	0	4
2024.04.29	14:45:00	13521.88	13543.46	13504.18	13514.35	936	0	4
2024.04.29	15:00:00	13514.35	13541.15	13484.05	13502.53	2747	0	1
2024.04.29	15:15:00	13502.53	13525.19	13492.89	13514.4	2426	0	4
2024.04.29	15:30:00	13514.4	13537.85	13496.8	13530.87	3531	0	2
2024.04.29	15:45:00	13530.87	13538.28	13492.98	13519.62	2744	0	3
2024.04.30	09:30:00	13519.62	13546.01	13505.49	13540.86	2565	0	3
2024.04.30	09:45:00	13540.86	13572.48	13534.1	13567.17	4239	0	1
2024.04.30	10:00:00	13567.17	13605.91	13553.48	13601.86	2835	0	1
2024.04.30	10:15:00	13601.86	13672.24	13595.13	13649.65	4163	0	3
2024.04.30	10:30:00	13649.65	13664.41	13623.03	13626.75	4484	0	4
2024.04.30	10:45:00	13626.75	13641.56	13622.34	13627.39	4317	0	4
2024.04.30	11:00:00	13627.39	13638.6	13617.46	13627.97	4799	0	2
2024.04.30	11:15:00	13627.97	13639.89	13618.05	13625.62	3640	0	4
2024.04.30	11:30:00	13625.62	13629.83	13593.66	13608.55	3027	0	2
2024.04.30	11:45:00	13608.55	13623.65	13564.1	13569.24	2887	0	3
2024.04.30	12:00:00	13569.24	13574.48	13562.14	13571.97	1420	0	2
2024.04.30	12:15:00	13571.97	13574.64	13549.87	13551.81	4225	0	3
2024.04.30	12:30:00	13551.81	13555.98	13533.96	13554.37	3619	0	3
2024.04.30	12:45:00	13554.37	13581.19	13530.2	13533.54	4429	0	3
2024.04.30	13:00:00	13533.54	13534.61	13495.19	13504.66	3656	0	2
2024.04.30	13:15:00	13504.66	13519.99	13496.64	13511.14	2662	0	3
2024.04.30	13:30:00	13511.14	13531.13	13500.69	13515.41	1828	0	3
2024.04.30	13:45:00	13515.41	13550.07	13499.92	13531.04	4935	0	2
2024.04.30	14:00:00	13531.04	13596.16	13530.83	13589.44	3801	0	3
2024.04.30	14:15:00	13589.44	13597.5	13581.97	13597.11	4436	0	1
2024.04.30	14:30:00	13597.11	13617.86	13591.7	13610.32	3132	0	4
2024.04.30	14:45:00	13610.32	13614.27	13575.04	13581.86	2797	0	1
2024.04.30	15:00:00	13581.86	13595.06	13543.94	13547.9	654	0	4
2024.04.30	15:15:00	13547.9	13601.31	13527.94	13590.29	811	0	4
2024.04.30	15:30:00	13590.29	13590.35	13563.24	13565.97	3680	0	4
2024.04.30	15:45:00	13565.97	13577.52	13516.81	13538.49	1510	0	1
2024.05.01	09:30:00	13538.49	13564.19	13535.03	13537.73	869	0	1
2024.05.01	09:45:00	13537.73	13538.49	13508.47	13535.6	3993	0	1
2024.05.01	10:00:00	13535.6	13541.3	13494.88	13511.94	3292	0	2
2024.05.01	10:15:00	13511.94	13513.71	13503.73	13504.13	1000	0	4
2024.05.01	10:30:00	13504.13	13543.65	13501.13	13537.0	2749	0	4
2024.05.01	10:45:00	13537.0	13538.82	13514.61	13515.88	2614	0	3
2024.05.01	11:00:00	13515.88	13541.38	13476.7	13479.26	516	0	4
2024.05.01	11:15:00	13479.26	13508.76	13464.2	13504.47	3221	0	1
2024.05.01	11:30:00	13504.47	13521.66	13503.35	13517.79	2285	0	4
2024.05.01	11:45:00	13517.79	13544.23	13484.71	13501.62	4452	0	2
2024.05.01	12:00:00	13501.62	13508.9	13458.51	13460.06	1020	0	3
2024.05.01	12:15:00	13460.06	13484.01	13436.07	13440.69	4312	0	4
2024.05.01	12:30:00	13440.69	13440.76	13430.69	13439.51	528	0	3
2024.05.01	12:45:00	13439.51	13494.08	13415.57	13470.54	3939	0	2
2024.05.01	13:00:00	13470.54	13480.45	13439.82	13443.45	4021	0	3
2024.05.01	13:15:00	13443.45	13447.5	13414.42	13441.49	2334	0	2
2024.05.01	13:30:00	13441.49	13460.44	13435.45	13459.57	1762	0	3
2024.05.01	13:45:00	13459.57	13467.81	13388.11	13397.13	1140	0	2
2024.05.01	14:00:00	13397.13	13425.59	13391.7	13424.59	2029	0	2
2024.05.01	14:15:00	13424.59	13436.4	13390.55	13393.76	3513	0	1
2024.05.01	14:30:00	13393.76	13402.92	13380.83	13402.75	3761	0	2
2024.05.01	14:45:00	13402.75	13413.67	13376.35	13409.51	1315	0	3
2024.05.01	15:00:00	13409.51	13441.63	13389.94	13438.33	550	0	4
2024.05.01	15:15:00	13438.33	13466.22	13427.72	13453.12	3025	0	1
2024.05.01	15:30:00	13453.12	13469.29	13390.35	13390.82	3113	0	1
2024.05.01	15:45:00	13390.82	13399.58	13367.74	13370.49	4913	0	3
2024.05.02	09:30:00	13370.49	13383.15	13360.61	13374.38	3926	0	3
2024.05.02	09:45:00	13374.38	13379.36	13350.55	13369.54	2976	0	1
2024.05.02	10:00:00	13369.54	13402.38	13354.76	13382.33	3163	0	2
2024.05.02	10:15:00	13382.33	13418.39	13381.68	13403.33	3405	0	1
2024.05.02	10:30:00	13403.33	13436.08	13399.49	13419.6	2532	0	1
2024.05.02	10:45:00	13419.6	13423.08	13394.91	13414.23	3549	0	1
2024.05.02	11:00:00	13414.23	13426.48	13365.53	13366.02	1379	0	3
2024.05.02	11:15:00	13366.02	13369.52	13350.18	13354.35	4236	0	4
2024.05.02	11:30:00	13354.35	13386.55	13338.99	13365.53	4377	0	2
2024.05.02	11:45:00	13365.53	13384.17	13332.4	13337.24	2457	0	1
2024.05.02	12:00:00	13337.24	13375.23	13333.04	13354.03	2555	0	4
2024.05.02	12:15:00	13354.03	13388.98	13345.96	13378.11	2738	0	2
2024.05.02	12:30:00	13378.11	13385.48	13365.95	13381.71	4178	0	1
2024.05.02	12:45:00	13381.71	13389.85	13276.99	13301.81	1291	0	1
2024.05.02	13:00:00	13301.81	13307.51	13242.94	13268.77	2036	0	2
2024.05.02	13:15:00	13268.77	13333.57	13268.73	13318.21	3266	0	3
2024.05.02	13:30:00	13318.21	13341.24	13302.96	13304.21	3620	0	2
2024.05.02	13:45:00	13304.21	13319.72	13247.56	13252.81	1830	0	2
2024.05.02	14:00:00	13252.81	13289.28	13245.8	13285.22	1027	0	2
2024.05.02	14:15:00	13285.22	13295.36	13273.26	13285.83	2784	0	4
2024.05.02	14:30:00	13285.83	13332.2	13285.74	13314.92	3373	0	3
2024.05.02	14:45:00	13314.92	13322.48	13309.15	13322.42	3949	0	3
2024.05.02	15:00:00	13322.42	13337.76	13302.16	13334.67	513	0	2
2024.05.02	15:15:00	13334.67	13359.56	13330.43	13344.44	579	0	3
2024.05.02	15:30:00	13344.44	13383.74	13343.74	13362.97	2239	0	4
2024.05.02	15:45:00	13362.97	13423.46	13330.53	13423.06	3037	0	3
2024.05.03	09:30:00	13423.06	13463.22	13420.49	13448.91	516	0	4
2024.05.03	09:45:00	13448.91	13455.58	13400.25	13407.56	1280	0	1
2024.05.03	10:00:00	13407.56	13429.81	13399.06	13419.58	2385	0	4
2024.05.03	10:15:00	13419.58	13466.9	13409.96	13449.92	1757	0	4
2024.05.03	10:30:00	13449.92	13489.03	13446.11	13481.96	3697	0	3
2024.05.03	10:45:00	13481.96	13494.21	13468.39	13470.95	656	0	4
2024.05.03	11:00:00	13470.95	13520.05	13469.62	13502.03	4497	0	3
2024.05.03	11:15:00	13502.03	13548.69	13494.41	13526.89	1262	0	2
2024.05.03	11:30:00	13526.89	13603.74	13522.57	13595.58	2482	0	3
2024.05.03	11:45:00	13595.58	13608.36	13548.86	13575.87	4939	0	3
2024.05.03	12:00:00	13575.87	13579.31	13546.54	13562.64	3481	0	1
2024.05.03	12:15:00	13562.64	13578.74	13550.73	13554.77	4993	0	1
2024.05.03	12:30:00	13554.77	13567.3	13530.65	13542.01	588	0	2
2024.05.03	12:45:00	13542.01	13557.94	13507.15	13518.67	3739	0	3
2024.05.03	13:00:00	13518.67	13521.03	13442.46	13445.89	840	0	1
2024.05.03	13:15:00	13445.89	13446.42	13422.21	13434.7	3253	0	4
2024.05.03	13:30:00	13434.7	13454.14	13415.11	13444.7	1966	0	1
2024.05.03	13:45:00	13444.7	13452.97	13421.82	13431.97	3996	0	4
2024.05.03	14:00:00	13431.97	13492.37	13425.61	13483.32	1059	0	3
2024.05.03	14:15:00	13483.32	13485.25	13454.48	13483.95	4534	0	2
2024.05.03	14:30:00	13483.95	13531.74	13482.67	13518.4	2663	0	2
2024.05.03	14:45:00	13518.4	13555.94	13494.23	13525.6	2836	0	3
2024.05.03	15:00:00	13525.6	13567.84	13522.86	13547.81	3069	0	1
2024.05.03	15:15:00	13547.81	13559.7	13544.54	13555.51	658	0	3
2024.05.03	15:30:00	13555.51	13606.7	13551.45	13592.22	1896	0	3
2024.05.03	15:45:00	13592.22	13607.56	13579.65	13593.98	3692	0	1
2024.05.06	09:30:00	13593.98	13620.01	13575.88	13607.48	4823	0	4
2024.05.06	09:45:00	13607.48	13626.54	13593.67	13617.54	4930	0	3
2024.05.06	10:00:00	13617.54	13625.4	13605.41	13610.11	2910	0	1
2024.05.06	10:15:00	13610.11	13622.22	13597.9	13621.2	1661	0	3
2024.05.06	10:30:00	13621.2	13685.63	13619.47	13681.29	2649	0	2
2024.05.06	10:45:00	13681.29	13687.78	13667.69	13674.31	2585	0	4
2024.05.06	11:00:00	13674.31	13685.92	13660.77	13685.84	2287	0	2
2024.05.06	11:15:00	13685.84	13737.8	13671.03	13719.91	2125	0	4
2024.05.06	11:30:00	13719.91	13760.72	13713.86	13750.9	4407	0	4
2024.05.06	11:45:00	13750.9	13752.21	13748.04	13751.49	2257	0	1
2024.05.06	12:00:00	13751.49	13767.16	13671.42	13687.64	631	0	2
2024.05.06	12:15:00	13687.64	13711.3	13675.62	13701.79	3746	0	1
2024.05.06	12:30:00	13701.79	13723.32	13640.89	13642.55	3492	0	2
2024.05.06	12:45:00	13642.55	13682.67	13642.13	13682.21	2202	0	1
2024.05.06	13:00:00	13682.21	13704.43	13669.24	13687.03	3334	0	3
2024.05.06	13:15:00	13687.03	13716.33	13677.43	13714.17	4734	0	1
2024.05.06	13:30:00	13714.17	13716.85	13675.9	13690.2	4659	0	3
2024.05.06	13:45:00	13690.2	13701.88	13642.76	13648.85	4053	0	2
2024.05.06	14:00:00	13648.85	13679.65	13622.52	13656.11	3125	0	4
2024.05.06	14:15:00	13656.11	13669.9	13641.94	13655.48	624	0	4
2024.05.06	14:30:00	13655.48	13665.2	13617.68	13642.6	2804	0	3
2024.05.06	14:45:00	13642.6	13652.76	13636.99	13645.14	4183	0	2
2024.05.06	15:00:00	13645.14	13744.64	13621.02	13719.67	4302	0	3
2024.05.06	15:15:00	13719.67	13759.59	13719.24	13742.42	3977	0	3
2024.05.06	15:30:00	13742.42	13779.44	13720.32	13771.01	4939	0	1
2024.05.06	15:45:00	13771.01	13806.26	13748.41	13794.09	2824	0	2
2024.05.07	09:30:00	13794.09	13842.02	13769.67	13834.45	993	0	4
2024.05.07	09:45:00	13834.45	13836.64	13825.53	13829.57	2735	0	2
2024.05.07	10:00:00	13829.57	13843.99	13760.87	13774.23	1934	0	1
2024.05.07	10:15:00	13774.23	13776.12	13753.3	13769.41	4259	0	4
2024.05.07	10:30:00	13769.41	13804.81	13767.88	13791.63	3997	0	4
2024.05.07	10:45:00	13791.63	13798.2	13749.12	13765.7	2411	0	3
2024.05.07	11:00:00	13765.7	13776.59	13753.12	13761.21	2247	0	3
2024.05.07	11:15:00	13761.21	13781.14	13733.19	13742.83	1217	0	2
2024.05.07	11:30:00	13742.83	13788.67	13733.33	13783.65	694	0	2
2024.05.07	11:45:00	13783.65	13816.71	13753.32	13804.2	1908	0	4
2024.05.07	12:00:00	13804.2	13826.15	13794.0	13822.12	1584	0	4
2024.05.07	12:15:00	13822.12	13845.75	13810.96	13839.26	1693	0	2
2024.05.07	12:30:00	13839.26	13845.69	13837.46	13838.53	4993	0	2
2024.05.07	12:45:00	13838.53	13849.41	13835.77	13844.16	3564	0	1
2024.05.07	13:00:00	13844.16	13847.82	13810.38	13812.3	2981	0	1
2024.05.07	13:15:00	13812.3	13826.67	13751.12	13753.48	1304	0	2
2024.05.07	13:30:00	13753.48	13769.69	13753.17	13757.8	4285	0	3
2024.05.07	13:45:00	13757.8	13775.4	13750.51	13766.82	3401	0	3
2024.05.07	14:00:00	13766.82	13811.78	13764.8	13799.78	2816	0	4
2024.05.07	14:15:00	13799.78	13856.03	13795.93	13842.65	2596	0	2
2024.05.07	14:30:00	13842.65	13894.75	13837.2	13885.62	2986	0	1
2024.05.07	14:45:00	13885.62	13892.87	13847.52	13858.74	4278	0	4
2024.05.07	15:00:00	13858.74	13858.97	13841.9	13849.45	3740	0	4
2024.05.07	15:15:00	13849.45	13882.04	13848.64	13862.78	2682	0	3
2024.05.07	15:30:00	13862.78	13943.09	13846.98	13932.06	3504	0	1
2024.05.07	15:45:00	13932.06	13983.75	13917.0	13972.84	4684	0	2
2024.05.08	09:30:00	13972.84	14030.04	13948.11	14003.83	1968	0	3
2024.05.08	09:45:00	14003.83	14013.5	13975.09	13993.46	4552	0	4
2024.05.08	10:00:00	13993.46	14006.99	13964.8	13969.53	3230	0	3
2024.05.08	10:15:00	13969.53	14001.34	13956.51	13991.44	1333	0	2
2024.05.08	10:30:00	13991.44	13994.93	13931.59	13961.55	4851	0	2
2024.05.08	10:45:00	13961.55	13993.78	13948.41	13955.3	3587	0	2
2024.05.08	11:00:00	13955.3	13958.14	13945.58	13952.44	2236	0	1
2024.05.08	11:15:00	13952.44	14003.85	13947.36	13996.37	1465	0	1
2024.05.08	11:30:00	13996.37	14007.13	13985.61	13986.92	4621	0	4
2024.05.08	11:45:00	13986.92	13991.75	13915.96	13920.45	4204	0	2
2024.05.08	12:00:00	13920.45	13942.71	13918.63	13934.5	700	0	4
2024.05.08	12:15:00	13934.5	13942.56	13867.53	13915.69	3360	0	2
2024.05.08	12:30:00	13915.69	13927.0	13914.91	13917.13	1015	0	4
2024.05.08	12:45:00	13917.13	13927.62	13914.8	13915.05	1823	0	1
2024.05.08	13:00:00	13915.05	13921.77	13893.69	13907.86	3056	0	1
2024.05.08	13:15:00	13907.86	13960.11	13890.0	13929.71	1621	0	3
2024.05.08	13:30:00	13929.71	13944.61	13885.62	13888.17	2806	0	4
2024.05.08	13:45:00	13888.17	13898.29	13863.27	13874.38	2433	0	1
2024.05.08	14:00:00	13874.38	13894.29	13859.39	13893.28	3116	0	3
2024.05.08	14:15:00	13893.28	13906.16	13866.39	13876.84	4103	0	1
2024.05.08	14:30:00	13876.84	13883.82	13825.63	13833.4	1198	0	3
2024.05.08	14:45:00	13833.4	13868.47	13817.33	13851.82	4082	0	3
2024.05.08	15:00:00	13851.82	13884.97	13849.3	13882.65	1500	0	3
2024.05.08	15:15:00	13882.65	13888.44	13862.63	13881.7	650	0	2
2024.05.08	15:30:00	13881.7	13887.18	13826.24	13828.69	2508	0	2
2024.05.08	15:45:00	13828.69	13848.3	13808.4	13848.13	1860	0	3
2024.05.09	09:30:00	13848.13	13869.06	13793.27	13803.4	1330	0	2
2024.05.09	09:45:00	13803.4	13820.44	13789.22	13812.04	2402	0	3
2024.05.09	10:00:00	13812.04	13817.56	13779.48	13788.3	4409	0	1
2024.05.09	10:15:00	13788.3	13793.75	13754.2	13757.24	3135	0	2
2024.05.09	10:30:00	13757.24	13758.26	13742.68	13745.6	3775	0	1
2024.05.09	10:45:00	13745.6	13764.82	13732.02	13740.94	1172	0	1
2024.05.09	11:00:00	13740.94	13751.88	13720.49	13723.86	841	0	2
2024.05.09	11:15:00	13723.86	13753.29	13713.91	13739.99	2008	0	2
2024.05.09	11:30:00	13739.99	13749.13	13716.4	13728.25	3984	0	1
2024.05.09	11:45:00	13728.25	13763.58	13704.94	13754.94	4485	0	1
2024.05.09	12:00:00	13754.94	13773.68	13747.07	13762.8	957	0	4
2024.05.09	12:15:00	13762.8	13774.26	13719.53	13744.26	2644	0	3
2024.05.09	12:30:00	13744.26	13746.42	13714.5	13721.21	2284	0	3
2024.05.09	12:45:00	13721.21	13740.19	13672.78	13677.23	3848	0	3
2024.05.09	13:00:00	13677.23	13691.41	13675.47	13685.3	1424	0	1
2024.05.09	13:15:00	13685.3	13688.21	13668.6	13676.06	2681	0	3
2024.05.09	13:30:00	13676.06	13679.11	13606.76	13612.86	4324	0	4
2024.05.09	13:45:00	13612.86	13613.36	13595.25	13598.83	2592	0	2
2024.05.09	14:00:00	13598.83	13608.42	13573.76	13575.1	4015	0	4
2024.05.09	14:15:00	13575.1	13625.53	13555.53	13617.38	3298	0	4
2024.05.09	14:30:00	13617.38	13617.96	13571.86	13572.26	3188	0	3
2024.05.09	14:45:00	13572.26	13574.47	13517.82	13534.22	1667	0	1
2024.05.09	15:00:00	13534.22	13568.73	13518.34	13563.98	4966	0	3
2024.05.09	15:15:00	13563.98	13615.79	13562.13	13600.39	1624	0	4
2024.05.09	15:30:00	13600.39	13612.32	13565.77	13580.81	4689	0	3
2024.05.09	15:45:00	13580.81	13610.24	13543.47	13564.25	4952	0	4
2024.05.10	09:30:00	13564.25	13588.45	13555.8	13580.93	2801	0	3
2024.05.10	09:45:00	13580.93	13597.07	13510.29	13519.36	4410	0	2
2024.05.10	10:00:00	13519.36	13521.12	13465.51	13470.37	3717	0	4
2024.05.10	10:15:00	13470.37	13475.27	13459.35	13463.23	3819	0	1
2024.05.10	10:30:00	13463.23	13512.46	13460.74	13504.48	808	0	2
2024.05.10	10:45:00	13504.48	13520.43	13485.25	13493.22	1117	0	1
2024.05.10	11:00:00	13493.22	13497.02	13485.22	13496.16	813	0	3
2024.05.10	11:15:00	13496.16	13548.63	13461.67	13526.47	636	0	4
2024.05.10	11:30:00	13526.47	13605.58	13523.28	13582.75	4261	0	4
2024.05.10	11:45:00	13582.75	13595.9	13560.77	13567.66	1289	0	1
2024.05.10	12:00:00	13567.66	13572.15	13562.03	13567.49	528	0	3
2024.05.10	12:15:00	13567.49	13629.75	13567.0	13616.33	4719	0	4
2024.05.10	12:30:00	13616.33	13625.92	13566.02	13576.01	1754	0	4
2024.05.10	12:45:00	13576.01	13605.78	13574.93	13603.67	4173	0	3
2024.05.10	13:00:00	13603.67	13611.15	13556.72	13576.8	4822	0	1
2024.05.10	13:15:00	13576.8	13588.23	13561.8	13579.8	2853	0	2
2024.05.10	13:30:00	13579.8	13582.1	13572.03	13573.61	4670	0	4
2024.05.10	13:45:00	13573.61	13575.8	13545.77	13548.4	4859	0	3
2024.05.10	14:00:00	13548.4	13551.68	13484.78	13522.58	1149	0	2
2024.05.10	14:15:00	13522.58	13536.73	13518.25	13530.18	1159	0	1
2024.05.10	14:30:00	13530.18	13564.59	13512.23	13556.89	2164	0	3
2024.05.10	14:45:00	13556.89	13574.75	13550.78	13553.72	3016	0	2
2024.05.10	15:00:00	13553.72	13577.45	13551.69	13555.85	4037	0	2
2024.05.10	15:15:00	13555.85	13604.44	13546.6	13571.32	1324	0	4
2024.05.10	15:30:00	13571.32	13577.27	13527.2	13545.75	1370	0	1
2024.05.10	15:45:00	13545.75	13583.3	13545.4	13565.69	1878	0	1
2024.05.13	09:30:00	13565.69	13598.08	13535.35	13587.78	1721	0	4
2024.05.13	09:45:00	13587.78	13664.43	13584.68	13657.61	4730	0	4
2024.05.13	10:00:00	13657.61	13675.57	13630.28	13647.81	2281	0	2
2024.05.13	10:15:00	13647.81	13664.04	13628.31	13635.83	4407	0	4
2024.05.13	10:30:00	13635.83	13658.34	13630.84	13656.68	751	0	1
2024.05.13	10:45:00	13656.68	13681.54	13648.75	13678.91	958	0	1
2024.05.13	11:00:00	13678.91	13690.51	13652.14	13664.84	4116	0	2
2024.05.13	11:15:00	13664.84	13669.44	13650.32	13654.31	1622	0	3
2024.05.13	11:30:00	13654.31	13690.04	13652.15	13669.08	871	0	1
2024.05.13	11:45:00	13669.08	13677.41	13641.19	13647.19	3175	0	1
2024.05.13	12:00:00	13647.19	13662.24	13625.62	13636.47	1162	0	4
2024.05.13	12:15:00	13636.47	13640.25	13627.9	13639.14	776	0	3
2024.05.13	12:30:00	13639.14	13671.51	13623.54	13666.08	2327	0	3
2024.05.13	12:45:00	13666.08	13672.44	13645.73	13650.16	2975	0	4
2024.05.13	13:00:00	13650.16	13661.48	13585.16	13601.2	2873	0	1
2024.05.13	13:15:00	13601.2	13614.89	13532.32	13550.45	3130	0	4
2024.05.13	13:30:00	13550.45	13555.59	13498.89	13517.29	606	0	2
2024.05.13	13:45:00	13517.29	13523.79	13466.74	13482.79	1809	0	4
2024.05.13	14:00:00	13482.79	13502.65	13478.85	13478.97	2045	0	4
2024.05.13	14:15:00	13478.97	13492.92	13432.0	13447.85	1819	0	1
2024.05.13	14:30:00	13447.85	13455.13	13421.67	13429.6	3015	0	1
2024.05.13	14:45:00	13429.6	13431.68	13403.23	13409.49	1530	0	3
2024.05.13	15:00:00	13409.49	13416.92	13395.35	13398.18	3343	0	3
2024.05.13	15:15:00	13398.18	13443.56	13390.66	13433.25	4710	0	1
2024.05.13	15:30:00	13433.25	13453.44	13426.96	13450.97	3473	0	2
2024.05.13	15:45:00	13450.97	13464.75	13443.93	13451.66	2249	0	4
2024.05.14	09:30:00	13451.66	13452.53	13422.04	13439.77	2456	0	4
2024.05.14	09:45:00	13439.77	13442.02	13421.1	13428.63	3133	0	1
2024.05.14	10:00:00	13428.63	13449.85	13413.12	13437.53	3757	0	3
2024.05.14	10:15:00	13437.53	13458.39	13436.33	13453.2	1857	0	1
2024.05.14	10:30:00	13453.2	13459.29	13419.8	13429.55	672	0	2
2024.05.14	10:45:00	13429.55	13434.99	13413.27	13430.78	3661	0	1
2024.05.14	11:00:00	13430.78	13433.25	13369.96	13377.64	3476	0	3
2024.05.14	11:15:00	13377.64	13392.86	13359.01	13383.46	956	0	1
2024.05.14	11:30:00	13383.46	13407.54	13365.04	13403.75	3319	0	1
2024.05.14	11:45:00	13403.75	13408.13	13395.92	13396.66	822	0	1
2024.05.14	12:00:00	13396.66	13467.01	13376.97	13444.74	3393	0	1
2024.05.14	12:15:00	13444.74	13462.43	13391.66	13421.79	3849	0	1
2024.05.14	12:30:00	13421.79	13436.11	13416.69	13427.78	569	0	3
2024.05.14	12:45:00	13427.78	13432.76	13422.84	13427.11	3770	0	4
2024.05.14	13:00:00	13427.11	13428.26	13412.15	13424.73	1042	0	2
2024.05.14	13:15:00	13424.73	13441.34	13412.75	13421.99	1692	0	4
2024.05.14	13:30:00	13421.99	13427.93	13404.74	13425.08	3671	0	3
2024.05.14	13:45:00	13425.08	13449.03	13416.36	13447.69	2097	0	2
2024.05.14	14:00:00	13447.69	13487.38	13443.49	13484.35	4896	0	1
2024.05.14	14:15:00	13484.35	13490.77	13468.67	13484.56	4807	0	4
2024.05.14	14:30:00	13484.56	13518.61	13475.75	13506.41	4941	0	1
2024.05.14	14:45:00	13506.41	13515.57	13487.8	13488.1	969	0	2
2024.05.14	15:00:00	13488.1	13517.7	13484.38	13508.65	1293	0	1
2024.05.14	15:15:00	13508.65	13527.87	13486.81	13488.75	1324	0	4
2024.05.14	15:30:00	13488.75	13528.12	13485.43	13517.9	3134	0	4
2024.05.14	15:45:00	13517.9	13582.11	13506.39	13576.9	2435	0	2
2024.05.15	09:30:00	13576.9	13578.33	13563.4	13573.92	3856	0	2
2024.05.15	09:45:00	13573.92	13575.29	13496.21	13515.95	1769	0	3
2024.05.15	10:00:00	13515.95	13516.37	13494.33	13501.7	1398	0	3
2024.05.15	10:15:00	13501.7	13540.91	13494.37	13534.63	3420	0	2
2024.05.15	10:30:00	13534.63	13583.27	13528.9	13549.59	3277	0	2
2024.05.15	10:45:00	13549.59	13559.0	13549.48	13556.48	3607	0	1
2024.05.15	11:00:00	13556.48	13592.42	13536.19	13583.59	1904	0	2
2024.05.15	11:15:00	13583.59	13619.26	13566.26	13596.78	2868	0	3
2024.05.15	11:30:00	13596.78	13636.04	13586.36	13629.56	4677	0	3
2024.05.15	11:45:00	13629.56	13670.88	13600.97	13654.43	3250	0	4
2024.05.15	12:00:00	13654.43	13700.92	13635.58	13695.51	4696	0	3
2024.05.15	12:15:00	13695.51	13764.42	13690.58	13705.43	2450	0	4
2024.05.15	12:30:00	13705.43	13739.13	13705.03	13730.06	701	0	3
2024.05.15	12:45:00	13730.06	13755.88	13692.59	13722.06	3921	0	2
2024.05.15	13:00:00	13722.06	13748.92	13681.65	13706.16	2572	0	2
2024.05.15	13:15:00	13706.16	13772.88	13706.13	13752.39	689	0	3
2024.05.15	13:30:00	13752.39	13795.9	13725.82	13758.5	1124	0	2
2024.05.15	13:45:00	13758.5	13793.19	13749.07	13780.51	1908	0	4
2024.05.15	14:00:00	13780.51	13784.25	13768.84	13784.13	1359	0	1
2024.05.15	14:15:00	13784.13	13815.89	13762.08	13768.56	3579	0	1
2024.05.15	14:30:00	13768.56	13775.16	13767.81	13769.13	3250	0	2
2024.05.15	14:45:00	13769.13	13823.82	13752.73	13808.24	1983	0	1
2024.05.15	15:00:00	13808.24	13828.49	13803.56	13823.56	880	0	1
2024.05.15	15:15:00	13823.56	13831.49	13768.19	13777.51	853	0	2
2024.05.15	15:30:00	13777.51	13783.08	13752.83	13771.98	4755	0	1
2024.05.15	15:45:00	13771.98	13845.7	13771.36	13820.47	2052	0	1
2024.05.16	09:30:00	13820.47	13829.85	13800.17	13814.96	982	0	3
2024.05.16	09:45:00	13814.96	13838.66	13757.29	13766.54	3701	0	2
2024.05.16	10:00:00	13766.54	13833.32	13747.55	13818.02	4414	0	4
2024.05.16	10:15:00	13818.02	13863.77	13814.31	13836.8	1048	0	1
2024.05.16	10:30:00	13836.8	13857.35	13829.28	13835.18	4752	0	3
2024.05.16	10:45:00	13835.18	13846.65	13823.59	13825.38	3760	0	3
2024.05.16	11:00:00	13825.38	13876.68	13818.53	13855.03	1634	0	3
2024.05.16	11:15:00	13855.03	13855.63	13840.57	13840.59	3989	0	3
2024.05.16	11:30:00	13840.59	13877.42	13834.59	13872.07	2389	0	1
2024.05.16	11:45:00	13872.07	13906.58	13859.02	13887.11	3358	0	4
2024.05.16	12:00:00	13887.11	13904.64	13884.34	13894.05	1071	0	2
2024.05.16	12:15:00	13894.05	13906.49	13873.66	13898.3	1599	0	3
2024.05.16	12:30:00	13898.3	13905.77	13870.92	13893.81	3980	0	2
2024.05.16	12:45:00	13893.81	13924.96	13870.28	13922.6	4123	0	2
2024.05.16	13:00:00	13922.6	13949.22	13890.85	13899.27	549	0	3
2024.05.16	13:15:00	13899.27	13903.8	13839.77	13855.41	1464	0	4
2024.05.16	13:30:00	13855.41	13872.49	13851.33	13872.39	3233	0	4
2024.05.16	13:45:00	13872.39	13892.15	13870.54	13889.86	4576	0	3
2024.05.16	14:00:00	13889.86	13908.39	13888.97	13903.22	3534	0	3
2024.05.16	14:15:00	13903.22	13917.95	13897.25	13914.62	3679	0	3
2024.05.16	14:30:00	13914.62	13918.23	13904.0	13906.16	2248	0	4
2024.05.16	14:45:00	13906.16	13931.84	13869.21	13927.93	746	0	1
2024.05.16	15:00:00	13927.93	13941.61	13922.54	13926.96	3946	0	4
2024.05.16	15:15:00	13926.96	13928.27	13908.14	13913.94	4096	0	3
2024.05.16	15:30:00	13913.94	13918.27	13883.35	13905.71	2494	0	3
2024.05.16	15:45:00	13905.71	13963.75	13882.72	13961.21	2778	0	3
2024.05.17	09:30:00	13961.21	13970.06	13895.46	13914.06	1557	0	4
2024.05.17	09:45:00	13914.06	13935.13	13909.29	13927.98	2536	0	3
2024.05.17	10:00:00	13927.98	13935.57	13861.15	13882.47	1588	0	1
2024.05.17	10:15:00	13882.47	13887.73	13859.12	13879.8	2392	0	4
2024.05.17	10:30:00	13879.8	13880.19	13854.51	13868.28	1103	0	3
2024.05.17	10:45:00	13868.28	13872.42	13807.22	13811.97	3229	0	4
2024.05.17	11:00:00	13811.97	13827.23	13809.72	13822.78	1613	0	4
2024.05.17	11:15:00	13822.78	13829.67	13794.06	13812.76	3760	0	4
2024.05.17	11:30:00	13812.76	13835.05	13739.95	13756.29	2829	0	1
2024.05.17	11:45:00	13756.29	13784.41	13740.67	13779.23	4531	0	3
2024.05.17	12:00:00	13779.23	13821.48	13773.06	13818.34	1495	0	4
2024.05.17	12:15:00	13818.34	13870.61	13813.61	13859.06	1728	0	4
2024.05.17	12:30:00	13859.06	13876.33	13848.64	13869.1	1593	0	3
2024.05.17	12:45:00	13869.1	13896.41	13858.0	13870.63	3338	0	4
2024.05.17	13:00:00	13870.63	13912.26	13868.04	13907.08	980	0	4
2024.05.17	13:15:00	13907.08	13965.3	13902.29	13953.32	3588	0	1
2024.05.17	13:30:00	13953.32	13998.28	13937.82	13984.66	4185	0	4
2024.05.17	13:45:00	13984.66	14008.43	13936.36	13959.14	3536	0	3
2024.05.17	14:00:00	13959.14	13985.92	13948.88	13964.93	1106	0	3
2024.05.17	14:15:00	13964.93	13996.04	13961.32	13977.25	2718	0	1
2024.05.17	14:30:00	13977.25	13985.49	13923.22	13928.01	2900	0	4
2024.05.17	14:45:00	13928.01	13953.37	13921.37	13941.12	2259	0	2
2024.05.17	15:00:00	13941.12	14028.55	13933.98	14003.68	2598	0	2
2024.05.17	15:15:00	14003.68	14026.39	13977.82	14021.55	3930	0	2
2024.05.17	15:30:00	14021.55	14066.12	14015.75	14062.41	4255	0	4
2024.05.17	15:45:00	14062.41	14087.56	14055.08	14067.73	1850	0	2
2024.05.20	09:30:00	14067.73	14076.82	14041.73	14065.99	1984	0	1
2024.05.20	09:45:00	14065.99	14107.18	14059.8	14076.8	1436	0	1
2024.05.20	10:00:00	14076.8	14080.23	14053.36	14054.57	2308	0	4
2024.05.20	10:15:00	14054.57	14060.05	14011.07	14028.31	2956	0	1
2024.05.20	10:30:00	14028.31	14071.91	14025.94	14063.48	3711	0	4
2024.05.20	10:45:00	14063.48	14127.2	14042.94	14101.66	1704	0	1
2024.05.20	11:00:00	14101.66	14105.51	14064.24	14074.56	1473	0	4
2024.05.20	11:15:00	14074.56	14117.41	14068.76	14101.59	649	0	3
2024.05.20	11:30:00	14101.59	14109.87	14095.63	14099.46	922	0	1
2024.05.20	11:45:00	14099.46	14109.43	14098.07	14109.14	732	0	4
2024.05.20	12:00:00	14109.14	14135.94	14098.61	14122.17	1433	0	2
2024.05.20	12:15:00	14122.17	14153.16	14106.44	14150.02	3627	0	4
2024.05.20	12:30:00	14150.02	14166.65	14147.18	14152.6	3983	0	3
2024.05.20	12:45:00	14152.6	14198.07	14142.89	14192.07	4879	0	2
2024.05.20	13:00:00	14192.07	14203.29	14167.27	14200.97	2952	0	1
2024.05.20	13:15:00	14200.97	14229.76	14191.43	14218.65	2546	0	2
2024.05.20	13:30:00	14218.65	14230.74	14172.41	14195.72	4547	0	1
2024.05.20	13:45:00	14195.72	14300.01	14194.08	14256.23	1161	0	4
2024.05.20	14:00:00	14256.23	14275.01	14239.96	14269.65	3336	0	1
2024.05.20	14:15:00	14269.65	14325.92	14249.63	14289.91	4181	0	1
2024.05.20	14:30:00	14289.91	14311.04	14229.03	14245.19	2761	0	1
2024.05.20	14:45:00	14245.19	14248.57	14199.5	14222.51	1676	0	4
2024.05.20	15:00:00	14222.51	14257.48	14220.65	14257.37	3293	0	4
2024.05.20	15:15:00	14257.37	14272.15	14251.58	14265.68	4980	0	3
2024.05.20	15:30:00	14265.68	14280.18	14191.55	14212.52	1561	0	1
2024.05.20	15:45:00	14212.52	14248.37	14205.19	14241.77	3034	0	3
2024.05.21	09:30:00	14241.77	14243.9	14199.1	14226.88	728	0	4
2024.05.21	09:45:00	14226.88	14277.75	14212.42	14266.6	1546	0	1
2024.05.21	10:00:00	14266.6	14266.83	14256.38	14264.42	3951	0	4
2024.05.21	10:15:00	14264.42	14314.93	14253.2	14270.44	2732	0	1
2024.05.21	10:30:00	14270.44	14305.88	14252.31	14303.76	1396	0	4
2024.05.21	10:45:00	14303.76	14306.5	14263.45	14278.89	2009	0	3
2024.05.21	11:00:00	14278.89	14302.84	14249.26	14251.4	1044	0	4
2024.05.21	11:15:00	14251.4	14258.99	14212.28	14246.19	4007	0	2
2024.05.21	11:30:00	14246.19	14285.66	14240.73	14269.61	4742	0	4
2024.05.21	11:45:00	14269.61	14288.29	14212.17	14232.69	976	0	4
2024.05.21	12:00:00	14232.69	14262.81	14169.33	14186.49	1570	0	2
2024.05.21	12:15:00	14186.49	14210.17	14180.05	14209.72	4356	0	3
2024.05.21	12:30:00	14209.72	14228.81	14176.65	14193.21	4454	0	2
2024.05.21	12:45:00	14193.21	14193.8	14175.27	14182.58	3953	0	2
2024.05.21	13:00:00	14182.58	14187.25	14104.51	14131.31	3717	0	4
2024.05.21	13:15:00	14131.31	14157.06	14093.18	14112.78	4376	0	1
2024.05.21	13:30:00	14112.78	14119.12	14096.9	14112.86	2180	0	1
2024.05.21	13:45:00	14112.86	14148.08	14099.81	14138.91	4527	0	2
2024.05.21	14:00:00	14138.91	14163.62	14111.86	14117.83	4489	0	4
2024.05.21	14:15:00	14117.83	14179.83	14101.47	14164.07	1534	0	1
2024.05.21	14:30:00	14164.07	14174.71	14124.16	14145.35	828	0	2
2024.05.21	14:45:00	14145.35	14161.06	14120.31	14126.7	2844	0	3
2024.05.21	15:00:00	14126.7	14177.75	14121.41	14169.64	3912	0	2
2024.05.21	15:15:00	14169.64	14184.89	14153.72	14175.8	4324	0	3
2024.05.21	15:30:00	14175.8	14183.04	14132.31	14160.74	1141	0	3
2024.05.21	15:45:00	14160.74	14172.8	14156.38	14156.72	2198	0	4
2024.05.22	09:30:00	14156.72	14219.93	14137.32	14194.62	3955	0	4
2024.05.22	09:45:00	14194.62	14256.73	14182.18	14235.78	771	0	2
2024.05.22	10:00:00	14235.78	14246.05	14206.02	14213.28	3753	0	2
2024.05.22	10:15:00	14213.28	14215.09	14205.23	14212.38	1812	0	2
2024.05.22	10:30:00	14212.38	14220.59	14192.22	14215.18	601	0	2
2024.05.22	10:45:00	14215.18	14219.7	14167.65	14187.99	1588	0	4
2024.05.22	11:00:00	14187.99	14203.53	14160.62	14186.73	3838	0	3
2024.05.22	11:15:00	14186.73	14203.14	14179.08	14187.16	4415	0	3
2024.05.22	11:30:00	14187.16	14231.37	14185.47	14219.2	865	0	2
2024.05.22	11:45:00	14219.2	14256.53	14204.8	14253.2	2587	0	3
2024.05.22	12:00:00	14253.2	14265.05	14240.63	14244.28	1405	0	3
2024.05.22	12:15:00	14244.28	14246.91	14219.75	14238.59	3575	0	3
2024.05.22	12:30:00	14238.59	14261.94	14232.08	14257.44	4013	0	4
2024.05.22	12:45:00	14257.44	14305.1	14230.22	14241.37	4829	0	4
2024.05.22	13:00:00	14241.37	14291.82	14234.39	14258.11	2097	0	1
2024.05.22	13:15:00	14258.11	14266.03	14254.93	14255.93	1846	0	1
2024.05.22	13:30:00	14255.93	14264.26	14214.97	14229.14	1894	0	4
2024.05.22	13:45:00	14229.14	14256.03	14180.84	14202.75	3925	0	2
2024.05.22	14:00:00	14202.75	14248.25	14195.88	14243.4	2502	0	2
2024.05.22	14:15:00	14243.4	14245.25	14214.26	14239.31	602	0	4
2024.05.22	14:30:00	14239.31	14292.31	14237.08	14285.48	4764	0	3
2024.05.22	14:45:00	14285.48	14308.62	14263.7	14271.38	968	0	1
2024.05.22	15:00:00	14271.38	14281.29	14246.78	14279.82	4676	0	1
2024.05.22	15:15:00	14279.82	14349.38	14271.73	14347.27	1228	0	4
2024.05.22	15:30:00	14347.27	14364.21	14315.34	14317.84	2921	0	4
2024.05.22	15:45:00	14317.84	14326.05	14254.86	14264.93	1905	0	2
2024.05.23	09:30:00	14264.93	14302.02	14247.62	14301.26	3590	0	4
2024.05.23	09:45:00	14301.26	14316.83	14268.41	14278.37	2313	0	1
2024.05.23	10:00:00	14278.37	14313.91	14269.91	14278.08	2153	0	4
2024.05.23	10:15:00	14278.08	14282.52	14244.22	14261.97	2646	0	1
2024.05.23	10:30:00	14261.97	14271.39	14249.52	14269.75	4868	0	3
2024.05.23	10:45:00	14269.75	14272.14	14225.31	14243.46	1603	0	4
2024.05.23	11:00:00	14243.46	14261.77	14237.18	14238.72	1488	0	3
2024.05.23	11:15:00	14238.72	14259.95	14226.68	14251.57	797	0	4
2024.05.23	11:30:00	14251.57	14255.46	14194.28	14223.7	3823	0	2
2024.05.23	11:45:00	14223.7	14245.15	14183.21	14204.47	3548	0	2
2024.05.23	12:00:00	14204.47	14220.96	14175.23	14195.08	3239	0	2
2024.05.23	12:15:00	14195.08	14202.29	14147.8	14155.65	606	0	1
2024.05.23	12:30:00	14155.65	14156.42	14121.66	14144.2	4057	0	2
2024.05.23	12:45:00	14144.2	14172.32	14141.57	14147.78	4142	0	1
2024.05.23	13:00:00	14147.78	14155.22	14123.13	14136.98	4752	0	4
2024.05.23	13:15:00	14136.98	14149.63	14102.09	14129.74	4681	0	1
2024.05.23	13:30:00	14129.74	14139.83	14122.55	14129.47	1684	0	1
2024.05.23	13:45:00	14129.47	14148.52	14085.67	14111.6	3696	0	3
2024.05.23	14:00:00	14111.6	14146.63	14100.8	14131.02	2311	0	3
2024.05.23	14:15:00	14131.02	14171.54	14109.58	14171.15	3181	0	1
2024.05.23	14:30:00	14171.15	14177.3	14140.8	14158.54	1996	0	3
2024.05.23	14:45:00	14158.54	14187.93	14151.4	14172.3	3456	0	1
2024.05.23	15:00:00	14172.3	14186.1	14151.17	14165.92	4787	0	4
2024.05.23	15:15:00	14165.92	14181.81	14163.71	14176.36	3434	0	1
2024.05.23	15:30:00	14176.36	14251.94	14168.44	14220.25	4643	0	3
2024.05.23	15:45:00	14220.25	14237.59	14212.75	14234.72	4692	0	3
2024.05.24	09:30:00	14234.72	14245.55	14182.59	14185.59	1034	0	2
2024.05.24	09:45:00	14185.59	14204.22	14170.36	14198.51	4839	0	3
2024.05.24	10:00:00	14198.51	14239.72	14190.64	14233.16	4182	0	2
2024.05.24	10:15:00	14233.16	14252.62	14218.71	14227.26	2420	0	3
2024.05.24	10:30:00	14227.26	14265.15	14214.79	14255.36	3200	0	1
2024.05.24	10:45:00	14255.36	14270.98	14232.0	14236.36	3276	0	3
2024.05.24	11:00:00	14236.36	14240.7	14178.96	14195.23	4038	0	4
2024.05.24	11:15:00	14195.23	14204.7	14185.62	14199.44	4112	0	4
2024.05.24	11:30:00	14199.44	14212.83	14150.88	14150.9	960	0	2
2024.05.24	11:45:00	14150.9	14152.98	14137.83	14144.53	504	0	2
2024.05.24	12:00:00	14144.53	14188.37	14140.44	14180.55	1609	0	2
2024.05.24	12:15:00	14180.55	14194.61	14118.26	14127.82	2871	0	4
2024.05.24	12:30:00	14127.82	14154.04	14080.42	14092.7	4321	0	4
2024.05.24	12:45:00	14092.7	14099.14	14044.93	14064.48	3437	0	3
2024.05.24	13:00:00	14064.48	14072.38	14049.32	14063.02	1111	0	4
2024.05.24	13:15:00	14063.02	14075.2	14048.69	14053.22	3727	0	1
2024.05.24	13:30:00	14053.22	14102.77	14030.98	14092.11	2606	0	4
2024.05.24	13:45:00	14092.11	14124.52	14077.55	14118.8	2159	0	4
2024.05.24	14:00:00	14118.8	14136.58	14096.08	14132.8	3972	0	3
2024.05.24	14:15:00	14132.8	14140.85	14114.07	14137.12	1830	0	3
2024.05.24	14:30:00	14137.12	14154.39	14118.41	14148.31	3284	0	4
2024.05.24	14:45:00	14148.31	14153.05	14108.43	14124.69	1319	0	3
2024.05.24	15:00:00	14124.69	14154.05	14089.77	14148.74	2217	0	4
2024.05.24	15:15:00	14148.74	14167.18	14117.2	14118.2	3010	0	1
2024.05.24	15:30:00	14118.2	14143.66	14102.66	14141.63	3305	0	3
2024.05.24	15:45:00	14141.63	14177.69	14119.57	14174.85	4636	0	2
2024.05.27	09:30:00	14174.85	14207.28	14162.75	14181.0	1806	0	4
2024.05.27	09:45:00	14181.0	14188.06	14152.03	14176.38	4531	0	4
2024.05.27	10:00:00	14176.38	14201.23	14145.41	14187.8	4174	0	4
2024.05.27	10:15:00	14187.8	14222.97	14103.59	14108.68	2119	0	1
2024.05.27	10:30:00	14108.68	14122.75	14102.91	14117.33	1130	0	2
2024.05.27	10:45:00	14117.33	14124.79	14098.53	14114.48	1660	0	1
2024.05.27	11:00:00	14114.48	14129.83	14095.39	14113.36	3460	0	4
2024.05.27	11:15:00	14113.36	14136.1	14100.15	14133.21	4049	0	2
2024.05.27	11:30:00	14133.21	14136.01	14112.7	14131.42	3255	0	3
2024.05.27	11:45:00	14131.42	14142.66	14088.21	14100.14	3762	0	2
2024.05.27	12:00:00	14100.14	14102.56	14089.47	14096.51	957	0	4
2024.05.27	12:15:00	14096.51	14126.01	14073.41	14098.66	2774	0	4
2024.05.27	12:30:00	14098.66	14114.93	14070.08	14102.12	4432	0	4
2024.05.27	12:45:00	14102.12	14117.54	14087.77	14106.88	2250	0	3
2024.05.27	13:00:00	14106.88	14136.43	14104.39	14135.95	4544	0	1
2024.05.27	13:15:00	14135.95	14155.72	14088.38	14106.15	1057	0	4
2024.05.27	13:30:00	14106.15	14119.36	14103.27	14111.3	4904	0	1
2024.05.27	13:45:00	14111.3	14151.2	14106.26	14147.32	4033	0	2
2024.05.27	14:00:00	14147.32	14147.48	14098.41	14099.56	3318	0	2
2024.05.27	14:15:00	14099.56	14111.45	14078.1	14104.81	3278	0	2
2024.05.27	14:30:00	14104.81	14124.71	14062.86	14088.91	4713	0	4
2024.05.27	14:45:00	14088.91	14099.03	14065.09	14078.95	2195	0	1
2024.05.27	15:00:00	14078.95	14092.23	14049.65	14054.27	1242	0	3
2024.05.27	15:15:00	14054.27	14074.2	14045.81	14049.88	4634	0	1
2024.05.27	15:30:00	14049.88	14108.87	14044.93	14100.99	962	0	4
2024.05.27	15:45:00	14100.99	14101.5	14050.76	14066.35	3468	0	3
2024.05.28	09:30:00	14066.35	14080.26	14029.96	14034.4	1696	0	2
2024.05.28	09:45:00	14034.4	14049.16	13980.62	13998.89	4681	0	1
2024.05.28	10:00:00	13998.89	14055.61	13997.92	14046.68	4881	0	1
2024.05.28	10:15:00	14046.68	14066.71	14018.14	14034.23	2634	0	1
2024.05.28	10:30:00	14034.23	14045.81	14018.41	14033.8	2899	0	2
2024.05.28	10:45:00	14033.8	14037.58	14000.37	14023.0	2545	0	4
2024.05.28	11:00:00	14023.0	14033.72	13996.52	13997.33	2413	0	1
2024.05.28	11:15:00	13997.33	13997.62	13988.31	13991.16	4717	0	3
2024.05.28	11:30:00	13991.16	14074.73	13963.56	14059.05	1791	0	2
2024.05.28	11:45:00	14059.05	14115.95	14050.82	14097.77	4819	0	1
2024.05.28	12:00:00	14097.77	14114.35	14068.12	14074.49	3426	0	3
2024.05.28	12:15:00	14074.49	14109.32	14071.81	14092.66	4823	0	3
2024.05.28	12:30:00	14092.66	14106.99	14040.26	14069.98	3254	0	4
2024.05.28	12:45:00	14069.98	14076.63	14018.48	14021.32	4185	0	3
2024.05.28	13:00:00	14021.32	14058.04	14016.28	14049.67	2704	0	2
2024.05.28	13:15:00	14049.67	14104.72	14031.98	14081.95	2580	0	4
2024.05.28	13:30:00	14081.95	14115.13	14072.9	14111.15	1658	0	1
2024.05.28	13:45:00	14111.15	14129.48	14067.44	14098.44	1446	0	3
2024.05.28	14:00:00	14098.44	14104.81	14080.33	14094.11	669	0	4
2024.05.28	14:15:00	14094.11	14143.06	14078.95	14115.13	2225	0	1
2024.05.28	14:30:00	14115.13	14128.71	14104.93	14126.25	4944	0	4
2024.05.28	14:45:00	14126.25	14160.16	14078.03	14115.64	4722	0	1
2024.05.28	15:00:00	14115.64	14118.09	14064.98	14071.17	3605	0	2
2024.05.28	15:15:00	14071.17	14074.9	14051.49	14074.59	2135	0	2
2024.05.28	15:30:00	14074.59	14122.38	14074.49	14104.69	2841	0	1
2024.05.28	15:45:00	14104.69	14120.05	14059.51	14071.88	3905	0	3
2024.05.29	09:30:00	14071.88	14096.74	14049.23	14089.8	509	0	2
2024.05.29	09:45:00	14089.8	14108.19	14067.67	14099.25	4653	0	3
2024.05.29	10:00:00	14099.25	14138.03	14079.38	14120.29	4417	0	2
2024.05.29	10:15:00	14120.29	14160.8	14118.89	14144.74	4866	0	3
2024.05.29	10:30:00	14144.74	14160.44	14124.34	14125.77	924	0	4
2024.05.29	10:45:00	14125.77	14130.79	14065.89	14081.33	4764	0	3
2024.05.29	11:00:00	14081.33	14082.03	14065.49	14066.88	3260	0	1
2024.05.29	11:15:00	14066.88	14092.54	14051.08	14091.72	2997	0	2
2024.05.29	11:30:00	14091.72	14102.53	14060.64	14077.03	1307	0	2
2024.05.29	11:45:00	14077.03	14098.47	14020.56	14058.16	2713	0	1
2024.05.29	12:00:00	14058.16	14063.23	14001.67	14008.31	2134	0	1
2024.05.29	12:15:00	14008.31	14084.05	13999.59	14056.83	4944	0	1
2024.05.29	12:30:00	14056.83	14092.28	14021.9	14079.89	2028	0	4
2024.05.29	12:45:00	14079.89	14104.69	14056.63	14101.45	1481	0	2
2024.05.29	13:00:00	14101.45	14140.0	14079.95	14128.52	4758	0	4
2024.05.29	13:15:00	14128.52	14168.45	14114.26	14144.79	1343	0	3
2024.05.29	13:30:00	14144.79	14172.51	14133.16	14138.3	4570	0	3
2024.05.29	13:45:00	14138.3	14154.75	14124.96	14134.04	4834	0	4
2024.05.29	14:00:00	14134.04	14134.4	14101.95	14122.48	1883	0	3
2024.05.29	14:15:00	14122.48	14198.94	14119.71	14195.92	3601	0	1
2024.05.29	14:30:00	14195.92	14219.72	14190.29	14211.69	4085	0	2
2024.05.29	14:45:00	14211.69	14235.02	14198.06	14199.05	2913	0	3
2024.05.29	15:00:00	14199.05	14218.35	14190.31	14212.31	3636	0	1
2024.05.29	15:15:00	14212.31	14218.64	14176.46	14184.44	1094	0	1
2024.05.29	15:30:00	14184.44	14227.36	14178.71	14226.64	2822	0	1
2024.05.29	15:45:00	14226.64	14231.21	14205.91	14208.49	2809	0	3
2024.05.30	09:30:00	14208.49	14225.01	14178.79	14222.75	3049	0	2
2024.05.30	09:45:00	14222.75	14254.69	14216.63	14252.8	4748	0	1
2024.05.30	10:00:00	14252.8	14287.87	14236.71	14263.84	4211	0	3
2024.05.30	10:15:00	14263.84	14270.12	14248.86	14266.77	3213	0	3
2024.05.30	10:30:00	14266.77	14268.09	14259.42	14267.36	2315	0	3
2024.05.30	10:45:00	14267.36	14279.46	14255.95	14266.06	2320	0	1
2024.05.30	11:00:00	14266.06	14276.09	14244.7	14250.22	590	0	4
2024.05.30	11:15:00	14250.22	14269.32	14228.34	14237.95	2979	0	1
2024.05.30	11:30:00	14237.95	14302.36	14237.25	14279.61	1636	0	3
2024.05.30	11:45:00	14279.61	14282.46	14243.16	14276.86	4487	0	3
2024.05.30	12:00:00	14276.86	14284.9	14235.2	14255.16	3981	0	1
2024.05.30	12:15:00	14255.16	14257.3	14224.58	14241.02	4607	0	2
2024.05.30	12:30:00	14241.02	14279.46	14230.34	14272.07	4981	0	1
2024.05.30	12:45:00	14272.07	14295.67	14247.39	14291.27	2300	0	2
2024.05.30	13:00:00	14291.27	14308.09	14271.14	14307.27	2427	0	3
2024.05.30	13:15:00	14307.27	14309.21	14281.12	14300.34	3236	0	2
2024.05.30	13:30:00	14300.34	14323.06	14286.44	14316.71	2437	0	3
2024.05.30	13:45:00	14316.71	14320.84	14291.03	14298.94	1756	0	4
2024.05.30	14:00:00	14298.94	14302.34	14284.08	14291.95	3682	0	1
2024.05.30	14:15:00	14291.95	14343.42	14274.66	14319.44	2529	0	2
2024.05.30	14:30:00	14319.44	14382.43	14303.24	14344.3	4738	0	1
2024.05.30	14:45:00	14344.3	14361.24	14309.8	14316.99	1489	0	3
2024.05.30	15:00:00	14316.99	14334.67	14291.91	14293.28	2497	0	1
2024.05.30	15:15:00	14293.28	14310.03	14290.66	14296.61	2891	0	4
2024.05.30	15:30:00	14296.61	14346.83	14284.64	14345.38	4585	0	2
2024.05.30	15:45:00	14345.38	14357.98	14243.72	14291.87	3102	0	3
2024.05.31	09:30:00	14291.87	14308.25	14285.99	14299.96	810	0	1
2024.05.31	09:45:00	14299.96	14302.37	14251.43	14261.71	2020	0	2
2024.05.31	10:00:00	14261.71	14269.1	14226.15	14244.26	4487	0	1
2024.05.31	10:15:00	14244.26	14253.93	14229.83	14234.37	1724	0	3
2024.05.31	10:30:00	14234.37	14237.78	14209.81	14222.92	2032	0	1
2024.05.31	10:45:00	14222.92	14223.2	14201.81	14208.32	1179	0	1
2024.05.31	11:00:00	14208.32	14230.88	14202.02	14208.81	3737	0	3
2024.05.31	11:15:00	14208.81	14224.99	14187.74	14194.18	1127	0	3
2024.05.31	11:30:00	14194.18	14209.79	14126.27	14153.81	2155	0	2
2024.05.31	11:45:00	14153.81	14186.38	14143.61	14175.76	3701	0	2
2024.05.31	12:00:00	14175.76	14200.41	14174.1	14196.99	4529	0	2
2024.05.31	12:15:00	14196.99	14229.29	14188.09	14220.77	1497	0	4
2024.05.31	12:30:00	14220.77	14246.43	14165.75	14178.15	1994	0	2
2024.05.31	12:45:00	14178.15	14207.39	14160.39	14186.75	1030	0	4
2024.05.31	13:00:00	14186.75	14215.09	14180.79	14205.85	2470	0	1
2024.05.31	13:15:00	14205.85	14244.56	14162.83	14177.44	4994	0	1
2024.05.31	13:30:00	14177.44	14195.0	14168.19	14177.97	1869	0	2
2024.05.31	13:45:00	14177.97	14203.32	14162.26	14175.03	1669	0	1
2024.05.31	14:00:00	14175.03	14238.38	14162.45	14226.61	2298	0	3
2024.05.31	14:15:00	14226.61	14293.14	14205.51	14280.7	4532	0	2
2024.05.31	14:30:00	14280.7	14295.38	14211.15	14234.44	2961	0	2
2024.05.31	14:45:00	14234.44	14349.52	14221.78	14304.52	3241	0	3
2024.05.31	15:00:00	14304.52	14336.41	14267.63	14279.15	4012	0	1
2024.05.31	15:15:00	14279.15	14316.68	14242.03	14306.93	3717	0	2
2024.05.31	15:30:00	14306.93	14359.89	14300.03	14334.47	3194	0	4
2024.05.31	15:45:00	14334.47	14340.47	14291.93	14306.79	3024	0	3
2024.06.03	09:30:00	14306.79	14323.83	14298.71	14320.93	2899	0	3
2024.06.03	09:45:00	14320.93	14322.75	14312.15	14318.19	1313	0	3
2024.06.03	10:00:00	14318.19	14346.87	14303.11	14334.05	2364	0	2
2024.06.03	10:15:00	14334.05	14351.8	14326.72	14340.83	4311	0	4
2024.06.03	10:30:00	14340.83	14395.22	14333.9	14374.8	677	0	4
2024.06.03	10:45:00	14374.8	14394.72	14365.18	14377.21	4225	0	2
2024.06.03	11:00:00	14377.21	14382.98	14362.37	14372.77	3046	0	4
2024.06.03	11:15:00	14372.77	14423.8	14368.95	14403.99	2073	0	1
2024.06.03	11:30:00	14403.99	14443.23	14399.99	14420.68	1013	0	2
2024.06.03	11:45:00	14420.68	14442.63	14394.18	14441.68	3937	0	2
2024.06.03	12:00:00	14441.68	14468.69	14417.58	14423.16	503	0	3
2024.06.03	12:15:00	14423.16	14440.43	14389.05	14393.91	2943	0	3
2024.06.03	12:30:00	14393.91	14405.17	14370.05	14378.18	1230	0	2
2024.06.03	12:45:00	14378.18	14379.38	14352.67	14360.97	4590	0	2
2024.06.03	13:00:00	14360.97	14385.13	14336.97	14383.42	1320	0	3
2024.06.03	13:15:00	14383.42	14432.83	14361.26	14411.26	4112	0	2
2024.06.03	13:30:00	14411.26	14417.45	14390.12	14407.17	3083	0	2
2024.06.03	13:45:00	14407.17	14450.44	14404.57	14447.94	684	0	2
2024.06.03	14:00:00	14447.94	14489.9	14432.7	14487.06	3740	0	4
2024.06.03	14:15:00	14487.06	14494.99	14461.68	14494.27	4456	0	3
2024.06.03	14:30:00	14494.27	14512.81	14463.42	14471.21	1496	0	1
2024.06.03	14:45:00	14471.21	14516.34	14451.82	14516.28	4858	0	4
2024.06.03	15:00:00	14516.28	14521.91	14511.07	14514.84	4092	0	3
2024.06.03	15:15:00	14514.84	14526.76	14499.52	14518.72	3839	0	2
2024.06.03	15:30:00	14518.72	14526.6	14502.98	14509.34	2012	0	3
2024.06.03	15:45:00	14509.34	14529.29	14483.66	14484.33	1039	0	1
2024.06.04	09:30:00	14484.33	14494.99	14422.36	14442.97	2431	0	1
2024.06.04	09:45:00	14442.97	14482.44	14436.48	14461.19	4133	0	2
2024.06.04	10:00:00	14461.19	14464.12	14428.52	14439.28	3139	0	4
2024.06.04	10:15:00	14439.28	14536.5	14437.03	14526.47	3413	0	2
2024.06.04	10:30:00	14526.47	14561.78	14484.09	14495.85	4014	0	2
2024.06.04	10:45:00	14495.85	14503.93	14454.48	14460.44	2024	0	4
2024.06.04	11:00:00	14460.44	14477.49	14453.13	14475.2	668	0	4
2024.06.04	11:15:00	14475.2	14525.83	14455.8	14518.97	4478	0	2
2024.06.04	11:30:00	14518.97	14523.68	14516.48	14521.1	3260	0	1
2024.06.04	11:45:00	14521.1	14544.77	14519.43	14537.7	3045	0	3
2024.06.04	12:00:00	14537.7	14567.98	14477.79	14485.52	3079	0	3
2024.06.04	12:15:00	14485.52	14498.62	14454.78	14466.58	4338	0	4
2024.06.04	12:30:00	14466.58	14470.02	14429.68	14436.44	3961	0	4
2024.06.04	12:45:00	14436.44	14440.88	14378.9	14383.17	3515	0	3
2024.06.04	13:00:00	14383.17	14400.39	14370.01	14386.76	4019	0	1
2024.06.04	13:15:00	14386.76	14407.5	14311.64	14323.91	1798	0	1
2024.06.04	13:30:00	14323.91	14327.05	14268.6	14287.1	3702	0	3
2024.06.04	13:45:00	14287.1	14309.7	14227.62	14272.34	4887	0	3
2024.06.04	14:00:00	14272.34	14275.18	14248.39	14249.37	1557	0	2
2024.06.04	14:15:00	14249.37	14280.08	14237.9	14260.74	3069	0	2
2024.06.04	14:30:00	14260.74	14272.73	14255.18	14269.58	3565	0	3
2024.06.04	14:45:00	14269.58	14295.64	14241.99	14294.9	2825	0	2
2024.06.04	15:00:00	14294.9	14328.42	14285.82	14316.29	4859	0	1
2024.06.04	15:15:00	14316.29	14357.18	14309.69	14348.64	2315	0	4
2024.06.04	15:30:00	14348.64	14390.89	14334.15	14348.88	1480	0	2
2024.06.04	15:45:00	14348.88	14365.38	14343.12	14357.71	1113	0	2
2024.06.05	09:30:00	14357.71	14386.55	14349.86	14372.4	4321	0	1
2024.06.05	09:45:00	14372.4	14396.73	14371.94	14376.69	3587	0	2
2024.06.05	10:00:00	14376.69	14379.34	14357.39	14365.78	3100	0	4
2024.06.05	10:15:00	14365.78	14371.57	14343.29	14356.7	2438	0	1
2024.06.05	10:30:00	14356.7	14379.8	14332.69	14333.99	2344	0	1
2024.06.05	10:45:00	14333.99	14356.04	14322.55	14346.13	4705	0	1
2024.06.05	11:00:00	14346.13	14356.87	14337.33	14343.77	3561	0	1
2024.06.05	11:15:00	14343.77	14344.43	14316.47	14325.42	4842	0	3
2024.06.05	11:30:00	14325.42	14337.61	14292.78	14307.11	4106	0	2
2024.06.05	11:45:00	14307.11	14320.85	14270.98	14273.47	3954	0	4
2024.06.05	12:00:00	14273.47	14315.57	14268.07	14301.19	2991	0	2
2024.06.05	12:15:00	14301.19	14324.87	14299.74	14303.68	1591	0	3
2024.06.05	12:30:00	14303.68	14318.61	14265.65	14279.78	3440	0	1
2024.06.05	12:45:00	14279.78	14305.04	14253.85	14302.73	3721	0	2
2024.06.05	13:00:00	14302.73	14304.07	14280.01	14287.3	2848	0	2
2024.06.05	13:15:00	14287.3	14311.23	14234.76	14248.23	591	0	1
2024.06.05	13:30:00	14248.23	14279.14	14223.19	14277.08	4820	0	2
2024.06.05	13:45:00	14277.08	14285.67	14257.18	14262.34	4218	0	2
2024.06.05	14:00:00	14262.34	14281.03	14236.05	14251.19	2084	0	2
2024.06.05	14:15:00	14251.19	14259.59	14242.86	14252.62	2721	0	3
2024.06.05	14:30:00	14252.62	14286.13	14246.8	14284.88	1055	0	4
2024.06.05	14:45:00	14284.88	14294.75	14271.67	14285.73	4715	0	4
2024.06.05	15:00:00	14285.73	14297.7	14251.33	14252.46	1537	0	1
2024.06.05	15:15:00	14252.46	14298.77	14249.0	14267.96	2199	0	3
2024.06.05	15:30:00	14267.96	14272.81	14253.34	14254.68	2428	0	4
2024.06.05	15:45:00	14254.68	14330.56	14252.16	14307.84	1684	0	4
2024.06.06	09:30:00	14307.84	14328.3	14292.65	14308.09	3356	0	2
2024.06.06	09:45:00	14308.09	14313.56	14239.89	14245.8	4977	0	4
2024.06.06	10:00:00	14245.8	14260.29	14239.22	14256.07	4348	0	4
2024.06.06	10:15:00	14256.07	14319.75	14253.26	14310.83	2888	0	2
2024.06.06	10:30:00	14310.83	14359.68	14309.27	14355.41	1089	0	4
2024.06.06	10:45:00	14355.41	14415.03	14331.78	14407.34	4384	0	3
2024.06.06	11:00:00	14407.34	14418.75	14370.04	14378.85	1655	0	4
2024.06.06	11:15:00	14378.85	14415.58	14360.78	14404.88	4599	0	3
2024.06.06	11:30:00	14404.88	14435.01	14374.43	14384.78	2279	0	4
2024.06.06	11:45:00	14384.78	14392.27	14369.14	14391.4	2833	0	4
2024.06.06	12:00:00	14391.4	14410.37	14338.44	14355.81	2465	0	4
2024.06.06	12:15:00	14355.81	14374.74	14333.84	14337.96	2550	0	2
2024.06.06	12:30:00	14337.96	14348.88	14295.92	14319.24	1242	0	3
2024.06.06	12:45:00	14319.24	14345.63	14312.66	14344.79	2987	0	3
2024.06.06	13:00:00	14344.79	14379.97	14332.45	14367.62	2313	0	4
2024.06.06	13:15:00	14367.62	14383.23	14362.35	14375.71	4314	0	2
2024.06.06	13:30:00	14375.71	14387.42	14322.05	14337.97	2647	0	2
2024.06.06	13:45:00	14337.97	14340.2	14316.53	14329.5	4840	0	3
2024.06.06	14:00:00	14329.5	14339.79	14293.99	14308.83	1834	0	4
2024.06.06	14:15:00	14308.83	14339.18	14306.88	14333.54	1977	0	4
2024.06.06	14:30:00	14333.54	14383.85	14330.68	14366.99	665	0	1
2024.06.06	14:45:00	14366.99	14425.16	14359.84	14397.07	3823	0	4
2024.06.06	15:00:00	14397.07	14398.43	14342.81	14376.05	830	0	4
2024.06.06	15:15:00	14376.05	14385.14	14296.03	14299.31	1784	0	1
2024.06.06	15:30:00	14299.31	14306.84	14249.26	14250.13	4597	0	1
2024.06.06	15:45:00	14250.13	14304.94	14233.49	14290.2	3249	0	1
2024.06.07	09:30:00	14290.2	14293.48	14274.13	14279.24	3014	0	4
2024.06.07	09:45:00	14279.24	14294.66	14244.43	14258.52	4121	0	4
2024.06.07	10:00:00	14258.52	14312.12	14235.2	14304.81	3971	0	3
2024.06.07	10:15:00	14304.81	14352.88	14298.45	14340.64	4489	0	3
2024.06.07	10:30:00	14340.64	14343.8	14325.89	14341.61	3493	0	2
2024.06.07	10:45:00	14341.61	14348.63	14311.58	14333.65	2519	0	4
2024.06.07	11:00:00	14333.65	14356.74	14319.36	14330.22	1087	0	1
2024.06.07	11:15:00	14330.22	14341.87	14317.72	14336.9	2163	0	2
2024.06.07	11:30:00	14336.9	14391.32	14328.92	14382.24	3673	0	1
2024.06.07	11:45:00	14382.24	14404.6	14373.46	14394.45	1640	0	4
2024.06.07	12:00:00	14394.45	14431.55	14390.66	14415.25	3519	0	3
2024.06.07	12:15:00	14415.25	14462.28	14402.86	14448.63	1100	0	3
2024.06.07	12:30:00	14448.63	14463.99	14408.12	14415.81	771	0	4
2024.06.07	12:45:00	14415.81	14456.32	14388.03	14437.46	2142	0	1
2024.06.07	13:00:00	14437.46	14448.72	14411.0	14429.41	1534	0	4
2024.06.07	13:15:00	14429.41	14433.51	14358.53	14358.67	4423	0	1
2024.06.07	13:30:00	14358.67	14359.79	14273.03	14299.15	2202	0	4
2024.06.07	13:45:00	14299.15	14335.51	14266.76	14270.92	2384	0	3
2024.06.07	14:00:00	14270.92	14314.87	14251.44	14286.08	2315	0	4
2024.06.07	14:15:00	14286.08	14302.08	14263.1	14289.55	1927	0	1
2024.06.07	14:30:00	14289.55	14323.77	14259.21	14295.01	4629	0	4
2024.06.07	14:45:00	14295.01	14370.49	14280.17	14350.09	3826	0	4
2024.06.07	15:00:00	14350.09	14361.52	14311.1	14314.71	1214	0	1
2024.06.07	15:15:00	14314.71	14345.63	14300.74	14314.22	1470	0	3
2024.06.07	15:30:00	14314.22	14328.14	14309.88	14323.06	864	0	4
2024.06.07	15:45:00	14323.06	14338.53	14277.38	14302.68	1653	0	2
2024.06.10	09:30:00	14302.68	14318.81	14296.13	14303.76	3454	0	2
2024.06.10	09:45:00	14303.76	14323.01	14255.23	14259.23	4711	0	2
2024.06.10	10:00:00	14259.23	14309.9	14246.05	14299.0	2667	0	3
2024.06.10	10:15:00	14299.0	14308.98	14264.13	14280.18	867	0	4
2024.06.10	10:30:00	14280.18	14362.95	14234.49	14337.48	713	0	3
2024.06.10	10:45:00	14337.48	14347.12	14330.62	14336.85	2365	0	3
2024.06.10	11:00:00	14336.85	14369.15	14336.2	14366.07	1691	0	4
2024.06.10	11:15:00	14366.07	14384.23	14355.55	14364.86	3095	0	4
2024.06.10	11:30:00	14364.86	14369.58	14352.11	14364.28	1032	0	2
2024.06.10	11:45:00	14364.28	14371.59	14331.21	14348.12	1536	0	4
2024.06.10	12:00:00	14348.12	14358.3	14328.26	14351.76	3001	0	2
2024.06.10	12:15:00	14351.76	14375.32	14322.3	14361.0	1764	0	3
2024.06.10	12:30:00	14361.0	14374.96	14319.21	14339.22	2141	0	2
2024.06.10	12:45:00	14339.22	14351.07	14317.87	14335.99	1498	0	4
2024.06.10	13:00:00	14335.99	14350.02	14317.03	14319.13	731	0	3
2024.06.10	13:15:00	14319.13	14384.77	14312.06	14384.14	2053	0	3
2024.06.10	13:30:00	14384.14	14388.72	14376.13	14381.9	1983	0	2
2024.06.10	13:45:00	14381.9	14435.86	14381.43	14425.84	4543	0	3
2024.06.10	14:00:00	14425.84	14433.76	14417.65	14420.59	4517	0	4
2024.06.10	14:15:00	14420.59	14452.87	14407.58	14428.22	2442	0	2
2024.06.10	14:30:00	14428.22	14432.57	14387.86	14391.16	1795	0	4
2024.06.10	14:45:00	14391.16	14393.63	14367.97	14378.84	2380	0	2
2024.06.10	15:00:00	14378.84	14388.77	14361.71	14385.07	3235	0	1
2024.06.10	15:15:00	14385.07	14464.78	14373.54	14430.17	2239	0	3
2024.06.10	15:30:00	14430.17	14455.21	14413.9	14436.74	3902	0	3
2024.06.10	15:45:00	14436.74	14486.5	14430.79	14476.26	4838	0	2
2024.06.11	09:30:00	14476.26	14498.64	14470.12	14494.75	2315	0	3
2024.06.11	09:45:00	14494.75	14544.43	14493.04	14541.38	1027	0	3
2024.06.11	10:00:00	14541.38	14543.46	14511.84	14539.98	1043	0	4
2024.06.11	10:15:00	14539.98	14618.64	14508.47	14608.59	4423	0	4
2024.06.11	10:30:00	14608.59	14614.88	14588.27	14594.99	2372	0	4
2024.06.11	10:45:00	14594.99	14615.77	14573.26	14573.36	1972	0	2
2024.06.11	11:00:00	14573.36	14592.13	14527.47	14539.1	3287	0	1
2024.06.11	11:15:00	14539.1	14622.17	14528.89	14606.01	4804	0	1
2024.06.11	11:30:00	14606.01	14636.73	14603.65	14629.8	2410	0	3
2024.06.11	11:45:00	14629.8	14636.06	14618.03	14620.51	1918	0	3
2024.06.11	12:00:00	14620.51	14685.38	14609.84	14656.66	4382	0	3
2024.06.11	12:15:00	14656.66	14691.15	14647.84	14676.73	872	0	1
2024.06.11	12:30:00	14676.73	14747.37	14649.69	14733.73	4299	0	3
2024.06.11	12:45:00	14733.73	14737.55	14678.17	14689.36	2840	0	4
2024.06.11	13:00:00	14689.36	14693.49	14681.68	14682.02	590	0	3
2024.06.11	13:15:00	14682.02	14702.92	14661.99	14669.0	1525	0	3
2024.06.11	13:30:00	14669.0	14680.24	14609.29	14612.62	3556	0	1
2024.06.11	13:45:00	14612.62	14650.38	14610.34	14643.33	3888	0	2
2024.06.11	14:00:00	14643.33	14661.8	14617.24	14635.86	1380	0	3
2024.06.11	14:15:00	14635.86	14660.43	14589.45	14657.4	3457	0	3
2024.06.11	14:30:00	14657.4	14727.73	14639.87	14725.68	4951	0	3
2024.06.11	14:45:00	14725.68	14728.14	14707.62	14715.78	3589	0	3
2024.06.11	15:00:00	14715.78	14728.65	14694.84	14703.92	3661	0	3
2024.06.11	15:15:00	14703.92	14728.84	14694.22	14707.64	1370	0	2
2024.06.11	15:30:00	14707.64	14747.08	14694.3	14736.44	3368	0	3
2024.06.11	15:45:00	14736.44	14736.74	14702.17	14720.36	3688	0	2
2024.06.12	09:30:00	14720.36	14735.64	14701.54	14702.45	997	0	2
2024.06.12	09:45:00	14702.45	14763.38	14690.81	14733.26	1900	0	2
2024.06.12	10:00:00	14733.26	14746.48	14709.98	14744.5	4471	0	3
2024.06.12	10:15:00	14744.5	14765.43	14675.41	14685.79	4994	0	4
2024.06.12	10:30:00	14685.79	14709.91	14642.6	14650.83	1279	0	3
2024.06.12	10:45:00	14650.83	14699.44	14650.23	14694.32	3792	0	1
2024.06.12	11:00:00	14694.32	14734.5	14673.92	14706.2	2757	0	3
2024.06.12	11:15:00	14706.2	14706.82	14664.21	14684.53	3156	0	2
2024.06.12	11:30:00	14684.53	14698.26	14646.06	14679.92	2799	0	1
2024.06.12	11:45:00	14679.92	14687.09	14657.78	14680.59	4402	0	1
2024.06.12	12:00:00	14680.59	14709.5	14651.38	14702.09	2503	0	4
2024.06.12	12:15:00	14702.09	14711.85	14662.42	14663.27	3151	0	2
2024.06.12	12:30:00	14663.27	14692.9	14623.11	14639.4	3511	0	1
2024.06.12	12:45:00	14639.4	14666.02	14638.84	14647.53	2987	0	1
2024.06.12	13:00:00	14647.53	14656.74	14643.9	14644.95	4458	0	3
2024.06.12	13:15:00	14644.95	14673.2	14642.14	14661.68	1567	0	4
2024.06.12	13:30:00	14661.68	14678.65	14614.58	14626.66	4766	0	2
2024.06.12	13:45:00	14626.66	14640.14	14620.46	14637.2	3551	0	1
2024.06.12	14:00:00	14637.2	14694.23	14632.65	14668.87	4820	0	2
2024.06.12	14:15:00	14668.87	14713.32	14652.99	14683.17	2185	0	3
2024.06.12	14:30:00	14683.17	14711.39	14680.57	14687.47	2654	0	1
2024.06.12	14:45:00	14687.47	14692.58	14671.11	14685.0	693	0	2
2024.06.12	15:00:00	14685.0	14699.9	14637.01	14661.27	4657	0	1
2024.06.12	15:15:00	14661.27	14675.48	14657.02	14659.5	4172	0	2
2024.06.12	15:30:00	14659.5	14700.18	14641.25	14696.05	1833	0	1
2024.06.12	15:45:00	14696.05	14705.22	14673.46	14692.91	733	0	1
2024.06.13	09:30:00	14692.91	14693.96	14660.0	14667.59	3635	0	1
2024.06.13	09:45:00	14667.59	14674.46	14628.19	14653.73	3525	0	3
2024.06.13	10:00:00	14653.73	14683.0	14633.44	14659.8	2874	0	2
2024.06.13	10:15:00	14659.8	14667.66	14647.06	14649.35	1205	0	4
2024.06.13	10:30:00	14649.35	14673.23	14648.73	14663.6	4632	0	2
2024.06.13	10:45:00	14663.6	14717.32	14648.72	14678.93	2446	0	1
2024.06.13	11:00:00	14678.93	14705.81	14667.93	14704.84	3760	0	1
2024.06.13	11:15:00	14704.84	14776.37	14704.8	14746.25	4365	0	4
2024.06.13	11:30:00	14746.25	14794.59	14736.33	14775.37	2967	0	3
2024.06.13	11:45:00	14775.37	14802.13	14745.73	14748.62	924	0	2
2024.06.13	12:00:00	14748.62	14753.15	14698.51	14722.8	4494	0	3
2024.06.13	12:15:00	14722.8	14740.15	14697.3	14720.91	3502	0	3
2024.06.13	12:30:00	14720.91	14745.61	14692.03	14708.19	4524	0	1
2024.06.13	12:45:00	14708.19	14711.71	14670.65	14675.68	3256	0	3
2024.06.13	13:00:00	14675.68	14686.73	14663.22	14663.27	4583	0	1
2024.06.13	13:15:00	14663.27	14663.76	14634.85	14649.92	4403	0	1
2024.06.13	13:30:00	14649.92	14687.38	14617.72	14630.92	1470	0	3
2024.06.13	13:45:00	14630.92	14646.49	14613.92	14622.16	1277	0	2
2024.06.13	14:00:00	14622.16	14656.81	14620.52	14656.28	1221	0	1
2024.06.13	14:15:00	14656.28	14674.46	14642.73	14662.3	4099	0	1
2024.06.13	14:30:00	14662.3	14761.9	14656.76	14733.85	1581	0	3
2024.06.13	14:45:00	14733.85	14744.58	14732.89	14739.07	2525	0	3
2024.06.13	15:00:00	14739.07	14753.66	14721.9	14730.98	4045	0	1
2024.06.13	15:15:00	14730.98	14752.36	14730.38	14731.4	2428	0	2
2024.06.13	15:30:00	14731.4	14742.42	14729.53	14739.1	778	0	2
2024.06.13	15:45:00	14739.1	14752.94	14736.88	14751.99	2128	0	4
2024.06.14	09:30:00	14751.99	14837.39	14746.02	14812.49	925	0	4
2024.06.14	09:45:00	14812.49	14815.83	14769.32	14788.25	2235	0	2
2024.06.14	10:00:00	14788.25	14815.97	14787.16	14813.48	3815	0	3
2024.06.14	10:15:00	14813.48	14832.23	14801.82	14819.81	2839	0	4
2024.06.14	10:30:00	14819.81	14839.09	14759.73	14774.51	3536	0	2
2024.06.14	10:45:00	14774.51	14800.36	14771.03	14797.16	980	0	1
2024.06.14	11:00:00	14797.16	14840.92	14786.51	14834.29	3875	0	2
2024.06.14	11:15:00	14834.29	14836.31	14806.97	14809.67	2412	0	3
2024.06.14	11:30:00	14809.67	14822.02	14801.95	14809.7	1791	0	4
2024.06.14	11:45:00	14809.7	14817.75	14751.7	14759.97	3433	0	2
2024.06.14	12:00:00	14759.97	14770.81	14714.69	14723.87	1106	0	1
2024.06.14	12:15:00	14723.87	14756.44	14689.27	14754.46	2741	0	1
2024.06.14	12:30:00	14754.46	14776.02	14729.74	14741.27	2399	0	2
2024.06.14	12:45:00	14741.27	14753.28	14682.51	14709.54	1246	0	1
2024.06.14	13:00:00	14709.54	14718.55	14689.12	14716.45	4784	0	1
2024.06.14	13:15:00	14716.45	14719.24	14694.27	14701.68	2133	0	3
2024.06.14	13:30:00	14701.68	14702.59	14657.15	14688.4	683	0	4
2024.06.14	13:45:00	14688.4	14733.53	14664.24	14710.01	2493	0	1
2024.06.14	14:00:00	14710.01	14730.36	14666.66	14676.83	4849	0	3
2024.06.14	14:15:00	14676.83	14687.97	14645.96	14651.08	3509	0	3
2024.06.14	14:30:00	14651.08	14670.55	14624.33	14655.81	3365	0	3
2024.06.14	14:45:00	14655.81	14692.94	14653.55	14683.99	4553	0	4
2024.06.14	15:00:00	14683.99	14729.01	14676.08	14719.98	877	0	4
2024.06.14	15:15:00	14719.98	14737.49	14689.32	14701.09	2976	0	2
2024.06.14	15:30:00	14701.09	14742.79	14698.86	14728.44	1943	0	4
2024.06.14	15:45:00	14728.44	14731.45	14699.3	14706.1	3543	0	1
2024.06.17	09:30:00	14706.1	14770.17	14693.56	14759.16	4337	0	4
2024.06.17	09:45:00	14759.16	14763.33	14698.71	14726.67	847	0	1
2024.06.17	10:00:00	14726.67	14765.51	14725.59	14765.38	1211	0	1
2024.06.17	10:15:00	14765.38	14774.96	14733.97	14746.68	4795	0	1
2024.06.17	10:30:00	14746.68	14818.44	14740.76	14805.32	2713	0	1
2024.06.17	10:45:00	14805.32	14832.87	14800.89	14822.79	1918	0	2
2024.06.17	11:00:00	14822.79	14844.38	14777.37	14793.58	1185	0	3
2024.06.17	11:15:00	14793.58	14798.16	14776.35	14778.73	2094	0	3
2024.06.17	11:30:00	14778.73	14801.99	14775.66	14801.69	522	0	1
2024.06.17	11:45:00	14801.69	14843.61	14792.1	14832.57	1502	0	2
2024.06.17	12:00:00	14832.57	14832.92	14823.97	14830.81	1323	0	1
2024.06.17	12:15:00	14830.81	14836.74	14828.57	14832.41	881	0	1
2024.06.17	12:30:00	14832.41	14855.22	14821.24	14854.78	4860	0	3
2024.06.17	12:45:00	14854.78	14871.94	14854.68	14858.92	4055	0	3
2024.06.17	13:00:00	14858.92	14868.58	14817.53	14821.57	4731	0	1
2024.06.17	13:15:00	14821.57	14823.4	14789.38	14798.25	1582	0	2
2024.06.17	13:30:00	14798.25	14805.52	14775.18	14805.37	1797	0	4
2024.06.17	13:45:00	14805.37	14853.59	14799.35	14841.01	1772	0	3
2024.06.17	14:00:00	14841.01	14889.87	14835.44	14888.41	3013	0	1
2024.06.17	14:15:00	14888.41	14937.93	14886.28	14911.49	1318	0	4
2024.06.17	14:30:00	14911.49	14922.48	14896.48	14920.19	1559	0	1
2024.06.17	14:45:00	14920.19	14945.9	14913.8	14942.42	4886	0	2
2024.06.17	15:00:00	14942.42	14944.92	14918.51	14923.19	2084	0	3
2024.06.17	15:15:00	14923.19	14942.46	14900.76	14919.0	4014	0	3
2024.06.17	15:30:00	14919.0	14934.17	14889.55	14895.21	1530	0	1
2024.06.17	15:45:00	14895.21	14902.96	14851.71	14859.07	4684	0	4
